title,description,objects,objectlinks,lon,lat,barycenter_lon,barycenter_lat
"Activities based on chestnuts from the mountainous areas of the western most part of Crete","The MOVING reference member state of this VC is GREECE. The reference MOVING Card ID of this VC is VC 10 GR. The cultivation and the exploitation of the chestnut trees is a family and a community business for the majority of the farmers. The chestnut collection is an event that is celebrated. The perspectives of the product bring together the farmers, the local government, the academic institutions, the local catering and tourism, and small firms of standardization, packaging, promotion and marketing.","greece","http://www.wikidata.org/entity/Q41","23.0","38.5","23.0","38.5"
"Interest on this VC","Chestnut trees thrive in the western mountain areas of Crete, from 500m to 800m. Originally self-sown, nowadays also planted and cultivated, the Chania chestnut trees produce high quality chestnuts. The chestnut cultivation/ exploitation is traditional in the area. The local farmers, either through two cooperatives or individually sell their chestnuts to a local development company and to two private local firms, which process and promote the produce to the Cretan and the Greek market. There is also a limited interest from the Italian market. The chestnut tree performs various functions: productive, naturalistic, landscape, recreational. High quality product, high reputation product, territorial identity, cultural identity. The revived cultivation / exploitation of chestnut trees can become a sustainable activity for the mountainous areas of Crete and a serious alternative to the deadlocks of the olive oil monoculture.","crete, chania, tree, olive oil, monoculture","http://www.wikidata.org/entity/Q34374, http://www.wikidata.org/entity/Q182299, http://www.wikidata.org/entity/Q10884, http://www.wikidata.org/entity/Q93165, http://www.wikidata.org/entity/Q220212","24.016666666666666","35.516666666666666","23.0","38.5"
"Mountain landscape and reference chains","The reference mountain chain of this VC is White Mountains. The reference mountain landscape of this VC is KISSAMOS. he White Mountains (2.453 m), the largest massif on the island, host a great variety of flora and fauna species, exclusively endemic (stenoendemic), not to be found anywhere else not even in other parts of Crete. The areas on the southern side of the mountain range are covered with cypress, oak and pine trees, whereas humid areas favour the development of chestnuts, planes and other aquatic plants. The area of the chestnut trees is the western most part of the White Mountains. Elos (LAU2 Code: 74050201) is the center of the VC. The VC is deployed in more than 20 little villages in the wider area, surrounded by forested and semi-forested land. The area is relatively close to coasts and tourist activities and in an hour distance from Chania international airport and Souda bay international harbor.","crete, reference, mountain, landscape, kissamos, white, chania international airport, souda bay","http://www.wikidata.org/entity/Q34374, http://www.wikidata.org/entity/Q121769, http://www.wikidata.org/entity/Q8502, http://www.wikidata.org/entity/Q107425, http://www.wikidata.org/entity/Q1021629, http://www.wikidata.org/entity/Q23444, http://www.wikidata.org/entity/Q1232348, http://www.wikidata.org/entity/Q2633779","23.65","35.483333333333334","23.0","38.5"
"Key local assets","The use of the forested / semi forested areas as well as the grasslands of Western White Mountains contribute to the improvement of the landscape and enhance the scenery, helping the local agro-tourism throughout the year. The chestnut activities enforce the social bonds and have a positive impact on the conservation of the local population and their activities. There is a traditional knowledge for the cultivation and preservation of the chestnut forests in the area. An annual 3-days chestnut festival is organized by the cultural associations of the area, which brings many visitors to the area. About the LAU: LAU1 7405.","knowledge, festival","http://www.wikidata.org/entity/Q9081, http://www.wikidata.org/entity/Q132241","23.625859265993725","35.42608126939979","23.0","38.5"
"Challenges","20 years ago, the chestnut trees of the area faced a difficult period of infections and reduced production, which made many traditional farmers to move away from the chestnut exploitation. Due to the economic crisis, more and more farmers reconsidered the chestnut and have started planting and cultivating new trees. Nonetheless, the chestnut cultivation /exploitation remains partial activity for the local farmers, which result to lack of professionalism and specialization. The infections and the climate change increase the uncertainty, but, compared to competitive agricultural activities (e.g. olive oil trees), the chestnut has better perspectives in the Greek and international market. Overall the type of challenge faced by this VC is Current and Predicted. This VC is classified as Traditional and Innovative.","crisis, olive oil","http://www.wikidata.org/entity/Q381072, http://www.wikidata.org/entity/Q93165","23.625859265993725","35.42608126939979","23.0","38.5"
"Innovation","The type of innovation of this VC is Exogenous. Recently there is an increasing interest in the processing of the chestnuts and the production of processed products and by-products, mainly for the international market. The interest is mainly motivated by the Region of Crete and the academic institutions. The innovation is related to New products and New marketing strategies. The land use systems involved are Grassland and Forestry. The local assets include Natural, social and cultural.","crete, innovation, interest, marketing, grassland","http://www.wikidata.org/entity/Q34374, http://www.wikidata.org/entity/Q174165, http://www.wikidata.org/entity/Q170924, http://www.wikidata.org/entity/Q39809, http://www.wikidata.org/entity/Q1006733","24.893333333333334","35.30972222222222","23.0","38.5"
"Geography and population","The size of the area (km2) is 334.2. The minimum altimetry of the LAU is 0. The maximum altimetry of the LAU is 1000. The total population (in thousand) is 159.893. The population density (Inhabitants/km2) in the LAU is 67.50. The population change rate of the LAU in the last 10 years (%) has been 0.02%. The overall regional population density (Inhabitants/km2) is 76.5. The regional population change rate in the last 10 years (%) has been 0.02%.","population density","http://www.wikidata.org/entity/Q22856","23.625859265993725","35.42608126939979","23.0","38.5"
"Income and gross value added","The average per capita income (EUR/year) [NUTS3] is 14700. The total Gross Value Added (GVA) (EUR million/year) [NUTS3] is 2031.27. The primary sector share of total GVA/year [NUTS3] is 6.66%. The secondary sector share of total GVA/year [NUTS3] is 9.67%. The tertiary sector share of total GVA/year [NUTS3] is 83.66%. The per capita income (EUR/year) [NUTS2] is 14300. The total Gross Value Added (GVA) (EUR million/year) [NUTS2] is 7862.21. The primary sector share of total GVA/year [NUTS2] is 6.91%. The secondary sector share of total GVA/year [NUTS2] is 11.24%. The tertiary sector share of total GVA/year [NUTS2] is 81.85%.","gross value added, per capita income, year","http://www.wikidata.org/entity/Q994873, http://www.wikidata.org/entity/Q45918, http://www.wikidata.org/entity/Q577","23.625859265993725","35.42608126939979","23.0","38.5"
"Tourism","The total number of bed places (BPs) in tourist accommodations/year in the LAU is 1444. The regional (NUTS2) share of total BPs/year is 0.029%. The number of agricultural holdings in the LAU is 19873. The nearest settlement with population over 100000 (km) is 54. In this region protected areas are present.","number, bed, year","http://www.wikidata.org/entity/Q11563, http://www.wikidata.org/entity/Q42177, http://www.wikidata.org/entity/Q577","23.625859265993725","35.42608126939979","23.0","38.5"
"Employment","The primary sector share of total employment/year [NUTS3] is 14.78%. The secondary sector share of total employment/year [NUTS3] is 11.46%. The tertiary sector share of total employment/year [NUTS3] is 73.76%. The primary sector share of total employment/year [NUTS2] is 16.20%. The secondary sector share of total employment/year [NUTS2] is 11.84%. The tertiary sector share of total employment/year [NUTS2] is 71.97%.","employment, year","http://www.wikidata.org/entity/Q656365, http://www.wikidata.org/entity/Q577","23.625859265993725","35.42608126939979","23.0","38.5"
"Concluding remarks","The cultivation of chestnut trees can be extended to the mountainous areas all over Crete. Similar VCs exist in other areas of Greece (EL531, EL525, EL612, EL644).","crete, greece","http://www.wikidata.org/entity/Q34374, http://www.wikidata.org/entity/Q41","23.0","38.5","23.0","38.5"
