title,description,objects,objectlinks,lon,lat,barycenter_lon,barycenter_lat
"Murbodner Potatoes ('Murbodner Erdäpfel')","The MOVING reference member state of this VC is AUSTRIA. The reference MOVING Card ID of this VC is VC 11 AT. 19 farms cultivate different varieties of potatoes and they do seed breeding as well. The potatoes are sold via a supermarket under the label Wir sind Steirer (trade mark owned by this supermarket), and they are marketed via various forms of direct sale (on-farm sale, online) being branded as Murbodner Erdäpfel . The compliance 'region of culinary delight' quality scheme is controlled by the AMA.","austria","http://www.wikidata.org/entity/Q40","14.0","48.0","14.0","48.0"
"Interest on this VC","19 farms produce 7,000 tons of the highest quality potato and refined products. 89 communities in the upper Mur Valley are involved in the project. The initiative cultivates different varieties of potatoes and it also implies tuber conservation (seeds). The products are sold via a supermarket under the label Wir sind Steirer (trade mark owned by this supermarket), and they are marketed via various forms of direct sale being branded as Murbodner Erdäpfel ; the product placement was supported by the Agrictural Innovation Center (LIZ) from the region. The connection of the region and a specific food product offers a promising opportunity to better link the tourist sector, esp. gastronomy with local food products. In addition the 'Genussregion' is used as marketing strategy to gain higher value from a 'simple' product such as potatoes.","potato, tuber, supermarket, trade, product placement, innovation, food, gastronomy","http://www.wikidata.org/entity/Q10998, http://www.wikidata.org/entity/Q183319, http://www.wikidata.org/entity/Q180846, http://www.wikidata.org/entity/Q601401, http://www.wikidata.org/entity/Q749457, http://www.wikidata.org/entity/Q174165, http://www.wikidata.org/entity/Q2095, http://www.wikidata.org/entity/Q171141","14.66027778","47.1725","14.0","48.0"
"Mountain landscape and reference chains","The reference mountain chain of this VC is RR 11, Austrian Alps. The reference mountain landscape of this VC is Murtal (No: 620). Murtal is a very young district that was created by merging two former districts. The district is named after the river Mur. The Mur valley is bordered in the north by the Niedere Tauern, by the Gurktaler Alps as well as the Styrian Randgebirge (Seetlaler Alpe, Stubalpe, Gleinalpe). The alpine to high alpine region is located in the western part of Upper Styria at an altitude between 800 and 2700 m above sea level. The region is characterised by a southern alpine climate. The valley areas show cold, continental weather with temperature inversions in winter and moderate temperatures in summer. Compared to the other landscapes of Styria, the Murtal is one of the landscapes with the lowest precipitation in Styria. The mountain flora is conditioned by the soil and climatic conditions and is characterised by a variety of alpine plants.","alps, reference, mountain, valley, upper styria, alpine climate, styria","http://www.wikidata.org/entity/Q1286, http://www.wikidata.org/entity/Q121769, http://www.wikidata.org/entity/Q8502, http://www.wikidata.org/entity/Q39816, http://www.wikidata.org/entity/Q278042, http://www.wikidata.org/entity/Q859654, http://www.wikidata.org/entity/Q41358","15.02","47.34","14.0","48.0"
"Key local assets","The 'region of culinary delight' does not only favour the potato producing sector, but promotes the whole region in terms of touristic attraction, which boosts the local economy. The cooperation of producers, traders, restaurateurs and tourism professionals to create a 'region of culinary delight' brings added value and reputation to the region. About the LAU: LAU 1 not used in Austria Scale therefore is District.","austria, potato, economy, cooperation, tourism","http://www.wikidata.org/entity/Q40, http://www.wikidata.org/entity/Q10998, http://www.wikidata.org/entity/Q159810, http://www.wikidata.org/entity/Q380962, http://www.wikidata.org/entity/Q49389","14.0","48.0","14.0","48.0"
"Challenges","Potatoes are among those crops that grow under inhospitable conditions and at high altitudes, and few crops provide a comparably high yield of nutrients per cultivated area. This is particularly important where land is scarce, like in mountainous areas. Although they are a labor-intensive crop, thanks to their high yield and usually good selling price, they can also be grown competitively by small farmers. However changing weather conditions might also affect the way of cultivating potatoes and the breeds used. Overall the type of challenge faced by this VC is Predicted. This VC is classified as Traditional and Innovative.","weather","http://www.wikidata.org/entity/Q11663","14.66027778","47.1725","14.0","48.0"
"Innovation","The type of innovation of this VC is Endogenous. A 'Genussregion ( region of culinary delight : promoting local food specialities; quality standards set by the AgrarMarkt Austria) was set up in the context of the 'Murbodner Erdäpfel', which links tourism with potatoe products and festivals around that topic. The concept supports a region to be marketed together with its typical products or foods. The innovation is related to New products and New marketing strategies. The land use systems involved are Cropland. The local assets include Cultural.","innovation, food, austria, tourism, concept, marketing","http://www.wikidata.org/entity/Q174165, http://www.wikidata.org/entity/Q2095, http://www.wikidata.org/entity/Q40, http://www.wikidata.org/entity/Q49389, http://www.wikidata.org/entity/Q151885, http://www.wikidata.org/entity/Q39809","14.0","48.0","14.0","48.0"
"Geography and population","The size of the area (km2) is 1675.7. The minimum altimetry of the LAU is 318. The maximum altimetry of the LAU is 2552. The total population (in thousand) is 71.698. The population density (Inhabitants/km2) in the LAU is 42.79. The population change rate of the LAU in the last 10 years (%) has been -3.01%. The overall regional population density (Inhabitants/km2) is 76.28. The regional population change rate in the last 10 years (%) has been 3.30%.","population density","http://www.wikidata.org/entity/Q22856","14.66027778","47.1725","14.0","48.0"
"Income and gross value added","The average per capita income (EUR/year) [NUTS3] is 21614.5. The total Gross Value Added (GVA) (EUR million/year) [NUTS3] is 2877. The primary sector share of total GVA/year [NUTS3] is 4.48%. The secondary sector share of total GVA/year [NUTS3] is 39.66%. The tertiary sector share of total GVA/year [NUTS3] is 55.86%. The per capita income (EUR/year) [NUTS2] is 21539. The total Gross Value Added (GVA) (EUR million/year) [NUTS2] is 43050. The primary sector share of total GVA/year [NUTS2] is 0.84%. The secondary sector share of total GVA/year [NUTS2] is 35.12%. The tertiary sector share of total GVA/year [NUTS2] is 64.04%.","gross value added, per capita income, year","http://www.wikidata.org/entity/Q994873, http://www.wikidata.org/entity/Q45918, http://www.wikidata.org/entity/Q577","14.66027778","47.1725","14.0","48.0"
"Tourism","The total number of bed places (BPs) in tourist accommodations/year in the LAU is 34467. The regional (NUTS2) share of total BPs/year is 22.16%. The number of agricultural holdings in the LAU is 1840. The nearest settlement with population over 100000 (km) is 90. In this region protected areas are present.","number, bed, year","http://www.wikidata.org/entity/Q11563, http://www.wikidata.org/entity/Q42177, http://www.wikidata.org/entity/Q577","14.66027778","47.1725","14.0","48.0"
"Employment","The primary sector share of total employment/year [NUTS3] is 7.87%. The secondary sector share of total employment/year [NUTS3] is 29.63%. The tertiary sector share of total employment/year [NUTS3] is 62.50%. The primary sector share of total employment/year [NUTS2] is 5.55%. The secondary sector share of total employment/year [NUTS2] is 26.47%. The tertiary sector share of total employment/year [NUTS2] is 67.99%.","employment, year","http://www.wikidata.org/entity/Q656365, http://www.wikidata.org/entity/Q577","14.66027778","47.1725","14.0","48.0"
"Concluding remarks","The cultivation of potatoes for the mass markets happens in the flat lands in Eastern and Southern Austria. There are few other mountain regions where the potato is cultivated and marketed as quality products (also in supermarkets) such as Lungauer Eachtlinge (see VC AT 12).","austria, mountain, potato","http://www.wikidata.org/entity/Q40, http://www.wikidata.org/entity/Q8502, http://www.wikidata.org/entity/Q10998","14.0","48.0","14.0","48.0"
