title,description,objects,objectlinks,lon,lat,barycenter_lon,barycenter_lat
"Gastro village Köveskál Eat the View","The MOVING reference member state of this VC is HUNGARY. The reference MOVING Card ID of this VC is VC 02 HU. The Gastro-village is successful area of rural tourism, mainly due to a few fine-dining restaurants, wineries, cafes, making the whole area very fashionable. The most interesting aspect is the Eat the View phenomena: The hype of the place , attracting most of the visitors, is created by the Gastro village , that, apart from being nested in the local landscape, has little to do with the locality. Thus, the Gastro-village is very relevant to land use, environment and local culture, and is also highly susceptible to demographic changes, overexploitation and climate change.","hungary","http://www.wikidata.org/entity/Q28","19.0","47.0","19.0","47.0"
"Interest on this VC","The Gastro village consists of a butique hotel with restaurant, two succesful restaurants,two wineries and an art galery/cafe. The restaurants use some local products and sell local wine. They have an organization for co-operating with each other, some common marketing, events, etc. This initiative has become one of the most successful rural tourism destinations in Hungary, however, it carries many conflicts, tentions, challenges. Using local products is a hard and innovative process, not many restaurants try to do so. Co-operation, joinded events amongst restaurants, wineries, etc. is a novelty. They also co-operate with the municipality, they invest into the infrastructure of the village (for example building a sidewalk) they aim for self governance. Social networks, ICT, etc are used for reaching customers.","hungary, village, hotel, restaurant, art, wine, organization, marketing, tourism, destinations, municipality, infrastructure, sidewalk, self, governance","http://www.wikidata.org/entity/Q28, http://www.wikidata.org/entity/Q532, http://www.wikidata.org/entity/Q27686, http://www.wikidata.org/entity/Q11707, http://www.wikidata.org/entity/Q735, http://www.wikidata.org/entity/Q282, http://www.wikidata.org/entity/Q43229, http://www.wikidata.org/entity/Q39809, http://www.wikidata.org/entity/Q49389, http://www.wikidata.org/entity/Q5265193, http://www.wikidata.org/entity/Q15284, http://www.wikidata.org/entity/Q121359, http://www.wikidata.org/entity/Q177749, http://www.wikidata.org/entity/Q3236990, http://www.wikidata.org/entity/Q1553864","19.0","47.0","19.0","47.0"
"Mountain landscape and reference chains","The reference mountain chain of this VC is Transdanubian mountains. The reference mountain landscape of this VC is Köveskál. Köveskál is a small village (municipality), in Veszprém county. The village belongs to the Balaton-Uplands area and is part of a National Park. The nearest city is Tapolca (15 km) and the nearest big city (Budapest) is 154 km away. Only one inferior route passes through the settlement, it has a poor bus connection. The population is aging, although there are new young incomers, they only buy second homes. Real estate prices are very high, which is why local people are migrating even more.","veszprém, budapest, transdanubian mountains, köveskál, veszprém county, tapolca","http://www.wikidata.org/entity/Q146317, http://www.wikidata.org/entity/Q1781, http://www.wikidata.org/entity/Q911639, http://www.wikidata.org/entity/Q1089887, http://www.wikidata.org/entity/Q188890, http://www.wikidata.org/entity/Q288413","17.916666666666668","47.1","19.0","47.0"
"Key local assets","The most interesting aspect is the Eat the View phenomena, that is:, the hype of the place , attracting most of the visitors, is created by the Gastro village , that, apart from being nested in the local landscape, has little to do with the locality. About the LAU: 25858.","village, landscape","http://www.wikidata.org/entity/Q532, http://www.wikidata.org/entity/Q107425","17.61246400617325","46.88306042544965","19.0","47.0"
"Challenges","Successful tourism creates serious local tensions. There is a fast grosing visitor pressure, local infrastructure cannot keep up, traffic pollution, etc. Indigenous local people gain little income from tourism business, most enterprises are owned by incomers. co-operation between restaurants and local food producers is difficult. There are split realities (economic, social, cultural) in the locality, bringing tension and challenges. Housprices skyrocketed, local people are being pushed out, land use systems are changing, agricultural production is diminishing. Overall the type of challenge faced by this VC is Current and Predicted. This VC is classified as Innovative.","tourism, visitor, infrastructure, traffic, pollution, people, business, food","http://www.wikidata.org/entity/Q49389, http://www.wikidata.org/entity/Q12644761, http://www.wikidata.org/entity/Q121359, http://www.wikidata.org/entity/Q4323994, http://www.wikidata.org/entity/Q58734, http://www.wikidata.org/entity/Q2472587, http://www.wikidata.org/entity/Q4830453, http://www.wikidata.org/entity/Q2095","17.61246400617325","46.88306042544965","19.0","47.0"
"Innovation","The type of innovation of this VC is Exogenous. High quality accomodation, fine dining restaurants and wineries are uniqe in the area and in small villages in general. Using local products is also considered to be innovative. The innovation is exogenous, mostly people from the big cities maintain these places (some are not even living in the village). The innovation is related to New processes, New marketing strategies and New governance systems. The land use systems involved are The wineries use cropland for grapes, but the restaurants only use land in a figurative sense (through producers). The local assets include Natural and social.","innovation, village","http://www.wikidata.org/entity/Q174165, http://www.wikidata.org/entity/Q532","17.61246400617325","46.88306042544965","19.0","47.0"
"Geography and population","The size of the area (km2) is 14. The minimum altimetry of the LAU is 170. The maximum altimetry of the LAU is unspecified. The total population (in thousand) is 0.324. The population density (Inhabitants/km2) in the LAU is 23.14. The population change rate of the LAU in the last 10 years (%) has been -0.18%. The overall regional population density (Inhabitants/km2) is 95.45. The regional population change rate in the last 10 years (%) has been -0.04%.","population density","http://www.wikidata.org/entity/Q22856","17.61246400617325","46.88306042544965","19.0","47.0"
"Income and gross value added","The average per capita income (EUR/year) [NUTS3] is 3877. The total Gross Value Added (GVA) (EUR million/year) [NUTS3] is 3286. The primary sector share of total GVA/year [NUTS3] is 4.99%. The secondary sector share of total GVA/year [NUTS3] is 27.78%. The tertiary sector share of total GVA/year [NUTS3] is 67.22%. The per capita income (EUR/year) [NUTS2] is 14578. The total Gross Value Added (GVA) (EUR million/year) [NUTS2] is 12355. The primary sector share of total GVA/year [NUTS2] is 4.78%. The secondary sector share of total GVA/year [NUTS2] is 38.97%. The tertiary sector share of total GVA/year [NUTS2] is 56.24%.","gross value added, per capita income, year","http://www.wikidata.org/entity/Q994873, http://www.wikidata.org/entity/Q45918, http://www.wikidata.org/entity/Q577","17.61246400617325","46.88306042544965","19.0","47.0"
"Tourism","The total number of bed places (BPs) in tourist accommodations/year in the LAU is 70.9. The regional (NUTS2) share of total BPs/year is 10.03%. The number of agricultural holdings in the LAU is 36. The nearest settlement with population over 100000 (km) is 16. In this region protected areas are present.","number, bed, year","http://www.wikidata.org/entity/Q11563, http://www.wikidata.org/entity/Q42177, http://www.wikidata.org/entity/Q577","17.61246400617325","46.88306042544965","19.0","47.0"
"Employment","The primary sector share of total employment/year [NUTS3] is 4.47%. The secondary sector share of total employment/year [NUTS3] is 42.86%. The tertiary sector share of total employment/year [NUTS3] is 52.67%. The primary sector share of total employment/year [NUTS2] is 4.47%. The secondary sector share of total employment/year [NUTS2] is 42.86%. The tertiary sector share of total employment/year [NUTS2] is 52.67%.","employment, year","http://www.wikidata.org/entity/Q656365, http://www.wikidata.org/entity/Q577","17.61246400617325","46.88306042544965","19.0","47.0"
"Concluding remarks","","","","17.61246400617325","46.88306042544965","19.0","47.0"
