title,description,objects,objectlinks,lon,lat,barycenter_lon,barycenter_lat
"Traditional potato from Olaszfalu","The MOVING reference member state of this VC is HUNGARY. The reference MOVING Card ID of this VC is VC 09 HU. Traditional production of potato with special local varieties, produced by small farmers, integrated by one larger ones, marketed through both short and long supply chains (in Hungary and abroad). SES - maintain traditional, more sustainable ways of production, rural lifestyle, landscape. Producing high quality, sustainable food.","hungary, reference, potato","http://www.wikidata.org/entity/Q28, http://www.wikidata.org/entity/Q121769, http://www.wikidata.org/entity/Q10998","17.942711588907535","47.23317937928112","19.0","47.0"
"Interest on this VC","Successful local integration of small traditional potato producers by a slightly larger local producer, who organises logistics, storage, processing and trading of the products. They have become part of the local territorial quality assurance system (European Territorial Quality Mark). Potato is a very traditional product for mountain agriculture in the region, however traditional producers are on the verge of extintion due to marketing problems and large scale competition. The only way forward seems to be integration, of which this is an excellent example.","potato, logistics, mountain, agriculture, marketing","http://www.wikidata.org/entity/Q10998, http://www.wikidata.org/entity/Q177777, http://www.wikidata.org/entity/Q8502, http://www.wikidata.org/entity/Q11451, http://www.wikidata.org/entity/Q39809","17.942711588907535","47.23317937928112","19.0","47.0"
"Mountain landscape and reference chains","The reference mountain chain of this VC is Transdanubian mountains. The reference mountain landscape of this VC is Olaszfalu. Olaszfalu is a small village (municipality), in Veszprém county, belonging to a small town Zirc, with reasonably good road and railway connections. It is situated in a valley with good alluvial soils, wet and cool weather, surrounded by large forested areas.","veszprém, reference, mountain, transdanubian mountains, landscape, olaszfalu, village, municipality, veszprém county, town, zirc","http://www.wikidata.org/entity/Q146317, http://www.wikidata.org/entity/Q121769, http://www.wikidata.org/entity/Q8502, http://www.wikidata.org/entity/Q911639, http://www.wikidata.org/entity/Q107425, http://www.wikidata.org/entity/Q1185627, http://www.wikidata.org/entity/Q532, http://www.wikidata.org/entity/Q15284, http://www.wikidata.org/entity/Q188890, http://www.wikidata.org/entity/Q3957, http://www.wikidata.org/entity/Q205607","17.916666666666668","47.1","19.0","47.0"
"Key local assets","Very good conditions (weather, soil) and a long cultural tradition of cabbage production. The presence of human capacity to organise logistics and achieve economies of scale. Available technology for storage and logistics (based on a 'recicled processing and storage plant of a multi-national company) Good connections with the local LEADER LAG, organising marketing and community action. About the LAU: 26514.","weather, soil, tradition, logistics, economies of scale, technology, plant, leader, marketing, community","http://www.wikidata.org/entity/Q11663, http://www.wikidata.org/entity/Q36133, http://www.wikidata.org/entity/Q82821, http://www.wikidata.org/entity/Q177777, http://www.wikidata.org/entity/Q5970087, http://www.wikidata.org/entity/Q11016, http://www.wikidata.org/entity/Q756, http://www.wikidata.org/entity/Q1251441, http://www.wikidata.org/entity/Q39809, http://www.wikidata.org/entity/Q177634","17.942711588907535","47.23317937928112","19.0","47.0"
"Challenges","Difficult communication between producers, finding markets, challenges in connection with climate change (draughts, extreme weather events, etc.), maintaining interest of producers in participating in the local producers' networks, etc. Overall the type of challenge faced by this VC is Current and Predicted. This VC is classified as Traditional.","draughts","http://www.wikidata.org/entity/Q1293","17.942711588907535","47.23317937928112","19.0","47.0"
"Innovation","The type of innovation of this VC is unspecified. An indigenous local producer managed to integrate small producers in and around the municipality, create the necessary high technology infrastructure for logistics and storage and create a considerable volume from a traditional product, enough to approach larger markets. + participation in the ETQM - social innovation, etc. The innovation is related to the whole VC. The land use systems involved are Cropland. The local assets include Natural, social and cultural.","innovation, municipality, technology, infrastructure, logistics","http://www.wikidata.org/entity/Q174165, http://www.wikidata.org/entity/Q15284, http://www.wikidata.org/entity/Q11016, http://www.wikidata.org/entity/Q121359, http://www.wikidata.org/entity/Q177777","17.942711588907535","47.23317937928112","19.0","47.0"
"Geography and population","The size of the area (km2) is 43. The minimum altimetry of the LAU is 486. The maximum altimetry of the LAU is unspecified. The total population (in thousand) is 1.053. The population density (Inhabitants/km2) in the LAU is 24.49. The population change rate of the LAU in the last 10 years (%) has been -0.06%. The overall regional population density (Inhabitants/km2) is 95.45. The regional population change rate in the last 10 years (%) has been -0.04%.","population density","http://www.wikidata.org/entity/Q22856","17.942711588907535","47.23317937928112","19.0","47.0"
"Income and gross value added","The average per capita income (EUR/year) [NUTS3] is 3877. The total Gross Value Added (GVA) (EUR million/year) [NUTS3] is 3286. The primary sector share of total GVA/year [NUTS3] is 4.99%. The secondary sector share of total GVA/year [NUTS3] is 27.78%. The tertiary sector share of total GVA/year [NUTS3] is 67.22%. The per capita income (EUR/year) [NUTS2] is 14578. The total Gross Value Added (GVA) (EUR million/year) [NUTS2] is 12355. The primary sector share of total GVA/year [NUTS2] is 4.78%. The secondary sector share of total GVA/year [NUTS2] is 38.97%. The tertiary sector share of total GVA/year [NUTS2] is 56.24%.","gross value added, per capita income, year","http://www.wikidata.org/entity/Q994873, http://www.wikidata.org/entity/Q45918, http://www.wikidata.org/entity/Q577","17.942711588907535","47.23317937928112","19.0","47.0"
"Tourism","The total number of bed places (BPs) in tourist accommodations/year in the LAU is 47.2. The regional (NUTS2) share of total BPs/year is 10.03%. The number of agricultural holdings in the LAU is 125. The nearest settlement with population over 100000 (km) is 21. In this region protected areas are not present.","number, bed, year","http://www.wikidata.org/entity/Q11563, http://www.wikidata.org/entity/Q42177, http://www.wikidata.org/entity/Q577","17.942711588907535","47.23317937928112","19.0","47.0"
"Employment","The primary sector share of total employment/year [NUTS3] is 4.47%. The secondary sector share of total employment/year [NUTS3] is 42.86%. The tertiary sector share of total employment/year [NUTS3] is 52.67%. The primary sector share of total employment/year [NUTS2] is 4.47%. The secondary sector share of total employment/year [NUTS2] is 42.86%. The tertiary sector share of total employment/year [NUTS2] is 52.67%.","employment, year","http://www.wikidata.org/entity/Q656365, http://www.wikidata.org/entity/Q577","17.942711588907535","47.23317937928112","19.0","47.0"
"Concluding remarks","","","","17.942711588907535","47.23317937928112","19.0","47.0"
