title,description,objects,objectlinks,lon,lat,barycenter_lon,barycenter_lat
"Skiing and downhill cycling in Eplény","The MOVING reference member state of this VC is HUNGARY. The reference MOVING Card ID of this VC is VC 13 HU. Eplény ski arena is creating huge tourism during the winter and also during the summer with downhill cycling. It is the most developed ski resort in Hungary, with artificial snow, modern ski lifts, lighting, etc. It creates the basis for local economic development, through the availability of toursim related income. It is using a quite limited geographical area on a very intensive, however, mostly controllable way, providing income for locals and possibility for being in nature all around the year for visitors. It especially attracts younger generations, who are otherwise difficult to seduce to the outdoors.","hungary, reference, eplény, ski, arena, tourism, winter, summer, ski resort, snow","http://www.wikidata.org/entity/Q28, http://www.wikidata.org/entity/Q121769, http://www.wikidata.org/entity/Q990092, http://www.wikidata.org/entity/Q172226, http://www.wikidata.org/entity/Q641226, http://www.wikidata.org/entity/Q49389, http://www.wikidata.org/entity/Q1311, http://www.wikidata.org/entity/Q1313, http://www.wikidata.org/entity/Q130003, http://www.wikidata.org/entity/Q7561","17.92111111111111","47.20583333333333","19.0","47.0"
"Interest on this VC","Eplény ski arena is creating huge tourism during the winter and also during the summer with downhill cycling. It is the most developed ski resort in Hungary, with artificial snow, modern ski lifts, lighting, etc. It creates the basis for local economic development, through the availability of toursim related income. There are new services developed in the area. There are also new marketing strategies, using audiovisual material, social networks, toursim sites on the Internet, etc.).","hungary, eplény, ski, arena, tourism, winter, summer, ski resort, snow, availability, marketing, material","http://www.wikidata.org/entity/Q28, http://www.wikidata.org/entity/Q990092, http://www.wikidata.org/entity/Q172226, http://www.wikidata.org/entity/Q641226, http://www.wikidata.org/entity/Q49389, http://www.wikidata.org/entity/Q1311, http://www.wikidata.org/entity/Q1313, http://www.wikidata.org/entity/Q130003, http://www.wikidata.org/entity/Q7561, http://www.wikidata.org/entity/Q384871, http://www.wikidata.org/entity/Q39809, http://www.wikidata.org/entity/Q214609","19.0","47.0","19.0","47.0"
"Mountain landscape and reference chains","The reference mountain chain of this VC is Transdanubian mountains. The reference mountain landscape of this VC is Eplény. Eplény is a settlement located between the Zirc Basin and the Veszprém Plateau. It is located 14 km north of Veszprém and 7 km south of Zirc, next to the main road 82. A main railway route also passes through the settlement. Next to Eplény is one of the most modern ski resorts in Hungary, the Ski Arena, where the country's first four-seater ski lift has been available since December 2009. Many protected plants of the Bakony mountain can be seen nearby on a study trail.","hungary, bakony, reference, mountain, transdanubian mountains, landscape, eplény, zirc, veszprém, plateau, north, south, road, ski, arena, ski lift, december","http://www.wikidata.org/entity/Q28, http://www.wikidata.org/entity/Q695810, http://www.wikidata.org/entity/Q121769, http://www.wikidata.org/entity/Q8502, http://www.wikidata.org/entity/Q911639, http://www.wikidata.org/entity/Q107425, http://www.wikidata.org/entity/Q990092, http://www.wikidata.org/entity/Q205607, http://www.wikidata.org/entity/Q146317, http://www.wikidata.org/entity/Q75520, http://www.wikidata.org/entity/Q659, http://www.wikidata.org/entity/Q667, http://www.wikidata.org/entity/Q34442, http://www.wikidata.org/entity/Q172226, http://www.wikidata.org/entity/Q641226, http://www.wikidata.org/entity/Q891302, http://www.wikidata.org/entity/Q126","17.75","47.3","19.0","47.0"
"Key local assets","It is the steep, northerly, high slope, that, especially with the built in skiing infrastructure can provide a skiing experience for the longest period in Hungary. About the LAU: 33941.","hungary, skiing, infrastructure, experience","http://www.wikidata.org/entity/Q28, http://www.wikidata.org/entity/Q130949, http://www.wikidata.org/entity/Q121359, http://www.wikidata.org/entity/Q164359","19.0","47.0","19.0","47.0"
"Challenges","Climate change, very warm winters, short ski seazon, overuse, visitor pressure, soil erosion (both from skying and downhill cycling). Overall the type of challenge faced by this VC is Current and Predicted. This VC is classified as Traditional and Innovative.","soil erosion, skying","http://www.wikidata.org/entity/Q889503, http://www.wikidata.org/entity/Q3285529","17.92204255611125","47.2099557622964","19.0","47.0"
"Innovation","The type of innovation of this VC is Endogenous and Exogenous. Both skiing and downhill cycling is a reasonably new activity in the area. High tech equipment has been installed (ski lifts, snow cannons, automatic access control system). The innovation is related to New products and New marketing strategies. The land use systems involved are Forestry and Steap slopes. The local assets include Natural.","innovation, skiing, marketing","http://www.wikidata.org/entity/Q174165, http://www.wikidata.org/entity/Q130949, http://www.wikidata.org/entity/Q39809","17.92204255611125","47.2099557622964","19.0","47.0"
"Geography and population","The size of the area (km2) is 8. The minimum altimetry of the LAU is 504. The maximum altimetry of the LAU is unspecified. The total population (in thousand) is 0.482. The population density (Inhabitants/km2) in the LAU is 60.25. The population change rate of the LAU in the last 10 years (%) has been -0.10%. The overall regional population density (Inhabitants/km2) is 95.45. The regional population change rate in the last 10 years (%) has been -0.04%.","population density","http://www.wikidata.org/entity/Q22856","17.92204255611125","47.2099557622964","19.0","47.0"
"Income and gross value added","The average per capita income (EUR/year) [NUTS3] is 3877. The total Gross Value Added (GVA) (EUR million/year) [NUTS3] is 3286. The primary sector share of total GVA/year [NUTS3] is 4.99%. The secondary sector share of total GVA/year [NUTS3] is 27.78%. The tertiary sector share of total GVA/year [NUTS3] is 67.22%. The per capita income (EUR/year) [NUTS2] is 14578. The total Gross Value Added (GVA) (EUR million/year) [NUTS2] is 12355. The primary sector share of total GVA/year [NUTS2] is 4.78%. The secondary sector share of total GVA/year [NUTS2] is 38.97%. The tertiary sector share of total GVA/year [NUTS2] is 56.24%.","gross value added, per capita income, year","http://www.wikidata.org/entity/Q994873, http://www.wikidata.org/entity/Q45918, http://www.wikidata.org/entity/Q577","17.92204255611125","47.2099557622964","19.0","47.0"
"Tourism","The total number of bed places (BPs) in tourist accommodations/year in the LAU is 21.59. The regional (NUTS2) share of total BPs/year is 10.03%. The number of agricultural holdings in the LAU is 16. The nearest settlement with population over 100000 (km) is 17. In this region protected areas are present.","number, bed, year","http://www.wikidata.org/entity/Q11563, http://www.wikidata.org/entity/Q42177, http://www.wikidata.org/entity/Q577","17.92204255611125","47.2099557622964","19.0","47.0"
"Employment","The primary sector share of total employment/year [NUTS3] is 4.47%. The secondary sector share of total employment/year [NUTS3] is 42.86%. The tertiary sector share of total employment/year [NUTS3] is 52.67%. The primary sector share of total employment/year [NUTS2] is 4.47%. The secondary sector share of total employment/year [NUTS2] is 42.86%. The tertiary sector share of total employment/year [NUTS2] is 52.67%.","employment, year","http://www.wikidata.org/entity/Q656365, http://www.wikidata.org/entity/Q577","17.92204255611125","47.2099557622964","19.0","47.0"
"Concluding remarks","","","","17.92204255611125","47.2099557622964","19.0","47.0"
