title,description,objects,objectlinks,lon,lat,barycenter_lon,barycenter_lat
"Pasta from Múcsony - a social economy project","The MOVING reference member state of this VC is HUNGARY. The reference MOVING Card ID of this VC is VC 17 HU. Homemade pasta free of additives and artificial substances. The pasta is from only two ingredients: flour and eggs. They produce the raw materials needed for production almost entirely locally (they also have eggs and their own mills). Their products are also sold in nearby local grocery stores. The product is beautifully packaged and high quality. The project operates within the framework of a social enterprise for social and economic purposes.","hungary, pasta, social enterprise","http://www.wikidata.org/entity/Q28, http://www.wikidata.org/entity/Q178, http://www.wikidata.org/entity/Q1071015","19.0","47.0","19.0","47.0"
"Interest on this VC","In the framework of a local social economy public employment programme, run by the local authority, they produce eggs then make pasta in a small processing plant. They also have a small mill to produce flower. Pasta is partly used by the local public kitchen, partly sold in nearby local grocery stores. The project provides employment for disadvantaged social groups (Roma mainly). The social enterprise implemented by the local government is an innovative way to ensure the employment of disadvantaged people living in the village. A high level of trust and co-operative culture has been developed in order to achieve both social and economic goals in the context of sustainable production.","social economy, employment, pasta, plant, kitchen, project, social enterprise, government, people, village","http://www.wikidata.org/entity/Q568301, http://www.wikidata.org/entity/Q656365, http://www.wikidata.org/entity/Q178, http://www.wikidata.org/entity/Q756, http://www.wikidata.org/entity/Q43164, http://www.wikidata.org/entity/Q170584, http://www.wikidata.org/entity/Q1071015, http://www.wikidata.org/entity/Q7188, http://www.wikidata.org/entity/Q2472587, http://www.wikidata.org/entity/Q532","20.683297636958798","48.268664952686215","19.0","47.0"
"Mountain landscape and reference chains","The reference mountain chain of this VC is Northern Medium Mountains. The reference mountain landscape of this VC is Múcsony. Múcsony is a village in Borsod-Abaúj-Zemplén county, Kazincbarcika district. It is located in the valley of the Szuha and Sajó, 23 km north of Miskolc (the nearest larger town). There used to be a brick factory here, followed by a mine that closed in the early 1990s.","reference, mountain, landscape, múcsony, village, county, kazincbarcika, szuha, sajó, miskolc","http://www.wikidata.org/entity/Q121769, http://www.wikidata.org/entity/Q8502, http://www.wikidata.org/entity/Q107425, http://www.wikidata.org/entity/Q1089706, http://www.wikidata.org/entity/Q532, http://www.wikidata.org/entity/Q28575, http://www.wikidata.org/entity/Q214942, http://www.wikidata.org/entity/Q1089067, http://www.wikidata.org/entity/Q576032, http://www.wikidata.org/entity/Q102397","20.681944444444444","48.26861111111111","19.0","47.0"
"Key local assets","The VC uses the natural resources of the area, for the production of eggs and flour. The cooperation of the village, the local human resources is one of the cornerstones of the project. About the LAU: 21546.","flour, cooperation, village, project","http://www.wikidata.org/entity/Q36465, http://www.wikidata.org/entity/Q380962, http://www.wikidata.org/entity/Q532, http://www.wikidata.org/entity/Q170584","20.683297636958798","48.268664952686215","19.0","47.0"
"Challenges","Climate change (warming, new pests, extreme weather conditions). Various viruses can appear that can interfere with egg production. Narrowing sales channels. Problems of social enterprise labor supply and work ethic. Overall the type of challenge faced by this VC is Current and Predicted. This VC is classified as Traditional and Innovative.","social enterprise","http://www.wikidata.org/entity/Q1071015","20.683297636958798","48.268664952686215","19.0","47.0"
"Innovation","The type of innovation of this VC is Endogenous and Exogenous. Pasta preparation and hen keeping, flour grinding are traditional activities. The VC is implemented within the framework of a social enterprise, initiated by the local municipality (to provide work opportunities for locals and to gain some money). They are able to produce relatively large quantities of pasta, which they sell in nearby and local grocery stores. The product is nicely packaged and high quality. Their products are also preservative-free and healthy. The innovation is related to New governance systems. The land use systems involved are Cropland and hen house. The local assets include Natural and social.","innovation, pasta, flour, social enterprise, nicely, preservative, governance, house","http://www.wikidata.org/entity/Q174165, http://www.wikidata.org/entity/Q178, http://www.wikidata.org/entity/Q36465, http://www.wikidata.org/entity/Q1071015, http://www.wikidata.org/entity/Q37223759, http://www.wikidata.org/entity/Q274579, http://www.wikidata.org/entity/Q1553864, http://www.wikidata.org/entity/Q3947","20.683297636958798","48.268664952686215","19.0","47.0"
"Geography and population","The size of the area (km2) is 18. The minimum altimetry of the LAU is 201. The maximum altimetry of the LAU is unspecified. The total population (in thousand) is 2.888. The population density (Inhabitants/km2) in the LAU is 160.44. The population change rate of the LAU in the last 10 years (%) has been -0.11%. The overall regional population density (Inhabitants/km2) is 83.54. The regional population change rate in the last 10 years (%) has been -0.07%.","population density","http://www.wikidata.org/entity/Q22856","20.683297636958798","48.268664952686215","19.0","47.0"
"Income and gross value added","The average per capita income (EUR/year) [NUTS3] is 6560. The total Gross Value Added (GVA) (EUR million/year) [NUTS3] is 5560. The primary sector share of total GVA/year [NUTS3] is 3.88%. The secondary sector share of total GVA/year [NUTS3] is 34.68%. The tertiary sector share of total GVA/year [NUTS3] is 61.44%. The per capita income (EUR/year) [NUTS2] is 11195. The total Gross Value Added (GVA) (EUR million/year) [NUTS2] is 9488. The primary sector share of total GVA/year [NUTS2] is 4.14%. The secondary sector share of total GVA/year [NUTS2] is 33.47%. The tertiary sector share of total GVA/year [NUTS2] is 62.38%.","gross value added, per capita income, year","http://www.wikidata.org/entity/Q994873, http://www.wikidata.org/entity/Q45918, http://www.wikidata.org/entity/Q577","20.683297636958798","48.268664952686215","19.0","47.0"
"Tourism","The total number of bed places (BPs) in tourist accommodations/year in the LAU is 0. The regional (NUTS2) share of total BPs/year is 8.64%. The number of agricultural holdings in the LAU is 37. The nearest settlement with population over 100000 (km) is 24. In this region protected areas are not present.","number, bed, year","http://www.wikidata.org/entity/Q11563, http://www.wikidata.org/entity/Q42177, http://www.wikidata.org/entity/Q577","20.683297636958798","48.268664952686215","19.0","47.0"
"Employment","The primary sector share of total employment/year [NUTS3] is 3.89%. The secondary sector share of total employment/year [NUTS3] is 40.14%. The tertiary sector share of total employment/year [NUTS3] is 55.97%. The primary sector share of total employment/year [NUTS2] is 3.89%. The secondary sector share of total employment/year [NUTS2] is 40.14%. The tertiary sector share of total employment/year [NUTS2] is 55.97%.","employment, year","http://www.wikidata.org/entity/Q656365, http://www.wikidata.org/entity/Q577","20.683297636958798","48.268664952686215","19.0","47.0"
"Concluding remarks","","","","20.683297636958798","48.268664952686215","19.0","47.0"
