title,description,objects,objectlinks,lon,lat,barycenter_lon,barycenter_lat
"Cultivation and processing of organic apple on abandoned lands","The MOVING reference member state of this VC is ITALY UNIMOL and UNIPI. The reference MOVING Card ID of this VC is VC 04 IT. 'Melise' has involved the local administration, 50 local farmers and an extra-regional entrepreneur. Lands and clime 'collaborated' to innovate local agricultural production (apples). Local processing industries are also involved in the value chain as tourist actors. A sort of territorial quality brand (Prodotto a Castel del Giudice) as been also designed to promote the socio-environmental context.","italy, entrepreneur, clime, value chain","http://www.wikidata.org/entity/Q38, http://www.wikidata.org/entity/Q131524, http://www.wikidata.org/entity/Q5133389, http://www.wikidata.org/entity/Q646107","12.5","42.5","12.5","42.5"
"Interest on this VC","The company Melise is a result of a successful collaboration process among local actors and an external one that established a profitable local value chain on growing, processing and selling organic apples cultivated in abandoned lands. Here positive environmental (e.g., reduction of soil erosion), economic (like job opportunities) and social (e.i., chance to not emigrate) aspects are evident. Melise is also involved in other projects on honey production, 'agricultural' beer and rural tourism. New products are marketed (apples, also indigenous varieties, as fruit, jams, fruit juices, etc.) and a new production process is implemented (organic farming), and the territory, as a natural and socio-cultural context, is enhanced as a quality brand.","collaboration, value chain, soil erosion, honey, beer, tourism, fruit","http://www.wikidata.org/entity/Q1145523, http://www.wikidata.org/entity/Q646107, http://www.wikidata.org/entity/Q889503, http://www.wikidata.org/entity/Q10987, http://www.wikidata.org/entity/Q44, http://www.wikidata.org/entity/Q49389, http://www.wikidata.org/entity/Q1364","14.229776898306575","41.85187516732049","12.5","42.5"
"Mountain landscape and reference chains","The reference mountain chain of this VC is Central Appennines Molise. The reference mountain landscape of this VC is Castel del Giudice. Castel del Giudice is a tiny mountain municipality (Province of Isernia) in Molise Region, Southern Italy. It is a town located in Italy's inner area, distant around 50 minutes from cities, that can offer essential services in the education, health and mobility sectors. This municipality is a member of the 'Borghi Autentici d'Italia' association that brings together small and medium-sized municipalities to promote a sustainable local development model to rediscover Italian villages as places to live, support and preserve.","italy, reference, mountain, molise, del","http://www.wikidata.org/entity/Q38, http://www.wikidata.org/entity/Q121769, http://www.wikidata.org/entity/Q8502, http://www.wikidata.org/entity/Q1443, http://www.wikidata.org/entity/Q334508","14.61111111111111","41.69972222222222","12.5","42.5"
"Key local assets","The abandoned lands and the socio-cultural context has been involved in a new value chain through a cooperation process that has extensively exploited an uncommon fruit production for the area. About the LAU: 94009.","value chain, cooperation, fruit","http://www.wikidata.org/entity/Q646107, http://www.wikidata.org/entity/Q380962, http://www.wikidata.org/entity/Q1364","14.229776898306575","41.85187516732049","12.5","42.5"
"Challenges","The competition on the organic and local products market is high and the company aims to growth the commitment in food processing and for recover the traditional byotipes of apple trees. This requires new skills and business models. Overall the type of challenge faced by this VC is Current and Predicted. This VC is classified as Innovative.","","","14.229776898306575","41.85187516732049","12.5","42.5"
"Innovation","The type of innovation of this VC is Endogenous and Exogenous. Organic farming was a novelty in the local context and apple cultivation. The connection between local administration and farmers allowed for valorising natural and cultural local resources (in the agricultural, in future livestock initiatives as well as tourism sectors). In this case the VC(s) involves several local actors. The innovation is related to New products, New processes, New marketing strategies and New governance systems. The land use systems involved are Cropland. The local assets include Natural, social and cultural.","innovation, apple, livestock, tourism, marketing, governance","http://www.wikidata.org/entity/Q174165, http://www.wikidata.org/entity/Q89, http://www.wikidata.org/entity/Q103459, http://www.wikidata.org/entity/Q49389, http://www.wikidata.org/entity/Q39809, http://www.wikidata.org/entity/Q1553864","14.229776898306575","41.85187516732049","12.5","42.5"
"Geography and population","The size of the area (km2) is 14.81. The minimum altimetry of the LAU is 700. The maximum altimetry of the LAU is 1.225. The total population (in thousand) is 0.316. The population density (Inhabitants/km2) in the LAU is 21.3. The population change rate of the LAU in the last 10 years (%) has been -13.90%. The overall regional population density (Inhabitants/km2) is 68.1. The regional population change rate in the last 10 years (%) has been -4.40%.","population density","http://www.wikidata.org/entity/Q22856","14.229776898306575","41.85187516732049","12.5","42.5"
"Income and gross value added","The average per capita income (EUR/year) [NUTS3] is 20400. The total Gross Value Added (GVA) (EUR million/year) [NUTS3] is 1551.2. The primary sector share of total GVA/year [NUTS3] is 4.80%. The secondary sector share of total GVA/year [NUTS3] is 20.50%. The tertiary sector share of total GVA/year [NUTS3] is 74.70%. The per capita income (EUR/year) [NUTS2] is 21000. The total Gross Value Added (GVA) (EUR million/year) [NUTS2] is 5785.3. The primary sector share of total GVA/year [NUTS2] is 5.30%. The secondary sector share of total GVA/year [NUTS2] is 20.30%. The tertiary sector share of total GVA/year [NUTS2] is 74.40%.","gross value added, per capita income, year","http://www.wikidata.org/entity/Q994873, http://www.wikidata.org/entity/Q45918, http://www.wikidata.org/entity/Q577","14.229776898306575","41.85187516732049","12.5","42.5"
"Tourism","The total number of bed places (BPs) in tourist accommodations/year in the LAU is 30. The regional (NUTS2) share of total BPs/year is 0.30%. The number of agricultural holdings in the LAU is 5. The nearest settlement with population over 100000 (km) is 104. In this region protected areas are present.","number, bed, year","http://www.wikidata.org/entity/Q11563, http://www.wikidata.org/entity/Q42177, http://www.wikidata.org/entity/Q577","14.229776898306575","41.85187516732049","12.5","42.5"
"Employment","The primary sector share of total employment/year [NUTS3] is 5.40%. The secondary sector share of total employment/year [NUTS3] is 24.20%. The tertiary sector share of total employment/year [NUTS3] is 70.40%. The primary sector share of total employment/year [NUTS2] is 7.90%. The secondary sector share of total employment/year [NUTS2] is 22.10%. The tertiary sector share of total employment/year [NUTS2] is 70.00%.","employment, year","http://www.wikidata.org/entity/Q656365, http://www.wikidata.org/entity/Q577","14.229776898306575","41.85187516732049","12.5","42.5"
"Concluding remarks","The value chain(s) activated by 'Melise' has been diversified and tended to continue to innovate (i.e., there is a project to recover traditional livestock productions). 'Melise' has developed into a broader social innovation process promoted by cooperation between public and private actors.","value chain, innovation, cooperation","http://www.wikidata.org/entity/Q646107, http://www.wikidata.org/entity/Q174165, http://www.wikidata.org/entity/Q380962","14.229776898306575","41.85187516732049","12.5","42.5"
