title,description,objects,objectlinks,lon,lat,barycenter_lon,barycenter_lat
"Through a ICT solution is established an interactive costumers participation in farm production","The MOVING reference member state of this VC is ITALY UNIMOL and UNIPI. The reference MOVING Card ID of this VC is VC 06 IT. The main actors are the three partners who established the 'Naturavicina' company. The socio-ecological system is marginally involved, as it concerns the agricultural land and the varieties of olive trees. Overall, the VC develops locally and finishes to the consumers, who can live very far from the farm due to the 'collaboration' of digital prosumers.","italy, socio-ecological system","http://www.wikidata.org/entity/Q38, http://www.wikidata.org/entity/Q7552762","12.5","42.5","12.5","42.5"
"Interest on this VC","The promoters of 'Naturavicina' designed an ICT solution for consumers who want to buy organic products (vegetables and olive oil) rending a portion of land and participating remotely or in-person in the cultivation process. The vegetable products are grown in greenhouses, and the consumer can monitoring with cameras the state of the plants and irrigating the vegetable garden remotely. In the case of the olive grove, the consumer can decide if to carry out treatments, check the state of the plants and participate in-person to the harvest. Products are sent to costumes, and collective purchasing is suggested to reduce prices (e.g., solidarity purchase groups). To gain market share, 'Naturavicina' uses digital technologies that allow consumers to control and monitoring some agricultural activities. Also, a marketing strategy emphasises consumers' participation (who are a sort of 'prosumers') and organic production. In this sense, there is both a process and a marketing innovation.","olive oil, person, vegetable, garden, olive grove, marketing, strategy","http://www.wikidata.org/entity/Q93165, http://www.wikidata.org/entity/Q215627, http://www.wikidata.org/entity/Q11004, http://www.wikidata.org/entity/Q1107656, http://www.wikidata.org/entity/Q7087158, http://www.wikidata.org/entity/Q39809, http://www.wikidata.org/entity/Q185451","-1.4656111111111112","53.36611111111111","12.5","42.5"
"Mountain landscape and reference chains","The reference mountain chain of this VC is Central Appennines Molise. The reference mountain landscape of this VC is Macchiagodena. Macchiagodena is a municipality in the province of Isernia located high in the Central Apennines mountains in the region of Molise. Macchiagodena has a gastronomic and cultural identity linked to the pastoral tradition. In addition to specialities for meat and cheese, this little municipality is known for truffle excellence. Macchiagodena is also a member of the 'Borghi Autentici d'Italia' association that brings together small and medium-sized municipalities to promote a sustainable local development model and to rediscover Italian villages as places to live, support and preserve.","reference, mountain, molise, landscape, macchiagodena, municipality, tradition, addition, meat, cheese, truffle, excellence, borghi","http://www.wikidata.org/entity/Q121769, http://www.wikidata.org/entity/Q8502, http://www.wikidata.org/entity/Q1443, http://www.wikidata.org/entity/Q107425, http://www.wikidata.org/entity/Q279247, http://www.wikidata.org/entity/Q15284, http://www.wikidata.org/entity/Q82821, http://www.wikidata.org/entity/Q32043, http://www.wikidata.org/entity/Q10990, http://www.wikidata.org/entity/Q10943, http://www.wikidata.org/entity/Q2690965, http://www.wikidata.org/entity/Q5419420, http://www.wikidata.org/entity/Q99935","14.61111111111111","41.69972222222222","12.5","42.5"
"Key local assets","In the VC, the territorial dimension is relevant in terms of the unspoilt countryside area where organic products are grown. In this scenario, a relevant aspect is the farmers' competence, which enables realising the purpose of 'Naturavicina'. About the LAU: 94026.","dimension, scenario","http://www.wikidata.org/entity/Q4440864, http://www.wikidata.org/entity/Q1090839","14.4200523409209","41.55682273516792","12.5","42.5"
"Challenges","Increasing market competition by similar experiences can reduce the profitability of 'Naturavicina'. Moreover, organic productions and participation principle are stressed in 'Naturavicina', but the peculiarity of the territorial context is absent. For this reason, it can make the offer interesting but not unique for customers. Overall the type of challenge faced by this VC is Current and Predicted. This VC is classified as Innovative.","reason","http://www.wikidata.org/entity/Q178354","14.4200523409209","41.55682273516792","12.5","42.5"
"Innovation","The type of innovation of this VC is Endogenous. To gain market share, 'Naturavicina' uses digital technologies that allow consumers to control and monitoring some agricultural activities. Also, a marketing strategy emphasises consumers' participation (who are a sort of 'prosumers') and organic production. In this sense, there is both a process and a marketing innovation. The innovation is related to New processes and New marketing strategies. The land use systems involved are Cropland. The local assets include Natural and farmers skills.","innovation, marketing, strategy, sense","http://www.wikidata.org/entity/Q174165, http://www.wikidata.org/entity/Q39809, http://www.wikidata.org/entity/Q185451, http://www.wikidata.org/entity/Q173253","14.4200523409209","41.55682273516792","12.5","42.5"
"Geography and population","The size of the area (km2) is 34.35. The minimum altimetry of the LAU is 499. The maximum altimetry of the LAU is 1361. The total population (in thousand) is 1.722. The population density (Inhabitants/km2) in the LAU is 50.1. The population change rate of the LAU in the last 10 years (%) has been -5.05%. The overall regional population density (Inhabitants/km2) is 68.1. The regional population change rate in the last 10 years (%) has been -4.37%.","population density","http://www.wikidata.org/entity/Q22856","14.4200523409209","41.55682273516792","12.5","42.5"
"Income and gross value added","The average per capita income (EUR/year) [NUTS3] is 20400. The total Gross Value Added (GVA) (EUR million/year) [NUTS3] is 1551.2. The primary sector share of total GVA/year [NUTS3] is 4.80%. The secondary sector share of total GVA/year [NUTS3] is 20.50%. The tertiary sector share of total GVA/year [NUTS3] is 74.70%. The per capita income (EUR/year) [NUTS2] is 21000. The total Gross Value Added (GVA) (EUR million/year) [NUTS2] is 5785.3. The primary sector share of total GVA/year [NUTS2] is 5.30%. The secondary sector share of total GVA/year [NUTS2] is 20.30%. The tertiary sector share of total GVA/year [NUTS2] is 74.40%.","gross value added, per capita income, year","http://www.wikidata.org/entity/Q994873, http://www.wikidata.org/entity/Q45918, http://www.wikidata.org/entity/Q577","14.4200523409209","41.55682273516792","12.5","42.5"
"Tourism","The total number of bed places (BPs) in tourist accommodations/year in the LAU is 54. The regional (NUTS2) share of total BPs/year is 0.47%. The number of agricultural holdings in the LAU is 233. The nearest settlement with population over 100000 (km) is 123. In this region protected areas are present.","number, bed, year","http://www.wikidata.org/entity/Q11563, http://www.wikidata.org/entity/Q42177, http://www.wikidata.org/entity/Q577","14.4200523409209","41.55682273516792","12.5","42.5"
"Employment","The primary sector share of total employment/year [NUTS3] is 5.36%. The secondary sector share of total employment/year [NUTS3] is 24.16%. The tertiary sector share of total employment/year [NUTS3] is 70.46%. The primary sector share of total employment/year [NUTS2] is 7.90%. The secondary sector share of total employment/year [NUTS2] is 22.05%. The tertiary sector share of total employment/year [NUTS2] is 70.03%.","employment, year","http://www.wikidata.org/entity/Q656365, http://www.wikidata.org/entity/Q577","14.4200523409209","41.55682273516792","12.5","42.5"
"Concluding remarks","","","","14.4200523409209","41.55682273516792","12.5","42.5"
