title,description,objects,objectlinks,lon,lat,barycenter_lon,barycenter_lat
"a chocolate praline with a dark shell filled with potato cream ('Cioccoderra')","The MOVING reference member state of this VC is ITALY UNIMOL and UNIPI. The reference MOVING Card ID of this VC is VC 07 IT. MP Sardinia core bussines is still the potato production, while the 'cioccoderra' cookies are produce only during Christmas and Easter. It is used to increase the visibility of this farm located in the center of Sardinia. The communication used in the web site is very friendly and different potatoes types are called with Sardinian names, considering the colour and not the variety to simplifiy the comunication. Great effort is given to the territories' charateristics, where these potatoes are produced.","italy, sardinia, potato, christmas, easter, visibility, farm","http://www.wikidata.org/entity/Q38, http://www.wikidata.org/entity/Q1462, http://www.wikidata.org/entity/Q10998, http://www.wikidata.org/entity/Q19809, http://www.wikidata.org/entity/Q21196, http://www.wikidata.org/entity/Q654068, http://www.wikidata.org/entity/Q131596","9.0","40.0","12.5","42.5"
"Interest on this VC","This farm produces potatos in the Sardinian mountains.In the recent years, the owners have start to process potatos using an innovative recipe to produce cookies called ' cioccoterra'. The farm took the opportunity offered by Reg.(UE) n.1151/2012 and Reg.(UE) n.665/2014 to use the label ' Mountain Product'. Innovation starts to spread also in this very traditional mountain value chain. A new product ( the cookie) is used to increase value of the traditional potatos. It is a smart way to use the Sardinian tradition ( granit stone, language, history) to promote for potato production. The recipes ( https://www.mpsardinia.it/ricette/) found on the web site are very innovative presenting potatoes as a fresh ingredient, easy and practical to prepare and healthy.","farm, recipe, value chain, cookie, tradition, stone, language, history, potato","http://www.wikidata.org/entity/Q131596, http://www.wikidata.org/entity/Q219239, http://www.wikidata.org/entity/Q646107, http://www.wikidata.org/entity/Q13266, http://www.wikidata.org/entity/Q82821, http://www.wikidata.org/entity/Q22731, http://www.wikidata.org/entity/Q315, http://www.wikidata.org/entity/Q309, http://www.wikidata.org/entity/Q10998","9.260428566971761","40.59807662696723","12.5","42.5"
"Mountain landscape and reference chains","The reference mountain chain of this VC is Altopiano di Buddusò. The reference mountain landscape of this VC is Buddusò. Buddusò, a municipality in the province of Sassari in the center of Sardinia, located about 77 kilometres (50 miles) to Sassari and about 62 km (16 mi) to Nuoro. Buddusò is composed of 17 hamlets.","reference, mountain, buddusò, landscape, municipality, sardinia, sassari, nuoro","http://www.wikidata.org/entity/Q121769, http://www.wikidata.org/entity/Q8502, http://www.wikidata.org/entity/Q340675, http://www.wikidata.org/entity/Q107425, http://www.wikidata.org/entity/Q15284, http://www.wikidata.org/entity/Q1462, http://www.wikidata.org/entity/Q13629, http://www.wikidata.org/entity/Q13649","8.559166666666666","40.72666666666667","12.5","42.5"
"Key local assets","'Coltiviamo nel granito' we grow in granite, is how MP Sardinia describe their production. This short sentence describes the key local asset of the farm. About the LAU: 90017.","granite, sardinia","http://www.wikidata.org/entity/Q41177, http://www.wikidata.org/entity/Q1462","9.0","40.0","12.5","42.5"
"Challenges","In Sardinia the used agricultural area for potato production is about 3000 ha ( source' Piano di settore pataticolo MIPAAF'), which represents only 4% of national surface. however, potato from Sardinia has a relevant quality and it is specialised in early potatos that are sold on market before other potatos varieties. Overall the type of challenge faced by this VC is unspecified. This VC is classified as N/A.","sardinia","http://www.wikidata.org/entity/Q1462","9.0","40.0","12.5","42.5"
"Innovation","The type of innovation of this VC is unspecified. The idea to use potatos for cookies production came from Mp Sardinia (https://www.mpsardinia.it/), a Sardinian agricultural company located in Buddusò, and managed by the Pischedda brothers. The cookie is called 'Cioccoderra', a chocolate praline with a dark shell filled with potato cream. Two varieties of potatoes are used to make this delicacy: the purple potato, and the traditional yellow one. The floury dough of the first variety, and the slightly compact dough of the second one make these potatoes particularly suitable for pastry making. In order to be able to eliminate the water content and keep their density, it is combined with the delight of cocoa, butter and sugar, without using any preservatives. The innovation is related to the whole VC. The land use systems involved are N/A. The local assets include N/A.","buddusò, innovation, idea, sardinia, cookie, chocolate, praline, dark shell, potato, cream, delicacy","http://www.wikidata.org/entity/Q340675, http://www.wikidata.org/entity/Q174165, http://www.wikidata.org/entity/Q131841, http://www.wikidata.org/entity/Q1462, http://www.wikidata.org/entity/Q13266, http://www.wikidata.org/entity/Q195, http://www.wikidata.org/entity/Q851428, http://www.wikidata.org/entity/Q5223408, http://www.wikidata.org/entity/Q10998, http://www.wikidata.org/entity/Q13228, http://www.wikidata.org/entity/Q2312129","9.258213","40.578237888888886","12.5","42.5"
"Geography and population","The size of the area (km2) is 176.84. The minimum altimetry of the LAU is 525. The maximum altimetry of the LAU is 1003. The total population (in thousand) is 3.744. The population density (Inhabitants/km2) in the LAU is 21.17. The population change rate of the LAU in the last 10 years (%) has been -5.52%. The overall regional population density (Inhabitants/km2) is 67.31. The regional population change rate in the last 10 years (%) has been -1.90%.","population density","http://www.wikidata.org/entity/Q22856","9.260428566971761","40.59807662696723","12.5","42.5"
"Income and gross value added","The average per capita income (EUR/year) [NUTS3] is 19300. The total Gross Value Added (GVA) (EUR million/year) [NUTS3] is 5732.4. The primary sector share of total GVA/year [NUTS3] is 3.24%. The secondary sector share of total GVA/year [NUTS3] is 12.77%. The tertiary sector share of total GVA/year [NUTS3] is 83.98%. The per capita income (EUR/year) [NUTS2] is 21100. The total Gross Value Added (GVA) (EUR million/year) [NUTS2] is 31117. The primary sector share of total GVA/year [NUTS2] is 4.31%. The secondary sector share of total GVA/year [NUTS2] is 13.96%. The tertiary sector share of total GVA/year [NUTS2] is 81.71%.","gross value added, per capita income, year","http://www.wikidata.org/entity/Q994873, http://www.wikidata.org/entity/Q45918, http://www.wikidata.org/entity/Q577","9.260428566971761","40.59807662696723","12.5","42.5"
"Tourism","The total number of bed places (BPs) in tourist accommodations/year in the LAU is 116. The regional (NUTS2) share of total BPs/year is 0.05%. The number of agricultural holdings in the LAU is 172. The nearest settlement with population over 100000 (km) is 77.","number, bed, year","http://www.wikidata.org/entity/Q11563, http://www.wikidata.org/entity/Q42177, http://www.wikidata.org/entity/Q577","9.260428566971761","40.59807662696723","12.5","42.5"
"Employment","The primary sector share of total employment/year [NUTS3] is 5.31%. The secondary sector share of total employment/year [NUTS3] is 12.54%. The tertiary sector share of total employment/year [NUTS3] is 82.14%. The primary sector share of total employment/year [NUTS2] is 6.36%. The secondary sector share of total employment/year [NUTS2] is 14.33%. The tertiary sector share of total employment/year [NUTS2] is 79.29%.","employment, year","http://www.wikidata.org/entity/Q656365, http://www.wikidata.org/entity/Q577","9.260428566971761","40.59807662696723","12.5","42.5"
"Concluding remarks","","","","9.260428566971761","40.59807662696723","12.5","42.5"
