title,description,objects,objectlinks,lon,lat,barycenter_lon,barycenter_lat
"This cooperative produces traditional cheeses, mainly for export, using only local sheep's milk","The MOVING reference member state of this VC is ITALY UNIMOL and UNIPI. The reference MOVING Card ID of this VC is VC 08 IT. The VC is not dependent on other SES for its production process, but it is strongly oriented towards the foreign market (90% of production). Relevant actors are sheep farmers who produce milk traditionally and sustainably and local institutions. The PDO (protected designation of origin) label is adopted for the 'Pecorino Romano' cheese.","reference, italy, protected designation of origin","http://www.wikidata.org/entity/Q121769, http://www.wikidata.org/entity/Q38, http://www.wikidata.org/entity/Q13439060","12.5","42.5","12.5","42.5"
"Interest on this VC","La Concordia uses only local sheep s milk produced in a sustainable way (organic milk) by 400 cooperative members. The cooperative company developed its production on the local tradition of dairy (the Pecorino Romano DOP cheese - protected designation of origin and other mountain cheeses) and traditional sheep farming (non-stall breeding). Notably, La Concordia exports to the US a large part of its Pecorino Romano DOP cheese. The collaboration between 400 sheep farmers to produce traditional local cheeses has been made possible thanks to a new form of governance for the social context of Northern Sardinia.","sheep, milk, organic milk, pecorino romano, cheese, protected designation of origin, pecorino, sardinia","http://www.wikidata.org/entity/Q7368, http://www.wikidata.org/entity/Q8495, http://www.wikidata.org/entity/Q4169972, http://www.wikidata.org/entity/Q1246024, http://www.wikidata.org/entity/Q10943, http://www.wikidata.org/entity/Q13439060, http://www.wikidata.org/entity/Q677640, http://www.wikidata.org/entity/Q1462","9.0","40.0","12.5","42.5"
"Mountain landscape and reference chains","The reference mountain chain of this VC is Sardinia Mountains. The reference mountain landscape of this VC is Pattada. Pattada is a little municipality in the Province of Sassari in the Italian region of Sardinia (the second large island of Mediterranean sea). The town is located about 50 km Southeast of Sassari, the second large city if Sardinia. In the area of Pattada is peculiar for the production of Pecorino Romano DOP cheese and the surrounding countryside is largely pasture. Sheep are raised for milk, and the milk is made into cheese at the local cooperative company.","reference, mountain, sardinia, landscape, pattada, municipality, island, mediterranean sea, town, southeast, sassari, city, pecorino romano, cheese, pasture","http://www.wikidata.org/entity/Q121769, http://www.wikidata.org/entity/Q8502, http://www.wikidata.org/entity/Q1462, http://www.wikidata.org/entity/Q107425, http://www.wikidata.org/entity/Q391218, http://www.wikidata.org/entity/Q15284, http://www.wikidata.org/entity/Q23442, http://www.wikidata.org/entity/Q4918, http://www.wikidata.org/entity/Q3957, http://www.wikidata.org/entity/Q6452640, http://www.wikidata.org/entity/Q13629, http://www.wikidata.org/entity/Q515, http://www.wikidata.org/entity/Q1246024, http://www.wikidata.org/entity/Q10943, http://www.wikidata.org/entity/Q30121","9.11","40.58222222222222","12.5","42.5"
"Key local assets","The local tradition of sheep farming has enabled the development of sustainable milk production. The common social culture between farmers and political-institutional actors allowed the realisation of the dairy. About the LAU: 90055.","","","9.12216602633992","40.59182652067268","12.5","42.5"
"Challenges","Although La Concordia has a strong outlet market (mainly the United States), its productions seem to lack a more precise socio-cultural and environmental connotation. This situation may compromise its competitiveness in the medium term due to international concurrency. Overall the type of challenge faced by this VC is Current and Predicted. This VC is classified as Traditional.","","","9.12216602633992","40.59182652067268","12.5","42.5"
"Innovation","The type of innovation of this VC is unspecified. In the social context in which the 'La Concordia' dairy is developed, establishing a 'cooperative company' was a novelty for the sector. The market now appreciates traditional forms of milk production (mainly if made in a sustainable way) and peculiar local cheese. The innovation is related to the whole VC. The land use systems involved are Cropland and Grassland. The local assets include Natural, social and cultural.","innovation, dairy, milk, cheese, grassland","http://www.wikidata.org/entity/Q174165, http://www.wikidata.org/entity/Q637776, http://www.wikidata.org/entity/Q8495, http://www.wikidata.org/entity/Q10943, http://www.wikidata.org/entity/Q1006733","9.12216602633992","40.59182652067268","12.5","42.5"
"Geography and population","The size of the area (km2) is 164.88. The minimum altimetry of the LAU is 221. The maximum altimetry of the LAU is 1093. The total population (in thousand) is 2.993. The population density (Inhabitants/km2) in the LAU is 18.18. The population change rate of the LAU in the last 10 years (%) has been -10.97%. The overall regional population density (Inhabitants/km2) is 67.31. The regional population change rate in the last 10 years (%) has been -1.90%.","population density","http://www.wikidata.org/entity/Q22856","9.12216602633992","40.59182652067268","12.5","42.5"
"Income and gross value added","The average per capita income (EUR/year) [NUTS3] is 19300. The total Gross Value Added (GVA) (EUR million/year) [NUTS3] is 5732.4. The primary sector share of total GVA/year [NUTS3] is 3.24%. The secondary sector share of total GVA/year [NUTS3] is 12.77%. The tertiary sector share of total GVA/year [NUTS3] is 83.98%. The per capita income (EUR/year) [NUTS2] is 21100. The total Gross Value Added (GVA) (EUR million/year) [NUTS2] is 31117. The primary sector share of total GVA/year [NUTS2] is 4.31%. The secondary sector share of total GVA/year [NUTS2] is 13.96%. The tertiary sector share of total GVA/year [NUTS2] is 81.71%.","gross value added, per capita income, year","http://www.wikidata.org/entity/Q994873, http://www.wikidata.org/entity/Q45918, http://www.wikidata.org/entity/Q577","9.12216602633992","40.59182652067268","12.5","42.5"
"Tourism","The total number of bed places (BPs) in tourist accommodations/year in the LAU is 104. The regional (NUTS2) share of total BPs/year is 0.04%. The number of agricultural holdings in the LAU is 176. The nearest settlement with population over 100000 (km) is 66. In this region protected areas are not present.","number, bed, year","http://www.wikidata.org/entity/Q11563, http://www.wikidata.org/entity/Q42177, http://www.wikidata.org/entity/Q577","9.12216602633992","40.59182652067268","12.5","42.5"
"Employment","The primary sector share of total employment/year [NUTS3] is 5.31%. The secondary sector share of total employment/year [NUTS3] is 12.54%. The tertiary sector share of total employment/year [NUTS3] is 82.14%. The primary sector share of total employment/year [NUTS2] is 6.36%. The secondary sector share of total employment/year [NUTS2] is 14.33%. The tertiary sector share of total employment/year [NUTS2] is 79.29%.","employment, year","http://www.wikidata.org/entity/Q656365, http://www.wikidata.org/entity/Q577","9.12216602633992","40.59182652067268","12.5","42.5"
"Concluding remarks","","","","9.12216602633992","40.59182652067268","12.5","42.5"
