title,description,objects,objectlinks,lon,lat,barycenter_lon,barycenter_lat
"Sheep farmers from Weiz ('Weizer Schafbauern')","The MOVING reference member state of this VC is AUSTRIA. The reference MOVING Card ID of this VC is VC 15 AT. The main actor of this VC is the cooperative called Weizer Schafbauern - Die Schaferei . This cooperative owns the brand Määh to distribute its products. Another important actor is the Weizer Bergland Spezialitäten Vertriebs- GmbH that runs a slaughter house together with ALMO farmers, free a range of pig farmers and a local butcher. This VC does not have an official organic certificate, but the products are promoted with higher animal welfare standards.","reference, austria, actor, cooperative","http://www.wikidata.org/entity/Q121769, http://www.wikidata.org/entity/Q40, http://www.wikidata.org/entity/Q33999, http://www.wikidata.org/entity/Q4539","14.0","48.0","14.0","48.0"
"Interest on this VC","Weizer Schafbauern (Sheep farmers from Weiz) is cooperative of about 300 sheep farmers in the district of Weiz within the LEADER region Almenland-Energieregion Gleisdorf . They produce meat (lamb is the main product), milk and milk products (cheese, yogurt, cream) of different varieties and cosmetics. The wool is also used for textiles. They have different marketing relations (direct marketing, online shop, supermarket, ). The Weizer mountain lamb is classified as traditional food in Austria. The sheep plays a crucial role for the maintenance of small structured extensive farming in this region. In 1994 the cooperative was founded in order to provide a better base of the processing and marketing of the farmers products. The brand Määh is of importance for the joint marketing. Products are available via direct selling but also in the supermarket chain SPAR and in local restaurants and high class gastronomy. The lamb is the flagship product of the Weizer Schafbauern.","austria, weiz, sheep, gleisdorf, milk, yogurt, marketing, direct marketing, supermarket, direct selling","http://www.wikidata.org/entity/Q40, http://www.wikidata.org/entity/Q875641, http://www.wikidata.org/entity/Q7368, http://www.wikidata.org/entity/Q643600, http://www.wikidata.org/entity/Q8495, http://www.wikidata.org/entity/Q13317, http://www.wikidata.org/entity/Q39809, http://www.wikidata.org/entity/Q677073, http://www.wikidata.org/entity/Q180846, http://www.wikidata.org/entity/Q962382","15.708333333333334","47.10388888888889","14.0","48.0"
"Mountain landscape and reference chains","The reference mountain chain of this VC is RR 11, Austrian Alps. The reference mountain landscape of this VC is Weiz (No: 617). The region Almenland (transl.: Styrian alpine pasture region) is one of the biggest connected pasture-regions in Europe (total 125 pastures, 36,6 km2). The pasture are between 1.200 and 1.500 m above sea level. The climate is characterized as humid, having a lot of thunderstorms. The rock formation is diverse, primarily limestone, further: phyllite, slate and greywacke.","alps, europe, weiz, pasture, limestone, phyllite, slate, greywacke","http://www.wikidata.org/entity/Q1286, http://www.wikidata.org/entity/Q46, http://www.wikidata.org/entity/Q875641, http://www.wikidata.org/entity/Q30121, http://www.wikidata.org/entity/Q23757, http://www.wikidata.org/entity/Q731880, http://www.wikidata.org/entity/Q207079, http://www.wikidata.org/entity/Q917545","9.14062","48.690958888888886","14.0","48.0"
"Key local assets","Sheep farming has a tradition since the middle age especially in areas where cattle cannot graze. In cooperation with ALMO farmers, free range pig farmers and a local butcher the Weizer Schafbauern have bought the old regional slaughter house, which was then rebuild in line with the EC regulation for organic certification. In important asset is the cultural landscape of the region, which is important for hiking tourism. About the LAU: LAU 1 not used in Austria Scale therefore is District.","austria, organic certification","http://www.wikidata.org/entity/Q40, http://www.wikidata.org/entity/Q11680670","14.0","48.0","14.0","48.0"
"Challenges","Farmers in the mountain region struggle to have sufficient income. The cooperative aims to secure income and to share certain production resources and to have a joint marketing. Additionally the region has heavy rain events which is supposed to increase in the course of climate change. Sheep farming, additionally, has been a method to increase biodiversity and to counteract forestation of mountain pastures. Overall the type of challenge faced by this VC is Current and Predicted. This VC is classified as Traditional and Innovative.","mountain, rain, sheep, biodiversity, forestation","http://www.wikidata.org/entity/Q8502, http://www.wikidata.org/entity/Q7925, http://www.wikidata.org/entity/Q7368, http://www.wikidata.org/entity/Q47041, http://www.wikidata.org/entity/Q41804813","15.648804607839635","47.20873958185875","14.0","48.0"
"Innovation","The type of innovation of this VC is Endogenous. The knowledge regarding the husbandry is considered to be traditional. The main innovation of the VC considers their marketing and resource sharing (e. g. the slaughter house) via the cooperative. They sell their products using the brand Määh (referring to the sheep sound). The innovation is related to New products and New marketing strategies. The land use systems involved are pasture farming. The local assets include Natural, social and cultural.","innovation, marketing, sharing","http://www.wikidata.org/entity/Q174165, http://www.wikidata.org/entity/Q39809, http://www.wikidata.org/entity/Q459221","15.648804607839635","47.20873958185875","14.0","48.0"
"Geography and population","The size of the area (km2) is 1098. The minimum altimetry of the LAU is 464. The maximum altimetry of the LAU is 1720. The total population (in thousand) is 90.654. The population density (Inhabitants/km2) in the LAU is 82.56. The population change rate of the LAU in the last 10 years (%) has been 3.68%. The overall regional population density (Inhabitants/km2) is 76.28. The regional population change rate in the last 10 years (%) has been 3.30%.","population density","http://www.wikidata.org/entity/Q22856","15.648804607839635","47.20873958185875","14.0","48.0"
"Income and gross value added","The average per capita income (EUR/year) [NUTS3] is 21444. The total Gross Value Added (GVA) (EUR million/year) [NUTS3] is 8141. The primary sector share of total GVA/year [NUTS3] is 11.77%. The secondary sector share of total GVA/year [NUTS3] is 32.50%. The tertiary sector share of total GVA/year [NUTS3] is 55.73%. The per capita income (EUR/year) [NUTS2] is 21539. The total Gross Value Added (GVA) (EUR million/year) [NUTS2] is 43050. The primary sector share of total GVA/year [NUTS2] is 0.84%. The secondary sector share of total GVA/year [NUTS2] is 35.12%. The tertiary sector share of total GVA/year [NUTS2] is 64.04%.","gross value added, per capita income, year","http://www.wikidata.org/entity/Q994873, http://www.wikidata.org/entity/Q45918, http://www.wikidata.org/entity/Q577","15.648804607839635","47.20873958185875","14.0","48.0"
"Tourism","The total number of bed places (BPs) in tourist accommodations/year in the LAU is 4310. The regional (NUTS2) share of total BPs/year is 2.77%. The number of agricultural holdings in the LAU is 4555. The nearest settlement with population over 100000 (km) is 30. In this region protected areas are present.","number, bed, year","http://www.wikidata.org/entity/Q11563, http://www.wikidata.org/entity/Q42177, http://www.wikidata.org/entity/Q577","15.648804607839635","47.20873958185875","14.0","48.0"
"Employment","The primary sector share of total employment/year [NUTS3] is 11.55%. The secondary sector share of total employment/year [NUTS3] is 29.94%. The tertiary sector share of total employment/year [NUTS3] is 58.50%. The primary sector share of total employment/year [NUTS2] is 5.55%. The secondary sector share of total employment/year [NUTS2] is 26.47%. The tertiary sector share of total employment/year [NUTS2] is 67.99%.","employment, year","http://www.wikidata.org/entity/Q656365, http://www.wikidata.org/entity/Q577","15.648804607839635","47.20873958185875","14.0","48.0"
"Concluding remarks","Mountain sheep farming has also been traditional in 13 other regions in Austria (see VC AT 13 and 14) that are considered to have traditional sheep farming not all of them are mountainous regions.","austria, mountain, sheep","http://www.wikidata.org/entity/Q40, http://www.wikidata.org/entity/Q8502, http://www.wikidata.org/entity/Q7368","14.0","48.0","14.0","48.0"
