title,description,objects,objectlinks,lon,lat,barycenter_lon,barycenter_lat
"The rural butchery","The MOVING reference member state of this VC is ITALY UNIMOL and UNIPI. The reference MOVING Card ID of this VC is VC 18 IT. In 1985 the Savigni started a butcher's shop and after a short time they realized that it was necessary to open a farm in order to have quality meat. In 2004 a cured meat factory was also created with the idea of having a controlled supply chain.","italy","http://www.wikidata.org/entity/Q38","12.5","42.5","12.5","42.5"
"Interest on this VC","The certificates obtained by Savigni familly are the following: Certifications: Bollo IT 9-3467/L IT R152E CE ANAS (National Association Pig Farmers) Japan Export (Ministry of Health) BioAgriCert (Certification Body / Organic Control) Products Guarantee AIAB (Certification Body / Organic Control) INEQ (Quality North-East Institute / Body PDO Control Cinta Senese) TUV (German Certification Body ISO 9001/08) quality consortium Consorzio Tutela of Cinta Senese Quality Consortium Consorzio Tutela Finocchiona PGI Finocchiona PGI (Certification Body INeQ Quality North-East Institute) Vitellone Bianco dell Appennino Centrale PGI Chianina beef (Certification Body 3A-PTA Umbria Agri-food Technology Park). The great number of certifications and the collaboration with other farms of the territories.","institute, bollo, japan, certification, north, east, tutela, finocchiona, chianina, umbria","http://www.wikidata.org/entity/Q1664720, http://www.wikidata.org/entity/Q4939806, http://www.wikidata.org/entity/Q17, http://www.wikidata.org/entity/Q374814, http://www.wikidata.org/entity/Q659, http://www.wikidata.org/entity/Q684, http://www.wikidata.org/entity/Q6154076, http://www.wikidata.org/entity/Q3745769, http://www.wikidata.org/entity/Q1071628, http://www.wikidata.org/entity/Q1280","12.566666666666666","42.983333333333334","12.5","42.5"
"Mountain landscape and reference chains","The reference mountain chain of this VC is Northern Apennines - Tuscan Emilian Apennines. The reference mountain landscape of this VC is Sambuca Pistoiese. Sambuca Pistoiese is a town and comune of Pistoia province in the Italian region of Tuscany. It is located 26 km North of chief city of Pistoia.","tuscany, reference, mountain, landscape, sambuca pistoiese, town, pistoia","http://www.wikidata.org/entity/Q1273, http://www.wikidata.org/entity/Q121769, http://www.wikidata.org/entity/Q8502, http://www.wikidata.org/entity/Q107425, http://www.wikidata.org/entity/Q102725, http://www.wikidata.org/entity/Q3957, http://www.wikidata.org/entity/Q13376","11.016666666666667","43.35","12.5","42.5"
"Key local assets","The environment is essential. The Savigni family works in an authentic setting: the passing of the seasons, the good water of Porretta and the clear one of the Suviana Lake. The closed cycle of production of the Savigni takes place mainly outdoors, because those animals put out to pastures in a wild state are healthier and guarantee a better quality of meat. About the LAU: 47018.","lake, meat","http://www.wikidata.org/entity/Q23397, http://www.wikidata.org/entity/Q10990","10.997107145485792","44.06935623348024","12.5","42.5"
"Challenges","The main challenge is to maintain a high quality supply ,using only local animal ,with an increasing international market demand. Overall the type of challenge faced by this VC is Predicted. This VC is classified as Innovative.","animal, demand","http://www.wikidata.org/entity/Q729, http://www.wikidata.org/entity/Q4402708","10.997107145485792","44.06935623348024","12.5","42.5"
"Innovation","The type of innovation of this VC is Endogenous. The innovation was to belive in the organic farm when nobody take care to it and to consider the certificatin not just as a sort of brand but as the possibility to enter in new and qualified market. The innovation is related to New marketing strategies. The land use systems involved are Forestry. The local assets include Natural.","innovation, farm, marketing","http://www.wikidata.org/entity/Q174165, http://www.wikidata.org/entity/Q131596, http://www.wikidata.org/entity/Q39809","10.997107145485792","44.06935623348024","12.5","42.5"
"Geography and population","The size of the area (km2) is 77.25. The minimum altimetry of the LAU is 372. The maximum altimetry of the LAU is 1318. The total population (in thousand) is 1.514. The population density (Inhabitants/km2) in the LAU is 19.59. The population change rate of the LAU in the last 10 years (%) has been -14.81%. The overall regional population density (Inhabitants/km2) is 160.64. The regional population change rate in the last 10 years (%) has been 0.48%.","population density","http://www.wikidata.org/entity/Q22856","10.997107145485792","44.06935623348024","12.5","42.5"
"Income and gross value added","The average per capita income (EUR/year) [NUTS3] is 26500. The total Gross Value Added (GVA) (EUR million/year) [NUTS3] is 6931.1. The primary sector share of total GVA/year [NUTS3] is 8.35%. The secondary sector share of total GVA/year [NUTS3] is 22.51%. The tertiary sector share of total GVA/year [NUTS3] is 69.14%. The per capita income (EUR/year) [NUTS2] is 31400. The total Gross Value Added (GVA) (EUR million/year) [NUTS2] is 105293.3. The primary sector share of total GVA/year [NUTS2] is 2.38%. The secondary sector share of total GVA/year [NUTS2] is 25.06%. The tertiary sector share of total GVA/year [NUTS2] is 72.56%.","gross value added, per capita income, year","http://www.wikidata.org/entity/Q994873, http://www.wikidata.org/entity/Q45918, http://www.wikidata.org/entity/Q577","10.997107145485792","44.06935623348024","12.5","42.5"
"Tourism","The total number of bed places (BPs) in tourist accommodations/year in the LAU is 31. The regional (NUTS2) share of total BPs/year is 0.01%. The number of agricultural holdings in the LAU is 130. The nearest settlement with population over 100000 (km) is 45. In this region protected areas are present.","number, bed, year","http://www.wikidata.org/entity/Q11563, http://www.wikidata.org/entity/Q42177, http://www.wikidata.org/entity/Q577","10.997107145485792","44.06935623348024","12.5","42.5"
"Employment","The primary sector share of total employment/year [NUTS3] is 4.28%. The secondary sector share of total employment/year [NUTS3] is 25.63%. The tertiary sector share of total employment/year [NUTS3] is 70.09%. The primary sector share of total employment/year [NUTS2] is 3.03%. The secondary sector share of total employment/year [NUTS2] is 25.57%. The tertiary sector share of total employment/year [NUTS2] is 71.22%.","employment, year","http://www.wikidata.org/entity/Q656365, http://www.wikidata.org/entity/Q577","10.997107145485792","44.06935623348024","12.5","42.5"
"Concluding remarks","","","","10.997107145485792","44.06935623348024","12.5","42.5"
