title,description,objects,objectlinks,lon,lat,barycenter_lon,barycenter_lat
"A cooperative dairy of local farmers enhancing local traditional cheese production","The MOVING reference member state of this VC is ITALY UNIMOL and UNIPI. The reference MOVING Card ID of this VC is VC 43 IT. The VC depends only on the local SES. The main actors are the breeders and farmers who collaborate in the cooperative company to produce milk and cheeses. Quality certifications are used limited to the traditional productions of Friuli. The number of VC participants and the type of economic activity linked to the territory has a positive impact on the SES and the adoption of environmentally friendly production and processing methods.","reference, italy, friuli, number, territory, adoption","http://www.wikidata.org/entity/Q121769, http://www.wikidata.org/entity/Q38, http://www.wikidata.org/entity/Q160570, http://www.wikidata.org/entity/Q11563, http://www.wikidata.org/entity/Q183366, http://www.wikidata.org/entity/Q180472","13.0","46.166666666666664","12.5","42.5"
"Interest on this VC","The dairy, owned by a local cooperative of farmers, collects and processes the milk produced by 24 local farmers to produce Italian and local cheeses. For the production of the traditional Friulian cheese called 'Montasio', the dairy obtained in 2011 the certification 'denomination product of origin (DPO) and 'mountain product' (MP) label. In this case, the VC is strongly linked to the natural (pasture, mountain, cows, etc.) and cultural (cheese production, mountain culture, etc.) elements of the SES. The dairy's products are traditional, and innovations include adopting quality certificates and some 'new products' (but based on the food local tradition). This guarantees a competitive advantage in the market. In the dairy shop, local cheeses and milk are offered, and various other products from local and regional producers. Some of these products use cheeses from dairy (e.g. 'Frico').","dairy, cooperative, milk, cheese, montasio, certification, mountain, food, tradition, frico","http://www.wikidata.org/entity/Q637776, http://www.wikidata.org/entity/Q4539, http://www.wikidata.org/entity/Q8495, http://www.wikidata.org/entity/Q10943, http://www.wikidata.org/entity/Q534069, http://www.wikidata.org/entity/Q374814, http://www.wikidata.org/entity/Q8502, http://www.wikidata.org/entity/Q2095, http://www.wikidata.org/entity/Q82821, http://www.wikidata.org/entity/Q1842181","13.439291323275086","46.50925347463061","12.5","42.5"
"Mountain landscape and reference chains","The reference mountain chain of this VC is Eastern Alps - Julian Alps. The reference mountain landscape of this VC is Malborghetto Valbruna. Malborghetto Valbruna is a municipality in the Italian Province of Udine in Friuli-Venezia Giulia region. It is located in in the mountainous region of the Julian Alps, about 50 kilometres Northeast of the regional capital Udine, on the border with Austria.","alps, austria, reference, mountain, eastern alps, julian alps, malborghetto valbruna, udine","http://www.wikidata.org/entity/Q1286, http://www.wikidata.org/entity/Q40, http://www.wikidata.org/entity/Q121769, http://www.wikidata.org/entity/Q8502, http://www.wikidata.org/entity/Q63817, http://www.wikidata.org/entity/Q119206, http://www.wikidata.org/entity/Q53278, http://www.wikidata.org/entity/Q2790","14.0","48.0","12.5","42.5"
"Key local assets","The SES is involved in the VC for several reasons. The grasslands and cultivated land are used for foraging dairy cattle (exclusively Italian Red Fleckvieh cattle). The cultural dimension is involved in the production skills related to traditional cheese making in the Friuli region. From a social viewpoint, cooperative organisational forms to face economic problems are common. About the LAU: 30054.","dimension, cheese, friuli","http://www.wikidata.org/entity/Q4440864, http://www.wikidata.org/entity/Q10943, http://www.wikidata.org/entity/Q160570","13.0","46.166666666666664","12.5","42.5"
"Challenges","The market of dairy products is very competitive due to the presence of a wide variety of cheese. Product and process innovation is relevant for competitiveness, but this VC innovation appears limited to the acquisition of quality certificates (e.g. DPO and MP). Moreover, the dairy's reference market is local (the cooperative has its point of sale in Malborghetto Valbruna), where other typical products of the Friuli Venezia Giulia region are also proposed. Recently, home delivery sales have been adopted for a limited area. These elements could compromise the VC in the long term. Overall the type of challenge faced by this VC is Current and Predicted. This VC is classified as Traditional.","dairy, cheese, innovation, reference, cooperative, point of sale, malborghetto valbruna, home, sales","http://www.wikidata.org/entity/Q637776, http://www.wikidata.org/entity/Q10943, http://www.wikidata.org/entity/Q174165, http://www.wikidata.org/entity/Q121769, http://www.wikidata.org/entity/Q4539, http://www.wikidata.org/entity/Q386147, http://www.wikidata.org/entity/Q53278, http://www.wikidata.org/entity/Q7743, http://www.wikidata.org/entity/Q194189","13.43912488888889","46.50703511111111","12.5","42.5"
"Innovation","The type of innovation of this VC is unspecified. The innovations are two: first, acquiring certification that guarantees their cheeses as typical and quality products; second, the home sales practice. The innovation is related to the whole VC. The land use systems involved are Cropland and Grassland. The local assets include Natural and cultural.","innovation, grassland","http://www.wikidata.org/entity/Q174165, http://www.wikidata.org/entity/Q1006733","13.439291323275086","46.50925347463061","12.5","42.5"
"Geography and population","The size of the area (km2) is 124.21. The minimum altimetry of the LAU is 624. The maximum altimetry of the LAU is 2680. The total population (in thousand) is 0.908. The population density (Inhabitants/km2) in the LAU is 7.31. The population change rate of the LAU in the last 10 years (%) has been -6.59%. The overall regional population density (Inhabitants/km2) is 152.22. The regional population change rate in the last 10 years (%) has been -1.17%.","population density","http://www.wikidata.org/entity/Q22856","13.439291323275086","46.50925347463061","12.5","42.5"
"Income and gross value added","The average per capita income (EUR/year) [NUTS3] is 31200. The total Gross Value Added (GVA) (EUR million/year) [NUTS3] is 14844.1. The primary sector share of total GVA/year [NUTS3] is 1.94%. The secondary sector share of total GVA/year [NUTS3] is 29.15%. The tertiary sector share of total GVA/year [NUTS3] is 68.91%. The per capita income (EUR/year) [NUTS2] is 31600. The total Gross Value Added (GVA) (EUR million/year) [NUTS2] is 34501. The primary sector share of total GVA/year [NUTS2] is 1.90%. The secondary sector share of total GVA/year [NUTS2] is 28.67%. The tertiary sector share of total GVA/year [NUTS2] is 69.43%.","gross value added, per capita income, year","http://www.wikidata.org/entity/Q994873, http://www.wikidata.org/entity/Q45918, http://www.wikidata.org/entity/Q577","13.439291323275086","46.50925347463061","12.5","42.5"
"Tourism","The total number of bed places (BPs) in tourist accommodations/year in the LAU is 806. The regional (NUTS2) share of total BPs/year is 0.51%. The number of agricultural holdings in the LAU is 42. The nearest settlement with population over 100000 (km) is 82. In this region protected areas are present.","number, bed, year","http://www.wikidata.org/entity/Q11563, http://www.wikidata.org/entity/Q42177, http://www.wikidata.org/entity/Q577","13.439291323275086","46.50925347463061","12.5","42.5"
"Employment","The primary sector share of total employment/year [NUTS3] is 3.31%. The secondary sector share of total employment/year [NUTS3] is 26.54%. The tertiary sector share of total employment/year [NUTS3] is 70.15%. The primary sector share of total employment/year [NUTS2] is 2.82%. The secondary sector share of total employment/year [NUTS2] is 26.91%. The tertiary sector share of total employment/year [NUTS2] is 70.27%.","employment, year","http://www.wikidata.org/entity/Q656365, http://www.wikidata.org/entity/Q577","13.439291323275086","46.50925347463061","12.5","42.5"
"Concluding remarks","","","","13.439291323275086","46.50925347463061","12.5","42.5"
