title,description,objects,objectlinks,lon,lat,barycenter_lon,barycenter_lat
"organic eggs","The MOVING reference member state of this VC is ITALY UNIMOL and UNIPI. The reference MOVING Card ID of this VC is VC 47 IT. The company has closed the supply chain. It takes care of the animals from the first day of life the animals. They produce by themselves the feed mill, useful to satisfy the needs of all the animals. The eggs are daily collected in all the different typologies (traditional, on land and BIO) of production system, and transported to the market.","italy","http://www.wikidata.org/entity/Q38","12.5","42.5","12.5","42.5"
"Interest on this VC","The farm produce organic eggs and took the opportunity offered by Reg.(UE) n.1151/2012 and Reg.(UE) n.665/2014 to use the label ' Mountain Product'. We have choose this producer for the hight specialisation in one specific sector and for the high innovation technologies use to collect the egges.","","","7.329998452533812","44.45519967843965","12.5","42.5"
"Mountain landscape and reference chains","The reference mountain chain of this VC is Cottian Alps. The reference mountain landscape of this VC is Dronero. Dronero is a municipality of Cuneo province, Piemonte, Northwestern Italy. Located about 20 Km Northwest to the chief city Cuneo and 100 Km to the South of Turin. Dronero has an expanding industrial area, and a fervent agricultural activity specialized in breeding and cultivating particular crops: apples, peaches, and kiwis.","alps, italy, reference, mountain, cottian alps, landscape, dronero, municipality, cuneo, turin","http://www.wikidata.org/entity/Q1286, http://www.wikidata.org/entity/Q38, http://www.wikidata.org/entity/Q121769, http://www.wikidata.org/entity/Q8502, http://www.wikidata.org/entity/Q1251, http://www.wikidata.org/entity/Q107425, http://www.wikidata.org/entity/Q20025, http://www.wikidata.org/entity/Q15284, http://www.wikidata.org/entity/Q5968, http://www.wikidata.org/entity/Q495","10.0","46.0","12.5","42.5"
"Key local assets","The tavernola farm is a specilisated farm in the eggs production. The farm have about 30 worker used in the differt phases of the process. This is the main aspect that have a deeper relashionship with the local asset. For a small mountain community a far with 30 employee is very important for the local economies. About the LAU: 4082.","farm, worker, mountain, community","http://www.wikidata.org/entity/Q131596, http://www.wikidata.org/entity/Q327055, http://www.wikidata.org/entity/Q8502, http://www.wikidata.org/entity/Q177634","7.329998452533812","44.45519967843965","12.5","42.5"
"Challenges","The market of eggs is very competitive but this farm have decide to follow all the change in the market demand. The high innovation technologies use to collect the eggs and the high knowledge in the sector can help to increase the productivities and remain competitive. Overall the type of challenge faced by this VC is Predicted. This VC is classified as Innovative.","","","7.329998452533812","44.45519967843965","12.5","42.5"
"Innovation","The type of innovation of this VC is Exogenous. A close supply chain with the production of different qualities of egges following the market demand. The innovation is related to New processes. The land use systems involved are There is not a specific land use link to the production of eggs, there are some indirect land use, as cropland, for the production of feed mill. The local assets include Cultural.","innovation, demand","http://www.wikidata.org/entity/Q174165, http://www.wikidata.org/entity/Q4402708","7.329998452533812","44.45519967843965","12.5","42.5"
"Geography and population","The size of the area (km2) is 58.96. The minimum altimetry of the LAU is 539. The maximum altimetry of the LAU is 2006. The total population (in thousand) is 7.045. The population density (Inhabitants/km2) in the LAU is 119.48. The population change rate of the LAU in the last 10 years (%) has been -4.02%. The overall regional population density (Inhabitants/km2) is 169.81. The regional population change rate in the last 10 years (%) has been -1.39%.","population density","http://www.wikidata.org/entity/Q22856","7.329998452533812","44.45519967843965","12.5","42.5"
"Income and gross value added","The average per capita income (EUR/year) [NUTS3] is 32700. The total Gross Value Added (GVA) (EUR million/year) [NUTS3] is 17191.3. The primary sector share of total GVA/year [NUTS3] is 5.22%. The secondary sector share of total GVA/year [NUTS3] is 33.96%. The tertiary sector share of total GVA/year [NUTS3] is 60.82%. The per capita income (EUR/year) [NUTS2] is 31400. The total Gross Value Added (GVA) (EUR million/year) [NUTS2] is 123143.2. The primary sector share of total GVA/year [NUTS2] is 1.70%. The secondary sector share of total GVA/year [NUTS2] is 29.15%. The tertiary sector share of total GVA/year [NUTS2] is 69.15%.","gross value added, per capita income, year","http://www.wikidata.org/entity/Q994873, http://www.wikidata.org/entity/Q45918, http://www.wikidata.org/entity/Q577","7.329998452533812","44.45519967843965","12.5","42.5"
"Tourism","The total number of bed places (BPs) in tourist accommodations/year in the LAU is 305. The regional (NUTS2) share of total BPs/year is 0.15%. The number of agricultural holdings in the LAU is 242. The nearest settlement with population over 100000 (km) is 104. In this region protected areas are not present.","number, bed, year","http://www.wikidata.org/entity/Q11563, http://www.wikidata.org/entity/Q42177, http://www.wikidata.org/entity/Q577","7.329998452533812","44.45519967843965","12.5","42.5"
"Employment","The primary sector share of total employment/year [NUTS3] is 7.71%. The secondary sector share of total employment/year [NUTS3] is 30.91%. The tertiary sector share of total employment/year [NUTS3] is 61.38%. The primary sector share of total employment/year [NUTS2] is 2.59%. The secondary sector share of total employment/year [NUTS2] is 27.08%. The tertiary sector share of total employment/year [NUTS2] is 70.33%.","employment, year","http://www.wikidata.org/entity/Q656365, http://www.wikidata.org/entity/Q577","7.329998452533812","44.45519967843965","12.5","42.5"
"Concluding remarks","","","","7.329998452533812","44.45519967843965","12.5","42.5"
