title,description,objects,objectlinks,lon,lat,barycenter_lon,barycenter_lat
"The production is about particular cow cheeses and butter","The MOVING reference member state of this VC is ITALY UNIMOL and UNIPI. The reference MOVING Card ID of this VC is VC 50 IT. The farm has 35 cows in production, of the Grigio Alpina breed and the Original Brouw breed; the main products are 'Formai de Ceresegn 'cheese, aged from one to three years, Formagella, with variable seasoning from 20-90 days, and butter.","reference, italy","http://www.wikidata.org/entity/Q121769, http://www.wikidata.org/entity/Q38","10.501248374919374","45.6710939237506","12.5","42.5"
"Interest on this VC","Cheese is an excellent product, from a gustatory and nutritional point of view: it is a concentrate of high quality proteins and some minerals (phosphorus and calcium). It also has a good dose of certain vitamins (such as A and B2). The innovation start to spread also in this very traditional value chain.","phosphorus, calcium, value chain","http://www.wikidata.org/entity/Q674, http://www.wikidata.org/entity/Q706, http://www.wikidata.org/entity/Q646107","10.501248374919374","45.6710939237506","12.5","42.5"
"Mountain landscape and reference chains","The reference mountain chain of this VC is Southern Alps - Brescia Prealps. The reference mountain landscape of this VC is Vobarno. Vobrano is a municipality in the Italian province of Brescia, Lombardy. Located about 38 km Northeast of chief city Brescia and 10 Km West of Garda lake. Vobarno belongs to the mountain community 'Valle Sabbia'.","alps, valle sabbia, reference, mountain, brescia, vobarno, municipality, lombardy, northeast, city, west","http://www.wikidata.org/entity/Q1286, http://www.wikidata.org/entity/Q786664, http://www.wikidata.org/entity/Q121769, http://www.wikidata.org/entity/Q8502, http://www.wikidata.org/entity/Q6221, http://www.wikidata.org/entity/Q112226, http://www.wikidata.org/entity/Q15284, http://www.wikidata.org/entity/Q1210, http://www.wikidata.org/entity/Q6497686, http://www.wikidata.org/entity/Q515, http://www.wikidata.org/entity/Q679","10.418055555555556","45.715833333333336","12.5","42.5"
"Key local assets","Key assets for this VC are grasslands and meadows naturally growing in the Alps and the traditional knowledge in dairy products production. About the LAU: 17204.","alps, knowledge, dairy","http://www.wikidata.org/entity/Q1286, http://www.wikidata.org/entity/Q9081, http://www.wikidata.org/entity/Q637776","10.0","46.0","12.5","42.5"
"Challenges","Cheese and butter produced in mountains are products with a superior nutritional profile because of the feeding of the animals with spontaneous erbs rich in varius bioactive compostes, eaten in the pasture. Overall the type of challenge faced by this VC is Current. This VC is classified as Traditional.","","","10.501248374919374","45.6710939237506","12.5","42.5"
"Innovation","The type of innovation of this VC is unspecified. The innovation start to spread also in this very traditional value chain. The innovation is related to the whole VC. The land use systems involved are Grassland and Natural land. The local assets include Natural.","innovation, value chain, grassland","http://www.wikidata.org/entity/Q174165, http://www.wikidata.org/entity/Q646107, http://www.wikidata.org/entity/Q1006733","10.501248374919374","45.6710939237506","12.5","42.5"
"Geography and population","The size of the area (km2) is 53.22. The minimum altimetry of the LAU is 201. The maximum altimetry of the LAU is 1506. The total population (in thousand) is 8.19. The population density (Inhabitants/km2) in the LAU is 153.88. The population change rate of the LAU in the last 10 years (%) has been 1.72%. The overall regional population density (Inhabitants/km2) is 419.79. The regional population change rate in the last 10 years (%) has been 4.06%.","population density","http://www.wikidata.org/entity/Q22856","10.501248374919374","45.6710939237506","12.5","42.5"
"Income and gross value added","The average per capita income (EUR/year) [NUTS3] is 34200. The total Gross Value Added (GVA) (EUR million/year) [NUTS3] is 38865.6. The primary sector share of total GVA/year [NUTS3] is 2.29%. The secondary sector share of total GVA/year [NUTS3] is 32.63%. The tertiary sector share of total GVA/year [NUTS3] is 65.08%. The per capita income (EUR/year) [NUTS2] is 39100. The total Gross Value Added (GVA) (EUR million/year) [NUTS2] is 352980.4. The primary sector share of total GVA/year [NUTS2] is 1.09%. The secondary sector share of total GVA/year [NUTS2] is 26.73%. The tertiary sector share of total GVA/year [NUTS2] is 72.18%.","gross value added, per capita income, year","http://www.wikidata.org/entity/Q994873, http://www.wikidata.org/entity/Q45918, http://www.wikidata.org/entity/Q577","10.501248374919374","45.6710939237506","12.5","42.5"
"Tourism","The total number of bed places (BPs) in tourist accommodations/year in the LAU is 58. The regional (NUTS2) share of total BPs/year is 0.01%. The number of agricultural holdings in the LAU is 67. The nearest settlement with population over 100000 (km) is 38. In this region protected areas are not present.","number, bed, year","http://www.wikidata.org/entity/Q11563, http://www.wikidata.org/entity/Q42177, http://www.wikidata.org/entity/Q577","10.501248374919374","45.6710939237506","12.5","42.5"
"Employment","The primary sector share of total employment/year [NUTS3] is 2.54%. The secondary sector share of total employment/year [NUTS3] is 34.79%. The tertiary sector share of total employment/year [NUTS3] is 62.67%. The primary sector share of total employment/year [NUTS2] is 1.27%. The secondary sector share of total employment/year [NUTS2] is 26.24%. The tertiary sector share of total employment/year [NUTS2] is 72.49%.","employment, year","http://www.wikidata.org/entity/Q656365, http://www.wikidata.org/entity/Q577","10.501248374919374","45.6710939237506","12.5","42.5"
"Concluding remarks","","","","10.501248374919374","45.6710939237506","12.5","42.5"
