title,description,objects,objectlinks,lon,lat,barycenter_lon,barycenter_lat
"Bovine meat of race Limousine and flour from corn 'ottofile'","The MOVING reference member state of this VC is ITALY UNIMOL and UNIPI. The reference MOVING Card ID of this VC is VC 52 IT. The farm is active on promoting the territory and the mountain products are: meat from 15-month-old veal and 18-month-old heifer, and also an 'ottofile' corn flour.","reference, italy, veal","http://www.wikidata.org/entity/Q121769, http://www.wikidata.org/entity/Q38, http://www.wikidata.org/entity/Q957434","9.234166369296055","44.74334283285553","12.5","42.5"
"Interest on this VC","The main activity is the breeding of Limousine beef cattle, a species native to the French Massif Central, and introduced since the 1970s in the valley with the aim of recovering and enhancing the pastures and marginal areas. it also participates in the recovery of ottofile corn, an old variety of corn, once widespread but then progressively marginalized and abandoned in favor of more productive and profitable varieties. The innovation start to spread also in this very traditional value chain.","massif central, value chain","http://www.wikidata.org/entity/Q190695, http://www.wikidata.org/entity/Q646107","2.9666694444444444","45.775","12.5","42.5"
"Mountain landscape and reference chains","The reference mountain chain of this VC is Northern Apennines. The reference mountain landscape of this VC is Santa Margherita di Staffora. Santa Margherita di Staffora is a municipality in the Italian Province of Pavia, Lombardy region. It is located about 80 km south of Milan and about 50 km south of Pavia. It is situated in the mountain area Oltrepo Pavese. Santa Margherita di Staffora contains a diversity of agricultural firms and touristic destinations.","milan, reference, mountain, staffora, lombardy, south, pavia","http://www.wikidata.org/entity/Q490, http://www.wikidata.org/entity/Q121769, http://www.wikidata.org/entity/Q8502, http://www.wikidata.org/entity/Q2253700, http://www.wikidata.org/entity/Q1210, http://www.wikidata.org/entity/Q667, http://www.wikidata.org/entity/Q6259","9.19","45.466944444444444","12.5","42.5"
"Key local assets","N/A. About the LAU: 18142.","","","9.234166369296055","44.74334283285553","12.5","42.5"
"Challenges","The farm pursues the development model of 'ethical agriculture', according to which the company also assumes a role for the growth of its territory: from an environmental, landscape, social and cultural point of view; also paying particular attention to the relationship with the consumer and the psycho-physical well-being of the animals. In fact, these cows live free on pasture from May to October, while for the remainder of the year they live in the large farm center feeding on hay from local fields, integrated with a mixture of cereals grown on the farm. Overall the type of challenge faced by this VC is unspecified. This VC is classified as Traditional and Innovative.","","","9.234166369296055","44.74334283285553","12.5","42.5"
"Innovation","The type of innovation of this VC is Endogenous. It's about the active role assumed by the farm on the growth of the territory. The innovation is related to New marketing strategies and New governance systems. The land use systems involved are Cropland, Grassland and Natural land. The local assets include Natural and cultural.","innovation, marketing, governance, grassland","http://www.wikidata.org/entity/Q174165, http://www.wikidata.org/entity/Q39809, http://www.wikidata.org/entity/Q1553864, http://www.wikidata.org/entity/Q1006733","9.234166369296055","44.74334283285553","12.5","42.5"
"Geography and population","The size of the area (km2) is 36.9. The minimum altimetry of the LAU is 510. The maximum altimetry of the LAU is 1691. The total population (in thousand) is 0.474. The population density (Inhabitants/km2) in the LAU is 12.84. The population change rate of the LAU in the last 10 years (%) has been -18.99%. The overall regional population density (Inhabitants/km2) is 419.79. The regional population change rate in the last 10 years (%) has been 4.06%.","population density","http://www.wikidata.org/entity/Q22856","9.234166369296055","44.74334283285553","12.5","42.5"
"Income and gross value added","The average per capita income (EUR/year) [NUTS3] is 24900. The total Gross Value Added (GVA) (EUR million/year) [NUTS3] is 12265.8. The primary sector share of total GVA/year [NUTS3] is 2.76%. The secondary sector share of total GVA/year [NUTS3] is 27.45%. The tertiary sector share of total GVA/year [NUTS3] is 69.79%. The per capita income (EUR/year) [NUTS2] is 39100. The total Gross Value Added (GVA) (EUR million/year) [NUTS2] is 352980.4. The primary sector share of total GVA/year [NUTS2] is 1.09%. The secondary sector share of total GVA/year [NUTS2] is 26.73%. The tertiary sector share of total GVA/year [NUTS2] is 72.18%.","gross value added, per capita income, year","http://www.wikidata.org/entity/Q994873, http://www.wikidata.org/entity/Q45918, http://www.wikidata.org/entity/Q577","9.234166369296055","44.74334283285553","12.5","42.5"
"Tourism","The total number of bed places (BPs) in tourist accommodations/year in the LAU is 1008. The regional (NUTS2) share of total BPs/year is 2.25%. The number of agricultural holdings in the LAU is 23. The nearest settlement with population over 100000 (km) is 64. In this region protected areas are not present.","number, bed, year","http://www.wikidata.org/entity/Q11563, http://www.wikidata.org/entity/Q42177, http://www.wikidata.org/entity/Q577","9.234166369296055","44.74334283285553","12.5","42.5"
"Employment","The primary sector share of total employment/year [NUTS3] is 2.93%. The secondary sector share of total employment/year [NUTS3] is 24.89%. The tertiary sector share of total employment/year [NUTS3] is 72.18%. The primary sector share of total employment/year [NUTS2] is 1.27%. The secondary sector share of total employment/year [NUTS2] is 26.24%. The tertiary sector share of total employment/year [NUTS2] is 72.49%.","employment, year","http://www.wikidata.org/entity/Q656365, http://www.wikidata.org/entity/Q577","9.234166369296055","44.74334283285553","12.5","42.5"
"Concluding remarks","","","","9.234166369296055","44.74334283285553","12.5","42.5"
