title,description,objects,objectlinks,lon,lat,barycenter_lon,barycenter_lat
"A red corn flour called melga dei bobè'","The MOVING reference member state of this VC is ITALY UNIMOL and UNIPI. The reference MOVING Card ID of this VC is VC 54 IT. The production of 'melga dei bobè' sees the harvest in the months of October and November, the ears are then opened, cleaned and hung on the attic to dry until the following spring, when they will be shelled and taken to the mill where the millstone, strictly in stone, returns a tasty and red corn flour, excellent for polenta and biscuits.","reference, italy, millstone, polenta","http://www.wikidata.org/entity/Q121769, http://www.wikidata.org/entity/Q38, http://www.wikidata.org/entity/Q670985, http://www.wikidata.org/entity/Q131607","12.5","42.5","12.5","42.5"
"Interest on this VC","The farm currently has the production of 'melga dei bobè', a variety of ancient corn that is grown on about one hectare of land and from which they obtain the flour. The innovation start to spread also in this very traditional value chain.","farm, bobè, hectare, flour, innovation, value chain","http://www.wikidata.org/entity/Q131596, http://www.wikidata.org/entity/Q3641438, http://www.wikidata.org/entity/Q35852, http://www.wikidata.org/entity/Q36465, http://www.wikidata.org/entity/Q174165, http://www.wikidata.org/entity/Q646107","10.412146761714105","45.993829111321375","12.5","42.5"
"Mountain landscape and reference chains","The reference mountain chain of this VC is Southern Alps - Brescia Prealps. The reference mountain landscape of this VC is Ceto. Muscoline is a municipality in the Italian province of Brescia, Lombardy. Located about 31 km East of chief city Brescia and 12 Km West of Garda lake.","alps, reference, mountain, brescia, muscoline, municipality, lombardy, city, west","http://www.wikidata.org/entity/Q1286, http://www.wikidata.org/entity/Q121769, http://www.wikidata.org/entity/Q8502, http://www.wikidata.org/entity/Q6221, http://www.wikidata.org/entity/Q105295, http://www.wikidata.org/entity/Q15284, http://www.wikidata.org/entity/Q1210, http://www.wikidata.org/entity/Q515, http://www.wikidata.org/entity/Q679","10.0","46.0","12.5","42.5"
"Key local assets","N/A. About the LAU: 17050.","","","10.412146761714105","45.993829111321375","12.5","42.5"
"Challenges","At one time this red variety of corn was widely cultivated in the area but then it has been increasingly forgotten; now its production and promotion has been resumed again. Overall the type of challenge faced by this VC is Current and Predicted. This VC is classified as Traditional.","","","10.412146761714105","45.993829111321375","12.5","42.5"
"Innovation","The land use systems involved are Cropland. The local assets include Natural and cultural.","","","10.412146761714105","45.993829111321375","12.5","42.5"
"Geography and population","The size of the area (km2) is 32.3. The minimum altimetry of the LAU is 323. The maximum altimetry of the LAU is 2766. The total population (in thousand) is 1.803. The population density (Inhabitants/km2) in the LAU is 55.82. The population change rate of the LAU in the last 10 years (%) has been -6.79%. The overall regional population density (Inhabitants/km2) is 419.79. The regional population change rate in the last 10 years (%) has been 4.06%.","population density","http://www.wikidata.org/entity/Q22856","10.412146761714105","45.993829111321375","12.5","42.5"
"Income and gross value added","The average per capita income (EUR/year) [NUTS3] is 34200. The total Gross Value Added (GVA) (EUR million/year) [NUTS3] is 38865.6. The primary sector share of total GVA/year [NUTS3] is 2.29%. The secondary sector share of total GVA/year [NUTS3] is 32.63%. The tertiary sector share of total GVA/year [NUTS3] is 65.08%. The per capita income (EUR/year) [NUTS2] is 39100. The total Gross Value Added (GVA) (EUR million/year) [NUTS2] is 352980.4. The primary sector share of total GVA/year [NUTS2] is 1.09%. The secondary sector share of total GVA/year [NUTS2] is 26.73%. The tertiary sector share of total GVA/year [NUTS2] is 72.18%.","gross value added, per capita income, year","http://www.wikidata.org/entity/Q994873, http://www.wikidata.org/entity/Q45918, http://www.wikidata.org/entity/Q577","10.412146761714105","45.993829111321375","12.5","42.5"
"Tourism","The total number of bed places (BPs) in tourist accommodations/year in the LAU is 197. The regional (NUTS2) share of total BPs/year is 0.05%. The number of agricultural holdings in the LAU is 35. The nearest settlement with population over 100000 (km) is 0. In this region protected areas are present.","number, bed, year","http://www.wikidata.org/entity/Q11563, http://www.wikidata.org/entity/Q42177, http://www.wikidata.org/entity/Q577","10.412146761714105","45.993829111321375","12.5","42.5"
"Employment","The primary sector share of total employment/year [NUTS3] is 2.54%. The secondary sector share of total employment/year [NUTS3] is 34.79%. The tertiary sector share of total employment/year [NUTS3] is 62.67%. The primary sector share of total employment/year [NUTS2] is 1.27%. The secondary sector share of total employment/year [NUTS2] is 26.24%. The tertiary sector share of total employment/year [NUTS2] is 72.49%.","employment, year","http://www.wikidata.org/entity/Q656365, http://www.wikidata.org/entity/Q577","10.412146761714105","45.993829111321375","12.5","42.5"
"Concluding remarks","","","","10.412146761714105","45.993829111321375","12.5","42.5"
