title,description,objects,objectlinks,lon,lat,barycenter_lon,barycenter_lat
"'Wine and Tourism 2' (Liguria-5Terre)","The MOVING reference member state of this VC is ITALY VINIDEA. The reference MOVING Card ID of this VC is VC 33 IT. The wine produced in the area has 2 appellations: PDO 5terre (a white wine from local varieties Bosco, Albarola, Vermentino), and PDO 5terre schiacchetra (a dessert wine from the same grapes). From the 500 hectars of the 50'ies, the vineyard surface is now reduced at about 80 hectars, divided in small lots with an average surface of 2,500 square meters. The commercial production of wine has 4 actors, three family owned estates and a cooperative, this last producing 55% of the total volume of wine of the area. Most wine is sold through the HORECA channel (Hotel, Restaurants, Caterings) and usually has is totally absorbed by local clients. The limited volume of wine of the region do not require the introduction in other domestic or export markets. Nevertheless, the high cost of production and the ecosystem service provided to the landscape would require much higher selling prices, that the local community is not open to accept: therefore, instead of promoting the local wine together with other products of the territory, restaurants of the region tend to propose cheaper wines from other regions. The unsufficient income and the increase of average age of the grapegrowers make questionable the sustainability of this value chain. Several initiatives to mantain viticulture in the region did not succed for lack of adherents: i) land bank, with lots of agricultural land offered for free to new farmers, and ii) public contributions to land consolidation. Excess of bureaucracy makes ineffective most of public initiatives to support present and future grapegrowers.","hotel, italy, wine, albarola, vermentino, dessert wine, horeca, value chain, viticulture","http://www.wikidata.org/entity/Q27686, http://www.wikidata.org/entity/Q38, http://www.wikidata.org/entity/Q282, http://www.wikidata.org/entity/Q443625, http://www.wikidata.org/entity/Q387147, http://www.wikidata.org/entity/Q1200945, http://www.wikidata.org/entity/Q1431026, http://www.wikidata.org/entity/Q646107, http://www.wikidata.org/entity/Q253140","9.74513316051087","44.10704150348501","12.5","42.5"
"Interest on this VC","'Survival viticulture', cooperation to rescue some econonmic value on the chian, and to provide basic infrastructures (irrigation, monorail),. Cinque Terre viticulture is an essential component of landscape and the sole agricultural economic activity for the area. Some technical and organisational solutions that allow survival of the value chain might be of some interest for other important albeit residual agriculture activities.","survival, viticulture, cooperation, irrigation, monorail, cinque terre, landscape, value chain","http://www.wikidata.org/entity/Q104482419, http://www.wikidata.org/entity/Q253140, http://www.wikidata.org/entity/Q380962, http://www.wikidata.org/entity/Q11453, http://www.wikidata.org/entity/Q187934, http://www.wikidata.org/entity/Q275639, http://www.wikidata.org/entity/Q107425, http://www.wikidata.org/entity/Q646107","9.709438888888888","44.12693888888889","12.5","42.5"
"Mountain landscape and reference chains","The reference mountain chain of this VC is 0. The reference mountain landscape of this VC is RIOMAGGIORE. The Cinque Terre is a coastal area within Liguria, in the northwest of Italy. It lies in the west of La Spezia Province, and comprises five villages: Monterosso al Mare, Vernazza, Corniglia, Manarola, and Riomaggiore. The coastline, the five villages, and the surrounding hillsides are all part of the Cinque Terre National Park, a UNESCO World Heritage Site. The Cinque Terre area is a popular tourist destination. Over the centuries, people have built terraces on the rugged, steep landscape right up to the cliffs that overlook the Ligurian Sea. Paths, trains, and boats connect the villages as cars can only reach them with great difficulty from the outside via narrow and precarious mountain roads.","italy, ligurian sea, reference, mountain, landscape, riomaggiore, cinque terre, liguria, vernazza, corniglia, manarola, cinque terre national park","http://www.wikidata.org/entity/Q38, http://www.wikidata.org/entity/Q42820, http://www.wikidata.org/entity/Q121769, http://www.wikidata.org/entity/Q8502, http://www.wikidata.org/entity/Q107425, http://www.wikidata.org/entity/Q270295, http://www.wikidata.org/entity/Q275639, http://www.wikidata.org/entity/Q1256, http://www.wikidata.org/entity/Q270328, http://www.wikidata.org/entity/Q508135, http://www.wikidata.org/entity/Q917970, http://www.wikidata.org/entity/Q1886487","9.041666666666666","43.498333333333335","12.5","42.5"
"Key local assets","Cinque Terre landscape attracts every year more than 3 million turists from all over the world. The cooperative winery absorb 55% of the local grape production (in total 80 hectars of vineyard), the rest is split into anly 2 commercial wineries. Cooperative has 200 members, with an average contribution of 800 kgs of grape each. Through the cooperative affiliation, the tiny grapegrower can afford investments like the monorail to reach the sloping terraces, the water acqueduct to have water available for plant treatments, the reconstitution of traditional stone walls to keep the soil into terraces. About the LAU: 11024.","cinque terre, winery, grape, vineyard, cooperative, monorail, water, plant, stone, soil","http://www.wikidata.org/entity/Q275639, http://www.wikidata.org/entity/Q156362, http://www.wikidata.org/entity/Q10978, http://www.wikidata.org/entity/Q22715, http://www.wikidata.org/entity/Q4539, http://www.wikidata.org/entity/Q187934, http://www.wikidata.org/entity/Q283, http://www.wikidata.org/entity/Q756, http://www.wikidata.org/entity/Q22731, http://www.wikidata.org/entity/Q36133","9.709438888888888","44.12693888888889","12.5","42.5"
"Challenges","High level of land fractionation, extremely steep slope, vine cultivation in terraces of 2-3 row, 100% manual work, increase of farmer average age, are the main causes of a progressive reduction of agriculture activity in the Cinque Terre region. Viticulture is in practice the sole culture that still has some commercial dimension, but facing important obstacles in the lack of regulation tailored on heroic viticulture, scarce support by local institutions, scarce availability and high cost of productive factors, mainly labour. Even if Cinque Terre is one of the most famous international tourist destinations, rarely it was found a synergy between territorial products (essentially wine and some olive oil) and local commerce. Overall the type of challenge faced by this VC is Current and Predicted. This VC is classified as Traditional and Innovative.","fractionation, farmer, average, agriculture, cinque terre, viticulture, dimension, regulation, availability, destinations, synergy, wine, olive oil, commerce","http://www.wikidata.org/entity/Q15305109, http://www.wikidata.org/entity/Q131512, http://www.wikidata.org/entity/Q202785, http://www.wikidata.org/entity/Q11451, http://www.wikidata.org/entity/Q275639, http://www.wikidata.org/entity/Q253140, http://www.wikidata.org/entity/Q4440864, http://www.wikidata.org/entity/Q428148, http://www.wikidata.org/entity/Q384871, http://www.wikidata.org/entity/Q5265193, http://www.wikidata.org/entity/Q540614, http://www.wikidata.org/entity/Q282, http://www.wikidata.org/entity/Q93165, http://www.wikidata.org/entity/Q26643","9.709438888888888","44.12693888888889","12.5","42.5"
"Innovation","The type of innovation of this VC is Endogenous. Introduction of monorails for transportation of material and people in the steep slope vineyard parcels; Installation of a water supply system to allow wet plant protection treatments in small vineyard plots; recostitution of traditional cement-free stone walls, with landscape significance. The innovation is related to New processes. The land use systems involved are Natural land. The local assets include Natural and social.","innovation","http://www.wikidata.org/entity/Q174165","9.74513316051087","44.10704150348501","12.5","42.5"
"Geography and population","The size of the area (km2) is 10.27. The minimum altimetry of the LAU is 0. The maximum altimetry of the LAU is 787. The total population (in thousand) is 1.421. The population density (Inhabitants/km2) in the LAU is 138.41. The population change rate of the LAU in the last 10 years (%) has been -17.00%. The overall regional population density (Inhabitants/km2) is 281.53. The regional population change rate in the last 10 years (%) has been -5.60%.","population density","http://www.wikidata.org/entity/Q22856","9.74513316051087","44.10704150348501","12.5","42.5"
"Income and gross value added","The average per capita income (EUR/year) [NUTS3] is 18362. The total Gross Value Added (GVA) (EUR million/year) [NUTS3] is 5996. The primary sector share of total GVA/year [NUTS3] is 0.60%. The secondary sector share of total GVA/year [NUTS3] is 18.50%. The tertiary sector share of total GVA/year [NUTS3] is 80.87%. The per capita income (EUR/year) [NUTS2] is 16461. The total Gross Value Added (GVA) (EUR million/year) [NUTS2] is 44571. The primary sector share of total GVA/year [NUTS2] is 1.10%. The secondary sector share of total GVA/year [NUTS2] is 18.60%. The tertiary sector share of total GVA/year [NUTS2] is 80.23%.","gross value added, per capita income, year","http://www.wikidata.org/entity/Q994873, http://www.wikidata.org/entity/Q45918, http://www.wikidata.org/entity/Q577","9.74513316051087","44.10704150348501","12.5","42.5"
"Tourism","The total number of bed places (BPs) in tourist accommodations/year in the LAU is 1142. The regional (NUTS2) share of total BPs/year is 2.72%. The number of agricultural holdings in the LAU is 8872. The nearest settlement with population over 100000 (km) is 121. In this region protected areas are present.","number, bed, year","http://www.wikidata.org/entity/Q11563, http://www.wikidata.org/entity/Q42177, http://www.wikidata.org/entity/Q577","9.74513316051087","44.10704150348501","12.5","42.5"
"Employment","The primary sector share of total employment/year [NUTS3] is unspecified. The secondary sector share of total employment/year [NUTS3] is unspecified. The tertiary sector share of total employment/year [NUTS3] is unspecified. The primary sector share of total employment/year [NUTS2] is 3.01%. The secondary sector share of total employment/year [NUTS2] is 20.53%. The tertiary sector share of total employment/year [NUTS2] is 76.46%.","employment, year","http://www.wikidata.org/entity/Q656365, http://www.wikidata.org/entity/Q577","9.74513316051087","44.10704150348501","12.5","42.5"
"Concluding remarks","","","","9.74513316051087","44.10704150348501","12.5","42.5"
