title,description,objects,objectlinks,lon,lat,barycenter_lon,barycenter_lat
"Grapevine on terraces- Valtellina","The MOVING reference member state of this VC is ITALY VINIDEA. The reference MOVING Card ID of this VC is VC 34 IT. Individual winegrowers and small cooperatives are producing high quality red wines of two typologies: classic red wines under the denominations Valtellina Superiore DOCG Sassella and the wines made from dried grapes under the Sforzato denominations. Both typologies had gain an important reputation worldwide and are successfully distributed in Italy and abroad. The Consortium for protection of Valtellina Wine plays an important role not only in terms of quality protection but also in marketing and promotional activities. The Region of Lombardy is making contributions available for restoring and preserving dry stone walls, repairing roads and adapting water conveyance systems in order to protect the terraced landscape for the benefit of viticulture and the safety of the walls. The area forms the part of touristic itinerary Valtellina Wine Road.","italy, reference, individual, valtellina, consortium, protection, wine, role, marketing, lombardy, dry stone, viticulture","http://www.wikidata.org/entity/Q38, http://www.wikidata.org/entity/Q121769, http://www.wikidata.org/entity/Q795052, http://www.wikidata.org/entity/Q685105, http://www.wikidata.org/entity/Q194166, http://www.wikidata.org/entity/Q2251595, http://www.wikidata.org/entity/Q282, http://www.wikidata.org/entity/Q214339, http://www.wikidata.org/entity/Q39809, http://www.wikidata.org/entity/Q1210, http://www.wikidata.org/entity/Q5608878, http://www.wikidata.org/entity/Q253140","9.95","45.65","12.5","42.5"
"Interest on this VC","High quality red wines produced in the area, very successful marketing strategies introduced in the last decades focuced on the mountain origin of the products ('Nebbiolo from the Alps'), 2500 km of terraces as a human input to the unique mountain landscape.","alps, marketing, mountain, nebbiolo, landscape","http://www.wikidata.org/entity/Q1286, http://www.wikidata.org/entity/Q39809, http://www.wikidata.org/entity/Q8502, http://www.wikidata.org/entity/Q202290, http://www.wikidata.org/entity/Q107425","10.0","46.0","12.5","42.5"
"Mountain landscape and reference chains","The reference mountain chain of this VC is Central Eastern Alps. The reference mountain landscape of this VC is Castione Andevenno. Castione Andevenno is a municipality in the Province of Sondrio in the Italian region Lombardy. Located on the sunny and sheltered Rheatic slope, it has very favourable microclimate climate for winegrowing. Castione Andevenno is one of the municipalities producing Valtellina wines under prestigious Sassella cru.","alps, reference, mountain, central eastern alps, landscape, castione andevenno, municipality, lombardy, microclimate, valtellina","http://www.wikidata.org/entity/Q1286, http://www.wikidata.org/entity/Q121769, http://www.wikidata.org/entity/Q8502, http://www.wikidata.org/entity/Q190348, http://www.wikidata.org/entity/Q107425, http://www.wikidata.org/entity/Q40853, http://www.wikidata.org/entity/Q15284, http://www.wikidata.org/entity/Q1210, http://www.wikidata.org/entity/Q215108, http://www.wikidata.org/entity/Q685105","9.8","46.166666666666664","12.5","42.5"
"Key local assets","The terraced layout of the Valtellina vineyard is the element that most characterises the area. Traditional know-how of building the dry stone walls was transmitted trough the generations of wine-growers. First of all, the terracing made it possible to reclaim the foothills for agricultural use and then it also became an important contribution to the mountain scenary. The other important asset is the Nebbiolo grapevine variety, famous also in other Italian regions (Piemonte), but giving wines with different characteristics when grown in mountains. About the LAU: 14015.","valtellina, dry stone, nebbiolo","http://www.wikidata.org/entity/Q685105, http://www.wikidata.org/entity/Q5608878, http://www.wikidata.org/entity/Q202290","9.866666666666667","46.166666666666664","12.5","42.5"
"Challenges","Highly fragmented vineyard plots are all located on a difficult terrain (altidude and steep slopes), construction and maintenance of dry stone walls is needed in order to support the vineyards. All this factors lead to very high production costs. Overall the type of challenge faced by this VC is unspecified. This VC is classified as Traditional.","dry stone","http://www.wikidata.org/entity/Q5608878","9.806135682437436","46.18432219936369","12.5","42.5"
"Innovation","The type of innovation of this VC is unspecified. The innovation is related to the whole VC. The land use systems involved are Cropland. The local assets include Natural and Social.","innovation","http://www.wikidata.org/entity/Q174165","9.806135682437436","46.18432219936369","12.5","42.5"
"Geography and population","The size of the area (km2) is 17.03. The minimum altimetry of the LAU is 273. The maximum altimetry of the LAU is 2477. The total population (in thousand) is 1.6. The population density (Inhabitants/km2) in the LAU is 92.5. The population change rate of the LAU in the last 10 years (%) has been 2.70%. The overall regional population density (Inhabitants/km2) is 420. The regional population change rate in the last 10 years (%) has been 4.00%.","population density","http://www.wikidata.org/entity/Q22856","9.806135682437436","46.18432219936369","12.5","42.5"
"Income and gross value added","The average per capita income (EUR/year) [NUTS3] is 15117. The total Gross Value Added (GVA) (EUR million/year) [NUTS3] is 4824.2. The primary sector share of total GVA/year [NUTS3] is 1.90%. The secondary sector share of total GVA/year [NUTS3] is 27.20%. The tertiary sector share of total GVA/year [NUTS3] is 70.90%. The per capita income (EUR/year) [NUTS2] is 17332. The total Gross Value Added (GVA) (EUR million/year) [NUTS2] is 352980.4. The primary sector share of total GVA/year [NUTS2] is 1.10%. The secondary sector share of total GVA/year [NUTS2] is 26.70%. The tertiary sector share of total GVA/year [NUTS2] is 72.20%.","gross value added, per capita income, year","http://www.wikidata.org/entity/Q994873, http://www.wikidata.org/entity/Q45918, http://www.wikidata.org/entity/Q577","9.806135682437436","46.18432219936369","12.5","42.5"
"Tourism","The total number of bed places (BPs) in tourist accommodations/year in the LAU is 6. The regional (NUTS2) share of total BPs/year is 6.90%. The number of agricultural holdings in the LAU is 2774. The nearest settlement with population over 100000 (km) is 124. In this region protected areas are not present.","number, bed, year","http://www.wikidata.org/entity/Q11563, http://www.wikidata.org/entity/Q42177, http://www.wikidata.org/entity/Q577","9.806135682437436","46.18432219936369","12.5","42.5"
"Employment","The primary sector share of total employment/year [NUTS3] is 3.10%. The secondary sector share of total employment/year [NUTS3] is 24.70%. The tertiary sector share of total employment/year [NUTS3] is 72.20%. The primary sector share of total employment/year [NUTS2] is 0.10%. The secondary sector share of total employment/year [NUTS2] is 26.50%. The tertiary sector share of total employment/year [NUTS2] is 73.40%.","employment, year","http://www.wikidata.org/entity/Q656365, http://www.wikidata.org/entity/Q577","9.806135682437436","46.18432219936369","12.5","42.5"
"Concluding remarks","","","","9.806135682437436","46.18432219936369","12.5","42.5"
