title,description,objects,objectlinks,lon,lat,barycenter_lon,barycenter_lat
"Potatos","The MOVING reference member state of this VC is NMK. The reference MOVING Card ID of this VC is VC 08 NMK. Mainly private individuals and families dealing with the agriculutre. .","","","22.83827960820973","41.69137880516686","21.716669444444445","41.65"
"Interest on this VC","Potatoes are with a high quality, due to natural factors, which are produced in a very cleaned environment, such as Maleshevija. Potatoes have a good identity from the region of Maleshevija, and are sold across the country. The high quality product, due to natural factors. Well recognized across the country the Maleshevski potatoes.","","","22.83827960820973","41.69137880516686","21.716669444444445","41.65"
"Mountain landscape and reference chains","The reference mountain chain of this VC is Mountain Meleshevija. The reference mountain landscape of this VC is unspecified. Maleshevski mountains are located in the eastern part of the Republic of North Macedonia. The are covers the municipalities of Berovo and Pehchevo, and is characterized with the natural and cultural wealth. Two rivers cross the region, Bregalnica and Strumica. Forests covers 52% of the Maleshevija region, while pastures around 20%.","republic, berovo, bregalnica, strumica","http://www.wikidata.org/entity/Q7270, http://www.wikidata.org/entity/Q827047, http://www.wikidata.org/entity/Q849296, http://www.wikidata.org/entity/Q48814","22.85639","41.707835","21.716669444444445","41.65"
"Key local assets","The unique soil, relief. The traditional way of huge experience in the region in producing potatas. LAU is unspecified","","","22.83827960820973","41.69137880516686","21.716669444444445","41.65"
"Challenges","In few occasions, the lack of consolidated VC. Potatos are sold directly to customers or retailed on the green markets. There are no indications for the origin of the product and clear identity/brand name. Overall the type of challenge faced by this VC is Current and Predicted. This VC is classified as Traditional and Innovative.","","","22.83827960820973","41.69137880516686","21.716669444444445","41.65"
"Innovation","The type of innovation of this VC is unspecified. Potatoes are part of many other products in the catering industry. The new processes and the technology applied for producing this product. The innovation is related to New products, New processes and New marketing strategies. The land use systems involved are Natural land. The local assets include Natural, social and cultural.","innovation, catering, technology, marketing","http://www.wikidata.org/entity/Q174165, http://www.wikidata.org/entity/Q777754, http://www.wikidata.org/entity/Q11016, http://www.wikidata.org/entity/Q39809","22.83827960820973","41.69137880516686","21.716669444444445","41.65"
"Geography and population","The size of the area (km2) is 806. The minimum altimetry of the LAU is 660. The maximum altimetry of the LAU is 1932. The total population (in thousand) is 174.341. The population density (Inhabitants/km2) in the LAU is 49.3. The population change rate of the LAU in the last 10 years (%) has been -3.00%. The overall regional population density (Inhabitants/km2) is 83.4. The regional population change rate in the last 10 years (%) has been 1.20%.","population density","http://www.wikidata.org/entity/Q22856","22.83827960820973","41.69137880516686","21.716669444444445","41.65"
"Income and gross value added","The average per capita income (EUR/year) [NUTS3] is 5056. The total Gross Value Added (GVA) (EUR million/year) [NUTS3] is 769. The primary sector share of total GVA/year [NUTS3] is 9.80%. The secondary sector share of total GVA/year [NUTS3] is 45.60%. The tertiary sector share of total GVA/year [NUTS3] is 44.53%. The per capita income (EUR/year) [NUTS2] is 5175. The total Gross Value Added (GVA) (EUR million/year) [NUTS2] is 9332. The primary sector share of total GVA/year [NUTS2] is 9.75%. The secondary sector share of total GVA/year [NUTS2] is 27.70%. The tertiary sector share of total GVA/year [NUTS2] is 62.50%.","gross value added, per capita income, year","http://www.wikidata.org/entity/Q994873, http://www.wikidata.org/entity/Q45918, http://www.wikidata.org/entity/Q577","22.83827960820973","41.69137880516686","21.716669444444445","41.65"
"Tourism","The total number of bed places (BPs) in tourist accommodations/year in the LAU is 2088. The regional (NUTS2) share of total BPs/year is unspecified. The number of agricultural holdings in the LAU is 26003. The nearest settlement with population over 100000 (km) is unspecified. In this region protected areas are present.","number, bed, year","http://www.wikidata.org/entity/Q11563, http://www.wikidata.org/entity/Q42177, http://www.wikidata.org/entity/Q577","22.83827960820973","41.69137880516686","21.716669444444445","41.65"
"Employment","The primary sector share of total employment/year [NUTS3] is unspecified. The secondary sector share of total employment/year [NUTS3] is unspecified. The tertiary sector share of total employment/year [NUTS3] is unspecified. The primary sector share of total employment/year [NUTS2] is 16.20%. The secondary sector share of total employment/year [NUTS2] is 30.50%. The tertiary sector share of total employment/year [NUTS2] is 53.30%.","employment, year","http://www.wikidata.org/entity/Q656365, http://www.wikidata.org/entity/Q577","22.83827960820973","41.69137880516686","21.716669444444445","41.65"
"Concluding remarks","","","","22.83827960820973","41.69137880516686","21.716669444444445","41.65"
