title,description,objects,objectlinks,lon,lat,barycenter_lon,barycenter_lat
"Lamb meat","The MOVING reference member state of this VC is NMK. The reference MOVING Card ID of this VC is VC 12 NMK. In the region, mainly the private owners who are breeding sheep, they do sell the lambs in a collective manner.","reference","http://www.wikidata.org/entity/Q121769","22.83827960820973","41.69137880516686","21.716669444444445","41.65"
"Interest on this VC","Sheep breeding is a traditional activity of Maleshevija, while for lamb meat is well recognized as a quality product across the country and even beyond. The largest part of the lamb meat produced in the Republic of Macedonia is exported to Italy, Greece, Croatia, Serbia, Montenegro and Bosnia and Herzegovina. Farming is among basic economic activity for vulnerable families in the region of Maleshevija. Because of the specific conditions and relief of Maleshevija who is characterized by mountains offering very cleaned environment, sheep breeding. Given that the lamb meat of Macedonia is well recognized also in foreign markets, it is a good opportunity for analyzing the details of this VC.","italy, greece, croatia, serbia, montenegro, republic, sheep, meat","http://www.wikidata.org/entity/Q38, http://www.wikidata.org/entity/Q41, http://www.wikidata.org/entity/Q224, http://www.wikidata.org/entity/Q403, http://www.wikidata.org/entity/Q236, http://www.wikidata.org/entity/Q7270, http://www.wikidata.org/entity/Q7368, http://www.wikidata.org/entity/Q10990","12.5","42.5","21.716669444444445","41.65"
"Mountain landscape and reference chains","The reference mountain chain of this VC is Mountain Meleshevija. The reference mountain landscape of this VC is unspecified. Maleshevski mountains are located in the eastern part of the Republic of North Macedonia. The are covers the municipalities of Berovo and Pehchevo, and is characterized with the natural and cultural wealth. Two rivers cross the region, Bregalnica and Strumica. Forests covers 52% of the Maleshevija region, while pastures around 20%.","republic, berovo, bregalnica, strumica","http://www.wikidata.org/entity/Q7270, http://www.wikidata.org/entity/Q827047, http://www.wikidata.org/entity/Q849296, http://www.wikidata.org/entity/Q48814","22.85639","41.707835","21.716669444444445","41.65"
"Key local assets","Pasture; Cleaned environment; A good climate for sheep breeding; Water and rivers in the region; Identity of the product. LAU is unspecified","pasture, climate, sheep, water","http://www.wikidata.org/entity/Q30121, http://www.wikidata.org/entity/Q7937, http://www.wikidata.org/entity/Q7368, http://www.wikidata.org/entity/Q283","22.83827960820973","41.69137880516686","21.716669444444445","41.65"
"Challenges","The sheep number is rapidly decreasing, and this is a big issue in the region. There are less interested people to deal with the sheep, and very hardly to find human capacities in the industry, including shepherds. In some cases, the market is not well consolidated, and the cheese might be sold on the grey market. The most of sheep farms are located in the Eastern and North-eastern region, sheep breeding in these regions is characterized with presence of sheep flocks with less than 50 heads per flock. Overall the type of challenge faced by this VC is Current and Predicted. This VC is classified as Traditional and Innovative.","sheep, number, people, grey market, north","http://www.wikidata.org/entity/Q7368, http://www.wikidata.org/entity/Q11563, http://www.wikidata.org/entity/Q2472587, http://www.wikidata.org/entity/Q428088, http://www.wikidata.org/entity/Q659","22.83827960820973","41.69137880516686","21.716669444444445","41.65"
"Innovation","The type of innovation of this VC is unspecified. The new technology used in the processing the lamb meat. The technology also used in the distribution channels coverage for the foreign countries/markets. The innovation is related to New processes. The land use systems involved are Grassland and Natural land. The local assets include Natural, social and cultural.","innovation, technology, meat, grassland","http://www.wikidata.org/entity/Q174165, http://www.wikidata.org/entity/Q11016, http://www.wikidata.org/entity/Q10990, http://www.wikidata.org/entity/Q1006733","22.83827960820973","41.69137880516686","21.716669444444445","41.65"
"Geography and population","The size of the area (km2) is 806. The minimum altimetry of the LAU is 660. The maximum altimetry of the LAU is 1932. The total population (in thousand) is 174.341. The population density (Inhabitants/km2) in the LAU is 49.3. The population change rate of the LAU in the last 10 years (%) has been -3.00%. The overall regional population density (Inhabitants/km2) is 83.4. The regional population change rate in the last 10 years (%) has been 1.20%.","population density","http://www.wikidata.org/entity/Q22856","22.83827960820973","41.69137880516686","21.716669444444445","41.65"
"Income and gross value added","The average per capita income (EUR/year) [NUTS3] is 5056. The total Gross Value Added (GVA) (EUR million/year) [NUTS3] is 769. The primary sector share of total GVA/year [NUTS3] is 9.80%. The secondary sector share of total GVA/year [NUTS3] is 45.60%. The tertiary sector share of total GVA/year [NUTS3] is 44.53%. The per capita income (EUR/year) [NUTS2] is 5175. The total Gross Value Added (GVA) (EUR million/year) [NUTS2] is 9332. The primary sector share of total GVA/year [NUTS2] is 9.75%. The secondary sector share of total GVA/year [NUTS2] is 27.70%. The tertiary sector share of total GVA/year [NUTS2] is 62.50%.","gross value added, per capita income, year","http://www.wikidata.org/entity/Q994873, http://www.wikidata.org/entity/Q45918, http://www.wikidata.org/entity/Q577","22.83827960820973","41.69137880516686","21.716669444444445","41.65"
"Tourism","The total number of bed places (BPs) in tourist accommodations/year in the LAU is 2088. The regional (NUTS2) share of total BPs/year is unspecified. The number of agricultural holdings in the LAU is 26003. The nearest settlement with population over 100000 (km) is unspecified. In this region protected areas are present.","number, bed, year","http://www.wikidata.org/entity/Q11563, http://www.wikidata.org/entity/Q42177, http://www.wikidata.org/entity/Q577","22.83827960820973","41.69137880516686","21.716669444444445","41.65"
"Employment","The primary sector share of total employment/year [NUTS3] is unspecified. The secondary sector share of total employment/year [NUTS3] is unspecified. The tertiary sector share of total employment/year [NUTS3] is unspecified. The primary sector share of total employment/year [NUTS2] is 16.20%. The secondary sector share of total employment/year [NUTS2] is 30.50%. The tertiary sector share of total employment/year [NUTS2] is 53.30%.","employment, year","http://www.wikidata.org/entity/Q656365, http://www.wikidata.org/entity/Q577","22.83827960820973","41.69137880516686","21.716669444444445","41.65"
"Concluding remarks","this VC, is also present in other Member States.","","","22.83827960820973","41.69137880516686","21.716669444444445","41.65"
