title,description,objects,objectlinks,lon,lat,barycenter_lon,barycenter_lat
"Hunting","The MOVING reference member state of this VC is NMK. The reference MOVING Card ID of this VC is VC 13 NMK. Mainly the state owne company (Makedonski Shumi) deals with the forestry and wood in the region of Maleshevija. Macedonia 's hunting grounds are leased to 63 hunting associations throughout the country, which protect the game and are intended for local and foreign hunters' recreational hunting. Annual membership fee is 30-40 euros.","reference, deals, forestry, wood","http://www.wikidata.org/entity/Q121769, http://www.wikidata.org/entity/Q5245925, http://www.wikidata.org/entity/Q38112, http://www.wikidata.org/entity/Q287","22.83827960820973","41.69137880516686","21.716669444444445","41.65"
"Interest on this VC","Hunting and hunting grounds in North Macedonia are characterized by rich vegetation and wildlife that provide good conditions, as well as natural shelters. All the hunting grounds have clean water that enable survival of the wildlife and vegetation. In the hunting area of Maleshevski mountains, there is Wild boar; Fallow deer; Red deer; Wild goat; Rock partridge etc. Given the natural opportunities, Hunting and hunting sports might be an interesting value chain the future. It might be closely linked with tourism, and boost income hunters from abroad.","hunting, north macedonia, north, vegetation, wildlife, water, survival, red deer, rock partridge, value chain, future","http://www.wikidata.org/entity/Q36963, http://www.wikidata.org/entity/Q221, http://www.wikidata.org/entity/Q659, http://www.wikidata.org/entity/Q187997, http://www.wikidata.org/entity/Q241741, http://www.wikidata.org/entity/Q283, http://www.wikidata.org/entity/Q104482419, http://www.wikidata.org/entity/Q79794, http://www.wikidata.org/entity/Q492684, http://www.wikidata.org/entity/Q646107, http://www.wikidata.org/entity/Q344","21.716669444444445","41.65","21.716669444444445","41.65"
"Mountain landscape and reference chains","The reference mountain chain of this VC is Mountain Meleshevija. The reference mountain landscape of this VC is unspecified. Maleshevski mountains are located in the eastern part of the Republic of North Macedonia. The are covers the municipalities of Berovo and Pehchevo, and is characterized with the natural and cultural wealth. Two rivers cross the region, Bregalnica and Strumica. Forests covers 52% of the Maleshevija region, while pastures around 20%.","republic, berovo, bregalnica, strumica","http://www.wikidata.org/entity/Q7270, http://www.wikidata.org/entity/Q827047, http://www.wikidata.org/entity/Q849296, http://www.wikidata.org/entity/Q48814","22.85639","41.707835","21.716669444444445","41.65"
"Key local assets","The uniqueness climate and natural resources in the region for hunting development. According to a Macedonian Government ruling on the basis of Article 30, Paragraph 1 of the Hunting Law, there is a total of 253 hunting grounds, 108 of which for large game and 145 for small game. LAU is unspecified","hunting, climate, government, paragraph, law, game","http://www.wikidata.org/entity/Q36963, http://www.wikidata.org/entity/Q7937, http://www.wikidata.org/entity/Q7188, http://www.wikidata.org/entity/Q194431, http://www.wikidata.org/entity/Q7748, http://www.wikidata.org/entity/Q11410","22.83827960820973","41.69137880516686","21.716669444444445","41.65"
"Challenges","It s not a big Value Chain. It is a hunting association in the region of Maleshevija, which requires membership for interested hunters in the region. The season is limited to only few months during the winter period. Not many stakeholders involved in the Value Chain. Overall the type of challenge faced by this VC is Current and Predicted. This VC is classified as Traditional.","value chain","http://www.wikidata.org/entity/Q646107","22.83827960820973","41.69137880516686","21.716669444444445","41.65"
"Innovation","The type of innovation of this VC is unspecified. The innovation is related to the whole VC. The land use systems involved are Forestry and Natural land. The local assets include Natural, social and cultural.","innovation","http://www.wikidata.org/entity/Q174165","22.83827960820973","41.69137880516686","21.716669444444445","41.65"
"Geography and population","The size of the area (km2) is 806. The minimum altimetry of the LAU is 660. The maximum altimetry of the LAU is 1932. The total population (in thousand) is 174.341. The population density (Inhabitants/km2) in the LAU is 49.3. The population change rate of the LAU in the last 10 years (%) has been -3.00%. The overall regional population density (Inhabitants/km2) is 83.4. The regional population change rate in the last 10 years (%) has been 1.20%.","population density","http://www.wikidata.org/entity/Q22856","22.83827960820973","41.69137880516686","21.716669444444445","41.65"
"Income and gross value added","The average per capita income (EUR/year) [NUTS3] is 5056. The total Gross Value Added (GVA) (EUR million/year) [NUTS3] is 769. The primary sector share of total GVA/year [NUTS3] is 9.80%. The secondary sector share of total GVA/year [NUTS3] is 45.60%. The tertiary sector share of total GVA/year [NUTS3] is 44.53%. The per capita income (EUR/year) [NUTS2] is 5175. The total Gross Value Added (GVA) (EUR million/year) [NUTS2] is 9332. The primary sector share of total GVA/year [NUTS2] is 9.75%. The secondary sector share of total GVA/year [NUTS2] is 27.70%. The tertiary sector share of total GVA/year [NUTS2] is 62.50%.","gross value added, per capita income, year","http://www.wikidata.org/entity/Q994873, http://www.wikidata.org/entity/Q45918, http://www.wikidata.org/entity/Q577","22.83827960820973","41.69137880516686","21.716669444444445","41.65"
"Tourism","The total number of bed places (BPs) in tourist accommodations/year in the LAU is 2088. The regional (NUTS2) share of total BPs/year is unspecified. The number of agricultural holdings in the LAU is 26003. The nearest settlement with population over 100000 (km) is unspecified. In this region protected areas are present.","number, bed, year","http://www.wikidata.org/entity/Q11563, http://www.wikidata.org/entity/Q42177, http://www.wikidata.org/entity/Q577","22.83827960820973","41.69137880516686","21.716669444444445","41.65"
"Employment","The primary sector share of total employment/year [NUTS3] is unspecified. The secondary sector share of total employment/year [NUTS3] is unspecified. The tertiary sector share of total employment/year [NUTS3] is unspecified. The primary sector share of total employment/year [NUTS2] is 16.20%. The secondary sector share of total employment/year [NUTS2] is 30.50%. The tertiary sector share of total employment/year [NUTS2] is 53.30%.","employment, year","http://www.wikidata.org/entity/Q656365, http://www.wikidata.org/entity/Q577","22.83827960820973","41.69137880516686","21.716669444444445","41.65"
"Concluding remarks","","","","22.83827960820973","41.69137880516686","21.716669444444445","41.65"
