title,description,objects,objectlinks,lon,lat,barycenter_lon,barycenter_lat
"Wines of Kitzek im Sausal, South Styria","The MOVING reference member state of this VC is AUSTRIA. The reference MOVING Card ID of this VC is VC 21 AT. The fact that Styrian viticulture has now achieved international renown is largely thanks to the STK (Styrian Terroir and Classic Wine Estates) association. The 12 STK wineries, including the Wohlmuth winery in Kitzeck, pursue the goal of vinifying wines of unmistakable character and bringing out the typical features of the terroir. Founded in 1986, STK initially stood for fresh, fruity and typical white wines. With the classification of the single-vineyard wines, based on the Burgundian system, the premium segment of Styrian growths is now also defined and recognisable by a quality mark: The 'STK', which is printed on the capsule or on the label.","austria, fact, viticulture, terroir, classic, wine, winery, vineyard, system","http://www.wikidata.org/entity/Q40, http://www.wikidata.org/entity/Q188572, http://www.wikidata.org/entity/Q253140, http://www.wikidata.org/entity/Q627003, http://www.wikidata.org/entity/Q2976603, http://www.wikidata.org/entity/Q282, http://www.wikidata.org/entity/Q156362, http://www.wikidata.org/entity/Q22715, http://www.wikidata.org/entity/Q58778","14.0","48.0","14.0","48.0"
"Interest on this VC","The municipality of Kitzeck im Sausal is located in southern Styria and is the highest wine-growing district in Austria. Well-known wineries have helped the wines from this village to achieve international reputation. The quality system is based on that of Burgundy and is defined by the vineyard location, i.e. the close appellation of origin. The main innovation is to produce more sustainably in order to protect the climate and, for example, to use less fertiliser in the crops. The winegrowers also advertise it, which casts an overall positive image on the region.","austria, styria, burgundy","http://www.wikidata.org/entity/Q40, http://www.wikidata.org/entity/Q41358, http://www.wikidata.org/entity/Q1173","15.166666666666666","47.25","14.0","48.0"
"Mountain landscape and reference chains","The reference mountain chain of this VC is Kor Alps. Kitzeck-Sausal is the coolest local appellation in southern Styria and is strongly influenced by the alpine air streams. Most of the vineyards are located at altitudes between 400 and 650 metres above sea level, which creates a unique microclimate. The heat-storing slate soil and steep southern exposure, combined with the coolness of the Alps, create large temperature differences between day and night. This is expressed sensorially in a diverse and intense aroma as well as mineral tension. The vineyards are characterised by rare, phyllitic slate - reddish and black in colour, thin-leaved, partly more compact, with inclusions of quartz, sericites and potash feldspar.","alps, reference, mountain, appellation, styria, sea, microclimate, heat, slate, soil, day, night, quartz, potash, feldspar","http://www.wikidata.org/entity/Q1286, http://www.wikidata.org/entity/Q121769, http://www.wikidata.org/entity/Q8502, http://www.wikidata.org/entity/Q2858704, http://www.wikidata.org/entity/Q41358, http://www.wikidata.org/entity/Q165, http://www.wikidata.org/entity/Q215108, http://www.wikidata.org/entity/Q44432, http://www.wikidata.org/entity/Q207079, http://www.wikidata.org/entity/Q36133, http://www.wikidata.org/entity/Q573, http://www.wikidata.org/entity/Q575, http://www.wikidata.org/entity/Q43010, http://www.wikidata.org/entity/Q10564271, http://www.wikidata.org/entity/Q170258","10.0","46.0","14.0","48.0"
"Key local assets","Due to its special agricultural charm and the impressive panoramic view, the community became known in the 19th century. Through the development of the area in terms of transport, the improvement of the infrastructure of the village and through determined advertising, it was possible to create a further, economically significant mainstay with tourism. About the LAU: 61019.","","","15.453119258575306","46.77832696250315","14.0","48.0"
"Challenges","More than 50 % of the cultivated area has a slope of more than 26% and up to 90%. These slopes make viticulture a special challenge, which is why it is often called Styrian mountain viticulture. Overall the type of challenge faced by this VC is Current. This VC is classified as Tradiotional and Innovative.","viticulture, mountain","http://www.wikidata.org/entity/Q253140, http://www.wikidata.org/entity/Q8502","15.453119258575306","46.77832696250315","14.0","48.0"
"Innovation","The type of innovation of this VC is Endogenous. In this region, there is a mixture of traditional and innovative approaches. A lot of work is done by hand, and the wines are often made from traditional grape varieties typical for the region. On the other hand, there is a big movement of many winegrowers who have come together to practice natural, organic viticulture and fruit growing. 140 farms from 9 regions throughout Styria participate in the so-called LEADER project. The innovation is related to New processes and New marketing strategies. The land use systems involved are Cropland and Vineyard area. The local assets include Natural and cultural.","innovation, hand, fruit, styria, marketing","http://www.wikidata.org/entity/Q174165, http://www.wikidata.org/entity/Q33767, http://www.wikidata.org/entity/Q1364, http://www.wikidata.org/entity/Q41358, http://www.wikidata.org/entity/Q39809","15.166666666666666","47.25","14.0","48.0"
"Geography and population","The size of the area (km2) is 16.29. The minimum altimetry of the LAU is 564. The maximum altimetry of the LAU is 671. The total population (in thousand) is 1.229. The population density (Inhabitants/km2) in the LAU is 75.45. The population change rate of the LAU in the last 10 years (%) has been 2.00%. The overall regional population density (Inhabitants/km2) is 76. The regional population change rate in the last 10 years (%) has been 2.50%.","population density","http://www.wikidata.org/entity/Q22856","15.453119258575306","46.77832696250315","14.0","48.0"
"Income and gross value added","The average per capita income (EUR/year) [NUTS3] is 40000. The total Gross Value Added (GVA) (EUR million/year) [NUTS3] is 5106. The primary sector share of total GVA/year [NUTS3] is 2.88%. The secondary sector share of total GVA/year [NUTS3] is 40.91%. The tertiary sector share of total GVA/year [NUTS3] is 56.21%. The per capita income (EUR/year) [NUTS2] is 40000. The total Gross Value Added (GVA) (EUR million/year) [NUTS2] is 43647. The primary sector share of total GVA/year [NUTS2] is 2.19%. The secondary sector share of total GVA/year [NUTS2] is 34.64%. The tertiary sector share of total GVA/year [NUTS2] is 63.17%.","gross value added, per capita income, year","http://www.wikidata.org/entity/Q994873, http://www.wikidata.org/entity/Q45918, http://www.wikidata.org/entity/Q577","15.453119258575306","46.77832696250315","14.0","48.0"
"Tourism","The total number of bed places (BPs) in tourist accommodations/year in the LAU is 338. The number of agricultural holdings in the LAU is 118. The nearest settlement with population over 100000 (km) is 41.6. In this region protected areas are present.","","","15.453119258575306","46.77832696250315","14.0","48.0"
"Employment","The primary sector share of total employment/year [NUTS3] is 9.62%. The secondary sector share of total employment/year [NUTS3] is 32.18%. The tertiary sector share of total employment/year [NUTS3] is 58.21%. The primary sector share of total employment/year [NUTS2] is 5.55%. The secondary sector share of total employment/year [NUTS2] is 26.47%. The tertiary sector share of total employment/year [NUTS2] is 67.99%.","employment, year","http://www.wikidata.org/entity/Q656365, http://www.wikidata.org/entity/Q577","15.453119258575306","46.77832696250315","14.0","48.0"
"Concluding remarks","Many winegrowers from the surrounding villages also have vineyards in neighbouring Slovenia.","slovenia","http://www.wikidata.org/entity/Q215","15.0","46.0","14.0","48.0"
