title,description,objects,objectlinks,lon,lat,barycenter_lon,barycenter_lat
"Lamb meat from an autochthonous sheep breed","The MOVING reference member state of this VC is PORTUGAL ESTRELA. The reference MOVING Card ID of this VC is VC 04 PT2. Serra da Estrela Lamb PDO meat comes from lambs of Bordaleira Serra da Estrela breed that are fed only with breast milk. At slaughter, they have a live weight of up to 12 kg and an age of up to 30 days. Carcasses weigh up to 7 kg. This product is sold locally and in large urban centers, especially during festive seasons. It is, also, cooked and served in local restaurants.","portugal","http://www.wikidata.org/entity/Q45","-7.520209808582196","40.39081646399735","-9.183333333333334","38.7"
"Interest on this VC","Lamb meat from an autochthonous sheep breed, namely, Bordaleira Serra da Estrela. Serra da Estrela Lamb DPO is associated with the production of Serra da Estrela Cheese PDO (VC 02 PT2) and the interest of cheese producers in milking the sheep as early as possible. Product with PDO certification. Product highly characteristic of the MRL. Product highly connected to land use and landscape management.","sheep, interest, cheese, certification","http://www.wikidata.org/entity/Q7368, http://www.wikidata.org/entity/Q170924, http://www.wikidata.org/entity/Q10943, http://www.wikidata.org/entity/Q374814","-7.520209808582196","40.39081646399735","-9.183333333333334","38.7"
"Mountain landscape and reference chains","The reference mountain chain of this VC is Cordilheira Central (RR08). The reference mountain landscape of this VC is Manteigas. With stunning landscapes, Manteigas is a municipality with 4 parishes, in the district of Guarda in the Centre region of Portugal. Manteigas shares with the municipalities of Seia and Covilhã, the highest point in mainland Portugal at 1993 meters of altitude. The main village of Manteigas is located in the Zêzere Glacier Valley, which is a great example of landscape modeling by glaciers, with its 'U' shape. Historically, the most important economic activities in Manteigas are related to pastoralism, sheep's cheese production and wool industry.","portugal, reference, mountain, landscape, manteigas, municipality, seia, covilhã, altitude, village, glacier, valley, pastoralism, cheese, wool","http://www.wikidata.org/entity/Q45, http://www.wikidata.org/entity/Q121769, http://www.wikidata.org/entity/Q8502, http://www.wikidata.org/entity/Q107425, http://www.wikidata.org/entity/Q986093, http://www.wikidata.org/entity/Q15284, http://www.wikidata.org/entity/Q76017, http://www.wikidata.org/entity/Q849026, http://www.wikidata.org/entity/Q190200, http://www.wikidata.org/entity/Q532, http://www.wikidata.org/entity/Q35666, http://www.wikidata.org/entity/Q39816, http://www.wikidata.org/entity/Q9056738, http://www.wikidata.org/entity/Q10943, http://www.wikidata.org/entity/Q42329","-7.533333333333333","40.4","-9.183333333333334","38.7"
"Key local assets","Bordaleira Serra da Estrela sheep breed has a medium stature and is white or black in color. It has horns curled forward and females have a well developed udder. It has, predominantly, dairy aptitude. About the LAU: 908.","udder","http://www.wikidata.org/entity/Q624043","-7.520209808582196","40.39081646399735","-9.183333333333334","38.7"
"Challenges","Reduced number of shepherds, as this job is sometimes seen as unattractive, due to being physically demanding, in sometimes harsh weather conditions, and low wages. Overall the type of challenge faced by this VC is Current and Predicted. This VC is classified as Traditional.","","","-7.520209808582196","40.39081646399735","-9.183333333333334","38.7"
"Innovation","The type of innovation of this VC is unspecified. The innovation is related to the whole VC. The land use systems involved are Grassland. The local assets include Natural.","innovation, grassland","http://www.wikidata.org/entity/Q174165, http://www.wikidata.org/entity/Q1006733","-7.520209808582196","40.39081646399735","-9.183333333333334","38.7"
"Geography and population","The size of the area (km2) is 123.28. The minimum altimetry of the LAU is 496. The maximum altimetry of the LAU is 1993. The total population (in thousand) is 3.007. The population density (Inhabitants/km2) in the LAU is 24.7. The population change rate of the LAU in the last 10 years (%) has been -0.15%. The overall regional population density (Inhabitants/km2) is 78.6. The regional population change rate in the last 10 years (%) has been -0.05%.","population density","http://www.wikidata.org/entity/Q22856","-7.520209808582196","40.39081646399735","-9.183333333333334","38.7"
"Income and gross value added","The average per capita income (EUR/year) [NUTS3] is 13122.59. The total Gross Value Added (GVA) (EUR million/year) [NUTS3] is 2534.72. The primary sector share of total GVA/year [NUTS3] is 3.67%. The secondary sector share of total GVA/year [NUTS3] is 24.16%. The tertiary sector share of total GVA/year [NUTS3] is 72.00%. The per capita income (EUR/year) [NUTS2] is 16576.33. The total Gross Value Added (GVA) (EUR million/year) [NUTS2] is 33268.83. The primary sector share of total GVA/year [NUTS2] is 3.44%. The secondary sector share of total GVA/year [NUTS2] is 30.35%. The tertiary sector share of total GVA/year [NUTS2] is 67.00%.","gross value added, per capita income, year","http://www.wikidata.org/entity/Q994873, http://www.wikidata.org/entity/Q45918, http://www.wikidata.org/entity/Q577","-7.520209808582196","40.39081646399735","-9.183333333333334","38.7"
"Tourism","The total number of bed places (BPs) in tourist accommodations/year in the LAU is 403. The regional (NUTS2) share of total BPs/year is 0.63%. The number of agricultural holdings in the LAU is 111. The nearest settlement with population over 100000 (km) is 77.2. In this region protected areas are present.","number, bed, year","http://www.wikidata.org/entity/Q11563, http://www.wikidata.org/entity/Q42177, http://www.wikidata.org/entity/Q577","-7.520209808582196","40.39081646399735","-9.183333333333334","38.7"
"Employment","The primary sector share of total employment/year [NUTS3] is 20.11%. The secondary sector share of total employment/year [NUTS3] is 34.59%. The tertiary sector share of total employment/year [NUTS3] is 45.30%. The primary sector share of total employment/year [NUTS2] is 13.25%. The secondary sector share of total employment/year [NUTS2] is 48.20%. The tertiary sector share of total employment/year [NUTS2] is 38.55%.","employment, year","http://www.wikidata.org/entity/Q656365, http://www.wikidata.org/entity/Q577","-7.520209808582196","40.39081646399735","-9.183333333333334","38.7"
"Concluding remarks","The geographical production area of Serra da Estrela Lamb PDO includes the municipalities of Carregal do Sal, Celorico da Beira, Fornos de Algodres, Gouveia, Mangualde, Manteigas, Nelas, Oliveira do Hospital, Penalva do Castelo, Seia, Aguiar da Beira, Arganil, Covilhã, Guarda, Tábua, Tondela, Trancoso and Viseu.","hospital, mangualde, manteigas, nelas, seia, arganil, covilhã, tábua, tondela, viseu","http://www.wikidata.org/entity/Q16917, http://www.wikidata.org/entity/Q597789, http://www.wikidata.org/entity/Q986093, http://www.wikidata.org/entity/Q687790, http://www.wikidata.org/entity/Q76017, http://www.wikidata.org/entity/Q426953, http://www.wikidata.org/entity/Q849026, http://www.wikidata.org/entity/Q988846, http://www.wikidata.org/entity/Q796656, http://www.wikidata.org/entity/Q117676","-7.766666666666667","40.6","-9.183333333333334","38.7"
