title,description,objects,objectlinks,lon,lat,barycenter_lon,barycenter_lat
"High mountain honey from heatherlands","The MOVING reference member state of this VC is PORTUGAL ESTRELA. The reference MOVING Card ID of this VC is VC 08 PT2. Heather Honey is collected from hives located at Serra da Estrela highlands. Product sold locally and nationally.","reference, portugal, honey","http://www.wikidata.org/entity/Q121769, http://www.wikidata.org/entity/Q45, http://www.wikidata.org/entity/Q10987","-9.183333333333334","38.7","-9.183333333333334","38.7"
"Interest on this VC","Heather is a characteristic bush of the highlands of Serra da Estrela. Product available through e-commerce. Product characteristic of the MRL. Product highly connected to local natural asset.","e-commerce, asset","http://www.wikidata.org/entity/Q484847, http://www.wikidata.org/entity/Q46737","-7.71916572654535","40.37778036234481","-9.183333333333334","38.7"
"Mountain landscape and reference chains","The reference mountain chain of this VC is Cordilheira Central (RR08). The reference mountain landscape of this VC is Seia. Located on the western slope of Serra da Estrela, Seia is a municipality with 21 parishes, in the district of Guarda in the Centre region of Portugal. Seia shares with the municipalities of Covilhã and Manteigas, the highest point in mainland Portugal at 1993 meters of altitude. Seia has a strong industrial tradition, mainly related to textiles and the distribution of electricity. The production of sheep's cheese is also a tradition.","portugal, reference, mountain, landscape, seia, municipality, covilhã, manteigas, altitude, tradition, electricity","http://www.wikidata.org/entity/Q45, http://www.wikidata.org/entity/Q121769, http://www.wikidata.org/entity/Q8502, http://www.wikidata.org/entity/Q107425, http://www.wikidata.org/entity/Q76017, http://www.wikidata.org/entity/Q15284, http://www.wikidata.org/entity/Q849026, http://www.wikidata.org/entity/Q986093, http://www.wikidata.org/entity/Q190200, http://www.wikidata.org/entity/Q82821, http://www.wikidata.org/entity/Q12725","-7.70245","40.42203055555556","-9.183333333333334","38.7"
"Key local assets","At Serra da Estrela, heatherlands of Erica sp. and Calluna vulgaris appear above 800/900 meters of altitude. About the LAU: 912.","","","-7.71916572654535","40.37778036234481","-9.183333333333334","38.7"
"Challenges","Are pesticides and the asian wasp threatening bees survival at Serra da Estrela? Will climate change affect heatherlands distribution?. Overall the type of challenge faced by this VC is Current and Predicted. This VC is classified as Traditional.","wasp","http://www.wikidata.org/entity/Q9458574","-7.71916572654535","40.37778036234481","-9.183333333333334","38.7"
"Innovation","The type of innovation of this VC is unspecified. The innovation is related to the whole VC. The land use systems involved are N/A. The local assets include Natural.","innovation","http://www.wikidata.org/entity/Q174165","-7.71916572654535","40.37778036234481","-9.183333333333334","38.7"
"Geography and population","The size of the area (km2) is 435.41. The minimum altimetry of the LAU is 159. The maximum altimetry of the LAU is 1993. The total population (in thousand) is 22.234. The population density (Inhabitants/km2) in the LAU is 51. The population change rate of the LAU in the last 10 years (%) has been -0.11%. The overall regional population density (Inhabitants/km2) is 78.6. The regional population change rate in the last 10 years (%) has been -0.05%.","population density","http://www.wikidata.org/entity/Q22856","-7.71916572654535","40.37778036234481","-9.183333333333334","38.7"
"Income and gross value added","The average per capita income (EUR/year) [NUTS3] is 13122.59. The total Gross Value Added (GVA) (EUR million/year) [NUTS3] is 2534.72. The primary sector share of total GVA/year [NUTS3] is 3.67%. The secondary sector share of total GVA/year [NUTS3] is 24.16%. The tertiary sector share of total GVA/year [NUTS3] is 72.00%. The per capita income (EUR/year) [NUTS2] is 16576.33. The total Gross Value Added (GVA) (EUR million/year) [NUTS2] is 33268.83. The primary sector share of total GVA/year [NUTS2] is 3.44%. The secondary sector share of total GVA/year [NUTS2] is 30.35%. The tertiary sector share of total GVA/year [NUTS2] is 67.00%.","gross value added, per capita income, year","http://www.wikidata.org/entity/Q994873, http://www.wikidata.org/entity/Q45918, http://www.wikidata.org/entity/Q577","-7.71916572654535","40.37778036234481","-9.183333333333334","38.7"
"Tourism","The total number of bed places (BPs) in tourist accommodations/year in the LAU is 1245. The regional (NUTS2) share of total BPs/year is 1.96%. The number of agricultural holdings in the LAU is 1728. The nearest settlement with population over 100000 (km) is 64.2. In this region protected areas are present.","number, bed, year","http://www.wikidata.org/entity/Q11563, http://www.wikidata.org/entity/Q42177, http://www.wikidata.org/entity/Q577","-7.71916572654535","40.37778036234481","-9.183333333333334","38.7"
"Employment","The primary sector share of total employment/year [NUTS3] is 20.11%. The secondary sector share of total employment/year [NUTS3] is 34.59%. The tertiary sector share of total employment/year [NUTS3] is 45.30%. The primary sector share of total employment/year [NUTS2] is 13.25%. The secondary sector share of total employment/year [NUTS2] is 48.20%. The tertiary sector share of total employment/year [NUTS2] is 38.55%.","employment, year","http://www.wikidata.org/entity/Q656365, http://www.wikidata.org/entity/Q577","-7.71916572654535","40.37778036234481","-9.183333333333334","38.7"
"Concluding remarks","This product may be produced in different municipalities at Serra da Estrela.","","","-7.71916572654535","40.37778036234481","-9.183333333333334","38.7"
