title,description,objects,objectlinks,lon,lat,barycenter_lon,barycenter_lat
"Brandy made from Juniperus communis from Serra da Estrela","The MOVING reference member state of this VC is PORTUGAL ESTRELA. The reference MOVING Card ID of this VC is VC 12 PT2. Wild Zimbro from Serra da Estrela is harvested by shepherds. It is then fermented and distillated in traditional alembics. Zimbro Brandy is sold at national and international levels.","reference, portugal, brandy","http://www.wikidata.org/entity/Q121769, http://www.wikidata.org/entity/Q45, http://www.wikidata.org/entity/Q146470","-9.183333333333334","38.7","-9.183333333333334","38.7"
"Interest on this VC","Product connected to territorial identity as Juniperus communis is a characteristic bush of the highlands of Serra da Estrela. Zimbro Brandy is available through e-commerce. Innovative product. Product highly connected to local natural asset.","brandy, e-commerce, asset","http://www.wikidata.org/entity/Q146470, http://www.wikidata.org/entity/Q484847, http://www.wikidata.org/entity/Q46737","-7.562796765580819","40.25656820127031","-9.183333333333334","38.7"
"Mountain landscape and reference chains","The reference mountain chain of this VC is Cordilheira Central (RR08). The reference mountain landscape of this VC is Covilhã. Located on the southwest slope of Serra da Estrela, Covilhã is a municipality with 21 parishes, in the district of Guarda in the Centre region of Portugal. Covilhã shares with the municipalities of Seia and Manteigas, the highest point in mainland Portugal at 1993 meters of altitude. Nowadays, the city of Covilhã is one of the main European centers for wool production. Tradicional economic activities in Covilhã include wool industry and production of dairy products from sheep's milk.","portugal, reference, mountain, landscape, covilhã, municipality, seia, manteigas, altitude, wool, dairy","http://www.wikidata.org/entity/Q45, http://www.wikidata.org/entity/Q121769, http://www.wikidata.org/entity/Q8502, http://www.wikidata.org/entity/Q107425, http://www.wikidata.org/entity/Q849026, http://www.wikidata.org/entity/Q15284, http://www.wikidata.org/entity/Q76017, http://www.wikidata.org/entity/Q986093, http://www.wikidata.org/entity/Q190200, http://www.wikidata.org/entity/Q42329, http://www.wikidata.org/entity/Q637776","-7.5","40.28333333333333","-9.183333333333334","38.7"
"Key local assets","Above 1600/1800 meters of altitude, the dominant shrub formation is Zimbro (Juniperus communis), an autochthonous species that grows between mountain meadows, rupicolous and lake communities. Zimbro is a dioecious plant, flowering in March and April, with a persistent leaf, slow growth and with a longevity between 100 and 200 years. The fruits take 18 months to ripen. At Serra da Estrela, it often has a height of up to 1 m. About the LAU: 503.","","","-7.562796765580819","40.25656820127031","-9.183333333333334","38.7"
"Challenges","Will climate change affect Juniperus communis distribution and quality?. Overall the type of challenge faced by this VC is Predicted. This VC is classified as Innovative.","","","-7.562796765580819","40.25656820127031","-9.183333333333334","38.7"
"Innovation","The type of innovation of this VC is Endogenous. Creation of a new type of brandy from an autochthonous species. The innovation is related to New products. The land use systems involved are N/A. The local assets include Natural.","innovation, brandy, species","http://www.wikidata.org/entity/Q174165, http://www.wikidata.org/entity/Q146470, http://www.wikidata.org/entity/Q7432","-7.562796765580819","40.25656820127031","-9.183333333333334","38.7"
"Geography and population","The size of the area (km2) is 554.26. The minimum altimetry of the LAU is 353. The maximum altimetry of the LAU is 1993. The total population (in thousand) is 46.787. The population density (Inhabitants/km2) in the LAU is 84.2. The population change rate of the LAU in the last 10 years (%) has been -0.10%. The overall regional population density (Inhabitants/km2) is 78.6. The regional population change rate in the last 10 years (%) has been -0.05%.","population density","http://www.wikidata.org/entity/Q22856","-7.562796765580819","40.25656820127031","-9.183333333333334","38.7"
"Income and gross value added","The average per capita income (EUR/year) [NUTS3] is 13122.59. The total Gross Value Added (GVA) (EUR million/year) [NUTS3] is 2534.72. The primary sector share of total GVA/year [NUTS3] is 3.67%. The secondary sector share of total GVA/year [NUTS3] is 24.16%. The tertiary sector share of total GVA/year [NUTS3] is 72.00%. The per capita income (EUR/year) [NUTS2] is 16576.33. The total Gross Value Added (GVA) (EUR million/year) [NUTS2] is 33268.83. The primary sector share of total GVA/year [NUTS2] is 3.44%. The secondary sector share of total GVA/year [NUTS2] is 30.35%. The tertiary sector share of total GVA/year [NUTS2] is 67.00%.","gross value added, per capita income, year","http://www.wikidata.org/entity/Q994873, http://www.wikidata.org/entity/Q45918, http://www.wikidata.org/entity/Q577","-7.562796765580819","40.25656820127031","-9.183333333333334","38.7"
"Tourism","The total number of bed places (BPs) in tourist accommodations/year in the LAU is 2167. The regional (NUTS2) share of total BPs/year is 3.40%. The number of agricultural holdings in the LAU is 1686. The nearest settlement with population over 100000 (km) is 77.6. In this region protected areas are present.","number, bed, year","http://www.wikidata.org/entity/Q11563, http://www.wikidata.org/entity/Q42177, http://www.wikidata.org/entity/Q577","-7.562796765580819","40.25656820127031","-9.183333333333334","38.7"
"Employment","The primary sector share of total employment/year [NUTS3] is 20.11%. The secondary sector share of total employment/year [NUTS3] is 34.59%. The tertiary sector share of total employment/year [NUTS3] is 45.30%. The primary sector share of total employment/year [NUTS2] is 13.25%. The secondary sector share of total employment/year [NUTS2] is 48.20%. The tertiary sector share of total employment/year [NUTS2] is 38.55%.","employment, year","http://www.wikidata.org/entity/Q656365, http://www.wikidata.org/entity/Q577","-7.562796765580819","40.25656820127031","-9.183333333333334","38.7"
"Concluding remarks","","","","-7.562796765580819","40.25656820127031","-9.183333333333334","38.7"
