title,description,objects,objectlinks,lon,lat,barycenter_lon,barycenter_lat
"Products made from Burel, a specific wool fabric","The MOVING reference member state of this VC is PORTUGAL ESTRELA. The reference MOVING Card ID of this VC is VC 17 PT2. Wool used in the production of Burel comes from Bordaleira Serra da Estrela and Churra Mondegueira autochthonous sheep breeds and also from Portuguese Merino breed. The sheep are shorn and only the best quality wool is used for textile purposes. The spinning allows the transformation of wool into yarn with the desired thickness, which is then used in weaving. After weaving, the wool fabric is beated and scalded in a machine called Pisão, which causes it to shrink by about 30% to 40% and transforms it into Burel. Burel is more resistant than wool fabric. Different Burel Products such as wall panels, carpets, curtains, cushion covers, poufs and benches, suitcases, backpacks, footwear and clothing items are produced and then sold locally, nationally and internationally.","portugal, wool, churra, sheep, breed, yarn, machine, wall, cushion, footwear, clothing","http://www.wikidata.org/entity/Q45, http://www.wikidata.org/entity/Q42329, http://www.wikidata.org/entity/Q930322, http://www.wikidata.org/entity/Q7368, http://www.wikidata.org/entity/Q38829, http://www.wikidata.org/entity/Q49007, http://www.wikidata.org/entity/Q11019, http://www.wikidata.org/entity/Q42948, http://www.wikidata.org/entity/Q10971235, http://www.wikidata.org/entity/Q161928, http://www.wikidata.org/entity/Q11460","-9.183333333333334","38.7","-9.183333333333334","38.7"
"Interest on this VC","Wool from two autochthonous sheep breeds (Bordaleira Serra da Estrela and Churra Mondegueira) is used to produce Burel Products. Burel is highy connected to territoral identity as it is the traditional material used to make the shepherds' cloaks. Burel products are available through e-commerce. Burel is highly characteristic of the MRL. Burel is highly connected to land use and landscape management. Burel is produced from wool which is 100% natural, biodegradable and renewable.","wool, sheep, churra, material, e-commerce, landscape, management","http://www.wikidata.org/entity/Q42329, http://www.wikidata.org/entity/Q7368, http://www.wikidata.org/entity/Q930322, http://www.wikidata.org/entity/Q214609, http://www.wikidata.org/entity/Q484847, http://www.wikidata.org/entity/Q107425, http://www.wikidata.org/entity/Q2920921","-7.520209808582196","40.39081646399735","-9.183333333333334","38.7"
"Mountain landscape and reference chains","The reference mountain chain of this VC is Cordilheira Central (RR08). The reference mountain landscape of this VC is Manteigas. With stunning landscapes, Manteigas is a municipality with 4 parishes, in the district of Guarda in the Centre region of Portugal. Manteigas shares with the municipalities of Seia and Covilhã, the highest point in mainland Portugal at 1993 meters of altitude. The main village of Manteigas is located in the Zêzere Glacier Valley, which is a great example of landscape modeling by glaciers, with its 'U' shape. Historically, the most important economic activities in Manteigas are related to pastoralism, sheep's cheese production and wool industry.","portugal, reference, mountain, landscape, manteigas, municipality, seia, covilhã, altitude, village, glacier, valley, pastoralism, cheese, wool","http://www.wikidata.org/entity/Q45, http://www.wikidata.org/entity/Q121769, http://www.wikidata.org/entity/Q8502, http://www.wikidata.org/entity/Q107425, http://www.wikidata.org/entity/Q986093, http://www.wikidata.org/entity/Q15284, http://www.wikidata.org/entity/Q76017, http://www.wikidata.org/entity/Q849026, http://www.wikidata.org/entity/Q190200, http://www.wikidata.org/entity/Q532, http://www.wikidata.org/entity/Q35666, http://www.wikidata.org/entity/Q39816, http://www.wikidata.org/entity/Q9056738, http://www.wikidata.org/entity/Q10943, http://www.wikidata.org/entity/Q42329","-7.533333333333333","40.4","-9.183333333333334","38.7"
"Key local assets","Bordaleira Serra da Estrela sheep breed has a medium stature and is white or black in color. It has horns curled forward and females have a well-developed udder. It has, predominantly, dairy aptitude. Churra Mondegueira sheep breed is of medium stature and is white in color. About the LAU: 908.","sheep, breed, udder, churra","http://www.wikidata.org/entity/Q7368, http://www.wikidata.org/entity/Q38829, http://www.wikidata.org/entity/Q624043, http://www.wikidata.org/entity/Q930322","-7.520209808582196","40.39081646399735","-9.183333333333334","38.7"
"Challenges","Reduced number of shepherds, as this job is sometimes seen as unattractive, due to being physically demanding, in sometimes harsh weather conditions, and low wages. Overall the type of challenge faced by this VC is Current and Predicted. This VC is classified as Traditional and Innovative.","","","-7.520209808582196","40.39081646399735","-9.183333333333334","38.7"
"Innovation","The type of innovation of this VC is Endogenous. Burel is a sheep's wool fabric of medieval origin, often associated with shepherds' cloaks. Nowadays, it has reinvented with new colors and new purposes giving rise to new products with very distinct functions. These products take advantage of burel characteristics: abrasion-resistant, water-resistant, acoustic and thermal insulation, hygroscopic, anti-electrostatic, among others. The innovation is related to New products and new colours. The land use systems involved are Grassland. The local assets include N/A.","innovation, wool, water, thermal insulation, grassland","http://www.wikidata.org/entity/Q174165, http://www.wikidata.org/entity/Q42329, http://www.wikidata.org/entity/Q283, http://www.wikidata.org/entity/Q918306, http://www.wikidata.org/entity/Q1006733","-7.520209808582196","40.39081646399735","-9.183333333333334","38.7"
"Geography and population","The size of the area (km2) is 123.28. The minimum altimetry of the LAU is 496. The maximum altimetry of the LAU is 1993. The total population (in thousand) is 3.007. The population density (Inhabitants/km2) in the LAU is 24.7. The population change rate of the LAU in the last 10 years (%) has been -0.15%. The overall regional population density (Inhabitants/km2) is 78.6. The regional population change rate in the last 10 years (%) has been -0.05%.","population density","http://www.wikidata.org/entity/Q22856","-7.520209808582196","40.39081646399735","-9.183333333333334","38.7"
"Income and gross value added","The average per capita income (EUR/year) [NUTS3] is 13122.59. The total Gross Value Added (GVA) (EUR million/year) [NUTS3] is 2534.72. The primary sector share of total GVA/year [NUTS3] is 3.67%. The secondary sector share of total GVA/year [NUTS3] is 24.16%. The tertiary sector share of total GVA/year [NUTS3] is 72.00%. The per capita income (EUR/year) [NUTS2] is 16576.33. The total Gross Value Added (GVA) (EUR million/year) [NUTS2] is 33268.83. The primary sector share of total GVA/year [NUTS2] is 3.44%. The secondary sector share of total GVA/year [NUTS2] is 30.35%. The tertiary sector share of total GVA/year [NUTS2] is 67.00%.","gross value added, per capita income, year","http://www.wikidata.org/entity/Q994873, http://www.wikidata.org/entity/Q45918, http://www.wikidata.org/entity/Q577","-7.520209808582196","40.39081646399735","-9.183333333333334","38.7"
"Tourism","The total number of bed places (BPs) in tourist accommodations/year in the LAU is 403. The regional (NUTS2) share of total BPs/year is 0.63%. The number of agricultural holdings in the LAU is 111. The nearest settlement with population over 100000 (km) is 77.2. In this region protected areas are present.","number, bed, year","http://www.wikidata.org/entity/Q11563, http://www.wikidata.org/entity/Q42177, http://www.wikidata.org/entity/Q577","-7.520209808582196","40.39081646399735","-9.183333333333334","38.7"
"Employment","The primary sector share of total employment/year [NUTS3] is 20.11%. The secondary sector share of total employment/year [NUTS3] is 34.59%. The tertiary sector share of total employment/year [NUTS3] is 45.30%. The primary sector share of total employment/year [NUTS2] is 13.25%. The secondary sector share of total employment/year [NUTS2] is 48.20%. The tertiary sector share of total employment/year [NUTS2] is 38.55%.","employment, year","http://www.wikidata.org/entity/Q656365, http://www.wikidata.org/entity/Q577","-7.520209808582196","40.39081646399735","-9.183333333333334","38.7"
"Concluding remarks","","","","-7.520209808582196","40.39081646399735","-9.183333333333334","38.7"
