title,description,objects,objectlinks,lon,lat,barycenter_lon,barycenter_lat
"Energy production from Hydroelectric Power Plants at Serra da Estrela","The MOVING reference member state of this VC is PORTUGAL ESTRELA. The reference MOVING Card ID of this VC is VC 20 PT2. There are 8 Hydroelectric Power Plants at the municipalities of Manteigas and Seia at Serra da Estrela: - Vila Cova: entered service in 2001 and has an installed power of 23.4 MW, - Ponte Jugais: entered service in 1923 and has an installed power of 20.3 MW, - Senhora do Desterro: entered service in 1909 and has an installed power of 13.2 MW, - Sabugueiro I: entered service in 1947 and has an installed power of 12.8 MW, - Sabugueiro II: entered service in 1993 and has an installed power of 10 MW, - Caldas de Manteigas: entered service in 2000 and has an installed power of 7 MW, - Lagoa Comprida: entered service in 2003 and has an installed power of 0.6 MW, - Vale de Amoreira: entered service in 2004 and has an installed power of 0.3 MW.","portugal, manteigas, seia, desterro, power of 10","http://www.wikidata.org/entity/Q45, http://www.wikidata.org/entity/Q986093, http://www.wikidata.org/entity/Q76017, http://www.wikidata.org/entity/Q2009945, http://www.wikidata.org/entity/Q184611","-9.183333333333334","38.7","-9.183333333333334","38.7"
"Interest on this VC","Nowadays, there are eight hydroelectric power plants at Serra da Estrela, the first of which started operating more than a century ago (1909), when local industrialists realized the energetic potential in the hydraulic characteristics of the mountain. Value chain characteristic of the MRLs. Value chain highly connected to local natural assets.","value chain","http://www.wikidata.org/entity/Q646107","-7.520209808582196","40.39081646399735","-9.183333333333334","38.7"
"Mountain landscape and reference chains","The reference mountain chain of this VC is Cordilheira Central (RR08). The reference mountain landscape of this VC is Manteigas. With stunning landscapes, Manteigas is a municipality with 4 parishes, in the district of Guarda in the Centre region of Portugal. Manteigas shares with the municipalities of Seia and Covilhã, the highest point in mainland Portugal at 1993 meters of altitude. The main village of Manteigas is located in the Zêzere Glacier Valley, which is a great example of landscape modeling by glaciers, with its 'U' shape. Historically, the most important economic activities in Manteigas are related to pastoralism, sheep's cheese production and wool industry.","portugal, reference, mountain, landscape, manteigas, municipality, seia, covilhã, altitude, village, glacier, valley, pastoralism, cheese, wool","http://www.wikidata.org/entity/Q45, http://www.wikidata.org/entity/Q121769, http://www.wikidata.org/entity/Q8502, http://www.wikidata.org/entity/Q107425, http://www.wikidata.org/entity/Q986093, http://www.wikidata.org/entity/Q15284, http://www.wikidata.org/entity/Q76017, http://www.wikidata.org/entity/Q849026, http://www.wikidata.org/entity/Q190200, http://www.wikidata.org/entity/Q532, http://www.wikidata.org/entity/Q35666, http://www.wikidata.org/entity/Q39816, http://www.wikidata.org/entity/Q9056738, http://www.wikidata.org/entity/Q10943, http://www.wikidata.org/entity/Q42329","-7.5","40.28333333333333","-9.183333333333334","38.7"
"Key local assets","N/A. About the LAU: 908.","","","-7.520209808582196","40.39081646399735","-9.183333333333334","38.7"
"Challenges","Not identified. Overall the type of challenge faced by this VC is unspecified. This VC is classified as Traditional.","","","-7.520209808582196","40.39081646399735","-9.183333333333334","38.7"
"Innovation","The type of innovation of this VC is unspecified. The innovation is related to the whole VC. The land use systems involved are N/A. The local assets include Natural.","innovation","http://www.wikidata.org/entity/Q174165","-7.520209808582196","40.39081646399735","-9.183333333333334","38.7"
"Geography and population","The size of the area (km2) is 123.28. The minimum altimetry of the LAU is 496. The maximum altimetry of the LAU is 1993. The total population (in thousand) is 3.007. The population density (Inhabitants/km2) in the LAU is 24.7. The population change rate of the LAU in the last 10 years (%) has been -0.15%. The overall regional population density (Inhabitants/km2) is 78.6. The regional population change rate in the last 10 years (%) has been -0.05%.","population density","http://www.wikidata.org/entity/Q22856","-7.520209808582196","40.39081646399735","-9.183333333333334","38.7"
"Income and gross value added","The average per capita income (EUR/year) [NUTS3] is 13122.59. The total Gross Value Added (GVA) (EUR million/year) [NUTS3] is 2534.72. The primary sector share of total GVA/year [NUTS3] is 3.67%. The secondary sector share of total GVA/year [NUTS3] is 24.16%. The tertiary sector share of total GVA/year [NUTS3] is 72.00%. The per capita income (EUR/year) [NUTS2] is 16576.33. The total Gross Value Added (GVA) (EUR million/year) [NUTS2] is 33268.83. The primary sector share of total GVA/year [NUTS2] is 3.44%. The secondary sector share of total GVA/year [NUTS2] is 30.35%. The tertiary sector share of total GVA/year [NUTS2] is 67.00%.","gross value added, per capita income, year","http://www.wikidata.org/entity/Q994873, http://www.wikidata.org/entity/Q45918, http://www.wikidata.org/entity/Q577","-7.520209808582196","40.39081646399735","-9.183333333333334","38.7"
"Tourism","The total number of bed places (BPs) in tourist accommodations/year in the LAU is 403. The regional (NUTS2) share of total BPs/year is 0.63%. The number of agricultural holdings in the LAU is 111. The nearest settlement with population over 100000 (km) is 77.2. In this region protected areas are present.","number, bed, year","http://www.wikidata.org/entity/Q11563, http://www.wikidata.org/entity/Q42177, http://www.wikidata.org/entity/Q577","-7.520209808582196","40.39081646399735","-9.183333333333334","38.7"
"Employment","The primary sector share of total employment/year [NUTS3] is 20.11%. The secondary sector share of total employment/year [NUTS3] is 34.59%. The tertiary sector share of total employment/year [NUTS3] is 45.30%. The primary sector share of total employment/year [NUTS2] is 13.25%. The secondary sector share of total employment/year [NUTS2] is 48.20%. The tertiary sector share of total employment/year [NUTS2] is 38.55%.","employment, year","http://www.wikidata.org/entity/Q656365, http://www.wikidata.org/entity/Q577","-7.520209808582196","40.39081646399735","-9.183333333333334","38.7"
"Concluding remarks","","","","-7.520209808582196","40.39081646399735","-9.183333333333334","38.7"
