title,description,objects,objectlinks,lon,lat,barycenter_lon,barycenter_lat
"MOUNTAIN HONEY","The MOVING reference member state of this VC is ROMANIA. The reference MOVING Card ID of this VC is VC 01 RO. In 2019 there were a total of 39,501 bee families / hives registered in Brasov county for honey production - more than twice the amount registered in 1990 (INSSE data, 2021). The owners of these hives range from private households to commercial honey producers selling via many different value chains. These range from very local value chains to much longer value chains involving both the international sales of speciality honeys to the blending of honeys for mass sales via multiple retailiers. In all cases there is a clear need for honey producers to continue to work on product conformity and value chain development.","romania, honey, data, need, conformity, value chain","http://www.wikidata.org/entity/Q218, http://www.wikidata.org/entity/Q10987, http://www.wikidata.org/entity/Q42848, http://www.wikidata.org/entity/Q190258, http://www.wikidata.org/entity/Q221284, http://www.wikidata.org/entity/Q646107","25.0","46.0","25.0","46.0"
"Interest on this VC","Bee-keeping is an important economic activity in Romania (especially in more marginal rural areas) which is recognised by the government and supported with appropriate interventions within the framework of a National Beekeeping Programme (https://www.madr.ro/programul-national-apicol.html). Beneficiaries of the programme include both individual beekeepers and beekeeping organisations. Available support includes specialist consultancy services; promotion of bee products; training courses; investment support for production and processing facilities (including direct support for transhumance of hives); subsidised medicinal products for varroasis; national level management of transhumance / pastoral beekeeping (especially important in the mountain areas); financial assistance for restocking (purchase of queens and bee families), and; analytical services for testing quality of honey.","romania, government, interventions, consultancy, training, investment, transhumance, management, mountain, queens, honey","http://www.wikidata.org/entity/Q218, http://www.wikidata.org/entity/Q7188, http://www.wikidata.org/entity/Q1671448, http://www.wikidata.org/entity/Q268626, http://www.wikidata.org/entity/Q918385, http://www.wikidata.org/entity/Q4290, http://www.wikidata.org/entity/Q4657754, http://www.wikidata.org/entity/Q2920921, http://www.wikidata.org/entity/Q8502, http://www.wikidata.org/entity/Q18424, http://www.wikidata.org/entity/Q10987","25.0","46.0","25.0","46.0"
"Mountain landscape and reference chains","The reference mountain chain of this VC is Southern Romanian Carpathian Mountains. The reference mountain landscape of this VC is Bunești commune in Braşov County (RO122). Braşov county is a hilly mountainous region (500 - 2000 metres altitude) located in the south-eastern part of Transylvania. The relief is a diverse mix of mountainous (35%), hilly (50%) and lower altitude plain areas (15%) with an associated land use of forests (mainly in the mountain areas), permanent grasslands (mainly in the hilly areas), cultivated arable fields (in the hilly areas and lower altitude plains and hill areas) plus some urban, industrial and water surfaces (lakes and reservoirs).","carpathian mountains, reference, mountain, landscape, commune, county, altitude, transylvania, hill, water","http://www.wikidata.org/entity/Q1288, http://www.wikidata.org/entity/Q121769, http://www.wikidata.org/entity/Q8502, http://www.wikidata.org/entity/Q107425, http://www.wikidata.org/entity/Q517760, http://www.wikidata.org/entity/Q28575, http://www.wikidata.org/entity/Q190200, http://www.wikidata.org/entity/Q39473, http://www.wikidata.org/entity/Q54050, http://www.wikidata.org/entity/Q283","25.5","47.0","25.0","46.0"
"Key local assets","There are many different types of honey produced in Braşov county depending upon the season and the vegetation that is flowering. The most common types are Acacia, Lime and Poliflora, but very specific local types such as 'mountain raspberry' and 'mountain pasture' honey are also produced. Organically-certified poliflora honey is also available. About the LAU: 40704.","acacia, honey, county, vegetation, mountain, raspberry, pasture","http://www.wikidata.org/entity/Q81666, http://www.wikidata.org/entity/Q10987, http://www.wikidata.org/entity/Q28575, http://www.wikidata.org/entity/Q187997, http://www.wikidata.org/entity/Q8502, http://www.wikidata.org/entity/Q13179, http://www.wikidata.org/entity/Q30121","25.06011754859509","46.09563849173544","25.0","46.0"
"Challenges","The sector has great potential to grow both in terms of production capacity and consumer demand, but there is inevitably growing concern about the on-going threat of disease, invasive species and loss of habitats / feeding sources due both to the intensification of arable cropping (including poor management of insecticides) and the abandonment of grasslands, especially in the mountain areas. The long-term effects of climate change and climate variability remain unknown but are likely to have negative impacts upon productivity of honeybees. Additional interventions are therefore needed to strengthen the capacity of beekeepers to adapt through integrating climate services with available indigenous knowledge and local practices. Overall the type of challenge faced by this VC is Current and Predicted. This VC is classified as Traditional.","potential, demand, threat, disease, invasive species, management, mountain, climate, productivity, interventions, knowledge","http://www.wikidata.org/entity/Q1202245, http://www.wikidata.org/entity/Q4402708, http://www.wikidata.org/entity/Q707125, http://www.wikidata.org/entity/Q12136, http://www.wikidata.org/entity/Q183368, http://www.wikidata.org/entity/Q2920921, http://www.wikidata.org/entity/Q8502, http://www.wikidata.org/entity/Q7937, http://www.wikidata.org/entity/Q2111958, http://www.wikidata.org/entity/Q1671448, http://www.wikidata.org/entity/Q9081","25.06011754859509","46.09563849173544","25.0","46.0"
"Innovation","The type of innovation of this VC is unspecified. The innovation is related to the whole VC. The land use systems involved are Grassland, Forestry and Natural land. The local assets include Natural and cultural.","innovation, grassland","http://www.wikidata.org/entity/Q174165, http://www.wikidata.org/entity/Q1006733","25.06011754859509","46.09563849173544","25.0","46.0"
"Geography and population","The size of the area (km2) is 143.45. The minimum altimetry of the LAU is unspecified. The maximum altimetry of the LAU is unspecified. The total population (in thousand) is 2.751. The population density (Inhabitants/km2) in the LAU is 19.18. The population change rate of the LAU in the last 10 years (%) is unspecified. The overall regional population density (Inhabitants/km2) is 68.2. The regional population change rate in the last 10 years (%) has been -0.90%.","population density","http://www.wikidata.org/entity/Q22856","25.06011754859509","46.09563849173544","25.0","46.0"
"Income and gross value added","The average per capita income (EUR/year) [NUTS3] is 12600. The total Gross Value Added (GVA) (EUR million/year) [NUTS3] is 6259.84. The primary sector share of total GVA/year [NUTS3] is 2.40%. The secondary sector share of total GVA/year [NUTS3] is 35.80%. The tertiary sector share of total GVA/year [NUTS3] is 61.80%. The per capita income (EUR/year) [NUTS2] is 10000. The total Gross Value Added (GVA) (EUR million/year) [NUTS2] is 21007.63. The primary sector share of total GVA/year [NUTS2] is 4.40%. The secondary sector share of total GVA/year [NUTS2] is 38.20%. The tertiary sector share of total GVA/year [NUTS2] is 57.40%.","gross value added, per capita income, year","http://www.wikidata.org/entity/Q994873, http://www.wikidata.org/entity/Q45918, http://www.wikidata.org/entity/Q577","25.06011754859509","46.09563849173544","25.0","46.0"
"Tourism","The total number of bed places (BPs) in tourist accommodations/year in the LAU is 17795. The regional (NUTS2) share of total BPs/year is 39.20%. The number of agricultural holdings in the LAU is 47980. The nearest settlement with population over 100000 (km) is unspecified. In this region protected areas are present.","number, bed, year","http://www.wikidata.org/entity/Q11563, http://www.wikidata.org/entity/Q42177, http://www.wikidata.org/entity/Q577","25.06011754859509","46.09563849173544","25.0","46.0"
"Employment","The primary sector share of total employment/year [NUTS3] is 8.80%. The secondary sector share of total employment/year [NUTS3] is 40.30%. The tertiary sector share of total employment/year [NUTS3] is 51.20%. The primary sector share of total employment/year [NUTS2] is 9.90%. The secondary sector share of total employment/year [NUTS2] is 42.20%. The tertiary sector share of total employment/year [NUTS2] is 48.00%.","employment, year","http://www.wikidata.org/entity/Q656365, http://www.wikidata.org/entity/Q577","25.06011754859509","46.09563849173544","25.0","46.0"
"Concluding remarks","The specific value chain selected for this VC card is a social enterprise - AgroVision - set-up 14 years ago in the village of Crits in Brasov county to develop and present a model of modern small-scale farming to alleviate rural poverty and social exclusion. In 2018 AgroVision diversfied into honey production and started collecting, processing and marleting honey from local beekeepers under the brand of 'Marindar' (https://merindar.ro/about). This specific enterprise has been specifically chosen to highlight the potential importance of bee keeping and the honey value chain as a source of income for disadvantaged communities in the mountain areas of Romania. Agrovision now works with 650 beekeepers organised into 9 bee-keeping associations in five counties. They have donated hives and 2,600 bee families, provided training and support for small bee-keeping businesses and are working to promote bee-keeping to young people in 7 High Schools.","romania, value chain, social enterprise, village, poverty, social exclusion, honey, importance, mountain, training, people","http://www.wikidata.org/entity/Q218, http://www.wikidata.org/entity/Q646107, http://www.wikidata.org/entity/Q1071015, http://www.wikidata.org/entity/Q532, http://www.wikidata.org/entity/Q10294, http://www.wikidata.org/entity/Q5853064, http://www.wikidata.org/entity/Q10987, http://www.wikidata.org/entity/Q16886469, http://www.wikidata.org/entity/Q8502, http://www.wikidata.org/entity/Q918385, http://www.wikidata.org/entity/Q2472587","25.0","46.0","25.0","46.0"
