title,description,objects,objectlinks,lon,lat,barycenter_lon,barycenter_lat
"CERTIFIED ECOTOURISM","The MOVING reference member state of this VC is ROMANIA. The reference MOVING Card ID of this VC is VC 03 RO. The main actors in the ecotourism value chain of the Piatra Craiului National Park are local business and residents providing accommodation, local food and meals, guiding services and rental facilities (notably mountain bikes). The area has been an official ecotourism destination in Romania since 2014 certified by the Association of Ecotourism in Romania (AER). AER aims to improve the quality of ecotourism services and to develop the infrastructure from ecotourism destinations across the whole of Romania. It is a membership organisation and works to bring together the public and private sectors in innovative ways to create partnerships for nature conservation and sustainable tourism development. AER operates an Ecotourism Certification System for putting into practice clearly-defined ecotourism principles. For more information see here: https://www.eco-romania.ro/en/eco-destinations/zarnesti-piatra-craiului/.","romania, reference, ecotourism, value chain, destinations, sustainable tourism","http://www.wikidata.org/entity/Q218, http://www.wikidata.org/entity/Q121769, http://www.wikidata.org/entity/Q187449, http://www.wikidata.org/entity/Q646107, http://www.wikidata.org/entity/Q5265193, http://www.wikidata.org/entity/Q1344240","25.0","46.0","25.0","46.0"
"Interest on this VC","The Piatra Craiului National Park is a high quality tourist destination in Romania, but also a fragile landscape and vulnerable ecosystem that is under great pressure from innappropriate development. Certified ecotourism is an innovative form of tourism very well-suited to the sustainable development of the local area. The concept of ecotourism is highly relevant for the mountain areas of Romania. It is a well-established concept in the international tourist market and is being effectively adapted to the Romanian context. The governance of this new sector by the Association of Ecotourism in Romania (AER) is also particularly interesting. AER has 56 members - most of them small tourism businesses, such as guesthouses or tourism agencies specialized in outdoor programmes and rural culture - and all having representation in the decision-making processes of AER, including the on-going development of the certification system operated by the association.","romania, ecosystem, ecotourism, tourism, concept","http://www.wikidata.org/entity/Q218, http://www.wikidata.org/entity/Q37813, http://www.wikidata.org/entity/Q187449, http://www.wikidata.org/entity/Q49389, http://www.wikidata.org/entity/Q151885","25.0","46.0","25.0","46.0"
"Mountain landscape and reference chains","The reference mountain chain of this VC is Southern Romanian Carpathian Mountains. The reference mountain landscape of this VC is Moeciu commune in Braşov County (RO122). Braşov county is a hilly mountainous region (500 - 2000 metres altitude) located in the south-eastern part of Transylvania. The relief is a diverse mix of mountainous (35%), hilly (50%) and lower altitude plain areas (15%) with an associated land use of forests (mainly in the mountain areas), permanent grasslands (mainly in the hilly areas), cultivated arable fields (in the hilly areas and lower altitude plains and hill areas) plus some urban, industrial and water surfaces (lakes and reservoirs).","carpathian mountains, reference, mountain, landscape, commune, county, altitude, transylvania, hill, water","http://www.wikidata.org/entity/Q1288, http://www.wikidata.org/entity/Q121769, http://www.wikidata.org/entity/Q8502, http://www.wikidata.org/entity/Q107425, http://www.wikidata.org/entity/Q517760, http://www.wikidata.org/entity/Q28575, http://www.wikidata.org/entity/Q190200, http://www.wikidata.org/entity/Q39473, http://www.wikidata.org/entity/Q54050, http://www.wikidata.org/entity/Q283","25.5","47.0","25.0","46.0"
"Key local assets","Piatra Craiului is a mountain massif that is widely considered a jewel in the crown of the Romanian Carpathians. Land use is a combination of traditional semi-subsistence pastoralism and deciduous forest, but the landscape is dominated by a 25 km long limestone ridge (highest elevation is 2,238 metres) with deep gorges and caves. This creates a unique mountain landscape that is highly appreciated nationally and internationally. Foor example, the 2003 movie Cold Mountain was filmed in and around the 'Prăpăstiile Zărneștilor' gorge which is is one of the most visited sights in the massif. About the LAU: 41471.","mountain, massif, combination, pastoralism, forest, landscape, limestone","http://www.wikidata.org/entity/Q8502, http://www.wikidata.org/entity/Q1061151, http://www.wikidata.org/entity/Q202805, http://www.wikidata.org/entity/Q9056738, http://www.wikidata.org/entity/Q4421, http://www.wikidata.org/entity/Q107425, http://www.wikidata.org/entity/Q23757","25.314628322019516","45.47043961050068","25.0","46.0"
"Challenges","Rural tourism is very well-established in and around the Piatra Craiului National Park and the region has been a touristic hot-spot since the previous communist period. The National Park alone attracts over 110,000 visitors per year and this has put considerable pressure upon the local environment. These pressures are likely to increase and there is an urgent need to develop more sustainable, lower impacts forms of tourism whilst also maintaining the valuable income provided for the local community. There are also specific challenges associated with climate change, notably the increasing vulnerability of the domestic water supply due to over-exploitation by tourism combined with the increasing frequency of drought. Overall the type of challenge faced by this VC is Current and Predicted. This VC is classified as Innovative.","tourism, park, need, community, water, drought","http://www.wikidata.org/entity/Q49389, http://www.wikidata.org/entity/Q22698, http://www.wikidata.org/entity/Q190258, http://www.wikidata.org/entity/Q177634, http://www.wikidata.org/entity/Q283, http://www.wikidata.org/entity/Q43059","25.314628322019516","45.47043961050068","25.0","46.0"
"Innovation","The type of innovation of this VC is Endogenous and Exogenous. The concept of ecotourism has emerged more recently in the area to cater for tourists wishing to experience the natural environment of the National Park more responsibly without damaging it or disturbing its habitats as well as supporting the well-being of local people. The ecotourism services that are offered locally in partnership with the National Park Authority and local businesses are fully certified (by AER see below) and include: 'Eco-tours' with experienced local guides to visit wolf, lynx and bear tracks; Specialist hiking trips for nature photography; Low impact mountain biking trails, and; Small scale-accommodation structures (eco-lodges and guesthouses). The innovation is related to New products and New governance systems. The land use systems involved are Grassland, Forestry and Natural land. The local assets include Natural and cultural.","national park authority, innovation, concept, ecotourism, park, people, partnership, nature, photography, mountain biking, governance, grassland, forestry","http://www.wikidata.org/entity/Q3336962, http://www.wikidata.org/entity/Q174165, http://www.wikidata.org/entity/Q151885, http://www.wikidata.org/entity/Q187449, http://www.wikidata.org/entity/Q22698, http://www.wikidata.org/entity/Q2472587, http://www.wikidata.org/entity/Q728646, http://www.wikidata.org/entity/Q7860, http://www.wikidata.org/entity/Q11633, http://www.wikidata.org/entity/Q520611, http://www.wikidata.org/entity/Q1553864, http://www.wikidata.org/entity/Q1006733, http://www.wikidata.org/entity/Q38112","25.314628322019516","45.47043961050068","25.0","46.0"
"Geography and population","The size of the area (km2) is 110. The minimum altimetry of the LAU is unspecified. The maximum altimetry of the LAU is unspecified. The total population (in thousand) is 4.722. The population density (Inhabitants/km2) in the LAU is 42.93. The population change rate of the LAU in the last 10 years (%) is unspecified. The overall regional population density (Inhabitants/km2) is 68.2. The regional population change rate in the last 10 years (%) has been -0.90%.","population density","http://www.wikidata.org/entity/Q22856","25.314628322019516","45.47043961050068","25.0","46.0"
"Income and gross value added","The average per capita income (EUR/year) [NUTS3] is 12600. The total Gross Value Added (GVA) (EUR million/year) [NUTS3] is 6259.84. The primary sector share of total GVA/year [NUTS3] is 2.40%. The secondary sector share of total GVA/year [NUTS3] is 35.80%. The tertiary sector share of total GVA/year [NUTS3] is 61.80%. The per capita income (EUR/year) [NUTS2] is 10000. The total Gross Value Added (GVA) (EUR million/year) [NUTS2] is 21007.63. The primary sector share of total GVA/year [NUTS2] is 4.40%. The secondary sector share of total GVA/year [NUTS2] is 38.20%. The tertiary sector share of total GVA/year [NUTS2] is 57.40%.","gross value added, per capita income, year","http://www.wikidata.org/entity/Q994873, http://www.wikidata.org/entity/Q45918, http://www.wikidata.org/entity/Q577","25.314628322019516","45.47043961050068","25.0","46.0"
"Tourism","The total number of bed places (BPs) in tourist accommodations/year in the LAU is 17795. The regional (NUTS2) share of total BPs/year is 39.20%. The number of agricultural holdings in the LAU is 47980. The nearest settlement with population over 100000 (km) is unspecified. In this region protected areas are present.","number, bed, year","http://www.wikidata.org/entity/Q11563, http://www.wikidata.org/entity/Q42177, http://www.wikidata.org/entity/Q577","25.314628322019516","45.47043961050068","25.0","46.0"
"Employment","The primary sector share of total employment/year [NUTS3] is 8.80%. The secondary sector share of total employment/year [NUTS3] is 40.30%. The tertiary sector share of total employment/year [NUTS3] is 51.20%. The primary sector share of total employment/year [NUTS2] is 9.90%. The secondary sector share of total employment/year [NUTS2] is 42.20%. The tertiary sector share of total employment/year [NUTS2] is 48.00%.","employment, year","http://www.wikidata.org/entity/Q656365, http://www.wikidata.org/entity/Q577","25.314628322019516","45.47043961050068","25.0","46.0"
"Concluding remarks","The touristic destination associated with the Piatra Craiului National Park encompasses a total of six LAUs: Oraş Zărneşti (40492), Moeciu (41471) and Bran (40633) in Braşov county (RO122) plus Rucăr (18527), Dragoslavele (16472) and Dâmbovicioara (16329) in Argeş county (RO311).","park, bran, county","http://www.wikidata.org/entity/Q22698, http://www.wikidata.org/entity/Q188672, http://www.wikidata.org/entity/Q28575","25.314628322019516","45.47043961050068","25.0","46.0"
