title,description,objects,objectlinks,lon,lat,barycenter_lon,barycenter_lat
"FIREWOOD FOR HEATING and COOKING","The MOVING reference member state of this VC is ROMANIA. The reference MOVING Card ID of this VC is VC 04 RO. In the reference landscape chosen the key actors in the certified value chain are private forest owners (in other regions there is more state- and/or church-owned forest), professional woodcutters and firewood traders. The professional woodcutters have the expertise to select the most appropriate trees to harvest for firewood, plus the experience of working on the steep mountain slopes characteristic of the area. The firewood traders have storage space, transportation and a reliable supply of available labour for the intensive work of cutting and splitting the firewood.","reference, romania, landscape, value chain, forest, firewood","http://www.wikidata.org/entity/Q121769, http://www.wikidata.org/entity/Q218, http://www.wikidata.org/entity/Q107425, http://www.wikidata.org/entity/Q646107, http://www.wikidata.org/entity/Q4421, http://www.wikidata.org/entity/Q35808","25.0","46.0","25.0","46.0"
"Interest on this VC","Wood continues to be very important fuel for heating and cooking in many households in mountain communities in Romania, including in Moeciu commune in the western extreme of Braşov County where households are very dispersed and basic services such as a public gas supply are poorly developed. This dependence upon firewood puts the local forest resources under great pressure - notably from unregulated and often illegal harvesting and collection of firewood for personal use and/or sale.","romania, commune","http://www.wikidata.org/entity/Q218, http://www.wikidata.org/entity/Q517760","25.0","46.0","25.0","46.0"
"Mountain landscape and reference chains","The reference mountain chain of this VC is Southern Romanian Carpathian Mountains. The reference mountain landscape of this VC is Moeciu commune in Braşov County (RO122). Braşov county is a hilly mountainous region (500 - 2000 metres altitude) located in the south-eastern part of Transylvania. The relief is a diverse mix of mountainous (35%), hilly (50%) and lower altitude plain areas (15%) with an associated land use of forests (mainly in the mountain areas), permanent grasslands (mainly in the hilly areas), cultivated arable fields (in the hilly areas and lower altitude plains and hill areas) plus some urban, industrial and water surfaces (lakes and reservoirs).","carpathian mountains, reference, mountain, landscape, commune, county, altitude, transylvania, hill, water","http://www.wikidata.org/entity/Q1288, http://www.wikidata.org/entity/Q121769, http://www.wikidata.org/entity/Q8502, http://www.wikidata.org/entity/Q107425, http://www.wikidata.org/entity/Q517760, http://www.wikidata.org/entity/Q28575, http://www.wikidata.org/entity/Q190200, http://www.wikidata.org/entity/Q39473, http://www.wikidata.org/entity/Q54050, http://www.wikidata.org/entity/Q283","25.5","47.0","25.0","46.0"
"Key local assets","Predominantly mixed decidious forest, especially areas which are most accessible for motorised or horse-drawn vehicles. About the LAU: 41471.","forest, horse","http://www.wikidata.org/entity/Q4421, http://www.wikidata.org/entity/Q726","25.314628322019516","45.47043961050068","25.0","46.0"
"Challenges","The harvesting / collection of firewood (mainly beech and birch with some oak, ash, spruce and fir) has been much more strictly regulated in the last few years and commercial sales must be accompanied by a certificate of origin. The records of registered firewood traders are regularly inspected and spot-checks by the police and environmental inspectors ('Garda de Mediu') are also common. However, the increased regulation of firewood (and reduced supply) has contributed to a significant increase in price - around 250% in 10 years - which now provides additional incentive for the illegal trade in firewood to continue and flourish. Overall the type of challenge faced by this VC is Current. This VC is classified as Traditional.","firewood, sales, police, regulation, incentive, trade","http://www.wikidata.org/entity/Q35808, http://www.wikidata.org/entity/Q194189, http://www.wikidata.org/entity/Q35535, http://www.wikidata.org/entity/Q428148, http://www.wikidata.org/entity/Q1414816, http://www.wikidata.org/entity/Q601401","25.314628322019516","45.47043961050068","25.0","46.0"
"Innovation","The type of innovation of this VC is unspecified. The innovation is related to the whole VC. The land use systems involved are Forestry. The local assets include Natural.","innovation","http://www.wikidata.org/entity/Q174165","25.314628322019516","45.47043961050068","25.0","46.0"
"Geography and population","The size of the area (km2) is 110. The minimum altimetry of the LAU is unspecified. The maximum altimetry of the LAU is unspecified. The total population (in thousand) is 4.722. The population density (Inhabitants/km2) in the LAU is 42.93. The population change rate of the LAU in the last 10 years (%) is unspecified. The overall regional population density (Inhabitants/km2) is 68.2. The regional population change rate in the last 10 years (%) has been -0.90%.","population density","http://www.wikidata.org/entity/Q22856","25.314628322019516","45.47043961050068","25.0","46.0"
"Income and gross value added","The average per capita income (EUR/year) [NUTS3] is 12600. The total Gross Value Added (GVA) (EUR million/year) [NUTS3] is 6259.84. The primary sector share of total GVA/year [NUTS3] is 2.40%. The secondary sector share of total GVA/year [NUTS3] is 35.80%. The tertiary sector share of total GVA/year [NUTS3] is 61.80%. The per capita income (EUR/year) [NUTS2] is 10000. The total Gross Value Added (GVA) (EUR million/year) [NUTS2] is 21007.63. The primary sector share of total GVA/year [NUTS2] is 4.40%. The secondary sector share of total GVA/year [NUTS2] is 38.20%. The tertiary sector share of total GVA/year [NUTS2] is 57.40%.","gross value added, per capita income, year","http://www.wikidata.org/entity/Q994873, http://www.wikidata.org/entity/Q45918, http://www.wikidata.org/entity/Q577","25.314628322019516","45.47043961050068","25.0","46.0"
"Tourism","The total number of bed places (BPs) in tourist accommodations/year in the LAU is 17795. The regional (NUTS2) share of total BPs/year is 39.20%. The number of agricultural holdings in the LAU is 47980. The nearest settlement with population over 100000 (km) is unspecified. In this region protected areas are present.","number, bed, year","http://www.wikidata.org/entity/Q11563, http://www.wikidata.org/entity/Q42177, http://www.wikidata.org/entity/Q577","25.314628322019516","45.47043961050068","25.0","46.0"
"Employment","The primary sector share of total employment/year [NUTS3] is 8.80%. The secondary sector share of total employment/year [NUTS3] is 40.30%. The tertiary sector share of total employment/year [NUTS3] is 51.20%. The primary sector share of total employment/year [NUTS2] is 9.90%. The secondary sector share of total employment/year [NUTS2] is 42.20%. The tertiary sector share of total employment/year [NUTS2] is 48.00%.","employment, year","http://www.wikidata.org/entity/Q656365, http://www.wikidata.org/entity/Q577","25.314628322019516","45.47043961050068","25.0","46.0"
"Concluding remarks","","","","25.314628322019516","45.47043961050068","25.0","46.0"
