title,description,objects,objectlinks,lon,lat,barycenter_lon,barycenter_lat
"FORESTS WITH SPECIAL PROTECTION FUNCTION","The MOVING reference member state of this VC is ROMANIA. The reference MOVING Card ID of this VC is VC 06 RO.","reference, romania","http://www.wikidata.org/entity/Q121769, http://www.wikidata.org/entity/Q218","25.0","46.0","25.0","46.0"
"Interest on this VC","38% of forests in Romania are designated as PRIMARILY having a 'special protection function' - these are divided into five sub-groups according to the priority function: hydrology protection (13%), soil protection (14%), recreation (7%), biodiversity and scientific interests (3%) and protection against climatic and industrial damages (1%).","romania, protection, hydrology, soil, recreation, biodiversity, damages","http://www.wikidata.org/entity/Q218, http://www.wikidata.org/entity/Q2251595, http://www.wikidata.org/entity/Q42250, http://www.wikidata.org/entity/Q36133, http://www.wikidata.org/entity/Q184872, http://www.wikidata.org/entity/Q47041, http://www.wikidata.org/entity/Q308922","25.0","46.0","25.0","46.0"
"Mountain landscape and reference chains","The reference mountain chain of this VC is Southern Romanian Carpathian Mountains. The reference mountain landscape of this VC is Braşov county. Braşov county is a hilly mountainous region (500 - 2000 metres altitude) located in the south-eastern part of Transylvania. The relief is a diverse mix of mountainous (35%), hilly (50%) and lower altitude plain areas (15%) with an associated land use of forests (mainly in the mountain areas), permanent grasslands (mainly in the hilly areas), cultivated arable fields (in the hilly areas and lower altitude plains and hill areas) plus some urban, industrial and water surfaces (lakes and reservoirs).","carpathian mountains, reference, mountain, landscape, county, altitude, transylvania, hill, water","http://www.wikidata.org/entity/Q1288, http://www.wikidata.org/entity/Q121769, http://www.wikidata.org/entity/Q8502, http://www.wikidata.org/entity/Q107425, http://www.wikidata.org/entity/Q28575, http://www.wikidata.org/entity/Q190200, http://www.wikidata.org/entity/Q39473, http://www.wikidata.org/entity/Q54050, http://www.wikidata.org/entity/Q283","25.5","47.0","25.0","46.0"
"Key local assets","N/A. About the LAU: NUTS3 RO122.","","","25.298226361335615","45.75951416581576","25.0","46.0"
"Challenges","N/A. Overall the type of challenge faced by this VC is Current and Predicted. This VC is classified as Traditional.","","","25.298226361335615","45.75951416581576","25.0","46.0"
"Innovation","The type of innovation of this VC is unspecified. The innovation is related to the whole VC. The land use systems involved are Forestry. The local assets include Natural.","innovation","http://www.wikidata.org/entity/Q174165","25.298226361335615","45.75951416581576","25.0","46.0"
"Geography and population","The size of the area (km2) is 5363. The minimum altimetry of the LAU is unspecified. The maximum altimetry of the LAU is unspecified. The total population (in thousand) is 552.193. The population density (Inhabitants/km2) in the LAU is 103.60. The population change rate of the LAU in the last 10 years (%) is unspecified. The overall regional population density (Inhabitants/km2) is 68.2. The regional population change rate in the last 10 years (%) has been -0.90%.","population density","http://www.wikidata.org/entity/Q22856","25.298226361335615","45.75951416581576","25.0","46.0"
"Income and gross value added","The average per capita income (EUR/year) [NUTS3] is 12600. The total Gross Value Added (GVA) (EUR million/year) [NUTS3] is 6259.84. The primary sector share of total GVA/year [NUTS3] is 2.40%. The secondary sector share of total GVA/year [NUTS3] is 35.80%. The tertiary sector share of total GVA/year [NUTS3] is 61.80%. The per capita income (EUR/year) [NUTS2] is 10000. The total Gross Value Added (GVA) (EUR million/year) [NUTS2] is 21007.63. The primary sector share of total GVA/year [NUTS2] is 4.40%. The secondary sector share of total GVA/year [NUTS2] is 38.20%. The tertiary sector share of total GVA/year [NUTS2] is 57.40%.","gross value added, per capita income, year","http://www.wikidata.org/entity/Q994873, http://www.wikidata.org/entity/Q45918, http://www.wikidata.org/entity/Q577","25.298226361335615","45.75951416581576","25.0","46.0"
"Tourism","The total number of bed places (BPs) in tourist accommodations/year in the LAU is 17795. The regional (NUTS2) share of total BPs/year is 39.20%. The number of agricultural holdings in the LAU is 47980. The nearest settlement with population over 100000 (km) is unspecified. In this region protected areas are present.","number, bed, year","http://www.wikidata.org/entity/Q11563, http://www.wikidata.org/entity/Q42177, http://www.wikidata.org/entity/Q577","25.298226361335615","45.75951416581576","25.0","46.0"
"Employment","The primary sector share of total employment/year [NUTS3] is 8.80%. The secondary sector share of total employment/year [NUTS3] is 40.30%. The tertiary sector share of total employment/year [NUTS3] is 51.20%. The primary sector share of total employment/year [NUTS2] is 9.90%. The secondary sector share of total employment/year [NUTS2] is 42.20%. The tertiary sector share of total employment/year [NUTS2] is 48.00%.","employment, year","http://www.wikidata.org/entity/Q656365, http://www.wikidata.org/entity/Q577","25.298226361335615","45.75951416581576","25.0","46.0"
"Concluding remarks","","","","25.298226361335615","45.75951416581576","25.0","46.0"
