title,description,objects,objectlinks,lon,lat,barycenter_lon,barycenter_lat
"FARMED and PROCESSED MOUNTAIN TROUT","The MOVING reference member state of this VC is ROMANIA. The reference MOVING Card ID of this VC is VC 20 RO. The 'Păstrăvăria Bușteni' began selling fresh (eviscerated) Rainbow Trout in 2018 and has since diversified into the processing and sale of a broad range of additional products, including smoked Trout, Trout cavier, several different types of Trout pate, marinated Trout and Trout in various forms of sauce. In total the business has registered 15 different products (https://produse.produsmontan.ro/?filters=product cat%5b51%5d judet%5b72%5d) as 'Mountain Products' under Romania's adoption of the Optional Quality Term (OQT) - see below. All sales are direct to consumers via two farm shops in Bușteni, plus an online shop.","rainbow, reference, romania, rainbow trout, trout, sauce, business, mountain, adoption","http://www.wikidata.org/entity/Q1052, http://www.wikidata.org/entity/Q121769, http://www.wikidata.org/entity/Q218, http://www.wikidata.org/entity/Q187986, http://www.wikidata.org/entity/Q2258881, http://www.wikidata.org/entity/Q178359, http://www.wikidata.org/entity/Q4830453, http://www.wikidata.org/entity/Q8502, http://www.wikidata.org/entity/Q180472","25.0","46.0","25.0","46.0"
"Interest on this VC","Aquaculture in Romania is dominated by semi-extensive production of common carp in the lowland regions. Farming and processing of trout in the mountains is a more recent development but enjoys a growing market for fresh trout and processed products, as well as integration with various forms of mountain tourism (e.g. 'catch-and-cook'). The 'Păstrăvăria Bușteni' is a good example of a trout farm (https://www.pastravariabusteni.ro/) located in a mountain area (the Prahova River Valley) that is popular with tourists and therefore has a thriving business in direct sales of fresh trout and trout products - all registered as 'Mountain Products' under Romania's adoption of the Optional Quality Term (OQT).","romania, aquaculture, trout, mountain, tourism, farm, valley, business, sales, adoption","http://www.wikidata.org/entity/Q218, http://www.wikidata.org/entity/Q188989, http://www.wikidata.org/entity/Q2258881, http://www.wikidata.org/entity/Q8502, http://www.wikidata.org/entity/Q49389, http://www.wikidata.org/entity/Q131596, http://www.wikidata.org/entity/Q39816, http://www.wikidata.org/entity/Q4830453, http://www.wikidata.org/entity/Q194189, http://www.wikidata.org/entity/Q180472","25.0","46.0","25.0","46.0"
"Mountain landscape and reference chains","The reference mountain chain of this VC is Southern Romanian Carpathian Mountains. The reference mountain landscape of this VC is Oraş Busteni in Prahova County (RO316). The relief of Prahova County (RO316) is split equally between mountains / hills in the north and and plain in the south. The mountainous zone is characterised by a deep forested valley (the Prahova River Valley) that transects the so-called Carpathian Bend and divides the southern end of the Eastern Carpathians eastern end of the Southern Carpathians. The landscape of the Prahova River Valley is dominated by the steep rocky slopes of the Bucegi mountains which rise to 2,505 metres. The Prahova valley is 1.5 hours north of the capital city of Bucharest and is an important tourist destination with popular ski resorts at Sinaiai and Busteni. There are also important cultural locations such as Peles and Cantacuzino Castles.","prahova county, reference, mountain, carpathian mountains, landscape, county, valley, eastern carpathians, southern carpathians, river, bucegi mountains, prahova valley, bucharest","http://www.wikidata.org/entity/Q188665, http://www.wikidata.org/entity/Q121769, http://www.wikidata.org/entity/Q8502, http://www.wikidata.org/entity/Q1288, http://www.wikidata.org/entity/Q107425, http://www.wikidata.org/entity/Q28575, http://www.wikidata.org/entity/Q39816, http://www.wikidata.org/entity/Q776842, http://www.wikidata.org/entity/Q217202, http://www.wikidata.org/entity/Q4022, http://www.wikidata.org/entity/Q841691, http://www.wikidata.org/entity/Q7237732, http://www.wikidata.org/entity/Q19660","26.02","45.1","25.0","46.0"
"Key local assets","The key natural asset for a trout farm such as this is a clean (unpolluted) source of water - in this case, a local mountain stream draining a forested catchment area. About the LAU: 131210.","asset, trout, farm, water, mountain, stream","http://www.wikidata.org/entity/Q46737, http://www.wikidata.org/entity/Q2258881, http://www.wikidata.org/entity/Q131596, http://www.wikidata.org/entity/Q283, http://www.wikidata.org/entity/Q8502, http://www.wikidata.org/entity/Q47521","25.52682281881302","45.4150940524916","25.0","46.0"
"Challenges","Value chains for mountains products such as the trout and trout products produced in the Busteni commune are vulnerable since they command a premium price and there are many lower quality products on the market that undermine their sales. Registration as a 'Mountain Product' helps greatly to promote the product and ensure consumer confidence, but such products still rely heavily upon direct sales which can be interrupted / disrupted by external factors beyond the control of the producers (e.g. covid). This vulnerability could be overcome to a great extent by inclusion into better established value chains (e.g. there are now many supermarkets in Romania with sections selling local products), bt this also brings additional challenges for small-scale businesses. Overall the type of challenge faced by this VC is Current and Predicted. This VC is classified as Traditional.","romania, trout, commune, sales, mountain, confidence","http://www.wikidata.org/entity/Q218, http://www.wikidata.org/entity/Q2258881, http://www.wikidata.org/entity/Q517760, http://www.wikidata.org/entity/Q194189, http://www.wikidata.org/entity/Q8502, http://www.wikidata.org/entity/Q4116378","25.0","46.0","25.0","46.0"
"Innovation","The type of innovation of this VC is unspecified. The innovation is related to the whole VC. The land use systems involved are Forestry. The local assets include Natural.","innovation","http://www.wikidata.org/entity/Q174165","25.52682281881302","45.4150940524916","25.0","46.0"
"Geography and population","The size of the area (km2) is 75.5. The minimum altimetry of the LAU is unspecified. The maximum altimetry of the LAU is unspecified. The total population (in thousand) is 9.673. The population density (Inhabitants/km2) in the LAU is 128.12. The population change rate of the LAU in the last 10 years (%) is unspecified. The overall regional population density (Inhabitants/km2) is 86.1. The regional population change rate in the last 10 years (%) has been -0.12%.","population density","http://www.wikidata.org/entity/Q22856","25.52682281881302","45.4150940524916","25.0","46.0"
"Income and gross value added","The average per capita income (EUR/year) [NUTS3] is 10900. The total Gross Value Added (GVA) (EUR million/year) [NUTS3] is 7119. The primary sector share of total GVA/year [NUTS3] is 2.30%. The secondary sector share of total GVA/year [NUTS3] is 51.80%. The tertiary sector share of total GVA/year [NUTS3] is 45.90%. The per capita income (EUR/year) [NUTS2] is 8200. The total Gross Value Added (GVA) (EUR million/year) [NUTS2] is 21787. The primary sector share of total GVA/year [NUTS2] is 7.40%. The secondary sector share of total GVA/year [NUTS2] is 41.40%. The tertiary sector share of total GVA/year [NUTS2] is 51.20%.","gross value added, per capita income, year","http://www.wikidata.org/entity/Q994873, http://www.wikidata.org/entity/Q45918, http://www.wikidata.org/entity/Q577","25.52682281881302","45.4150940524916","25.0","46.0"
"Tourism","The total number of bed places (BPs) in tourist accommodations/year in the LAU is 10339. The regional (NUTS2) share of total BPs/year is 42.80%. The number of agricultural holdings in the LAU is 156790. The nearest settlement with population over 100000 (km) is unspecified. In this region protected areas are present.","number, bed, year","http://www.wikidata.org/entity/Q11563, http://www.wikidata.org/entity/Q42177, http://www.wikidata.org/entity/Q577","25.52682281881302","45.4150940524916","25.0","46.0"
"Employment","The primary sector share of total employment/year [NUTS3] is 14.40%. The secondary sector share of total employment/year [NUTS3] is 37.50%. The tertiary sector share of total employment/year [NUTS3] is 48.20%. The primary sector share of total employment/year [NUTS2] is 27.90%. The secondary sector share of total employment/year [NUTS2] is 30.70%. The tertiary sector share of total employment/year [NUTS2] is 41.30%.","employment, year","http://www.wikidata.org/entity/Q656365, http://www.wikidata.org/entity/Q577","25.52682281881302","45.4150940524916","25.0","46.0"
"Concluding remarks","Romania has been one of the most active Member States in developing and adopting the Optional Quality Term (OQT) for products from its mountain areas. It is also currently the only country that has decided not to use any derogation for the registration of 'Mountain Products' - thereby strictly requiring that products originate from within a designated mountain area (reducing the distance to 0km). The National Mountain Area Agency (part of the Ministry of Agriculture and Rural Development) has overall responsibility for co-ordination of the OQT, including maintenance of the National Registry of Mountain Products (https://produse.produsmontan.ro/). Processing and approval of requests to use the OQT and associated 'Mountain products' logo is undertaken locally by 30 Mountain Development Offices located in mountain communes. The National Consumers Protection Authority is responsible for regulating the market in 'Mountain Products' and checks if producers have been granted the authorisation to use the OQT and if the labelling is in compliance with the national regulation.","romania, rural development, mountain, derogation, responsibility, logo","http://www.wikidata.org/entity/Q218, http://www.wikidata.org/entity/Q3773637, http://www.wikidata.org/entity/Q8502, http://www.wikidata.org/entity/Q1200314, http://www.wikidata.org/entity/Q1274115, http://www.wikidata.org/entity/Q1886349","25.0","46.0","25.0","46.0"
