title,description,objects,objectlinks,lon,lat,barycenter_lon,barycenter_lat
"Fly fishing of wild salmon in rivers of Badenoch and Strathspey LAU1","The MOVING reference member state of this VC is SCOTLAND HUTTON. The reference MOVING Card ID of this VC is VC 06 UK. Fly fishing of wild salmon is an important value chain in the Scottish Highlands. Generally, the fish are caught and then returned to the river (relatively) unharmed to preserve fish stocks. Scottish Wild Salmon has Protected designation of origin (PDO). Much of Scotland's salmon fishing is conducted on the River Spey which is Scotland's second longest river. Salmon fly fishing season runs from February to September. Fly fishing in the area is through permits which can cost between £30- £500 each. Positives for area include economic value to area and involves range of actors.","river, scotland, fly fishing, value chain, scottish highlands, fish, stocks, protected designation of origin, scotlands, fishing, river spey, february, september","http://www.wikidata.org/entity/Q4022, http://www.wikidata.org/entity/Q22, http://www.wikidata.org/entity/Q898886, http://www.wikidata.org/entity/Q646107, http://www.wikidata.org/entity/Q106652, http://www.wikidata.org/entity/Q152, http://www.wikidata.org/entity/Q1484064, http://www.wikidata.org/entity/Q13439060, http://www.wikidata.org/entity/Q7435710, http://www.wikidata.org/entity/Q14373, http://www.wikidata.org/entity/Q19720, http://www.wikidata.org/entity/Q109, http://www.wikidata.org/entity/Q123","-4.71","57.12","-5.0","57.0"
"Interest on this VC","Scottish wild salmon has a PDO. This is specifically for Atlantic salmon caught up to 1.5km from the coast of Scotland using specific methods.Fly fishing for salmon is popular on the Rivers Spey and Findhorn and relies on good condition of the river right from its upland starting point. Salmon fishing in Badenoch and Strathspey is important as a product derived from the natural asset (river/ water) and for territorial identity (i.e., PDO and tourist venture). It relies on good relationships across the chain i.e., local communitiy, estate owners, angler clubs, hospitality. Salmon that are caught are returned to the river (i.e., not kept and eaten to mainatin fish stocks).","scotland, fly fishing, findhorn, river, fishing, asset, water","http://www.wikidata.org/entity/Q22, http://www.wikidata.org/entity/Q898886, http://www.wikidata.org/entity/Q1011578, http://www.wikidata.org/entity/Q4022, http://www.wikidata.org/entity/Q14373, http://www.wikidata.org/entity/Q46737, http://www.wikidata.org/entity/Q283","-3.611111111111111","57.65888888888889","-5.0","57.0"
"Mountain landscape and reference chains","The reference mountain chain of this VC is Highlands and Islands (RR9); Highlands and Islands (NUTS2). The reference mountain landscape of this VC is Badenoch and Strathspey. Badenoch and Strathspey is a highly scenic area which is valued for outdoor recreation and wildlife, and contains large forests, the upper River Spey and parts of the Cairngorm mountains. The population is concentrated in Aviemore and other small settlements: most of the region is remote and is regularly affected by snow in the winter. The A9 road and railway line form key transport links to central Scotland and Inverness.","river, scotland, reference, mountain, landscape, badenoch, recreation, wildlife, river spey, aviemore, inverness","http://www.wikidata.org/entity/Q4022, http://www.wikidata.org/entity/Q22, http://www.wikidata.org/entity/Q121769, http://www.wikidata.org/entity/Q8502, http://www.wikidata.org/entity/Q107425, http://www.wikidata.org/entity/Q45850, http://www.wikidata.org/entity/Q184872, http://www.wikidata.org/entity/Q241741, http://www.wikidata.org/entity/Q19720, http://www.wikidata.org/entity/Q790938, http://www.wikidata.org/entity/Q160493","-3.8230555555555554","57.193888888888885","-5.0","57.0"
"Key local assets","Natural - importance of maintaining scenery for nice surroundings for fly fishing, maintaining quality of river catchment so fish stocks remain high. Social - good relations with communities and lacndowners for welcoming (and allowing access) tourists and sharing rivers with locals (and vice versa). Cultural - relies of traditional fly fishing methods and good local knowledge of good areas for salmon catches. About the LAU: S30000031.","importance, surroundings, fly fishing, river, fish, stocks, locals, fishing, knowledge","http://www.wikidata.org/entity/Q16886469, http://www.wikidata.org/entity/Q16968816, http://www.wikidata.org/entity/Q898886, http://www.wikidata.org/entity/Q4022, http://www.wikidata.org/entity/Q152, http://www.wikidata.org/entity/Q1484064, http://www.wikidata.org/entity/Q97159915, http://www.wikidata.org/entity/Q14373, http://www.wikidata.org/entity/Q9081","-3.985930991804777","57.1073757519035","-5.0","57.0"
"Challenges","Activities on the upper levels of the rivers/ lochs can impact on the populations of salmon lower down (and then have a knock on economic impact). This could include chnages to the river course becuase of flooing/ potential flooding. If numbers of permits were to increase this may reduce the likelihoods of successful catches and again have a knock on economic impact. Less tourist numbers visiting due to COVID-19/ Brexit. Overall the type of challenge faced by this VC is Current and predicted. This VC is classified as Traditional.","brexit","http://www.wikidata.org/entity/Q7888194","-3.985930991804777","57.1073757519035","-5.0","57.0"
"Innovation","The type of innovation of this VC is unspecified. Traditional because fy fishing has occurred in these areas for many years. The innovation is related to the whole VC. The land use systems involved are Rivers. The local assets include Natural, Social and Cultural.","innovation","http://www.wikidata.org/entity/Q174165","-3.985930991804777","57.1073757519035","-5.0","57.0"
"Geography and population","The size of the area (km2) is 2369.81324. The minimum altimetry of the LAU is 148. The maximum altimetry of the LAU is 1281. The total population (in thousand) is 13.985. The population density (Inhabitants/km2) in the LAU is 5.90. The population change rate of the LAU in the last 10 years (%) has been 6.53%. The overall regional population density (Inhabitants/km2) is 11.44. The regional population change rate in the last 10 years (%) has been 1.52%.","population density","http://www.wikidata.org/entity/Q22856","-3.985930991804777","57.1073757519035","-5.0","57.0"
"Income and gross value added","The average per capita income (EUR/year) [NUTS3] is 22078.39. The total Gross Value Added (GVA) (EUR million/year) [NUTS3] is 6416.79. The primary sector share of total GVA/year [NUTS3] is 1.37%. The secondary sector share of total GVA/year [NUTS3] is 35.00%. The tertiary sector share of total GVA/year [NUTS3] is 63.63%. The per capita income (EUR/year) [NUTS2] is 21856.90. The total Gross Value Added (GVA) (EUR million/year) [NUTS2] is 13770.61. The primary sector share of total GVA/year [NUTS2] is 4.03%. The secondary sector share of total GVA/year [NUTS2] is 27.20%. The tertiary sector share of total GVA/year [NUTS2] is 68.77%.","gross value added, per capita income, year","http://www.wikidata.org/entity/Q994873, http://www.wikidata.org/entity/Q45918, http://www.wikidata.org/entity/Q577","-3.985930991804777","57.1073757519035","-5.0","57.0"
"Tourism","The total number of bed places (BPs) in tourist accommodations/year in the LAU is 15574. The regional (NUTS2) share of total BPs/year is 25.92%. The number of agricultural holdings in the LAU is 10230. The nearest settlement with population over 100000 (km) is 141. In this region protected areas are present.","number, bed, year","http://www.wikidata.org/entity/Q11563, http://www.wikidata.org/entity/Q42177, http://www.wikidata.org/entity/Q577","-3.985930991804777","57.1073757519035","-5.0","57.0"
"Employment","The primary sector share of total employment/year [NUTS3] is 6.82%. The secondary sector share of total employment/year [NUTS3] is 20.45%. The tertiary sector share of total employment/year [NUTS3] is 72.73%. The primary sector share of total employment/year [NUTS2] is 9.29%. The secondary sector share of total employment/year [NUTS2] is 17.26%. The tertiary sector share of total employment/year [NUTS2] is 73.45%.","employment, year","http://www.wikidata.org/entity/Q656365, http://www.wikidata.org/entity/Q577","-3.985930991804777","57.1073757519035","-5.0","57.0"
"Concluding remarks","Fly fishing for salmon also occurs in other areas across the Highlands and Islands region including Aberdeenshire (River Dee), Caithness and Sutherland, Inverness and Nairn. Trout fishing is another Value Chain prominent in mountainous lochs including Badenoch and Strarthespey, Lochaber, Inverness and Nairn. Fly fishing for wild trout is also popular in multiple LAU1's across Wales.","river, value chain, wales, fly fishing, aberdeenshire, caithness, inverness, nairn, trout, fishing, badenoch","http://www.wikidata.org/entity/Q4022, http://www.wikidata.org/entity/Q646107, http://www.wikidata.org/entity/Q25, http://www.wikidata.org/entity/Q898886, http://www.wikidata.org/entity/Q189912, http://www.wikidata.org/entity/Q864668, http://www.wikidata.org/entity/Q160493, http://www.wikidata.org/entity/Q980084, http://www.wikidata.org/entity/Q2258881, http://www.wikidata.org/entity/Q14373, http://www.wikidata.org/entity/Q45850","-3.5","58.416666666666664","-5.0","57.0"
