title,description,objects,objectlinks,lon,lat,barycenter_lon,barycenter_lat
"Welsh Lamb with PGI status (Powys (Wales))","The MOVING reference member state of this VC is SCOTLAND HUTTON. The reference MOVING Card ID of this VC is VC 12 UK. Welsh Lamb is designated with a PGI mark (since 2003), and it is often considered as the best lamb in the worls. It is reared uing traditional non-intensive processes on (upland) land which is not viable to be used for crop growing or similar activities. Within the Powys area lamb farmers, butchers, abbatoir workers and local shops are involved in the VC. Also local auction houses are involved. The lamb is sold in butchers, supermarkets and in meat boxes online. Welsh lamb, beef and pork industry combined has a value of over £1 billion a year to the Welsh economy and it consumes only 5% of the red meat it produces so exports are very important. Lamb and beef exports account for one third of all sales and are worth more than £224 million (2013). The industry supports over 50,000 jobs. International sales of PGI marked Welsh lamb grew to £154.7 million in 2013.","scotland, powys, meat, beef, year, economy, red meat, sales","http://www.wikidata.org/entity/Q22, http://www.wikidata.org/entity/Q156150, http://www.wikidata.org/entity/Q10990, http://www.wikidata.org/entity/Q192628, http://www.wikidata.org/entity/Q577, http://www.wikidata.org/entity/Q159810, http://www.wikidata.org/entity/Q3243069, http://www.wikidata.org/entity/Q194189","-5.0","57.0","-5.0","57.0"
"Interest on this VC","Welsh Lamb has PGI status and is world-renowned for being of high quality. The PGI status assures purchasers where the lamb has come from and the specific processes which have been used to rear it. Abbatoirs processing welsh lamb must too use specific processes. Lambs are tagged at birth and so can be associated with a specific farm. Uses marginal mountainous land for production of high-quality food. 80% of Welsh land mass is suited to livestock farming. In Powys as with the rest of Wales they use traditional non-intensive processes to rear their lamb.","wales, powys","http://www.wikidata.org/entity/Q25, http://www.wikidata.org/entity/Q156150","-3.6333333333333333","52.35","-5.0","57.0"
"Mountain landscape and reference chains","The reference mountain chain of this VC is East Wales (NUTS 2). The reference mountain landscape of this VC is Powys. Powys is a large and mostly rural region of Wales, which contains parts of the River Severn, Wye and Usk valleys and the Brecon Beacons in the south, a very popular hiking area. The area contains no large urban areas, although the area is relatively accessible to major population centres in other parts of Wales and England.","river, england, wales, reference, mountain, east, landscape, powys, river severn, brecon beacons, south","http://www.wikidata.org/entity/Q4022, http://www.wikidata.org/entity/Q21, http://www.wikidata.org/entity/Q25, http://www.wikidata.org/entity/Q121769, http://www.wikidata.org/entity/Q8502, http://www.wikidata.org/entity/Q684, http://www.wikidata.org/entity/Q107425, http://www.wikidata.org/entity/Q156150, http://www.wikidata.org/entity/Q19682, http://www.wikidata.org/entity/Q904522, http://www.wikidata.org/entity/Q667","-1.0","53.0","-5.0","57.0"
"Key local assets","Natural assets - Relies on the land to be maintained in same way (i.e., not used for another non-farming purpose) to ensure quality welsh lamb can be reared here. Social assets - good relatoinships within and across the VC. Cultural - relies of traditional knowledge to maintain same lamb rearing processes. About the LAU: W06000023.","knowledge","http://www.wikidata.org/entity/Q9081","-3.4097532657571064","52.32572933175217","-5.0","57.0"
"Challenges","Threats of costs of lamb production/ price obtained at market through Brexit/ COVID lockdown. Welsh lamb very dependent on land so challenges are predicted if land use/ rainfall etc change because of climate change. Local abbatoir has closed in early 2021, impacting on the VC as now some lamb farmers have to travel further. There has been a 99% decrease in local abbatoirs between 1930 and 2017 according to the Sustainable Food Trust. Overall the type of challenge faced by this VC is Current and predicted. This VC is classified as Traditional.","brexit, lockdown","http://www.wikidata.org/entity/Q7888194, http://www.wikidata.org/entity/Q6665312","-3.4097532657571064","52.32572933175217","-5.0","57.0"
"Innovation","The type of innovation of this VC is unspecified. Traditional value chain as have been using these processes and farming lamb in this area for many years. The innovation is related to the whole VC. The land use systems involved are Grassland and Natural land. The local assets include Natural, social and cultural.","innovation, value chain, grassland","http://www.wikidata.org/entity/Q174165, http://www.wikidata.org/entity/Q646107, http://www.wikidata.org/entity/Q1006733","-3.4097532657571064","52.32572933175217","-5.0","57.0"
"Geography and population","The size of the area (km2) is 5195.320923. The minimum altimetry of the LAU is 0. The maximum altimetry of the LAU is 886. The total population (in thousand) is 132.435. The population density (Inhabitants/km2) in the LAU is 25.49. The population change rate of the LAU in the last 10 years (%) has been -0.48%. The overall regional population density (Inhabitants/km2) is 153.48. The regional population change rate in the last 10 years (%) has been 3.90%.","population density","http://www.wikidata.org/entity/Q22856","-3.4097532657571064","52.32572933175217","-5.0","57.0"
"Income and gross value added","The average per capita income (EUR/year) [NUTS3] is 20674.83. The total Gross Value Added (GVA) (EUR million/year) [NUTS3] is 2548.86. The primary sector share of total GVA/year [NUTS3] is 5.32%. The secondary sector share of total GVA/year [NUTS3] is 19.38%. The tertiary sector share of total GVA/year [NUTS3] is 75.30%. The per capita income (EUR/year) [NUTS2] is 20681.61. The total Gross Value Added (GVA) (EUR million/year) [NUTS2] is 33301.31. The primary sector share of total GVA/year [NUTS2] is 0.84%. The secondary sector share of total GVA/year [NUTS2] is 28.00%. The tertiary sector share of total GVA/year [NUTS2] is 71.16%.","gross value added, per capita income, year","http://www.wikidata.org/entity/Q994873, http://www.wikidata.org/entity/Q45918, http://www.wikidata.org/entity/Q577","-3.4097532657571064","52.32572933175217","-5.0","57.0"
"Tourism","The total number of bed places (BPs) in tourist accommodations/year in the LAU is 37960. The regional (NUTS2) share of total BPs/year is 37.83%. The number of agricultural holdings in the LAU is 4766. The nearest settlement with population over 100000 (km) is 76.1. In this region protected areas are present.","number, bed, year","http://www.wikidata.org/entity/Q11563, http://www.wikidata.org/entity/Q42177, http://www.wikidata.org/entity/Q577","-3.4097532657571064","52.32572933175217","-5.0","57.0"
"Employment","The primary sector share of total employment/year [NUTS3] is 13.56%. The secondary sector share of total employment/year [NUTS3] is 18.64%. The tertiary sector share of total employment/year [NUTS3] is 67.80%. The primary sector share of total employment/year [NUTS2] is 2.40%. The secondary sector share of total employment/year [NUTS2] is 19.69%. The tertiary sector share of total employment/year [NUTS2] is 77.91%.","employment, year","http://www.wikidata.org/entity/Q656365, http://www.wikidata.org/entity/Q577","-3.4097532657571064","52.32572933175217","-5.0","57.0"
"Concluding remarks","Welsh lamb is produced across Wales. Lamb and mutton is also reared in lowland areas of Scotland (i.e. Dumfries and Galloway, Scottish Borders) but also some in the Highlands and Islands regions and in Northern England (e.g. Eden and County Durham).","scotland, northern england, wales, scottish borders, county durham","http://www.wikidata.org/entity/Q22, http://www.wikidata.org/entity/Q1788657, http://www.wikidata.org/entity/Q25, http://www.wikidata.org/entity/Q211113, http://www.wikidata.org/entity/Q23082","-2.49","55.36","-5.0","57.0"
