title,description,objects,objectlinks,lon,lat,barycenter_lon,barycenter_lat
"Adventure experience days based on landscape features associated with mountains","The MOVING reference member state of this VC is SCOTLAND HUTTON. The reference MOVING Card ID of this VC is VC 20 UK. South Lakeland includes much of the Lake District National Park (and UNESCO World Heritage Site), including all of the land higher than 3,000ft in England, the country's highest mountain (Scafell Pike, 928m/3209ft) and largest lake (Windermere). The area s landscape and geological features support a range of activities based on their remarkability (e.g. rock climbing, abseiling, canyoning, gorge walking, high-wire crossings) and employment of expert instructors and guides in their provision. Adventure experience days provide adrenaline-fuelled and place-based access for tourism and other markets in the country's 'outdoor capital' -- recent thematic campaigns are also strengthing the region's assocation with adventure activities. Economic value associated with the adventure tourism market is also strongly linked to leisure, accomodation, hospitality and other tourism facilities in the area. Tourism is worth £2.44 billion to the Cumbrian economy (2015); 16% of all trips to North-West England involve some form of outdoor activity.","lake district national park, england, scafell pike, scotland, south lakeland, mountain, landscape, rock climbing, abseiling, canyoning, experience, tourism, leisure, hospitality, economy","http://www.wikidata.org/entity/Q11811449, http://www.wikidata.org/entity/Q21, http://www.wikidata.org/entity/Q1146222, http://www.wikidata.org/entity/Q22, http://www.wikidata.org/entity/Q1428514, http://www.wikidata.org/entity/Q8502, http://www.wikidata.org/entity/Q107425, http://www.wikidata.org/entity/Q1154336, http://www.wikidata.org/entity/Q332231, http://www.wikidata.org/entity/Q206091, http://www.wikidata.org/entity/Q164359, http://www.wikidata.org/entity/Q49389, http://www.wikidata.org/entity/Q180910, http://www.wikidata.org/entity/Q815825, http://www.wikidata.org/entity/Q159810","-3.211527777777778","54.454166666666666","-5.0","57.0"
"Interest on this VC","Prevalence of outdoor adventure companies and promotion of the area as England's 'outdoor capital'. Adrenaline-based experiences generate economic value from landscape features and local knowledge to negotiate safe access. Recreational access to mountain areas based on adrenaline-based activities is not necessarily new in itself, but it would traditionally be reliant on purchase of equipment and accumulation of experience. Commodification provides novices and recreationalists with opportunities in the context of tourism, as an important component of South Lakeland as a mountain destination, and experience days are also as an increasingly significant in the context of corporate team-building and outdoor education for local and domestic markets.","landscape, knowledge, mountain, experience, commodification, tourism, south lakeland, team, building, education","http://www.wikidata.org/entity/Q107425, http://www.wikidata.org/entity/Q9081, http://www.wikidata.org/entity/Q8502, http://www.wikidata.org/entity/Q164359, http://www.wikidata.org/entity/Q1780322, http://www.wikidata.org/entity/Q49389, http://www.wikidata.org/entity/Q1428514, http://www.wikidata.org/entity/Q327245, http://www.wikidata.org/entity/Q41176, http://www.wikidata.org/entity/Q8434","-2.88","54.31194444444444","-5.0","57.0"
"Mountain landscape and reference chains","The reference mountain chain of this VC is Cumbria (NUTS2). The reference mountain landscape of this VC is South Lakeland. South Lakeland is in the north-west of England and is partly within the Lake District National Park, an internationally renowned area for recreation and tourism. The area has a mixed landscape of mountains, hills, lakes, lowlands and coast and is accessible for large numbers of people in the north of England, with good road and rail links. Upland areas have a tradition of hill farming and sheep grazing, although the tourism industry is very important particularly in 'honeypots'.","england, lake district national park, reference, mountain, cumbria, landscape, north, west, recreation, tourism, coast, people","http://www.wikidata.org/entity/Q21, http://www.wikidata.org/entity/Q11811449, http://www.wikidata.org/entity/Q121769, http://www.wikidata.org/entity/Q8502, http://www.wikidata.org/entity/Q23066, http://www.wikidata.org/entity/Q107425, http://www.wikidata.org/entity/Q659, http://www.wikidata.org/entity/Q679, http://www.wikidata.org/entity/Q184872, http://www.wikidata.org/entity/Q49389, http://www.wikidata.org/entity/Q93352, http://www.wikidata.org/entity/Q2472587","-3.25","54.5","-5.0","57.0"
"Key local assets","Landscape features that support outdoor activities (including peaks, valleys, cliffs, gorges, lakes, caves, scree) and attract tourism markets (scenery); cultural knowledge associated with place and practice of mountain-based pursuits to support and commodify access for novice and tourism markets. About the LAU: E07000031.","landscape, scree, tourism, knowledge, mountain, novice","http://www.wikidata.org/entity/Q107425, http://www.wikidata.org/entity/Q1133195, http://www.wikidata.org/entity/Q49389, http://www.wikidata.org/entity/Q9081, http://www.wikidata.org/entity/Q8502, http://www.wikidata.org/entity/Q1183487","-2.8312484360236083","54.312277760640605","-5.0","57.0"
"Challenges","Carrying capacity/environmental impacts associated with access. Impact on experience-value associated with volume of visitors. Access via private land/conflict with land owners/managers. Overall the type of challenge faced by this VC is Current and predicted. This VC is classified as Innovative.","","","-2.8312484360236083","54.312277760640605","-5.0","57.0"
"Innovation","The type of innovation of this VC is Endogenous and Exogenous. Experience days enable tourism access to adventure activities that require high levels of experience and awareness of health and safety requirements. Companies supply the equiment (often highly technical) and commodify knowledge and experience (including local/cultural knowldge of place) through provision of instruction and guidance to visitor markets. The innovation is related to New products. The land use systems involved are Forestry and Natural land. The local assets include Natural and cultural.","innovation, experience, knowledge, visitor","http://www.wikidata.org/entity/Q174165, http://www.wikidata.org/entity/Q164359, http://www.wikidata.org/entity/Q9081, http://www.wikidata.org/entity/Q12644761","-2.8312484360236083","54.312277760640605","-5.0","57.0"
"Geography and population","The size of the area (km2) is 1553.032017. The minimum altimetry of the LAU is 0. The maximum altimetry of the LAU is 902. The total population (in thousand) is 105.088. The population density (Inhabitants/km2) in the LAU is 67.67. The population change rate of the LAU in the last 10 years (%) has been 1.33%. The overall regional population density (Inhabitants/km2) is 73.29. The regional population change rate in the last 10 years (%) has been 0.04%.","population density","http://www.wikidata.org/entity/Q22856","-2.8312484360236083","54.312277760640605","-5.0","57.0"
"Income and gross value added","The average per capita income (EUR/year) [NUTS3] is 24595.08. The total Gross Value Added (GVA) (EUR million/year) [NUTS3] is 7703.09. The primary sector share of total GVA/year [NUTS3] is 2.88%. The secondary sector share of total GVA/year [NUTS3] is 22.63%. The tertiary sector share of total GVA/year [NUTS3] is 74.50%. The per capita income (EUR/year) [NUTS2] is 23071.73. The total Gross Value Added (GVA) (EUR million/year) [NUTS2] is 13507.25. The primary sector share of total GVA/year [NUTS2] is 2.34%. The secondary sector share of total GVA/year [NUTS2] is 30.69%. The tertiary sector share of total GVA/year [NUTS2] is 66.96%.","gross value added, per capita income, year","http://www.wikidata.org/entity/Q994873, http://www.wikidata.org/entity/Q45918, http://www.wikidata.org/entity/Q577","-2.8312484360236083","54.312277760640605","-5.0","57.0"
"Tourism","The total number of bed places (BPs) in tourist accommodations/year in the LAU is 53310. The regional (NUTS2) share of total BPs/year is 68.02%. The number of agricultural holdings in the LAU is 1198. The nearest settlement with population over 100000 (km) is 36.4. In this region protected areas are present.","number, bed, year","http://www.wikidata.org/entity/Q11563, http://www.wikidata.org/entity/Q42177, http://www.wikidata.org/entity/Q577","-2.8312484360236083","54.312277760640605","-5.0","57.0"
"Employment","The primary sector share of total employment/year [NUTS3] is 4.11%. The secondary sector share of total employment/year [NUTS3] is 17.81%. The tertiary sector share of total employment/year [NUTS3] is 78.08%. The primary sector share of total employment/year [NUTS2] is 3.54%. The secondary sector share of total employment/year [NUTS2] is 24.41%. The tertiary sector share of total employment/year [NUTS2] is 72.05%.","employment, year","http://www.wikidata.org/entity/Q656365, http://www.wikidata.org/entity/Q577","-2.8312484360236083","54.312277760640605","-5.0","57.0"
"Concluding remarks","Other LAU1 areas strongly associated with adventure tourism and experience days in the UK include Lochaber (particularly the Nevis Range), Badenoch and Strathspey (based around Aviemore and Cairngorm), and Perth and Kinross (based around Dunkeld in the southern Highlands) in Scotland, and Gwynedd and Conwy (Snowdonia National Park) in Wales.","scotland, wales, tourism, experience, aviemore, dunkeld, gwynedd","http://www.wikidata.org/entity/Q22, http://www.wikidata.org/entity/Q25, http://www.wikidata.org/entity/Q49389, http://www.wikidata.org/entity/Q164359, http://www.wikidata.org/entity/Q790938, http://www.wikidata.org/entity/Q1265921, http://www.wikidata.org/entity/Q109128","-3.6333333333333333","52.35","-5.0","57.0"
