title,description,objects,objectlinks,lon,lat,barycenter_lon,barycenter_lat
"Spirits (Gin) in Gwynedd LAU1 within Wales","The MOVING reference member state of this VC is SCOTLAND HUTTON. The reference MOVING Card ID of this VC is VC 26 UK. Gin sales in the UK were around £2.6 billion in 2019. The UK is the world's largest exporter of gin and the number of distilleries has increased four-fold in the last 4 years. Within Gwynedd (LAU1), there are an increasing number of Gin distilleries, many of which also produce whisky and other liquers. Although the distilleries are based in the lowland areas of Gwynedd, but they use botanicals that grow in the upland areas. Furthermore, Blue Slate Gin (from Dinorwig distillery) is distilled in the mountains of Snowdonia and Dinorwig distillery carry out the full production (from distilling to labelling, marketing and shipping). They use mountain well water in the distilling process.","reference, scotland, gin, sales, number, gwynedd, whisky, blue, slate, dinorwig, snowdonia, marketing","http://www.wikidata.org/entity/Q121769, http://www.wikidata.org/entity/Q22, http://www.wikidata.org/entity/Q959362, http://www.wikidata.org/entity/Q194189, http://www.wikidata.org/entity/Q11563, http://www.wikidata.org/entity/Q109128, http://www.wikidata.org/entity/Q281, http://www.wikidata.org/entity/Q1088, http://www.wikidata.org/entity/Q207079, http://www.wikidata.org/entity/Q5278615, http://www.wikidata.org/entity/Q867913, http://www.wikidata.org/entity/Q39809","-5.0","57.0","-5.0","57.0"
"Interest on this VC","Gin produced in the UK is widely exported and highly regarded around the world. Small batch gin distilleries such as within Gwynedd are highly regarded due to their use of local botanical ingredients and connection to the local community and landscape. For instance, Blue Slate Gin (from Dinorwig Distillery) make just 2000 bottles a year but sell these globally, but also mostly locally at Gin Festivals. Dinorwig try to promote their products through both English and Welsh language. They worked with a local artist to design their labelling. Meanwhile, Dyfi gin is also produced in Gwynedd using upland botanicals and was chosen as Briatin's best gin at the Great British Food Awards 2017. It is possible for others that Gin is marketed as using rare botanicals from uplands but mainly produced in lowlands. The use of mountainous terrain/ climate for their botanicals has created a new type of gin (i.e. over and above traditional English Gin), as well as new processes for making gin. Gwynedd gins such as Dinorwig gin have also attempted new marketing and governance systems through dual-langague marketing and very local supply chains.","gin, world, gwynedd, community, landscape, blue, slate, dinorwig, year, food, terrain, climate","http://www.wikidata.org/entity/Q959362, http://www.wikidata.org/entity/Q16502, http://www.wikidata.org/entity/Q109128, http://www.wikidata.org/entity/Q177634, http://www.wikidata.org/entity/Q107425, http://www.wikidata.org/entity/Q1088, http://www.wikidata.org/entity/Q207079, http://www.wikidata.org/entity/Q5278615, http://www.wikidata.org/entity/Q577, http://www.wikidata.org/entity/Q2095, http://www.wikidata.org/entity/Q186131, http://www.wikidata.org/entity/Q7937","-4.104694444444444","53.13280555555556","-5.0","57.0"
"Mountain landscape and reference chains","The reference mountain chain of this VC is West Wales (NUTS 2). The reference mountain landscape of this VC is Gwynedd. Gwynedd, in north west Wales, is most known for its spectacular mountain, lake and forest scenery, which features Snowdonia National Park and the highest mountain in Wales. The area is relatively isolated but is well-connected to north Wales and north west England by road and rail. The largest settlement, Bangor, is a small university city.","england, west wales, wales, reference, mountain, west, landscape, north, lake, forest, north west england, road","http://www.wikidata.org/entity/Q21, http://www.wikidata.org/entity/Q3094812, http://www.wikidata.org/entity/Q25, http://www.wikidata.org/entity/Q121769, http://www.wikidata.org/entity/Q8502, http://www.wikidata.org/entity/Q679, http://www.wikidata.org/entity/Q107425, http://www.wikidata.org/entity/Q659, http://www.wikidata.org/entity/Q23397, http://www.wikidata.org/entity/Q4421, http://www.wikidata.org/entity/Q47967, http://www.wikidata.org/entity/Q34442","-1.0","53.0","-5.0","57.0"
"Key local assets","Natural assets: Gin in Gwynedd (I.e. Dinorwig) relies on the mountainous terrain and climate to produce the botanicals (e.g., coriander seeds, rosemary, oak bark, heather honey) for the gin. Also reliance on clean water for the distilling process. Social assets: good relations with the landowners to enable access to the mountainous water and botanicals. Cultural assets: Relies on traditional knowledge of the Gwynedd area and of gin distilling processes to create the Blue Slate Gin. Also strong links to welsh language, i.e. a;ways having a welsh speakers at their selling events (i.e. Gin festivals). About the LAU: W06000002.","gin, gwynedd, dinorwig, terrain, climate, honey, water, knowledge, blue, slate","http://www.wikidata.org/entity/Q959362, http://www.wikidata.org/entity/Q109128, http://www.wikidata.org/entity/Q5278615, http://www.wikidata.org/entity/Q186131, http://www.wikidata.org/entity/Q7937, http://www.wikidata.org/entity/Q10987, http://www.wikidata.org/entity/Q283, http://www.wikidata.org/entity/Q9081, http://www.wikidata.org/entity/Q1088, http://www.wikidata.org/entity/Q207079","-3.9166666666666665","52.833333333333336","-5.0","57.0"
"Challenges","Gin is a big export market and so there are potential challenges in terms of BREXIT/ COVID, as well as closures ofhospitality due to COVID. Gin production in Gwynedd is reliant on mountainous climate/ terrain for the specific botanicals used in their distillation, as well as upland water (taken from a well). Changes in land use/ climate may impact on the quality of the gin that is possible. Also chnages in the fashionable/ 'trendiness' of gin may impact on the viability of gin production, as well as a saturated market due to ever increasing numbers of gin distilleries across the UK. Overall the type of challenge faced by this VC is Current and predicted. This VC is classified as Traditional and Innovative.","gin, export, brexit, well, gwynedd, climate, terrain, distillation, water","http://www.wikidata.org/entity/Q959362, http://www.wikidata.org/entity/Q182722, http://www.wikidata.org/entity/Q7888194, http://www.wikidata.org/entity/Q43483, http://www.wikidata.org/entity/Q109128, http://www.wikidata.org/entity/Q7937, http://www.wikidata.org/entity/Q186131, http://www.wikidata.org/entity/Q101017, http://www.wikidata.org/entity/Q283","-3.9166666666666665","52.833333333333336","-5.0","57.0"
"Innovation","The type of innovation of this VC is Endogenous and Exogenous. Gin as a product is not new, however the processing of gin in upland areas such as Gwynedd is new and innovative. There has also been a massive increase in gin production across the UK recent years, i.e. within whisky distilleries and to meet the growing demand of local and flavoured gins (and increased demand from younger generation as gin is now considered a 'trendy' drink). The innovation is related to New products, New processes, New marketing strategies and New governance systems. The land use systems involved are Forestry, Natural land and upland water. The local assets include Natural, social and cultural.","innovation, gin, gwynedd, whisky, demand, generation, drink, marketing, governance, forestry, water","http://www.wikidata.org/entity/Q174165, http://www.wikidata.org/entity/Q959362, http://www.wikidata.org/entity/Q109128, http://www.wikidata.org/entity/Q281, http://www.wikidata.org/entity/Q4402708, http://www.wikidata.org/entity/Q213381, http://www.wikidata.org/entity/Q40050, http://www.wikidata.org/entity/Q39809, http://www.wikidata.org/entity/Q1553864, http://www.wikidata.org/entity/Q38112, http://www.wikidata.org/entity/Q283","-3.9166666666666665","52.833333333333336","-5.0","57.0"
"Geography and population","The size of the area (km2) is 2548.075142. The minimum altimetry of the LAU is 0. The maximum altimetry of the LAU is 1085. The total population (in thousand) is 124.56. The population density (Inhabitants/km2) in the LAU is 48.88. The population change rate of the LAU in the last 10 years (%) has been 2.50%. The overall regional population density (Inhabitants/km2) is 150.68. The regional population change rate in the last 10 years (%) has been 2.33%.","population density","http://www.wikidata.org/entity/Q22856","-4.0222664646388395","52.892933444658134","-5.0","57.0"
"Income and gross value added","The average per capita income (EUR/year) [NUTS3] is 18362.69. The total Gross Value Added (GVA) (EUR million/year) [NUTS3] is 2990.81. The primary sector share of total GVA/year [NUTS3] is 1.36%. The secondary sector share of total GVA/year [NUTS3] is 30.76%. The tertiary sector share of total GVA/year [NUTS3] is 67.88%. The per capita income (EUR/year) [NUTS2] is 18518.64. The total Gross Value Added (GVA) (EUR million/year) [NUTS2] is 40269.69. The primary sector share of total GVA/year [NUTS2] is 1.25%. The secondary sector share of total GVA/year [NUTS2] is 27.14%. The tertiary sector share of total GVA/year [NUTS2] is 71.61%.","gross value added, per capita income, year","http://www.wikidata.org/entity/Q994873, http://www.wikidata.org/entity/Q45918, http://www.wikidata.org/entity/Q577","-4.0222664646388395","52.892933444658134","-5.0","57.0"
"Tourism","The total number of bed places (BPs) in tourist accommodations/year in the LAU is 125126. The regional (NUTS2) share of total BPs/year is 32.01%. The number of agricultural holdings in the LAU is 2171. The nearest settlement with population over 100000 (km) is 110. In this region protected areas are present.","number, bed, year","http://www.wikidata.org/entity/Q11563, http://www.wikidata.org/entity/Q42177, http://www.wikidata.org/entity/Q577","-4.0222664646388395","52.892933444658134","-5.0","57.0"
"Employment","The primary sector share of total employment/year [NUTS3] is 5.08%. The secondary sector share of total employment/year [NUTS3] is 13.56%. The tertiary sector share of total employment/year [NUTS3] is 81.36%. The primary sector share of total employment/year [NUTS2] is 3.13%. The secondary sector share of total employment/year [NUTS2] is 20.10%. The tertiary sector share of total employment/year [NUTS2] is 76.76%.","employment, year","http://www.wikidata.org/entity/Q656365, http://www.wikidata.org/entity/Q577","-4.0222664646388395","52.892933444658134","-5.0","57.0"
"Concluding remarks","Gin is also produced throughout the UK in multiple LAU1s (e.g. Aberdeenshire, Newry and Mourne, Caithness and Sutherland) with over 600 distilleries across the UK. Many gin distillers also produce whisky. Other gin produced in Gwynedd (Aber Falls flavoured gins) is stocked across Tesco supermarkets, however its links to upland areas is not clear.","gin, aberdeenshire, newry, caithness, whisky, gwynedd, aber falls, tesco","http://www.wikidata.org/entity/Q959362, http://www.wikidata.org/entity/Q189912, http://www.wikidata.org/entity/Q269980, http://www.wikidata.org/entity/Q864668, http://www.wikidata.org/entity/Q281, http://www.wikidata.org/entity/Q109128, http://www.wikidata.org/entity/Q3398779, http://www.wikidata.org/entity/Q487494","-3.995","53.21055555555556","-5.0","57.0"
