title,description,objects,objectlinks,lon,lat,barycenter_lon,barycenter_lat
"Beeswax products including soap, candles, skincare and food wraps (Blaenau Gwent)","The MOVING reference member state of this VC is SCOTLAND HUTTON. The reference MOVING Card ID of this VC is VC 27 UK. Gwent Valley (or Blaenau Gwent in Welsh) (LAU1) Beeswax products include candles, soaps, other beauty products and reusable food wraps (i.e., instead of cling film). Honey Bee Beautiful for instance is a sustainable honey and beeswax skincare business based in Gwent Valley. They only use raw Welsh Honey and Beeswax cappings. Meanwhile, Sirhowy Valley Honeybee are a social enterprise honey producer in Gwent but are starting to branch into education (i.e., through schools workshops) and beeswax products. market of beeswax wraps is increasing as society becomes more aware of reducing their environmental footprint (i.e. using less single-use plastics).","scotland, valley, beeswax, honey, sirhowy valley, social enterprise","http://www.wikidata.org/entity/Q22, http://www.wikidata.org/entity/Q39816, http://www.wikidata.org/entity/Q143739, http://www.wikidata.org/entity/Q10987, http://www.wikidata.org/entity/Q7530204, http://www.wikidata.org/entity/Q1071015","-3.2330555555555556","51.778888888888886","-5.0","57.0"
"Interest on this VC","Often these producers are linked to food and drink quality schemes (i.e. for their honey) and beekeepers associations. They are high reputation products given that they use pure raw local honey/ beeswax. The beeswax and wider honey products connect to the wider territorial identity of Southern Wales. Beeswax wraps raise awareness of single-use plastics and foodwaste. This innovation mainly relates to new products as they are making new products out of former waste (i.e. beeswax). Furthermore the increased interest in school visists/ education to beekeeping/ hives is another new innovative product. Although beeswax candles are not especially new, the moves into food wraps and skincare is particularly innovative.","honey, beeswax, wales, awareness, innovation, waste","http://www.wikidata.org/entity/Q10987, http://www.wikidata.org/entity/Q143739, http://www.wikidata.org/entity/Q25, http://www.wikidata.org/entity/Q4338318, http://www.wikidata.org/entity/Q174165, http://www.wikidata.org/entity/Q45701","-3.6333333333333333","52.35","-5.0","57.0"
"Mountain landscape and reference chains","The reference mountain chain of this VC is West Wales (NUTS 2). The reference mountain landscape of this VC is Blaenau Gwent. Blaenau Gwent is in South Wales.It borders the Brecon Beacons National park at its northern boundary. The largest town is Ebbw Vale and the areas as quite an industrial employment history (i.e. steelworks and coal mining) and it has higher than average unemployment rates (compared to the Welsh average).","west wales, brecon beacons national park, ebbw vale","http://www.wikidata.org/entity/Q3094812, http://www.wikidata.org/entity/Q15052206, http://www.wikidata.org/entity/Q2297559","-4.275","52.43388888888889","-5.0","57.0"
"Key local assets","Natural assets: relies on maintenance of ecosystem to ensure good quality and quantity of beeswax/ honey. Social assets are good relationships with the land owners and producers of beeswax products. Cultural assets and the use of traditional knowledge of beekeepinng practices and the importance of maintaining links to local Welsh identity and promoting Welsh honey/ beeswax products through education trips and visits. About the LAU: W06000019.","ecosystem, beeswax, honey, knowledge, importance, education","http://www.wikidata.org/entity/Q37813, http://www.wikidata.org/entity/Q143739, http://www.wikidata.org/entity/Q10987, http://www.wikidata.org/entity/Q9081, http://www.wikidata.org/entity/Q16886469, http://www.wikidata.org/entity/Q8434","-3.194026301392282","51.76707963209783","-5.0","57.0"
"Challenges","Reliant on maintainence of the local ecosytem to ensure bees continue to produce good quantity and quality of beeswax/ honey. Potential difficulties in selling to their markets due to BREXIT/ COVID. Good relations with the local land managers needs to be maintained to ensure access to hives/ and good environment (i.e. pollinators). Also potential impacts of bee numbers/ wuality of honey from climate change. Overall the type of challenge faced by this VC is Current and predicted. This VC is classified as Innovative.","beeswax, honey, brexit","http://www.wikidata.org/entity/Q143739, http://www.wikidata.org/entity/Q10987, http://www.wikidata.org/entity/Q7888194","-3.194026301392282","51.76707963209783","-5.0","57.0"
"Innovation","The type of innovation of this VC is Exogenous. Use of more-than honey products for candles, skincare, food wraps and education. The innovation is related to New products. The land use systems involved are Natural land. The local assets include Natural, social and cultural.","innovation, food, education","http://www.wikidata.org/entity/Q174165, http://www.wikidata.org/entity/Q2095, http://www.wikidata.org/entity/Q8434","-3.194026301392282","51.76707963209783","-5.0","57.0"
"Geography and population","The size of the area (km2) is 108.728052. The minimum altimetry of the LAU is 0. The maximum altimetry of the LAU is 578. The total population (in thousand) is 69.862. The population density (Inhabitants/km2) in the LAU is 642.54. The population change rate of the LAU in the last 10 years (%) has been 0.07%. The overall regional population density (Inhabitants/km2) is 150.68. The regional population change rate in the last 10 years (%) has been 2.33%.","population density","http://www.wikidata.org/entity/Q22856","-3.194026301392282","51.76707963209783","-5.0","57.0"
"Income and gross value added","The average per capita income (EUR/year) [NUTS3] is 17614.57. The total Gross Value Added (GVA) (EUR million/year) [NUTS3] is 6037.01. The primary sector share of total GVA/year [NUTS3] is 0.07%. The secondary sector share of total GVA/year [NUTS3] is 36.00%. The tertiary sector share of total GVA/year [NUTS3] is 63.92%. The per capita income (EUR/year) [NUTS2] is 18518.64. The total Gross Value Added (GVA) (EUR million/year) [NUTS2] is 40269.69. The primary sector share of total GVA/year [NUTS2] is 1.25%. The secondary sector share of total GVA/year [NUTS2] is 27.14%. The tertiary sector share of total GVA/year [NUTS2] is 71.61%.","gross value added, per capita income, year","http://www.wikidata.org/entity/Q994873, http://www.wikidata.org/entity/Q45918, http://www.wikidata.org/entity/Q577","-3.194026301392282","51.76707963209783","-5.0","57.0"
"Tourism","The total number of bed places (BPs) in tourist accommodations/year in the LAU is 2577. The regional (NUTS2) share of total BPs/year is 0.66%. The number of agricultural holdings in the LAU is 100. The nearest settlement with population over 100000 (km) is 33.9. In this region protected areas are present.","number, bed, year","http://www.wikidata.org/entity/Q11563, http://www.wikidata.org/entity/Q42177, http://www.wikidata.org/entity/Q577","-3.194026301392282","51.76707963209783","-5.0","57.0"
"Employment","The primary sector share of total employment/year [NUTS3] is 0.91%. The secondary sector share of total employment/year [NUTS3] is 29.09%. The tertiary sector share of total employment/year [NUTS3] is 70.00%. The primary sector share of total employment/year [NUTS2] is 3.13%. The secondary sector share of total employment/year [NUTS2] is 20.10%. The tertiary sector share of total employment/year [NUTS2] is 76.76%.","employment, year","http://www.wikidata.org/entity/Q656365, http://www.wikidata.org/entity/Q577","-3.194026301392282","51.76707963209783","-5.0","57.0"
"Concluding remarks","There are close links between the beeswax VC and the (heather) honey VC. Beeswax products are produced across the UK, especially in connection with honey production ventures.","beeswax, honey","http://www.wikidata.org/entity/Q143739, http://www.wikidata.org/entity/Q10987","-3.194026301392282","51.76707963209783","-5.0","57.0"
