title,description,objects,objectlinks,lon,lat,barycenter_lon,barycenter_lat
"Vlasina honey PDO","The MOVING reference member state of this VC is SERBIA. The reference MOVING Card ID of this VC is VC 09 SER. There are around 100 beekeepers gathered in three beekeeper associations that coordinate and support by advice and quality certification of the production. The sale is moslty direct, by producers themselves, though a portion is labeled and sold trhough Serbian Beekeper Association SPOS. The beekeepers from three municipalities are incuded in production of Vlasina honey, but for most of them these are hobby activities, that supplement their family budget. Total yearly production of Vlasina honey is estimated at 15-20 tons which is a third of all honey produced in this area.","serbia, beekeeper, certification, honey, hobby","http://www.wikidata.org/entity/Q403, http://www.wikidata.org/entity/Q852389, http://www.wikidata.org/entity/Q374814, http://www.wikidata.org/entity/Q10987, http://www.wikidata.org/entity/Q47728","20.933333333333334","43.95","20.933333333333334","43.95"
"Interest on this VC","Vlasina honey is recently registered as a PDO and one of the five honeys in Serbia with this statys. The area where it is produced, Vlasina plateau and Vlasina lake are very known by its specific eco-systems, floating peat-islands and preserved nature. Beekeepers in the area mainly deal with stationed beekeeping in beekeeping directly at this area. They produce high quality multifloral honey which is highly valued and associated with floral and landscape uniqueness. Though protected, it is at the same time in constant threat of the untransparent investments that might have negative impact on the local resources. Strong depopulation of the area and lack of economic opportunities brings also unrealistic expectations of this developments for local people mostly searcing for employment and income. Vlasina honey and the territory from which it comes from, are example of insufficiently valorised unique areas of moutnains and mountain ecosystems. The contrasts of high natural value and tendencies of misuse in construction of small hidropower plants and water management (currently) and investments in large toursm capacities, raise alertion to look and promote more sustainable ways of gaining economic benefits.","serbia, honey, plateau, vlasina lake, peat, nature, landscape, people, employment, territory, mountain, construction, water, management","http://www.wikidata.org/entity/Q403, http://www.wikidata.org/entity/Q10987, http://www.wikidata.org/entity/Q75520, http://www.wikidata.org/entity/Q2140169, http://www.wikidata.org/entity/Q184624, http://www.wikidata.org/entity/Q7860, http://www.wikidata.org/entity/Q107425, http://www.wikidata.org/entity/Q2472587, http://www.wikidata.org/entity/Q656365, http://www.wikidata.org/entity/Q183366, http://www.wikidata.org/entity/Q8502, http://www.wikidata.org/entity/Q385378, http://www.wikidata.org/entity/Q283, http://www.wikidata.org/entity/Q2920921","22.333333333333332","42.7","20.933333333333334","43.95"
"Mountain landscape and reference chains","The reference mountain chain of this VC is Eastern Serbia, Balkan mountains region. The reference mountain landscape of this VC is Balkan mountains. Currently the region is very much visited by locals and nature lovers, the population density is small and declining. There are news on the alarming projects that intend to convert the area in more intensive touristic destination. Honey production is one of the activities that could strenghten the relation to natural capital and also benefit from it.","serbia, reference, mountain, balkan mountains, locals, nature, population density, natural capital","http://www.wikidata.org/entity/Q403, http://www.wikidata.org/entity/Q121769, http://www.wikidata.org/entity/Q8502, http://www.wikidata.org/entity/Q170427, http://www.wikidata.org/entity/Q97159915, http://www.wikidata.org/entity/Q7860, http://www.wikidata.org/entity/Q22856, http://www.wikidata.org/entity/Q1540268","20.933333333333334","43.95","20.933333333333334","43.95"
"Key local assets","Vlasina plateau and Vlasina lake are protected as a landscape of outstanding features and categorized as a natural resource of great importance. Its signiture is diversity and specificity of biotopes causing a high diversity of flora, vegetation, fauna and ecosystems that are characterized by high degree of origins and authenticity of natural features. One of the lake's most famous features are the floating islands. It is estimated that the peat chunks took 5,000 years to form. There are up to 30 floating islands at the time. Driven by the wind, they float from one shore of the lake to another, carrying the flora and fauna, and serving as shelter and a food source for fish. For that reason, they are an attractive target for fishermen, however it is forbidden to visit them or disturb them because of the unique animal and plant ecosystems, though walking on them is practically impossible since they don't have solid ground. About the LAU: 71137.","vlasina lake, flora, fauna, peat, lake","http://www.wikidata.org/entity/Q2140169, http://www.wikidata.org/entity/Q131449, http://www.wikidata.org/entity/Q104021, http://www.wikidata.org/entity/Q184624, http://www.wikidata.org/entity/Q23397","22.333333333333332","42.7","20.933333333333334","43.95"
"Challenges","Vlasina area is under pressures of misuse from many aspect. This part of Serbia has one of the largest migration rates, adn strong disbalance in regional development, comparing to the most developed areas. The natural values are reason for also very strong and not enough transparent plans for conversion of the area in tourisam center. In the meantime there are issues that affect the local ecosystms and activities leaning on them. Artificial by origin, this lake and the watershed face issues of water use and water management.In 2018 . sudden water discharge at the dam threatened to destroy the part of the plan and animal life in the lake. Numerous boats and barges were stranded, so as the 'Moby-Dick', the largest floating island on the lake. Overall the type of challenge faced by this VC is Current and Predicted. This VC is classified as Traditional and Innovative.","serbia, lake, face, water, management, animal, life","http://www.wikidata.org/entity/Q403, http://www.wikidata.org/entity/Q23397, http://www.wikidata.org/entity/Q37017, http://www.wikidata.org/entity/Q283, http://www.wikidata.org/entity/Q2920921, http://www.wikidata.org/entity/Q729, http://www.wikidata.org/entity/Q3","20.933333333333334","43.95","20.933333333333334","43.95"
"Innovation","The type of innovation of this VC is Endogenous and Exogenous. Quality governance, certification and new packaging and labeling are part of the new strategies to communicate the quality of this product. The innovation is related to New marketing strategies and New governance systems. The land use systems involved are Grassland and Natural land. The local assets include Natural, social and cultural.","innovation, governance, certification, packaging and labeling, marketing, grassland","http://www.wikidata.org/entity/Q174165, http://www.wikidata.org/entity/Q1553864, http://www.wikidata.org/entity/Q374814, http://www.wikidata.org/entity/Q207822, http://www.wikidata.org/entity/Q39809, http://www.wikidata.org/entity/Q1006733","22.29809181714374","42.683288637441784","20.933333333333334","43.95"
"Geography and population","The size of the area (km2) is 628. The minimum altimetry of the LAU is 475. The maximum altimetry of the LAU is 1875. The total population (in thousand) is 18.50. The population density (Inhabitants/km2) in the LAU is 29.00. The population change rate of the LAU in the last 10 years (%) has been -8.56%. The overall regional population density (Inhabitants/km2) is 30. The regional population change rate in the last 10 years (%) has been -7.15%.","population density","http://www.wikidata.org/entity/Q22856","22.29809181714374","42.683288637441784","20.933333333333334","43.95"
"Income and gross value added","The average per capita income (EUR/year) [NUTS3] is unspecified. The total Gross Value Added (GVA) (EUR million/year) [NUTS3] is 489.15. The primary sector share of total GVA/year [NUTS3] is 6.76%. The secondary sector share of total GVA/year [NUTS3] is 34.43%. The tertiary sector share of total GVA/year [NUTS3] is 58.81%. The per capita income (EUR/year) [NUTS2] is 529.61. The total Gross Value Added (GVA) (EUR million/year) [NUTS2] is 5202.34. The primary sector share of total GVA/year [NUTS2] is 7.56%. The secondary sector share of total GVA/year [NUTS2] is 41.13%. The tertiary sector share of total GVA/year [NUTS2] is 51.31%.","gross value added, per capita income, year","http://www.wikidata.org/entity/Q994873, http://www.wikidata.org/entity/Q45918, http://www.wikidata.org/entity/Q577","22.29809181714374","42.683288637441784","20.933333333333334","43.95"
"Tourism","The total number of bed places (BPs) in tourist accommodations/year in the LAU is 78618. The regional (NUTS2) share of total BPs/year is unspecified. The number of agricultural holdings in the LAU is 2232. The nearest settlement with population over 100000 (km) is 93. In this region protected areas are present.","number, bed, year","http://www.wikidata.org/entity/Q11563, http://www.wikidata.org/entity/Q42177, http://www.wikidata.org/entity/Q577","22.29809181714374","42.683288637441784","20.933333333333334","43.95"
"Employment","The primary sector share of total employment/year [NUTS3] is 1.80%. The secondary sector share of total employment/year [NUTS3] is 41.30%. The tertiary sector share of total employment/year [NUTS3] is 56.90%. The primary sector share of total employment/year [NUTS2] is 5.20%. The secondary sector share of total employment/year [NUTS2] is 38.40%. The tertiary sector share of total employment/year [NUTS2] is 56.40%.","employment, year","http://www.wikidata.org/entity/Q656365, http://www.wikidata.org/entity/Q577","22.29809181714374","42.683288637441784","20.933333333333334","43.95"
"Concluding remarks","","","","22.29809181714374","42.683288637441784","20.933333333333334","43.95"
