title,description,objects,objectlinks,lon,lat,barycenter_lon,barycenter_lat
"Free ranged animals","The MOVING reference member state of this VC is SKANDINAVIAN UCO. The reference MOVING Card ID of this VC is VC 05 SCA. The cattle grazes in open pastures during the summer time, as the rest of the year they are covered by snow. For this reason, another important element is the cutivation and harvest of winter fodder. It is known that free range also delivers ecosystem services such as seed dissemination or fertilization and fire risk reduction besides the ecological benefits of making use of local and sustainable resources and maintenance of pastures (great carbon sequestration rates in soils). Most of the farms of this kind have small-medium size and many of them combine various animals (cows, goats, sheeps) for meat and dairy production. In addition, in-farm touristic accomodation is getting more and more popular, opening new market opportunities.","cattle, summer, time, year, snow, dissemination, fire, risk, carbon sequestration","http://www.wikidata.org/entity/Q830, http://www.wikidata.org/entity/Q1313, http://www.wikidata.org/entity/Q11471, http://www.wikidata.org/entity/Q577, http://www.wikidata.org/entity/Q7561, http://www.wikidata.org/entity/Q840576, http://www.wikidata.org/entity/Q3196, http://www.wikidata.org/entity/Q104493, http://www.wikidata.org/entity/Q15305550","8.474623879406925","61.21800238534556","14.76093611111111","64.77964194444445"
"Interest on this VC","Besides having a big cultural component, this VC has an important role in the conservation of mountain pastures. The new product is related to the touristic asset of the VC while the marketing strategies are linked to the cooperation and development of regional brands and e-commerce platforms.","role, mountain, asset, marketing, cooperation, e-commerce","http://www.wikidata.org/entity/Q214339, http://www.wikidata.org/entity/Q8502, http://www.wikidata.org/entity/Q46737, http://www.wikidata.org/entity/Q39809, http://www.wikidata.org/entity/Q380962, http://www.wikidata.org/entity/Q484847","8.474623879406925","61.21800238534556","14.76093611111111","64.77964194444445"
"Mountain landscape and reference chains","The reference mountain chain of this VC is Scandinavean Mountains - Scandes. The reference mountain landscape of this VC is Vang. The region is covered by water streams and forests in the low lands, where also pastures and crops are grown, while the higher areas are dominated by heather and alpine medaws for summer pastures. Its geography is very diverese as it changes with the altitude, which leads to multiple land uses and recreational assets during the four seasons.","","","8.474623879406925","61.21800238534556","14.76093611111111","64.77964194444445"
"Key local assets","The mountain pastures and climatic conditions of Norwegian mountain areas demand certain type of management techniques and also a great commitment. Practices and konwledge, farm architecture, pasture landscapes and products are part of the cultural heritage of the region. Finally, there is a social component in the cooperation among regional stakeholders fostering the development of the region. About the LAU: 0545.","farm, architecture, pasture, cooperation","http://www.wikidata.org/entity/Q131596, http://www.wikidata.org/entity/Q12271, http://www.wikidata.org/entity/Q30121, http://www.wikidata.org/entity/Q380962","8.474623879406925","61.21800238534556","14.76093611111111","64.77964194444445"
"Challenges","1) Competing meat industry, and access to markets; 2) The need to add value to this VC because of its lower production capacity; 3) Climate change will also affect these ecosystems with increasing temperatures and precipitations as well as shorter winter seasons. Overall the type of challenge faced by this VC is Current and Predicted. This VC is classified as Traditional and Innovative.","meat, need, winter","http://www.wikidata.org/entity/Q10990, http://www.wikidata.org/entity/Q190258, http://www.wikidata.org/entity/Q1311","8.474623879406925","61.21800238534556","14.76093611111111","64.77964194444445"
"Innovation","The type of innovation of this VC is Exogenous. The innovation is about adding value to the VC with touristic packages. In addition, many of the farmers are now involved in regional projects of rural development, thus gaining attention and support through the website of those projects. In addition, e-commerce is an increasing business also for this traditional VC. The innovation is related to New products and New marketing strategies. The land use systems involved are Grassland and Natural land. The local assets include Natural, social and cultural.","innovation, addition, attention, website, e-commerce, business, marketing, grassland","http://www.wikidata.org/entity/Q174165, http://www.wikidata.org/entity/Q32043, http://www.wikidata.org/entity/Q6501338, http://www.wikidata.org/entity/Q35127, http://www.wikidata.org/entity/Q484847, http://www.wikidata.org/entity/Q4830453, http://www.wikidata.org/entity/Q39809, http://www.wikidata.org/entity/Q1006733","8.474623879406925","61.21800238534556","14.76093611111111","64.77964194444445"
"Geography and population","The size of the area (km2) is 1505.45. The minimum altimetry of the LAU is 363. The maximum altimetry of the LAU is 2208. The total population (in thousand) is 1.578. The population density (Inhabitants/km2) in the LAU is 1.05. The population change rate of the LAU in the last 10 years (%) has been -0.72%. The overall regional population density (Inhabitants/km2) is 7.13. The regional population change rate in the last 10 years (%) has been 2.86%.","population density","http://www.wikidata.org/entity/Q22856","8.474623879406925","61.21800238534556","14.76093611111111","64.77964194444445"
"Income and gross value added","The average per capita income (EUR/year) [NUTS3] is 44096.75. The total Gross Value Added (GVA) (EUR million/year) [NUTS3] is 7448.29. The primary sector share of total GVA/year [NUTS3] is 7.42%. The secondary sector share of total GVA/year [NUTS3] is 19.70%. The tertiary sector share of total GVA/year [NUTS3] is 72.88%. The per capita income (EUR/year) [NUTS2] is 46253.25. The total Gross Value Added (GVA) (EUR million/year) [NUTS2] is 15265.23. The primary sector share of total GVA/year [NUTS2] is 3.65%. The secondary sector share of total GVA/year [NUTS2] is 23.37%. The tertiary sector share of total GVA/year [NUTS2] is 72.98%.","gross value added, per capita income, year","http://www.wikidata.org/entity/Q994873, http://www.wikidata.org/entity/Q45918, http://www.wikidata.org/entity/Q577","8.474623879406925","61.21800238534556","14.76093611111111","64.77964194444445"
"Tourism","The total number of bed places (BPs) in tourist accommodations/year in the LAU is 3704. The regional (NUTS2) share of total BPs/year is 14.53%. The number of agricultural holdings in the LAU is 4 271. The nearest settlement with population over 100000 (km) is 121. In this region protected areas are present.","number, bed, year","http://www.wikidata.org/entity/Q11563, http://www.wikidata.org/entity/Q42177, http://www.wikidata.org/entity/Q577","8.474623879406925","61.21800238534556","14.76093611111111","64.77964194444445"
"Employment","The primary sector share of total employment/year [NUTS3] is 3.73%. The secondary sector share of total employment/year [NUTS3] is 19.97%. The tertiary sector share of total employment/year [NUTS3] is 76.29%. The primary sector share of total employment/year [NUTS2] is 4.27%. The secondary sector share of total employment/year [NUTS2] is 22.73%. The tertiary sector share of total employment/year [NUTS2] is 73.03%.","employment, year","http://www.wikidata.org/entity/Q656365, http://www.wikidata.org/entity/Q577","8.474623879406925","61.21800238534556","14.76093611111111","64.77964194444445"
"Concluding remarks","The VC is also present in other areas such as Nore og Uvdal (NO0633), Øystre Slidre (NO0544).","øystre slidre","http://www.wikidata.org/entity/Q329894","9.143611111111111","61.23638888888889","14.76093611111111","64.77964194444445"
