title,description,objects,objectlinks,lon,lat,barycenter_lon,barycenter_lat
"ALL SEASON MOUNTAIN TOURISM (BANSKO RESORT)","The MOVING reference member state of this VC is BULGARIA. The reference MOVING Card ID of this VC is VC 10 BG.","reference, bulgaria","http://www.wikidata.org/entity/Q121769, http://www.wikidata.org/entity/Q219","25.5","42.75","25.5","42.75"
"Interest on this VC","Newest and most rapidly developing 'luxury' mountain resort in Bulgaria catering for both winter and summer mass tourism. Important part of the Balkan Holidays (tour operator) portfolio. Close to the UNESCO designated Pirin National Park.","bulgaria, pirin national park","http://www.wikidata.org/entity/Q219, http://www.wikidata.org/entity/Q651314","23.5","41.666669444444445","25.5","42.75"
"Mountain landscape and reference chains","The reference mountain chain of this VC is Pirin Mountains. The reference mountain landscape of this VC is Bansko Municipality in Blagoevgrad Province (BG413).","blagoevgrad province, reference, mountain, landscape, bansko municipality","http://www.wikidata.org/entity/Q804311, http://www.wikidata.org/entity/Q121769, http://www.wikidata.org/entity/Q8502, http://www.wikidata.org/entity/Q107425, http://www.wikidata.org/entity/Q2085163","23.25","41.75","25.5","42.75"
"Key local assets","N/A. About the LAU: BLG01.","","","23.58324357759033","41.784786269828686","25.5","42.75"
"Challenges","N/A. Overall the type of challenge faced by this VC is Current. This VC is classified as Innovative.","","","23.58324357759033","41.784786269828686","25.5","42.75"
"Innovation","The type of innovation of this VC is Exogenous. The innovation is related to New products, New processes and New marketing strategies. The land use systems involved are N/A. The local assets include Natural.","innovation, marketing","http://www.wikidata.org/entity/Q174165, http://www.wikidata.org/entity/Q39809","23.58324357759033","41.784786269828686","25.5","42.75"
"Geography and population","The size of the area (km2) is 475.8. The minimum altimetry of the LAU is unspecified. The maximum altimetry of the LAU is unspecified. The total population (in thousand) is 12.827. The population density (Inhabitants/km2) in the LAU is 26.96. The population change rate of the LAU in the last 10 years (%) is unspecified. The overall regional population density (Inhabitants/km2) is 103.70. The regional population change rate in the last 10 years (%) has been -0.01%.","population density","http://www.wikidata.org/entity/Q22856","23.58324357759033","41.784786269828686","25.5","42.75"
"Income and gross value added","The average per capita income (EUR/year) [NUTS3] is 5000. The total Gross Value Added (GVA) (EUR million/year) [NUTS3] is 1323. The primary sector share of total GVA/year [NUTS3] is 8.60%. The secondary sector share of total GVA/year [NUTS3] is 26.70%. The tertiary sector share of total GVA/year [NUTS3] is 64.70%. The per capita income (EUR/year) [NUTS2] is 12900. The total Gross Value Added (GVA) (EUR million/year) [NUTS2] is 23579. The primary sector share of total GVA/year [NUTS2] is 1.20%. The secondary sector share of total GVA/year [NUTS2] is 16.10%. The tertiary sector share of total GVA/year [NUTS2] is 82.60%.","gross value added, per capita income, year","http://www.wikidata.org/entity/Q994873, http://www.wikidata.org/entity/Q45918, http://www.wikidata.org/entity/Q577","23.58324357759033","41.784786269828686","25.5","42.75"
"Tourism","The total number of bed places (BPs) in tourist accommodations/year in the LAU is 14739. The regional (NUTS2) share of total BPs/year is 39.90%. The number of agricultural holdings in the LAU is 35160. The nearest settlement with population over 100000 (km) is unspecified. In this region protected areas are present.","number, bed, year","http://www.wikidata.org/entity/Q11563, http://www.wikidata.org/entity/Q42177, http://www.wikidata.org/entity/Q577","23.58324357759033","41.784786269828686","25.5","42.75"
"Employment","The primary sector share of total employment/year [NUTS3] is 21.20%. The secondary sector share of total employment/year [NUTS3] is 31.80%. The tertiary sector share of total employment/year [NUTS3] is 47.00%. The primary sector share of total employment/year [NUTS2] is 6.40%. The secondary sector share of total employment/year [NUTS2] is 21.10%. The tertiary sector share of total employment/year [NUTS2] is 72.50%.","employment, year","http://www.wikidata.org/entity/Q656365, http://www.wikidata.org/entity/Q577","23.58324357759033","41.784786269828686","25.5","42.75"
"Concluding remarks","","","","23.58324357759033","41.784786269828686","25.5","42.75"
