title,description,objects,objectlinks,lon,lat,barycenter_lon,barycenter_lat
"Beef cattle breeding in mountains","The MOVING reference member state of this VC is SLOVAKIA. The reference MOVING Card ID of this VC is VC 05 SK. Key activities: cattle breeding, meat processing. Key actors: farmers. Local and regional impact of VC - pasture land maintenance .","slovakia","http://www.wikidata.org/entity/Q214","20.0","49.0","20.0","49.0"
"Interest on this VC","Beef cattle breeding is together with sheep breeding the main activity on pasture land in mountain areas in Slovakia. Thus it contributes to pasture maintenance. There is an increasing number of farms converting their conventional production to an organic one. However, beef cattle breeding in the Slovak mountains is also facing numerous challenges.","slovakia, beef, cattle, sheep, pasture, mountain","http://www.wikidata.org/entity/Q214, http://www.wikidata.org/entity/Q192628, http://www.wikidata.org/entity/Q830, http://www.wikidata.org/entity/Q7368, http://www.wikidata.org/entity/Q30121, http://www.wikidata.org/entity/Q8502","20.0","49.0","20.0","49.0"
"Mountain landscape and reference chains","The reference mountain chain of this VC is Slovak Carpathians. The reference mountain landscape of this VC is Važec. The Važec is lined by the highest Slovak mountains, 'Vysoké Tatry.' The municipality includes a karst cave declared as a National Natural Monument with guided visits for the public; there is also a ski areal for winter skiing. Due to the local landscape attractiveness, there are numerous accommodation facilities for visitors. The municipality has good access by train, buses and nearby highway.","reference, mountain, landscape, karst, natural monument, attractiveness","http://www.wikidata.org/entity/Q121769, http://www.wikidata.org/entity/Q8502, http://www.wikidata.org/entity/Q107425, http://www.wikidata.org/entity/Q16817, http://www.wikidata.org/entity/Q23790, http://www.wikidata.org/entity/Q4818701","19.984876160677953","49.064130272533696","20.0","49.0"
"Key local assets","Natural assets are agricultural land uses - grassland. Social assets are skills of farmers. About the LAU: 511129.","grassland","http://www.wikidata.org/entity/Q1006733","19.984876160677953","49.064130272533696","20.0","49.0"
"Challenges","1) import of livestock products from other countries 2) lack of young farmers who would ensure continuity from one generation to the next 3) low salary for field workers 4) relatively low per capita consumption of beef meat in Slovakia. Overall the type of challenge faced by this VC is Current and Predicted. This VC is classified as N/A.","slovakia","http://www.wikidata.org/entity/Q214","20.0","49.0","20.0","49.0"
"Innovation","The type of innovation of this VC is unspecified. The innovation is related to the whole VC. The land use systems involved are Grassland. The local assets include Natural and social.","innovation, grassland","http://www.wikidata.org/entity/Q174165, http://www.wikidata.org/entity/Q1006733","19.984876160677953","49.064130272533696","20.0","49.0"
"Geography and population","The size of the area (km2) is 59.7. The minimum altimetry of the LAU is 788. The maximum altimetry of the LAU is 895. The total population (in thousand) is 2.4. The population density (Inhabitants/km2) in the LAU is 40.23. The population change rate of the LAU in the last 10 years (%) has been 0.01%. The overall regional population density (Inhabitants/km2) is 102.4. The regional population change rate in the last 10 years (%) has been -0.02%.","population density","http://www.wikidata.org/entity/Q22856","19.984876160677953","49.064130272533696","20.0","49.0"
"Income and gross value added","The average per capita income (EUR/year) [NUTS3] is 14100. The total Gross Value Added (GVA) (EUR million/year) [NUTS3] is 8774.7. The primary sector share of total GVA/year [NUTS3] is 1.20%. The secondary sector share of total GVA/year [NUTS3] is 49.83%. The tertiary sector share of total GVA/year [NUTS3] is 48.97%. The per capita income (EUR/year) [NUTS2] is 13100. The total Gross Value Added (GVA) (EUR million/year) [NUTS2] is 15737.27. The primary sector share of total GVA/year [NUTS2] is 2.82%. The secondary sector share of total GVA/year [NUTS2] is 48.75%. The tertiary sector share of total GVA/year [NUTS2] is 48.43%.","gross value added, per capita income, year","http://www.wikidata.org/entity/Q994873, http://www.wikidata.org/entity/Q45918, http://www.wikidata.org/entity/Q577","19.984876160677953","49.064130272533696","20.0","49.0"
"Tourism","The total number of bed places (BPs) in tourist accommodations/year in the LAU is 645. The regional (NUTS2) share of total BPs/year is 0.36%. The number of agricultural holdings in the LAU is 4846. The nearest settlement with population over 100000 (km) is 139. In this region protected areas are present.","number, bed, year","http://www.wikidata.org/entity/Q11563, http://www.wikidata.org/entity/Q42177, http://www.wikidata.org/entity/Q577","19.984876160677953","49.064130272533696","20.0","49.0"
"Employment","The primary sector share of total employment/year [NUTS3] is 4.00%. The secondary sector share of total employment/year [NUTS3] is 37.00%. The tertiary sector share of total employment/year [NUTS3] is 59.00%. The primary sector share of total employment/year [NUTS2] is 4.00%. The secondary sector share of total employment/year [NUTS2] is 37.00%. The tertiary sector share of total employment/year [NUTS2] is 59.00%.","employment, year","http://www.wikidata.org/entity/Q656365, http://www.wikidata.org/entity/Q577","19.984876160677953","49.064130272533696","20.0","49.0"
"Concluding remarks","Beef cattle breeding is to some extent present in all mountain NUTS3 in Slovakia: SK 022, SK 031, SK 032, SK 041, SK 042.","slovakia, beef, cattle, present, mountain","http://www.wikidata.org/entity/Q214, http://www.wikidata.org/entity/Q192628, http://www.wikidata.org/entity/Q830, http://www.wikidata.org/entity/Q193168, http://www.wikidata.org/entity/Q8502","20.0","49.0","20.0","49.0"
