title,description,objects,objectlinks,lon,lat,barycenter_lon,barycenter_lat
"Family farms with both production and recreational possibilities for visitors","The MOVING reference member state of this VC is SLOVAKIA. The reference MOVING Card ID of this VC is VC 06 SK. Key activities: farm production, accomodation, food provision, marketing. Key actors: farmers, visitors, local public authorieties. Local and regional impact of VC - farm income diversification, added economic value, local identity support .","slovakia","http://www.wikidata.org/entity/Q214","20.0","49.0","20.0","49.0"
"Interest on this VC","The VC represents an example of diversification of farming in the mountains according to current consumers' demand. It usually includes producing high-quality food products, sometimes with bio certification, and provides accommodation for visitors. new services on a farm.","","","18.90139035339696","48.73825856776019","20.0","49.0"
"Mountain landscape and reference chains","The reference mountain chain of this VC is Slovak Carpathians. The reference mountain landscape of this VC is Kremnické bane. Above the farm is the symbolic Center of Europe at the Gothic Church of St. John the Baptist.","europe, kremnické bane","http://www.wikidata.org/entity/Q46, http://www.wikidata.org/entity/Q1072423","9.14062","48.690958888888886","20.0","49.0"
"Key local assets","Natural assets are agricultural land uses - crop production, pasture, orchards. Social assets are skills of farmers to diversify their farming activities and prepare accomodation possibilities and services to the public. About the LAU: 516988.","pasture, public","http://www.wikidata.org/entity/Q30121, http://www.wikidata.org/entity/Q2388316","18.90139035339696","48.73825856776019","20.0","49.0"
"Challenges","1) Lack of a tradition in agrotourism in Slovakia - the collectivization of agricultural holdings during the communist regime caused family farms decompositions. Thus, up-to-date agrotourism in the Slovak mountains is not very common. 2) Agrotourism means an additional activity to farm ( a set of goods and services offered to tourists, e.g., accommodation, meals, outdoor and indoor recreational activities organization) requiring other skills than farming. 3) Like every business, agrotourism also needs an initial investment at its start. Overall the type of challenge faced by this VC is Current. This VC is classified as Traditional and Innovative.","tradition, slovakia, collectivization, regime, goods, business, investment","http://www.wikidata.org/entity/Q82821, http://www.wikidata.org/entity/Q214, http://www.wikidata.org/entity/Q26844385, http://www.wikidata.org/entity/Q5589178, http://www.wikidata.org/entity/Q28877, http://www.wikidata.org/entity/Q4830453, http://www.wikidata.org/entity/Q4290","20.0","49.0","20.0","49.0"
"Innovation","The type of innovation of this VC is Exogenous. Farming is a traditional component and associated tourism is an innovation on a farm. The innovation is related to New services on a farm. The land use systems involved are Cropland and Grassland. The local assets include Natural and social.","innovation, tourism, farm, grassland","http://www.wikidata.org/entity/Q174165, http://www.wikidata.org/entity/Q49389, http://www.wikidata.org/entity/Q131596, http://www.wikidata.org/entity/Q1006733","18.90139035339696","48.73825856776019","20.0","49.0"
"Geography and population","The size of the area (km2) is 7.74. The minimum altimetry of the LAU is 700. The maximum altimetry of the LAU is 800. The total population (in thousand) is 0.265. The population density (Inhabitants/km2) in the LAU is 34.17. The population change rate of the LAU in the last 10 years (%) has been 0.02%. The overall regional population density (Inhabitants/km2) is 68.4. The regional population change rate in the last 10 years (%) has been -0.02%.","population density","http://www.wikidata.org/entity/Q22856","18.90139035339696","48.73825856776019","20.0","49.0"
"Income and gross value added","The average per capita income (EUR/year) [NUTS3] is 12100. The total Gross Value Added (GVA) (EUR million/year) [NUTS3] is 7012.6. The primary sector share of total GVA/year [NUTS3] is 4.78%. The secondary sector share of total GVA/year [NUTS3] is 47.44%. The tertiary sector share of total GVA/year [NUTS3] is 47.78%. The per capita income (EUR/year) [NUTS2] is 13100. The total Gross Value Added (GVA) (EUR million/year) [NUTS2] is 15737.27. The primary sector share of total GVA/year [NUTS2] is 2.82%. The secondary sector share of total GVA/year [NUTS2] is 48.75%. The tertiary sector share of total GVA/year [NUTS2] is 48.43%.","gross value added, per capita income, year","http://www.wikidata.org/entity/Q994873, http://www.wikidata.org/entity/Q45918, http://www.wikidata.org/entity/Q577","18.90139035339696","48.73825856776019","20.0","49.0"
"Tourism","The total number of bed places (BPs) in tourist accommodations/year in the LAU is 645. The regional (NUTS2) share of total BPs/year is 0.36%. The number of agricultural holdings in the LAU is 4846. The nearest settlement with population over 100000 (km) is 193. In this region protected areas are not present.","number, bed, year","http://www.wikidata.org/entity/Q11563, http://www.wikidata.org/entity/Q42177, http://www.wikidata.org/entity/Q577","18.90139035339696","48.73825856776019","20.0","49.0"
"Employment","The primary sector share of total employment/year [NUTS3] is 4.00%. The secondary sector share of total employment/year [NUTS3] is 37.00%. The tertiary sector share of total employment/year [NUTS3] is 59.00%. The primary sector share of total employment/year [NUTS2] is 4.00%. The secondary sector share of total employment/year [NUTS2] is 37.00%. The tertiary sector share of total employment/year [NUTS2] is 59.00%.","employment, year","http://www.wikidata.org/entity/Q656365, http://www.wikidata.org/entity/Q577","18.90139035339696","48.73825856776019","20.0","49.0"
"Concluding remarks","LAU 2: 516988, 510211, 524131, 523861, 523631, 526533.","","","18.90139035339696","48.73825856776019","20.0","49.0"
