title,description,objects,objectlinks,lon,lat,barycenter_lon,barycenter_lat
"Small scale production of high quality oils for eating and cosmetic purposes","The MOVING reference member state of this VC is SLOVAKIA. The reference MOVING Card ID of this VC is VC 08 SK. Key activities: crop production, products processing, marketing, selling. Key actors: producers and consumers. VC impact local SES by crop production in mountains.","slovakia","http://www.wikidata.org/entity/Q214","20.0","49.0","20.0","49.0"
"Interest on this VC","Specialized small-scale farming producing high-quality products. It is an adaptation of small farmers to the market by particular products. They cannot compete on the market with prominent producers and/or with productions located in better natural conditions for agriculture. One farm produces cold-pressed oils from Silybum marianum, Rapeseed oil, Hemp oil, Flax, and Poppy seeds. Another farm produces EU-certified organic hemp (in Východná, 775 m above sea), including manual harvesting and processing tincture. The farms have an e-shop, and products are sold in Slovakia. Production of new products in Slovak mountains is rare.","rapeseed, hemp oil, východná, tincture, slovakia","http://www.wikidata.org/entity/Q177932, http://www.wikidata.org/entity/Q1575477, http://www.wikidata.org/entity/Q1091679, http://www.wikidata.org/entity/Q969804, http://www.wikidata.org/entity/Q214","19.889166666666668","49.05861111111111","20.0","49.0"
"Mountain landscape and reference chains","The reference mountain chain of this VC is Slovak Carpathians. The reference mountain landscape of this VC is Hozelec. Hozelec is a small municipality located between two small villages Gánovce and Švábovce. There is a direct view on the High Tatras (the highest mountains in Slovakia). The district city Poprad is located 5km away.","reference, mountain, landscape, hozelec, municipality, gánovce, high tatras, slovakia, poprad","http://www.wikidata.org/entity/Q121769, http://www.wikidata.org/entity/Q8502, http://www.wikidata.org/entity/Q107425, http://www.wikidata.org/entity/Q1025230, http://www.wikidata.org/entity/Q15284, http://www.wikidata.org/entity/Q943716, http://www.wikidata.org/entity/Q690323, http://www.wikidata.org/entity/Q214, http://www.wikidata.org/entity/Q26393","20.345277777777778","49.03277777777778","20.0","49.0"
"Key local assets","Local asset is a cropland for production. About the LAU: 523496.","asset","http://www.wikidata.org/entity/Q46737","20.340263390138666","49.027855986540146","20.0","49.0"
"Challenges","1) niche products without long establishment on the market 2) small-scale production which may be less resiliente to economic stability. Overall the type of challenge faced by this VC is Current. This VC is classified as Innovative.","","","20.340263390138666","49.027855986540146","20.0","49.0"
"Innovation","The type of innovation of this VC is Endogenous and Exogenous. New products comming from regional plant species. Produced for commercial purposes. An online shop is used mainly for commerce. The innovation is related to New products. The land use systems involved are Cropland. The local assets include Natural.","innovation, plant, species","http://www.wikidata.org/entity/Q174165, http://www.wikidata.org/entity/Q756, http://www.wikidata.org/entity/Q7432","20.340263390138666","49.027855986540146","20.0","49.0"
"Geography and population","The size of the area (km2) is 4. The minimum altimetry of the LAU is 683. The maximum altimetry of the LAU is 805. The total population (in thousand) is 0.777. The population density (Inhabitants/km2) in the LAU is 194.14. The population change rate of the LAU in the last 10 years (%) has been -0.09%. The overall regional population density (Inhabitants/km2) is 92.02. The regional population change rate in the last 10 years (%) has been 0.02%.","population density","http://www.wikidata.org/entity/Q22856","20.340263390138666","49.027855986540146","20.0","49.0"
"Income and gross value added","The average per capita income (EUR/year) [NUTS3] is 10400. The total Gross Value Added (GVA) (EUR million/year) [NUTS3] is 7679.48. The primary sector share of total GVA/year [NUTS3] is 2.53%. The secondary sector share of total GVA/year [NUTS3] is 47.99%. The tertiary sector share of total GVA/year [NUTS3] is 49.48%. The per capita income (EUR/year) [NUTS2] is 11800. The total Gross Value Added (GVA) (EUR million/year) [NUTS2] is 17202.16. The primary sector share of total GVA/year [NUTS2] is 2.30%. The secondary sector share of total GVA/year [NUTS2] is 49.09%. The tertiary sector share of total GVA/year [NUTS2] is 48.61%.","gross value added, per capita income, year","http://www.wikidata.org/entity/Q994873, http://www.wikidata.org/entity/Q45918, http://www.wikidata.org/entity/Q577","20.340263390138666","49.027855986540146","20.0","49.0"
"Tourism","The total number of bed places (BPs) in tourist accommodations/year in the LAU is 856. The regional (NUTS2) share of total BPs/year is 0.69%. The number of agricultural holdings in the LAU is 3515. The nearest settlement with population over 100000 (km) is 108. In this region protected areas are not present.","number, bed, year","http://www.wikidata.org/entity/Q11563, http://www.wikidata.org/entity/Q42177, http://www.wikidata.org/entity/Q577","20.340263390138666","49.027855986540146","20.0","49.0"
"Employment","The primary sector share of total employment/year [NUTS3] is 3.00%. The secondary sector share of total employment/year [NUTS3] is 34.00%. The tertiary sector share of total employment/year [NUTS3] is 63.00%. The primary sector share of total employment/year [NUTS2] is 3.00%. The secondary sector share of total employment/year [NUTS2] is 34.00%. The tertiary sector share of total employment/year [NUTS2] is 63.00%.","employment, year","http://www.wikidata.org/entity/Q656365, http://www.wikidata.org/entity/Q577","20.340263390138666","49.027855986540146","20.0","49.0"
"Concluding remarks","LAU2: 523496, 511170, 543292.","","","20.340263390138666","49.027855986540146","20.0","49.0"
