title,description,objects,objectlinks,lon,lat,barycenter_lon,barycenter_lat
"Collection of forest mushrooms for own consumption","The MOVING reference member state of this VC is SLOVAKIA. The reference MOVING Card ID of this VC is VC 14 SK. Key activities: collection of forest non-wood products, home processing. Key actors: forest owners, public, state restrictions Positive impact on local and regional SES is a contribution to food availability, local products.","reference, slovakia, forest, food, availability","http://www.wikidata.org/entity/Q121769, http://www.wikidata.org/entity/Q214, http://www.wikidata.org/entity/Q4421, http://www.wikidata.org/entity/Q2095, http://www.wikidata.org/entity/Q384871","20.0","49.0","20.0","49.0"
"Interest on this VC","The VC describes popular public activity in Slovak forests relating to mushroom picking for own domestic use. Commercialization of mushrooms and forest fruits is not usual in Slovakia. Some informal selling occurs from individual collectors contributing to family livelihood. A webpage for collectors exists where people can share the actual place of mushrooms grows and their experiences. Collection of forest mushrooms and forest fruits by public is very common activity in Slovak mountain forests.","mushroom, commercialization, forest, slovakia, people","http://www.wikidata.org/entity/Q83093, http://www.wikidata.org/entity/Q5152592, http://www.wikidata.org/entity/Q4421, http://www.wikidata.org/entity/Q214, http://www.wikidata.org/entity/Q2472587","20.0","49.0","20.0","49.0"
"Mountain landscape and reference chains","The reference mountain chain of this VC is Slovak Carpathians. The reference mountain landscape of this VC is Kamienka. Municipality located close to the district city Stará Ľubovňa. The district has numerous touristic possibilities, inluding spa, ski areals, historic monuments, and hiking trails.","","","21.99763396265861","48.9080807846579","20.0","49.0"
"Key local assets","Natural assets are forests. Cultural assests are traditional activity in forest and knowledge about edible mushroom species. About the LAU: 520349.","mushroom","http://www.wikidata.org/entity/Q83093","21.99763396265861","48.9080807846579","20.0","49.0"
"Challenges","1) the collectors are not always aware of restrictions for plant collection in National Parcs and National Natural Reserves. 2) no rules about the amount of mushrooms and forest fruits that individuals can collect. 3) the knowledge needed from collectors to recognize edible mushrooms and fruits. Overall the type of challenge faced by this VC is Current. This VC is classified as Traditional.","plant, forest, knowledge","http://www.wikidata.org/entity/Q756, http://www.wikidata.org/entity/Q4421, http://www.wikidata.org/entity/Q9081","21.99763396265861","48.9080807846579","20.0","49.0"
"Innovation","The type of innovation of this VC is unspecified. The innovation is related to the whole VC. The land use systems involved are Forestry. The local assets include Natural and cultural.","innovation","http://www.wikidata.org/entity/Q174165","21.99763396265861","48.9080807846579","20.0","49.0"
"Geography and population","The size of the area (km2) is 29.17. The minimum altimetry of the LAU is 588. The maximum altimetry of the LAU is 588. The total population (in thousand) is 1.364. The population density (Inhabitants/km2) in the LAU is 46.75. The population change rate of the LAU in the last 10 years (%) has been -0.02%. The overall regional population density (Inhabitants/km2) is 92.02. The regional population change rate in the last 10 years (%) has been 0.02%.","population density","http://www.wikidata.org/entity/Q22856","21.99763396265861","48.9080807846579","20.0","49.0"
"Income and gross value added","The average per capita income (EUR/year) [NUTS3] is 10400. The total Gross Value Added (GVA) (EUR million/year) [NUTS3] is 7679.5. The primary sector share of total GVA/year [NUTS3] is 2.53%. The secondary sector share of total GVA/year [NUTS3] is 47.99%. The tertiary sector share of total GVA/year [NUTS3] is 49.48%. The per capita income (EUR/year) [NUTS2] is 11800. The total Gross Value Added (GVA) (EUR million/year) [NUTS2] is 17202.16. The primary sector share of total GVA/year [NUTS2] is 2.30%. The secondary sector share of total GVA/year [NUTS2] is 49.09%. The tertiary sector share of total GVA/year [NUTS2] is 48.61%.","gross value added, per capita income, year","http://www.wikidata.org/entity/Q994873, http://www.wikidata.org/entity/Q45918, http://www.wikidata.org/entity/Q577","21.99763396265861","48.9080807846579","20.0","49.0"
"Tourism","The total number of bed places (BPs) in tourist accommodations/year in the LAU is 856. The regional (NUTS2) share of total BPs/year is 0.69%. The number of agricultural holdings in the LAU is 3515. The nearest settlement with population over 100000 (km) is 204. In this region protected areas are present.","number, bed, year","http://www.wikidata.org/entity/Q11563, http://www.wikidata.org/entity/Q42177, http://www.wikidata.org/entity/Q577","21.99763396265861","48.9080807846579","20.0","49.0"
"Employment","The primary sector share of total employment/year [NUTS3] is 3.00%. The secondary sector share of total employment/year [NUTS3] is 34.00%. The tertiary sector share of total employment/year [NUTS3] is 63.00%. The primary sector share of total employment/year [NUTS2] is 3.00%. The secondary sector share of total employment/year [NUTS2] is 34.00%. The tertiary sector share of total employment/year [NUTS2] is 63.00%.","employment, year","http://www.wikidata.org/entity/Q656365, http://www.wikidata.org/entity/Q577","21.99763396265861","48.9080807846579","20.0","49.0"
"Concluding remarks","It is practically present in all mountain NUTS3 in Slovakia: SK 022, SK 031, SK 032, SK 041, SK 042.","mountain, slovakia","http://www.wikidata.org/entity/Q8502, http://www.wikidata.org/entity/Q214","20.0","49.0","20.0","49.0"
