title,description,objects,objectlinks,lon,lat,barycenter_lon,barycenter_lat
"Spring and mineral waters from mountains - sold as natural or flavored with local wild herbs","The MOVING reference member state of this VC is SLOVAKIA. The reference MOVING Card ID of this VC is VC 18 SK. Key activities: packaging and marketing. Key actors: producers, actors in marketing. Labelling: waters with a certain amount of minerals can be labeled as 'mineral water'.","slovakia, mineral water","http://www.wikidata.org/entity/Q214, http://www.wikidata.org/entity/Q178921","20.0","49.0","20.0","49.0"
"Interest on this VC","Slovakia has several mineral water springs in the mountains, which are commercialized for drinking water. Currently, there are 14 brands of mineral waters and numerous spring waters in Slovakia. These waters have been existing on the market for several decades. They are considered to have a high reputation for domestic consumers or even in the Czech Republic. Some waters are recently flavored with local herbs with bio quality. New processes include a combination of mountain water and local wild herbs. The makteting strategies focus not so much on new brands, but on the modification of the products - packaging varieties, flavor and CO2 content.","czech republic, slovakia, mineral water, drinking, water, mineral, combination, mountain","http://www.wikidata.org/entity/Q213, http://www.wikidata.org/entity/Q214, http://www.wikidata.org/entity/Q178921, http://www.wikidata.org/entity/Q876776, http://www.wikidata.org/entity/Q283, http://www.wikidata.org/entity/Q7946, http://www.wikidata.org/entity/Q202805, http://www.wikidata.org/entity/Q8502","20.0","49.0","20.0","49.0"
"Mountain landscape and reference chains","The reference mountain chain of this VC is Slovak Carpathians. The reference mountain landscape of this VC is Liptovská osada. VC is present in all mountain NUTS3 in Slovakia (row57). A part of the LAU2 Liptovská osada, where the mineral spring is located, is part of the National Parc Nízke Tatry. The mineral water was in the past also used for the bath therapies in the spa area. The village has numerous accommodation facilities for visitors, some of which are provided in private houses. The local landscape also has numerous hiking and biking trails.","reference, mountain, landscape, liptovská osada, slovakia, mineral spring, mineral water","http://www.wikidata.org/entity/Q121769, http://www.wikidata.org/entity/Q8502, http://www.wikidata.org/entity/Q107425, http://www.wikidata.org/entity/Q1186992, http://www.wikidata.org/entity/Q214, http://www.wikidata.org/entity/Q1365924, http://www.wikidata.org/entity/Q178921","19.26248888888889","48.950719444444445","20.0","49.0"
"Key local assets","Local water spring, wild herbs - Raspberry, Blackthorn, Red currant, Gooseberry, Rosehip, Elderberry flower, Dandelion, Chamomile. About the LAU: 510637.","water, raspberry, gooseberry, flower, chamomile","http://www.wikidata.org/entity/Q283, http://www.wikidata.org/entity/Q13179, http://www.wikidata.org/entity/Q17638951, http://www.wikidata.org/entity/Q506, http://www.wikidata.org/entity/Q14169150","19.258941446074985","48.924427299820955","20.0","49.0"
"Challenges","1) Competitive market - there are numerous different mineral water brands and their numerous modifications on the Slovak food market. The brands of spring and mineral waters in Slovakia have been established over the last decades. Producers currently focus on keeping the consumers by modifying sold waters regarding varieties of packaging, flavor, and CO2 content. 2) weak promotion of Slovak spring and mineral waters 3) The environmental challenge is the material of packaging. Most of the waters are sold in plastic non-recyclable bottles and rarely in larger volumes than 1,5l. This causes a relatively massive amount of plastic waste. 4) Climate change, especially drought and reduced water quality, can cause a reduction of the amount and quality of infiltrated precipitation waters in a hydrogeological structure which are necessary for mineral waters' formation. Moreover, weather extremes as windstorms can destroy the forest cover across large areas. Consequently, it causes changing the groundwater circulation pattern on a local scale. Overall the type of challenge faced by this VC is Current and Predicted. This VC is classified as Traditional and Innovative.","mineral water, mineral, slovakia, water","http://www.wikidata.org/entity/Q178921, http://www.wikidata.org/entity/Q7946, http://www.wikidata.org/entity/Q214, http://www.wikidata.org/entity/Q283","20.0","49.0","20.0","49.0"
"Innovation","The type of innovation of this VC is Endogenous. Innovative is the mixture of local resources - water and local wild herbs. The innovation is related to New processes and New marketing strategies. The land use systems involved are Forestry, Natural land and Meadows with wild herbs. The local assets include Natural and cultural.","innovation, mixture, water, marketing, forestry","http://www.wikidata.org/entity/Q174165, http://www.wikidata.org/entity/Q169336, http://www.wikidata.org/entity/Q283, http://www.wikidata.org/entity/Q39809, http://www.wikidata.org/entity/Q38112","19.258941446074985","48.924427299820955","20.0","49.0"
"Geography and population","The size of the area (km2) is 50.195. The minimum altimetry of the LAU is 500. The maximum altimetry of the LAU is 700. The total population (in thousand) is 1.628. The population density (Inhabitants/km2) in the LAU is 32.42. The population change rate of the LAU in the last 10 years (%) has been 0.00%. The overall regional population density (Inhabitants/km2) is 102.6. The regional population change rate in the last 10 years (%) has been 0.00%.","population density","http://www.wikidata.org/entity/Q22856","19.258941446074985","48.924427299820955","20.0","49.0"
"Income and gross value added","The average per capita income (EUR/year) [NUTS3] is 14100. The total Gross Value Added (GVA) (EUR million/year) [NUTS3] is 8774.7. The primary sector share of total GVA/year [NUTS3] is 1.20%. The secondary sector share of total GVA/year [NUTS3] is 49.83%. The tertiary sector share of total GVA/year [NUTS3] is 48.97%. The per capita income (EUR/year) [NUTS2] is 13100. The total Gross Value Added (GVA) (EUR million/year) [NUTS2] is 15737.27. The primary sector share of total GVA/year [NUTS2] is 2.82%. The secondary sector share of total GVA/year [NUTS2] is 48.75%. The tertiary sector share of total GVA/year [NUTS2] is 48.43%.","gross value added, per capita income, year","http://www.wikidata.org/entity/Q994873, http://www.wikidata.org/entity/Q45918, http://www.wikidata.org/entity/Q577","19.258941446074985","48.924427299820955","20.0","49.0"
"Tourism","The total number of bed places (BPs) in tourist accommodations/year in the LAU is 1168. The regional (NUTS2) share of total BPs/year is 0.64%. The number of agricultural holdings in the LAU is 4122. The nearest settlement with population over 100000 (km) is 142. In this region protected areas are not present.","number, bed, year","http://www.wikidata.org/entity/Q11563, http://www.wikidata.org/entity/Q42177, http://www.wikidata.org/entity/Q577","19.258941446074985","48.924427299820955","20.0","49.0"
"Employment","The primary sector share of total employment/year [NUTS3] is 4.00%. The secondary sector share of total employment/year [NUTS3] is 37.00%. The tertiary sector share of total employment/year [NUTS3] is 59.00%. The primary sector share of total employment/year [NUTS2] is 4.00%. The secondary sector share of total employment/year [NUTS2] is 37.00%. The tertiary sector share of total employment/year [NUTS2] is 59.00%.","employment, year","http://www.wikidata.org/entity/Q656365, http://www.wikidata.org/entity/Q577","19.258941446074985","48.924427299820955","20.0","49.0"
"Concluding remarks","Slovakia is in number and quality of mineral springs among the richest countries in the world. VC is present in all mountain NUTS3 in Slovakia: SK 022, SK 031, SK 032, SK 041, SK 042.","slovakia, number, mineral, world, mountain","http://www.wikidata.org/entity/Q214, http://www.wikidata.org/entity/Q11563, http://www.wikidata.org/entity/Q7946, http://www.wikidata.org/entity/Q16502, http://www.wikidata.org/entity/Q8502","20.0","49.0","20.0","49.0"
