title,description,objects,objectlinks,lon,lat,barycenter_lon,barycenter_lat
"Spanish Vigneronsfrom Huesca Pirineos","The MOVING reference member state of this VC is SPAIN ADEGUA. The reference MOVING Card ID of this VC is VC 11 ES. The Huesca small vineyards and cellars are all located in the higher part of the mountain and were progressively loosing economic relevance, with several cases of abandonment. At the same time, In last 50 years, winegrowers of a the lower area stared to cooperate and managed to have their tipicity acknowledged under the Somontano D.O. The Somontano production is heading to the provincial and regional market as well as to European and North American markets facing a good success. Somontano wine companies started to be interested in the Huesca vineyard and offered local vinegrowers their support,in the vineyard and in the cellar, bought their grapes or helped them processing them on site and promote the wines on the market. The interaction between professional wine grower in Samontano and the small-scale producers in Huesca is the key of the value chain success.","huesca, mountain, relevance, time, somontano, wine, vineyard","http://www.wikidata.org/entity/Q11967, http://www.wikidata.org/entity/Q8502, http://www.wikidata.org/entity/Q1074648, http://www.wikidata.org/entity/Q11471, http://www.wikidata.org/entity/Q1938017, http://www.wikidata.org/entity/Q282, http://www.wikidata.org/entity/Q22715","-0.40889722222222225","42.1401","-3.5","40.2"
"Interest on this VC","Huesca is a historic vineyards region in Aragon. Due to depopulation in last half century, a lot of vineyards were uprooted and now what remains are small productions with identity value. The agro-ecological system is polyculture, each farmhouse in the area maintains a very small winery put at risk by aging of the farm population. In the last decade several professional farmers showed interest in getting engaged into the local highly identified production and offer their knowledge and support to local producers. There is a IGP (indication geographical protected) Ribera del Gállego-Cinco Villas. 1. the innovative and grass-root cooperation among professional Somontano producers and the small scale Huesca farms; 2. the need to regain old varieties, adapted to the extreme weather conditions; 3. the problematic grape growing with a proper ripening cycles due to climate change; 4. Recent introduction of new knowledge in vineyards, cellars and tourist activities, along with widespread organic production and online sales can be a game-change.","huesca, aragon, century, system, polyculture, farmhouse, winery, risk, farm, decade, interest, knowledge, cooperation, somontano, grape, sales","http://www.wikidata.org/entity/Q11967, http://www.wikidata.org/entity/Q4040, http://www.wikidata.org/entity/Q578, http://www.wikidata.org/entity/Q58778, http://www.wikidata.org/entity/Q2739133, http://www.wikidata.org/entity/Q489357, http://www.wikidata.org/entity/Q156362, http://www.wikidata.org/entity/Q104493, http://www.wikidata.org/entity/Q131596, http://www.wikidata.org/entity/Q39911, http://www.wikidata.org/entity/Q170924, http://www.wikidata.org/entity/Q9081, http://www.wikidata.org/entity/Q380962, http://www.wikidata.org/entity/Q1938017, http://www.wikidata.org/entity/Q10978, http://www.wikidata.org/entity/Q194189","-1.0","41.0","-3.5","40.2"
"Mountain landscape and reference chains","The reference mountain chain of this VC is Spanish Pyrenees. The reference mountain landscape of this VC is Ayerbe. The Sierra Loarre is a mountainous formation in pre-Pirineos. close to France.in Aragon, in the center of Pirineos. This area produces excellent wines thanks to the genuine fruit of the nature of the grapes and its subsequent artisanal processing. The conditions are optimal to produce wines of extraordinary quality. Depopulation of higher areas is a main problem.","france, spanish pyrenees, ayerbe, loarre, aragon","http://www.wikidata.org/entity/Q142, http://www.wikidata.org/entity/Q7573274, http://www.wikidata.org/entity/Q189749, http://www.wikidata.org/entity/Q1995783, http://www.wikidata.org/entity/Q4040","-0.6891666666666667","42.276666666666664","-3.5","40.2"
"Key local assets","The pre-Pirineos (600-1000 m) area is close to high mountains and people from high mountains used to come to buy wine and exchange cheese, meat and other products. The same from France and from low lands, who exchanged fruits and vegetables. This region was named: 'Reino de los Mallos'(kingdom of rock mountains) and has 2000 years of history, as well as many Romanic churches, Falling in ruins in the last 30 years, due to depopulation and abandonment. About the LAU: 22039.","france, people, wine, cheese, meat, history, ruins","http://www.wikidata.org/entity/Q142, http://www.wikidata.org/entity/Q2472587, http://www.wikidata.org/entity/Q282, http://www.wikidata.org/entity/Q10943, http://www.wikidata.org/entity/Q10990, http://www.wikidata.org/entity/Q309, http://www.wikidata.org/entity/Q109607","2.0","47.0","-3.5","40.2"
"Challenges","1) lack of small producers professionalism; 2) high production costs that can hamper market potentials; 3) Climate change is evident in the ripening cycles of the grapes. Overall the type of challenge faced by this VC is Current and Predicted. This VC is classified as Tradiotional and Innovative.","","","-0.7012072172728265","42.25009976620175","-3.5","40.2"
"Innovation","The type of innovation of this VC is Endogenous and Exogenous. 1. the changeover of most wineries to organic production; 2.the introduction of complementary activities (tourism, tastings, etc.). 3. the model of cooperation between Huesca small scale, non professional vine and wine producers and the professionals of Somontano. The innovation is related to New products New governance systems. The land use systems involved are Cropland and old, small and high parcels. They were vineyards, now there almonds or they are in fallow state. The local assets include Natural, social and cultural.","somontano, innovation, huesca, governance","http://www.wikidata.org/entity/Q1938017, http://www.wikidata.org/entity/Q174165, http://www.wikidata.org/entity/Q11967, http://www.wikidata.org/entity/Q1553864","-0.40889722222222225","42.1401","-3.5","40.2"
"Geography and population","The size of the area (km2) is 63.89. The minimum altimetry of the LAU is 415. The maximum altimetry of the LAU is 835. The total population (in thousand) is 1.017. The population density (Inhabitants/km2) in the LAU is 16.76. The population change rate of the LAU in the last 10 years (%) has been -10.80%. The overall regional population density (Inhabitants/km2) is 162.7. The regional population change rate in the last 10 years (%) has been 0.016.","population density","http://www.wikidata.org/entity/Q22856","-0.7012072172728265","42.25009976620175","-3.5","40.2"
"Income and gross value added","The average per capita income (EUR/year) [NUTS3] is 10120. The total Gross Value Added (GVA) (EUR million/year) [NUTS3] is 15102. The primary sector share of total GVA/year [NUTS3] is 6.06%. The secondary sector share of total GVA/year [NUTS3] is 16.81%. The tertiary sector share of total GVA/year [NUTS3] is 74.00%. The per capita income (EUR/year) [NUTS2] is 15800. The total Gross Value Added (GVA) (EUR million/year) [NUTS2] is 146000. The primary sector share of total GVA/year [NUTS2] is 0.0653. The secondary sector share of total GVA/year [NUTS2] is 0.2001. The tertiary sector share of total GVA/year [NUTS2] is 0.7346.","gross value added, per capita income, year","http://www.wikidata.org/entity/Q994873, http://www.wikidata.org/entity/Q45918, http://www.wikidata.org/entity/Q577","-0.7012072172728265","42.25009976620175","-3.5","40.2"
"Tourism","The total number of bed places (BPs) in tourist accommodations/year in the LAU is 142. The number of agricultural holdings in the LAU is 124. The nearest settlement with population over 100000 (km) is 100. In this region protected areas are present.","","","-0.7012072172728265","42.25009976620175","-3.5","40.2"
"Employment","The primary sector share of total employment/year [NUTS3] is 10.00%. The secondary sector share of total employment/year [NUTS3] is 15.00%. The tertiary sector share of total employment/year [NUTS3] is 74.00%. The primary sector share of total employment/year [NUTS2] is 0.0956. The secondary sector share of total employment/year [NUTS2] is 0.1587. The tertiary sector share of total employment/year [NUTS2] is 0.7328.","employment, year","http://www.wikidata.org/entity/Q656365, http://www.wikidata.org/entity/Q577","-0.7012072172728265","42.25009976620175","-3.5","40.2"
"Concluding remarks","Among Spanish wines, whose market and export has a very relevant role in the economy of the country, Aragon used to cover 30% of the whole National wine production. Nowadays wines from Aragon are less than 20% of the National production but this specialty mountain production can contribute to increase again the relevance of the region. Besides, the model of cooperation among high mountain vine-growers and other areas wine producers can be adapted to other areas.","export, role, economy, aragon, wine, mountain, relevance","http://www.wikidata.org/entity/Q182722, http://www.wikidata.org/entity/Q214339, http://www.wikidata.org/entity/Q159810, http://www.wikidata.org/entity/Q4040, http://www.wikidata.org/entity/Q282, http://www.wikidata.org/entity/Q8502, http://www.wikidata.org/entity/Q1074648","-1.0","41.0","-3.5","40.2"
