title,description,objects,objectlinks,lon,lat,barycenter_lon,barycenter_lat
"Lanjarón, spring and mineral water from Sierra Nevada","The MOVING reference member state of this VC is SPAIN ADEGUA. The reference MOVING Card ID of this VC is VC 16 ES. The springs of Lanjarón were discovered at the end of the 18th century. In 1818, six springs in the town of Lanjarón were declared mineral-medicinal water, including the Salud spring. From 1830 the bottling of the different waters began. In 1950 a glass bottling factory was built. In 1982 Lanjarón went from PVC packaging to be the first brand to bottle Natural Mineral Water in PET. In 2005 the company sold the spa, while in 2006, the merger by absorption of Aguas de Lanjarón, S.A. by Font Vella S.A., based in Barcelona, was made public. In 2016 it changed its corporate name to Aguas Danone, SA.","spain, lanjarón, century, town, mineral, water, mineral water, pet, spa, barcelona, danone","http://www.wikidata.org/entity/Q29, http://www.wikidata.org/entity/Q582995, http://www.wikidata.org/entity/Q578, http://www.wikidata.org/entity/Q3957, http://www.wikidata.org/entity/Q7946, http://www.wikidata.org/entity/Q283, http://www.wikidata.org/entity/Q178921, http://www.wikidata.org/entity/Q39201, http://www.wikidata.org/entity/Q1341387, http://www.wikidata.org/entity/Q1492, http://www.wikidata.org/entity/Q329426","2.1769444444444446","41.3825","-3.5","40.2"
"Interest on this VC","Lanjarón is a brand of natural mineral water owned by Aguas Danone, SA (a Danone Group company), which comes from the Salud spring in Lanjarón in the Sierra Nevada massif in the province of Granada, where it is also bottled. Lanjarón water is very weakly mineralised. All Lanjarón bottles will be made of recycled plastic by 2021. Besides, they will use a new cap format that remains attached to the bottle. Since its birth, commitment to the environment has been associated with Lanjarón natural mineral water, given its privileged origin. For years, Lanjarón has been dedicating part of its profits to financing different actions to fight against waste disposal and in favor of the circular economy and against depopulation and other socio-ecological problems.","sierra nevada, lanjarón, mineral water, danone, massif, water, plastic, cap, bottle, birth, mineral, circular economy","http://www.wikidata.org/entity/Q26777, http://www.wikidata.org/entity/Q582995, http://www.wikidata.org/entity/Q178921, http://www.wikidata.org/entity/Q329426, http://www.wikidata.org/entity/Q1061151, http://www.wikidata.org/entity/Q283, http://www.wikidata.org/entity/Q11474, http://www.wikidata.org/entity/Q6147804, http://www.wikidata.org/entity/Q80228, http://www.wikidata.org/entity/Q14819852, http://www.wikidata.org/entity/Q7946, http://www.wikidata.org/entity/Q497743","2.3072219444444446","48.875","-3.5","40.2"
"Mountain landscape and reference chains","The reference mountain chain of this VC is Betic Systems. The reference mountain landscape of this VC is Lanjarón. The natural mineral water of Lanjarón originates in the peaks of the Sierra Nevada National and Natural Park, declared a Biosphere Reserve by UNESCO in 1986. The town of Lanjarón is located at the Sierra Nevada foot, having had a historical link with the natural mineral water used both in the spa and in bottled mineral water for human consumption.","sierra nevada, biosphere reserve, reference, mountain, landscape, lanjarón, park, town, nevada, mineral, water, spa","http://www.wikidata.org/entity/Q26777, http://www.wikidata.org/entity/Q158454, http://www.wikidata.org/entity/Q121769, http://www.wikidata.org/entity/Q8502, http://www.wikidata.org/entity/Q107425, http://www.wikidata.org/entity/Q582995, http://www.wikidata.org/entity/Q22698, http://www.wikidata.org/entity/Q3957, http://www.wikidata.org/entity/Q1227, http://www.wikidata.org/entity/Q7946, http://www.wikidata.org/entity/Q283, http://www.wikidata.org/entity/Q1341387","-3.4833333333333334","36.91888888888889","-3.5","40.2"
"Key local assets","Mineral waters have established by law a perimeter of protection, an aquifer recharge zone, keeping under control human, industrial, and livestock activities as long as they do not affect the quantity or quality of the mineral water. Some waters have the added protection of being born in a National Park, such as the Sierra Nevada. About the LAU: 18116.","sierra nevada, mineral, law, protection, aquifer, livestock, mineral water, park","http://www.wikidata.org/entity/Q26777, http://www.wikidata.org/entity/Q7946, http://www.wikidata.org/entity/Q7748, http://www.wikidata.org/entity/Q2251595, http://www.wikidata.org/entity/Q208791, http://www.wikidata.org/entity/Q103459, http://www.wikidata.org/entity/Q178921, http://www.wikidata.org/entity/Q22698","-3.4641101112650867","36.95028250696214","-3.5","40.2"
"Challenges","Faced with a private company's business challenges, the company is committed to the environmental and global challenges of our society. Specifically, in the case of Lanjarón, this represents a commitment to nature, reducing the impact of industrial activity, protecting the environment, and promoting the use of sustainable materials and packaging. Overall the type of challenge faced by this VC is Current and Predicted. This VC is classified as Traditional and Innovative.","business, society, lanjarón","http://www.wikidata.org/entity/Q4830453, http://www.wikidata.org/entity/Q8425, http://www.wikidata.org/entity/Q582995","-3.4833333333333334","36.91888888888889","-3.5","40.2"
"Innovation","The type of innovation of this VC is Endogenous and Exogenous. The company stands out for the innovation applied in its processes and product incorporation and its marketing strategies, business model, and governance, being a publicly recognized challenge to try to combine its management strategy with the planet's global sustainability challenges. The innovation is related to New products, New processes, New marketing strategies and New governance systems. The land use systems involved are Natural spring water. The local assets include Natural, social and cultural.","innovation, marketing, governance, strategy","http://www.wikidata.org/entity/Q174165, http://www.wikidata.org/entity/Q39809, http://www.wikidata.org/entity/Q1553864, http://www.wikidata.org/entity/Q185451","-3.4641101112650867","36.95028250696214","-3.5","40.2"
"Geography and population","The size of the area (km2) is 60.33. The minimum altimetry of the LAU is 250. The maximum altimetry of the LAU is 3150. The total population (in thousand) is 3.53. The population density (Inhabitants/km2) in the LAU is 58.51. The population change rate of the LAU in the last 10 years (%) has been -8.60%. The overall regional population density (Inhabitants/km2) is 96.63. The regional population change rate in the last 10 years (%) has been 1.12%.","population density","http://www.wikidata.org/entity/Q22856","-3.4641101112650867","36.95028250696214","-3.5","40.2"
"Income and gross value added","The average per capita income (EUR/year) [NUTS3] is 12769.49. The total Gross Value Added (GVA) (EUR million/year) [NUTS3] is 15101.8. The primary sector share of total GVA/year [NUTS3] is 7.47%. The secondary sector share of total GVA/year [NUTS3] is 14.65%. The tertiary sector share of total GVA/year [NUTS3] is 77.88%. The per capita income (EUR/year) [NUTS2] is 16409.45. The total Gross Value Added (GVA) (EUR million/year) [NUTS2] is 150440. The primary sector share of total GVA/year [NUTS2] is 6.53%. The secondary sector share of total GVA/year [NUTS2] is 20.01%. The tertiary sector share of total GVA/year [NUTS2] is 73.46%.","gross value added, per capita income, year","http://www.wikidata.org/entity/Q994873, http://www.wikidata.org/entity/Q45918, http://www.wikidata.org/entity/Q577","-3.4641101112650867","36.95028250696214","-3.5","40.2"
"Tourism","The total number of bed places (BPs) in tourist accommodations/year in the LAU is 1470. The regional (NUTS2) share of total BPs/year is 0,27%. The number of agricultural holdings in the LAU is 183. The nearest settlement with population over 100000 (km) is 45.5. In this region protected areas are present.","","","-3.4641101112650867","36.95028250696214","-3.5","40.2"
"Employment","The primary sector share of total employment/year [NUTS3] is 9.74%. The secondary sector share of total employment/year [NUTS3] is 16.46%. The tertiary sector share of total employment/year [NUTS3] is 73.80%. The primary sector share of total employment/year [NUTS2] is 9.44%. The secondary sector share of total employment/year [NUTS2] is 16.41%. The tertiary sector share of total employment/year [NUTS2] is 74.15%.","employment, year","http://www.wikidata.org/entity/Q656365, http://www.wikidata.org/entity/Q577","-3.4641101112650867","36.95028250696214","-3.5","40.2"
"Concluding remarks","Many mountainous regions take advantage of their springs to commercialize mineral waters. In Spain, among others, the Autonomous Communities of Castilla y León, the Canary Islands, Aragón, Catalonia.. Similarly, this is the case in the different mountainous areas of the European Union.","spain, canary islands, european union, catalonia","http://www.wikidata.org/entity/Q29, http://www.wikidata.org/entity/Q5813, http://www.wikidata.org/entity/Q458, http://www.wikidata.org/entity/Q5705","9.2","50.1","-3.5","40.2"
