title,description,objects,objectlinks,lon,lat,barycenter_lon,barycenter_lat
"'Azpi Gorri' Goat Breed","The MOVING reference member state of this VC is SPAIN ADEGUA. The reference MOVING Card ID of this VC is VC 19 ES. The breed has its origin in the Pyrenean stock, whose ancestral representative is the capra aegagrus. The main productive use is meat. The suckling goats are slaughtered at around 35 to 40 days after birth, having drunk only their mother's milk. They reach about 10 to 11 kg live weight which becomes 7 to 8 kg carcass weight. The carcasses are left for 3 to 4 days in airing until they are ready to be cooked. The 'caprino mayor' (from cull goats, which is usually consumed in rural areas and was once used for canning) is also consumed. Owners are family farms, generally small in size (20-30 goats). Farms with more than 50 goats are rare and farms with 100 or more goats are exceptional.","spain, birth, milk, mayor, canning","http://www.wikidata.org/entity/Q29, http://www.wikidata.org/entity/Q14819852, http://www.wikidata.org/entity/Q8495, http://www.wikidata.org/entity/Q30185, http://www.wikidata.org/entity/Q843389","-3.5","40.2","-3.5","40.2"
"Interest on this VC","The Azpi Gorri is a traditional breed of the Basque Country. By the late twentieth century it had become gravely endangered, with an estimated breeding population of 100. In 1997 it was added to the Catálogo Oficial de Razas de Ganado de España, the national register of livestock breeds of the Ministerio de Agricultura, Pesca y Alimentación, and in 2001 it was included in the official list of Basque breeds of the País Vasco. A breed society, the Euskal Herriko Azpi Gorri Elkartea, was formed in 1999; it has kept the herd-book since 2007. Innovation is justified by new public systems and regulations to preserve native breeds, private initiatives by local entrepreneurs, and articulation with social movements that share these objectives.","breed, livestock, país, society, herd, book","http://www.wikidata.org/entity/Q38829, http://www.wikidata.org/entity/Q103459, http://www.wikidata.org/entity/Q26779428, http://www.wikidata.org/entity/Q8425, http://www.wikidata.org/entity/Q209542, http://www.wikidata.org/entity/Q571","-2.8782091138663017","43.088138720979885","-3.5","40.2"
"Mountain landscape and reference chains","The reference mountain chain of this VC is Cantabrian Mountains. The reference mountain landscape of this VC is Orozko. The Parque Natural de Gorbeia is a natural park in the autonomous community of the Basque Country in northern Spain. It is the largest Basque natural park, with an area of 200 km2. Its centre is the Gorbeia massif, and includes the municipalities of Areatza, Artea, Orozko, Zeberio and Zeanuri in Vizcaya, and Zigoitia, Zuia and Urkabustaiz in Álava. With the nearby natural park of Urkiola, it forms an important environmental unit.","cantabrian mountains, spain, reference, mountain, landscape, orozko, park, community, massif, zeberio, zeanuri, zigoitia, zuia, urkabustaiz, lava","http://www.wikidata.org/entity/Q208076, http://www.wikidata.org/entity/Q29, http://www.wikidata.org/entity/Q121769, http://www.wikidata.org/entity/Q8502, http://www.wikidata.org/entity/Q107425, http://www.wikidata.org/entity/Q726664, http://www.wikidata.org/entity/Q22698, http://www.wikidata.org/entity/Q177634, http://www.wikidata.org/entity/Q1061151, http://www.wikidata.org/entity/Q594280, http://www.wikidata.org/entity/Q169332, http://www.wikidata.org/entity/Q1443528, http://www.wikidata.org/entity/Q228613, http://www.wikidata.org/entity/Q1445218, http://www.wikidata.org/entity/Q40157","-2.911111111111111","43.10861111111111","-3.5","40.2"
"Key local assets","These animals have a dual aptitude for milk and meat, although there is a marked tendency to sell live kids. They graze freely in the mountains with little human intervention. They like aromatic and medicinal plants. The Azpi Gorri goats follow a regime of extensive exploitation. After April, the herd is sent to the mountains, where the animals live in complete freedom during the 5-6 months of their stay. About the LAU: 48075.","milk, meat, april, herd, freedom","http://www.wikidata.org/entity/Q8495, http://www.wikidata.org/entity/Q10990, http://www.wikidata.org/entity/Q118, http://www.wikidata.org/entity/Q209542, http://www.wikidata.org/entity/Q24091434","-2.8782091138663017","43.088138720979885","-3.5","40.2"
"Challenges","The main challenge is the conservation of the breed as it is in a serious process of recession. It is recognized as a native breed in the Basque Country and the Spanish state, as well as by the FAO, and is included in the Slow Food Ark of Taste. The Bizkaiko Azpi Gorri Elkartea (BIAGE) brings together Biscayan Azpi Gorri goat breeders. Overall the type of challenge faced by this VC is Current. This VC is classified as Traditional and Innovative.","taste, breed, recession, slow food","http://www.wikidata.org/entity/Q124794, http://www.wikidata.org/entity/Q38829, http://www.wikidata.org/entity/Q176494, http://www.wikidata.org/entity/Q335823","-2.8782091138663017","43.088138720979885","-3.5","40.2"
"Innovation","The type of innovation of this VC is Endogenous and Exogenous. Innovation is related to articulating a local response to a situation that threatens the breed's survival and connects with other international initiatives aimed at the defense of agricultural, livestock, and food biodiversity, such as the Slow Food movement. The innovation is related to the whole VC. The land use systems involved are Grassland. The local assets include Natural, social and cultural.","innovation, survival, livestock, food, biodiversity, slow food, grassland","http://www.wikidata.org/entity/Q174165, http://www.wikidata.org/entity/Q104482419, http://www.wikidata.org/entity/Q103459, http://www.wikidata.org/entity/Q2095, http://www.wikidata.org/entity/Q47041, http://www.wikidata.org/entity/Q335823, http://www.wikidata.org/entity/Q1006733","-2.8782091138663017","43.088138720979885","-3.5","40.2"
"Geography and population","The size of the area (km2) is 102. The minimum altimetry of the LAU is 150. The maximum altimetry of the LAU is 1350. The total population (in thousand) is 2.631. The population density (Inhabitants/km2) in the LAU is 25.74. The population change rate of the LAU in the last 10 years (%) has been 9.40%. The overall regional population density (Inhabitants/km2) is 304.03. The regional population change rate in the last 10 years (%) has been 0.46%.","population density","http://www.wikidata.org/entity/Q22856","-2.8782091138663017","43.088138720979885","-3.5","40.2"
"Income and gross value added","The average per capita income (EUR/year) [NUTS3] is 17633. The total Gross Value Added (GVA) (EUR million/year) [NUTS3] is 32656.5. The primary sector share of total GVA/year [NUTS3] is 1.60%. The secondary sector share of total GVA/year [NUTS3] is 49.50%. The tertiary sector share of total GVA/year [NUTS3] is 48.90%. The per capita income (EUR/year) [NUTS2] is 21458. The total Gross Value Added (GVA) (EUR million/year) [NUTS2] is 65185. The primary sector share of total GVA/year [NUTS2] is 0.90%. The secondary sector share of total GVA/year [NUTS2] is 29.90%. The tertiary sector share of total GVA/year [NUTS2] is 69.20%.","gross value added, per capita income, year","http://www.wikidata.org/entity/Q994873, http://www.wikidata.org/entity/Q45918, http://www.wikidata.org/entity/Q577","-2.8782091138663017","43.088138720979885","-3.5","40.2"
"Tourism","The total number of bed places (BPs) in tourist accommodations/year in the LAU is 108. The regional (NUTS2) share of total BPs/year is 0,19%. The number of agricultural holdings in the LAU is 187. The nearest settlement with population over 100000 (km) is 23.4. In this region protected areas are present.","","","-2.8782091138663017","43.088138720979885","-3.5","40.2"
"Employment","The primary sector share of total employment/year [NUTS3] is 0.90%. The secondary sector share of total employment/year [NUTS3] is 24.70%. The tertiary sector share of total employment/year [NUTS3] is 74.40%. The primary sector share of total employment/year [NUTS2] is 0.90%. The secondary sector share of total employment/year [NUTS2] is 26.90%. The tertiary sector share of total employment/year [NUTS2] is 72.20%.","employment, year","http://www.wikidata.org/entity/Q656365, http://www.wikidata.org/entity/Q577","-2.8782091138663017","43.088138720979885","-3.5","40.2"
"Concluding remarks","It is distributed in the northern part of the province of Álava and in southern Bizkaia, with a few herds in the autonomous community of Navarre.","province, lava, community, navarre","http://www.wikidata.org/entity/Q34876, http://www.wikidata.org/entity/Q40157, http://www.wikidata.org/entity/Q177634, http://www.wikidata.org/entity/Q4018","-1.65","42.81666666666667","-3.5","40.2"
