title,description,objects,objectlinks,lon,lat,barycenter_lon,barycenter_lat
"Meat from Cervera de Pisuerga and the Palencia Mountains","The MOVING reference member state of this VC is SPAIN ADEGUA. The reference MOVING Card ID of this VC is VC 25 ES. According to data from the Ministry of Agriculture, in 2019, the production of beef cattle in Spain accounted for 6.3% of everything produced by the countryside, being the third most crucial livestock sector behind pork and poultry. Carne de Cervera de Pisuerga y de la Montaña Palentina is the guaranteed brand created in 1998, which certifies the region's beef products' quality. In 2011, Montaña Palentina Sociedad Cooperativa became part of Agropal Grupo Alimentario, which is currently in charge of its management, control, sale and distribution. The Carne de Cervera de Pisuerga y de la Montaña Palentina offers the following products: Ternera Blanca Lechal, Ternera Tradicional, and Añojo being the breeds suitable for meat production the Mountain Brown, Limousin and their crosses. In addition to the Quality Label, the product enjoys various distinctions such as 'Alimentos de Palencia' and 'Tierra de Sabor de Castilla y León.' The production area of origin extends to the 27 municipalities that make up the natural region of Montaña Palentina, while since 2010, the native and breeding area of the cattle, whose meat is protected by the Guarantee Label, has been extended to municipalities in the northern region of León and Burgos.","spain, beef, limousin, natural region, burgos","http://www.wikidata.org/entity/Q29, http://www.wikidata.org/entity/Q192628, http://www.wikidata.org/entity/Q1190, http://www.wikidata.org/entity/Q1970725, http://www.wikidata.org/entity/Q9580","-3.5","40.2","-3.5","40.2"
"Interest on this VC","'The name 'Carne de Cervera' refers to meat backed by the quality of a priority breed, the pardo alpina, a natural diet, the meadows of the Mountains, and traditional management, with the animals being kept for nine months in the wild and the three winter months sheltered from the cold.","meat, alpina, management, winter","http://www.wikidata.org/entity/Q10990, http://www.wikidata.org/entity/Q203550, http://www.wikidata.org/entity/Q2920921, http://www.wikidata.org/entity/Q1311","-4.528444184913639","42.90365287299796","-3.5","40.2"
"Mountain landscape and reference chains","The reference mountain chain of this VC is Cantabrian Mountains. The reference mountain landscape of this VC is Cervera de Pisuerga. According to the Ministry of Agriculture criteria, the area under study is a region classified as a High Mountain Area. The orography and climate have traditionally marked the human activities and creations in the region. The Cervera sub-region is the least populated of the Palencia Mountains and the one with the highest population dispersion levels. This is due to its structure in small high mountain villages traditionally dedicated to extensive livestock farming. The Montaña Palentina has a natural environment and landscape of outstanding quality that is preserved, in a large part of the area, under three figures of protection: Montaña Palentina Natural Park, Covalagua Natural Area, and the Natural Area of Las Tuerces.","cantabrian mountains, reference, mountain, landscape, agriculture, orography, climate, palencia, livestock","http://www.wikidata.org/entity/Q208076, http://www.wikidata.org/entity/Q121769, http://www.wikidata.org/entity/Q8502, http://www.wikidata.org/entity/Q107425, http://www.wikidata.org/entity/Q11451, http://www.wikidata.org/entity/Q901704, http://www.wikidata.org/entity/Q7937, http://www.wikidata.org/entity/Q8378, http://www.wikidata.org/entity/Q103459","-4.533333333333333","42.016666666666666","-3.5","40.2"
"Key local assets","Most of the extensive livestock farming in the Cantabrian Mountains is located in the public utility forests managed by the Regional Ministry of Development and the Environment in collaboration with the local entities that own them, mostly local councils. The 450,000 hectares are divided into 350,000 hectares of 577 public utility forests in the Montaña Leonesa and 190,000 hectares of 286 public utility forests in the Montaña Palentina. It should be remembered that the Cantabrian Mountains account for more than 50% of the extensive livestock farming territory in the provinces of León and Palencia; in the case of the province of León, a total of 985 public utility forests, and in the case of Palencia, 493. About the LAU: 34056.","cantabrian mountains, livestock, utility, palencia","http://www.wikidata.org/entity/Q208076, http://www.wikidata.org/entity/Q103459, http://www.wikidata.org/entity/Q466707, http://www.wikidata.org/entity/Q8378","-4.851666666666667","43.1975","-3.5","40.2"
"Challenges","The great challenge of the area is the fight against depopulation, while the extensive cattle farming sector faces the challenge of profitability, diversification, continuity, and integration with other activities. A policy of social awareness regarding the key role of livestock farming for the region's future is essential, ensuring generational replacement, promoting quality and marketing, supporting short channels and means of marketing, and encouraging proper coexistence between livestock wildlife. Overall the type of challenge faced by this VC is Current. This VC is classified as Traditional.","cattle, generational replacement","http://www.wikidata.org/entity/Q830, http://www.wikidata.org/entity/Q25303747","-4.528444184913639","42.90365287299796","-3.5","40.2"
"Innovation","The type of innovation of this VC is unspecified. Although some signs indicate a willingness to innovate both in livestock management systems and in production and marketing processes, a traditional value chain model seems to prevail. The innovation is related to the whole VC. The land use systems involved are Grassland. The local assets include Natural, social and cultural.","innovation, livestock, management, marketing, grassland","http://www.wikidata.org/entity/Q174165, http://www.wikidata.org/entity/Q103459, http://www.wikidata.org/entity/Q2920921, http://www.wikidata.org/entity/Q39809, http://www.wikidata.org/entity/Q1006733","-4.528444184913639","42.90365287299796","-3.5","40.2"
"Geography and population","The size of the area (km2) is 325. The minimum altimetry of the LAU is 950. The maximum altimetry of the LAU is 2500. The total population (in thousand) is 2.277. The population density (Inhabitants/km2) in the LAU is 7. The population change rate of the LAU in the last 10 years (%) has been -0.12%. The overall regional population density (Inhabitants/km2) is 25.42. The regional population change rate in the last 10 years (%) has been -0.06%.","population density","http://www.wikidata.org/entity/Q22856","-4.528444184913639","42.90365287299796","-3.5","40.2"
"Income and gross value added","The average per capita income (EUR/year) [NUTS3] is 20463. The total Gross Value Added (GVA) (EUR million/year) [NUTS3] is 3988.5. The primary sector share of total GVA/year [NUTS3] is 7.96%. The secondary sector share of total GVA/year [NUTS3] is 34.45%. The tertiary sector share of total GVA/year [NUTS3] is 57.59%. The per capita income (EUR/year) [NUTS2] is 12003. The total Gross Value Added (GVA) (EUR million/year) [NUTS2] is 52920. The primary sector share of total GVA/year [NUTS2] is 1.21%. The secondary sector share of total GVA/year [NUTS2] is 25.83%. The tertiary sector share of total GVA/year [NUTS2] is 72.96%.","gross value added, per capita income, year","http://www.wikidata.org/entity/Q994873, http://www.wikidata.org/entity/Q45918, http://www.wikidata.org/entity/Q577","-4.528444184913639","42.90365287299796","-3.5","40.2"
"Tourism","The total number of bed places (BPs) in tourist accommodations/year in the LAU is 547. The regional (NUTS2) share of total BPs/year is 0,33%. The number of agricultural holdings in the LAU is 108. The nearest settlement with population over 100000 (km) is 116. In this region protected areas are present.","number, bed, year","http://www.wikidata.org/entity/Q11563, http://www.wikidata.org/entity/Q42177, http://www.wikidata.org/entity/Q577","-4.528444184913639","42.90365287299796","-3.5","40.2"
"Employment","The primary sector share of total employment/year [NUTS3] is 8.70%. The secondary sector share of total employment/year [NUTS3] is 25.30%. The tertiary sector share of total employment/year [NUTS3] is 66.10%. The primary sector share of total employment/year [NUTS2] is 6.10%. The secondary sector share of total employment/year [NUTS2] is 24.30%. The tertiary sector share of total employment/year [NUTS2] is 69.60%.","employment, year","http://www.wikidata.org/entity/Q656365, http://www.wikidata.org/entity/Q577","-4.528444184913639","42.90365287299796","-3.5","40.2"
"Concluding remarks","Extensive cattle farming has similar characteristics and problems throughout the Cantabrian Mountains and many other European mountain regions.","cantabrian mountains, cattle, mountain","http://www.wikidata.org/entity/Q208076, http://www.wikidata.org/entity/Q830, http://www.wikidata.org/entity/Q8502","-4.851666666666667","43.1975","-3.5","40.2"
