title,description,objects,objectlinks,lon,lat,barycenter_lon,barycenter_lat
"Veal from Cantabria","The MOVING reference member state of this VC is SPAIN ADEGUA. The reference MOVING Card ID of this VC is VC 26 ES. Siete Valles de Montaña is the first cooperative of organic livestock farmers in Cantabria. United for four reasons: for animal welfare, for the consumer's health, to protect the environment, and to continue leading the life they have chosen. They belong to various valleys of Cantabria; some are third and fourth generations of farmers; others have only been living with the cows for three years, but they are all driven by the same interests: to create quality products, beneficial to health, with an authentic flavor, that protects the mountains, that keep the balance with nature, and that follow the SLOW philosophy. They have between 30 and 100 cows of the Charolais and Limousin breeds grazing extensively on their medium-sized farms. They offer different products (churrasco, entrecote, sirloin steak, minced meat) and lots that they serve at home all over Spain and sell in stores in Cantabria and Vizcaya.","spain, cooperative, livestock, cantabria, animal welfare, health, flavor, nature, philosophy, limousin, churrasco, sirloin steak","http://www.wikidata.org/entity/Q29, http://www.wikidata.org/entity/Q4539, http://www.wikidata.org/entity/Q103459, http://www.wikidata.org/entity/Q3946, http://www.wikidata.org/entity/Q459426, http://www.wikidata.org/entity/Q12147, http://www.wikidata.org/entity/Q4173974, http://www.wikidata.org/entity/Q7860, http://www.wikidata.org/entity/Q5891, http://www.wikidata.org/entity/Q1190, http://www.wikidata.org/entity/Q1089959, http://www.wikidata.org/entity/Q6501598","-3.5","40.2","-3.5","40.2"
"Interest on this VC","Polaciones is a municipality traditionally dedicated to cattle breeding, particularly of the Tudanca breed and the Brown-Alpine breed. In the meadows, there are also horses without stables. Around 25% of the active population is still dedicated to the primary sector. A critical production is veal, the meat of cows or steers that have been reared for at least six months up to the time of slaughter. They collaborate with other producers in pioneering initiatives of proximity trade, environmentally and socially committed, as it is the case of 'El Super de Los Pastores,' the dream of 150 small local producers.","el super, polaciones, municipality, cattle, tudanca, breed, brown, veal","http://www.wikidata.org/entity/Q5352209, http://www.wikidata.org/entity/Q1649404, http://www.wikidata.org/entity/Q15284, http://www.wikidata.org/entity/Q830, http://www.wikidata.org/entity/Q1984002, http://www.wikidata.org/entity/Q38829, http://www.wikidata.org/entity/Q47071, http://www.wikidata.org/entity/Q957434","-4.368888888888889","43.16277777777778","-3.5","40.2"
"Mountain landscape and reference chains","The reference mountain chain of this VC is Cantabrian Mountains. The reference mountain landscape of this VC is Polaciones. The Polaciones valley consists of nine villages and three smaller population centers, it is the highest valley in Cantabria. It is a rugged area, with heights exceeding 2000 meters and the third-highest town in Cantabria: Cotillos. The high mountains are populated by forests, with species such as oak, beech, holly, or birch, and shrubs (genista, broom, blueberry). In the high zone, subalpine vegetation can be seen (junipers, rose hips, griñoleras). On the slopes and plains, there are meadows and farmland. In these mountains, wolves, chamois, deer, roe deer, and brown bears can be found, as well as wild boars. Among the birds, it is worth mentioning the griffon vulture and the golden eagle. Several of these species are protected, and hunting is prohibited. Those that are hunted can be hunted in one of the three big game hunting lots of the Saja Reserve.","cantabrian mountains, cantabria, reference, mountain, polaciones, species, genista, broom, vegetation, chamois, deer, roe deer, golden eagle, hunting","http://www.wikidata.org/entity/Q208076, http://www.wikidata.org/entity/Q3946, http://www.wikidata.org/entity/Q121769, http://www.wikidata.org/entity/Q8502, http://www.wikidata.org/entity/Q1649404, http://www.wikidata.org/entity/Q7432, http://www.wikidata.org/entity/Q156696, http://www.wikidata.org/entity/Q172833, http://www.wikidata.org/entity/Q187997, http://www.wikidata.org/entity/Q131340, http://www.wikidata.org/entity/Q23390, http://www.wikidata.org/entity/Q122069, http://www.wikidata.org/entity/Q41181, http://www.wikidata.org/entity/Q36963","-4.851666666666667","43.1975","-3.5","40.2"
"Key local assets","Thanks to grazing, the forests are kept free of fires, and the fields thrive. Animal welfare is fundamental in organic livestock farming, so it is extensive in order calves to be raised in semi-freedom, where they fatten up thanks to their mother's milk, pasture and organic cereals fodder. About the LAU: 39053.","grazing, animal welfare, livestock, calves, freedom, milk, pasture, fodder","http://www.wikidata.org/entity/Q3239189, http://www.wikidata.org/entity/Q459426, http://www.wikidata.org/entity/Q103459, http://www.wikidata.org/entity/Q5024291, http://www.wikidata.org/entity/Q24091434, http://www.wikidata.org/entity/Q8495, http://www.wikidata.org/entity/Q30121, http://www.wikidata.org/entity/Q211439","-8.733333333333333","41.38333333333333","-3.5","40.2"
"Challenges","The main challenge is to consolidate after four years of operation amid the current health and economic crisis, a short market channel offering the product directly to consumers or through highly specialized commercial channels committed to the same food production philosophy and consumption. Having social, regulatory, and public support for its contribution to sustainability and rural territories can be the counterpart that ensures its survival. Overall the type of challenge faced by this VC is Current. This VC is classified as Traditional and Innovative.","health, crisis, food, philosophy","http://www.wikidata.org/entity/Q12147, http://www.wikidata.org/entity/Q381072, http://www.wikidata.org/entity/Q2095, http://www.wikidata.org/entity/Q5891","-4.4148696206420075","43.092219460250405","-3.5","40.2"
"Innovation","The type of innovation of this VC is Endogenous and Exogenous. Being a traditional production system, it is worth highlighting essential aspects of innovation such as its certified organic production, cooperative structure, and direct marketing channels. The innovation is related to New processes, New marketing strategies and New governance systems. The land use systems involved are Grassland. The local assets include Natural, social and cultural.","innovation, system, direct marketing, marketing, governance, grassland","http://www.wikidata.org/entity/Q174165, http://www.wikidata.org/entity/Q58778, http://www.wikidata.org/entity/Q677073, http://www.wikidata.org/entity/Q39809, http://www.wikidata.org/entity/Q1553864, http://www.wikidata.org/entity/Q1006733","-4.4148696206420075","43.092219460250405","-3.5","40.2"
"Geography and population","The size of the area (km2) is 89.77. The minimum altimetry of the LAU is 840. The maximum altimetry of the LAU is 2057. The total population (in thousand) is 0.221. The population density (Inhabitants/km2) in the LAU is 2.46. The population change rate of the LAU in the last 10 years (%) has been -0.11%. The overall regional population density (Inhabitants/km2) is 109.5. The regional population change rate in the last 10 years (%) has been -0.02%.","population density","http://www.wikidata.org/entity/Q22856","-4.4148696206420075","43.092219460250405","-3.5","40.2"
"Income and gross value added","The average per capita income (EUR/year) [NUTS3] is 12432.3. The total Gross Value Added (GVA) (EUR million/year) [NUTS3] is 12432.3. The primary sector share of total GVA/year [NUTS3] is 1.62%. The secondary sector share of total GVA/year [NUTS3] is 28.22%. The tertiary sector share of total GVA/year [NUTS3] is 70.16%. The per capita income (EUR/year) [NUTS2] is 12205. The total Gross Value Added (GVA) (EUR million/year) [NUTS2] is 12432.3. The primary sector share of total GVA/year [NUTS2] is 1.62%. The secondary sector share of total GVA/year [NUTS2] is 28.22%. The tertiary sector share of total GVA/year [NUTS2] is 70.16%.","gross value added, per capita income, year","http://www.wikidata.org/entity/Q994873, http://www.wikidata.org/entity/Q45918, http://www.wikidata.org/entity/Q577","-4.4148696206420075","43.092219460250405","-3.5","40.2"
"Tourism","The total number of bed places (BPs) in tourist accommodations/year in the LAU is 60. The regional (NUTS2) share of total BPs/year is 0,08%. The number of agricultural holdings in the LAU is 54. The nearest settlement with population over 100000 (km) is 94. In this region protected areas are present.","number, bed, year","http://www.wikidata.org/entity/Q11563, http://www.wikidata.org/entity/Q42177, http://www.wikidata.org/entity/Q577","-4.4148696206420075","43.092219460250405","-3.5","40.2"
"Employment","The primary sector share of total employment/year [NUTS3] is 2.50%. The secondary sector share of total employment/year [NUTS3] is 25.30%. The tertiary sector share of total employment/year [NUTS3] is 72.20%. The primary sector share of total employment/year [NUTS2] is 2.50%. The secondary sector share of total employment/year [NUTS2] is 25.30%. The tertiary sector share of total employment/year [NUTS2] is 72.20%.","employment, year","http://www.wikidata.org/entity/Q656365, http://www.wikidata.org/entity/Q577","-4.4148696206420075","43.092219460250405","-3.5","40.2"
"Concluding remarks","Other mountain regions in Europe know of similar initiatives in the cooperative articulation of organic meat producers who market in short channels.","europe, mountain, meat","http://www.wikidata.org/entity/Q46, http://www.wikidata.org/entity/Q8502, http://www.wikidata.org/entity/Q10990","-4.4148696206420075","43.092219460250405","-3.5","40.2"
