title,description,objects,objectlinks,lon,lat,barycenter_lon,barycenter_lat
"Transhumance livestock","The MOVING reference member state of this VC is SPAIN ADEGUA. The reference MOVING Card ID of this VC is VC 33 ES. From the Sierras Cazorla, Segura and Las Villas some 8,000 head of cattle make this round trip every year, on public roads, looking for better pastures and climate. A journey between mountains and plains of 20 days and about 300 km. In the case of the Sierra de Castril in Granada, five herdsmen spend eight days on a journey that extends almost 100 km. Transhumance shepherds have a profound knowledge of the environment, transhumance being one of the most sustainable and efficient methods of livestock rearing. They also have special practical skills related to the production of food and various handicrafts.","spain, castril, granada, transhumance","http://www.wikidata.org/entity/Q29, http://www.wikidata.org/entity/Q555913, http://www.wikidata.org/entity/Q8810, http://www.wikidata.org/entity/Q4657754","-3.5","40.2","-3.5","40.2"
"Interest on this VC","Transhumance in Europe is a form of pastoralism consisting of the seasonal movement of livestock along migratory routes in the Mediterranean area and the Alps. Every year, in spring and autumn, thousands of animals are driven from one climatic region to another along historical routes. Spain has a network of 125,000 km of cattle trails, a public good, for the use of people and livestock. Since 2019, transhumance, the seasonal movement of herds along migratory routes in the Mediterranean and the Alps, has been inscribed by UNESCO (14.COM) on the Representative List of the Intangible Cultural Heritage of Humanity. Numerous national and international initiatives aim to maintain and renew this practice as an appropriate strategy for livestock management and natural ecosystems, testing innovative management alternatives, diversifying new complementary activities and articulating a widespread social and cultural support movement.","europe, alps, spain, transhumance, pastoralism, livestock, year, autumn, cattle, good, people, strategy, management, alternatives","http://www.wikidata.org/entity/Q46, http://www.wikidata.org/entity/Q1286, http://www.wikidata.org/entity/Q29, http://www.wikidata.org/entity/Q4657754, http://www.wikidata.org/entity/Q9056738, http://www.wikidata.org/entity/Q103459, http://www.wikidata.org/entity/Q577, http://www.wikidata.org/entity/Q1314, http://www.wikidata.org/entity/Q830, http://www.wikidata.org/entity/Q15290, http://www.wikidata.org/entity/Q2472587, http://www.wikidata.org/entity/Q185451, http://www.wikidata.org/entity/Q2920921, http://www.wikidata.org/entity/Q4736604","10.0","46.0","-3.5","40.2"
"Mountain landscape and reference chains","The reference mountain chain of this VC is Betic System. The reference mountain landscape of this VC is Castril. The rearing and maintenance of livestock, the management of land, forests, water resources and natural hazards, as well as the traditional practices of shepherds, make transhumance an important factor in shaping the relationship and interaction of man with animals and ecosystems. Extensive livestock farming, which is much more than transhumance, expresses its contribution to the environmental conservation of the territory when we overlap the areas where it is practiced with the network of livestock trails and the Natura 2000 Network.","castril, transhumance, when we, natura 2000","http://www.wikidata.org/entity/Q555913, http://www.wikidata.org/entity/Q4657754, http://www.wikidata.org/entity/Q42529402, http://www.wikidata.org/entity/Q503021","-2.778888888888889","37.795833333333334","-3.5","40.2"
"Key local assets","Following the centuries-old practice of livestock transhumance (sheeps, goats and cows), in November the herds that have spent the summer in the highlands of the Natural Park of the Sierras de Cazorla, Segura and Las Villas in Jaén and Castril in Granada, make their particular journey through the province of Jaén, towards the lowlands of Sierra Morena to spend the winter. With this extensive practice, a single herd combines the management of two farms of high environmental value. About the LAU: 18046.","livestock, transhumance, november, summer, park, castril, granada, sierra morena, winter, herd, management","http://www.wikidata.org/entity/Q103459, http://www.wikidata.org/entity/Q4657754, http://www.wikidata.org/entity/Q125, http://www.wikidata.org/entity/Q1313, http://www.wikidata.org/entity/Q22698, http://www.wikidata.org/entity/Q555913, http://www.wikidata.org/entity/Q8810, http://www.wikidata.org/entity/Q686362, http://www.wikidata.org/entity/Q1311, http://www.wikidata.org/entity/Q209542, http://www.wikidata.org/entity/Q2920921","-5.4","38.3","-3.5","40.2"
"Challenges","Transhumance must overcome the state of occupation and abandonment of livestock trails and infrastructures, as well as the difficulty of living in places with basic living conditions. The aging of transhumance shepherds and the lack of a public strategy to support extensive livestock farming add to the difficulties of their survival. Overall the type of challenge faced by this VC is Current. This VC is classified as Traditional and Innovative.","transhumance","http://www.wikidata.org/entity/Q4657754","-2.774483603252654","37.82704645043099","-3.5","40.2"
"Innovation","The type of innovation of this VC is Endogenous and Exogenous. Transhumance is essentially a traditional value chain that keeps the associated practices intact. However, recognizing its environmental, economic and social importance, it has focused the attention of researchers, municipalities, technical projects and initiatives promoted by civil society aimed at vindicating its survival, the heritage legacy represented by the livestock trails and this peculiar form of livestock economy. The innovation is related to the whole VC. The land use systems involved are Grassland. The local assets include Natural, social and cultural.","innovation, transhumance, value chain, importance, attention, society, survival, livestock, economy, grassland","http://www.wikidata.org/entity/Q174165, http://www.wikidata.org/entity/Q4657754, http://www.wikidata.org/entity/Q646107, http://www.wikidata.org/entity/Q16886469, http://www.wikidata.org/entity/Q6501338, http://www.wikidata.org/entity/Q8425, http://www.wikidata.org/entity/Q104482419, http://www.wikidata.org/entity/Q103459, http://www.wikidata.org/entity/Q159810, http://www.wikidata.org/entity/Q1006733","-2.774483603252654","37.82704645043099","-3.5","40.2"
"Geography and population","The size of the area (km2) is 243.05. The minimum altimetry of the LAU is 750. The maximum altimetry of the LAU is 1950. The total population (in thousand) is 2.02. The population density (Inhabitants/km2) in the LAU is 8.31. The population change rate of the LAU in the last 10 years (%) has been -17.60%. The overall regional population density (Inhabitants/km2) is 97. The regional population change rate in the last 10 years (%) has been -1.10%.","population density","http://www.wikidata.org/entity/Q22856","-2.774483603252654","37.82704645043099","-3.5","40.2"
"Income and gross value added","The average per capita income (EUR/year) [NUTS3] is 8160.26. The total Gross Value Added (GVA) (EUR million/year) [NUTS3] is 15101.8. The primary sector share of total GVA/year [NUTS3] is 7.47%. The secondary sector share of total GVA/year [NUTS3] is 14.65%. The tertiary sector share of total GVA/year [NUTS3] is 77.88%. The per capita income (EUR/year) [NUTS2] is 16409.45. The total Gross Value Added (GVA) (EUR million/year) [NUTS2] is 150440. The primary sector share of total GVA/year [NUTS2] is 6.53%. The secondary sector share of total GVA/year [NUTS2] is 20.01%. The tertiary sector share of total GVA/year [NUTS2] is 73.46%.","gross value added, per capita income, year","http://www.wikidata.org/entity/Q994873, http://www.wikidata.org/entity/Q45918, http://www.wikidata.org/entity/Q577","-2.774483603252654","37.82704645043099","-3.5","40.2"
"Tourism","The total number of bed places (BPs) in tourist accommodations/year in the LAU is 764. The regional (NUTS2) share of total BPs/year is 0,14%. The number of agricultural holdings in the LAU is 726. The nearest settlement with population over 100000 (km) is 125.9. In this region protected areas are present.","","","-2.774483603252654","37.82704645043099","-3.5","40.2"
"Employment","The primary sector share of total employment/year [NUTS3] is 9.74%. The secondary sector share of total employment/year [NUTS3] is 16.46%. The tertiary sector share of total employment/year [NUTS3] is 73.80%. The primary sector share of total employment/year [NUTS2] is 9.44%. The secondary sector share of total employment/year [NUTS2] is 16.41%. The tertiary sector share of total employment/year [NUTS2] is 74.15%.","employment, year","http://www.wikidata.org/entity/Q656365, http://www.wikidata.org/entity/Q577","-2.774483603252654","37.82704645043099","-3.5","40.2"
"Concluding remarks","Different Spanish regions and provinces have had a long history of transhumance (Soria, Cuenca, La Rioja among others). In Andalusia a movement survives between the Sierras of Cazorla, Segura and Las Villas in Jaén, as well as the Sierra de Castril in Granada to Sierra Morena, as well as movements between Sierra Nevada and the plain area of Granada. Similar movements of transhumant cattle are still practiced in other European regions of Italy, Austria and Greece.","la rioja, sierra nevada, italy, austria, greece, transhumance, soria, andalusia, castril, granada, sierra morena","http://www.wikidata.org/entity/Q5727, http://www.wikidata.org/entity/Q26777, http://www.wikidata.org/entity/Q38, http://www.wikidata.org/entity/Q40, http://www.wikidata.org/entity/Q41, http://www.wikidata.org/entity/Q4657754, http://www.wikidata.org/entity/Q12155, http://www.wikidata.org/entity/Q5783, http://www.wikidata.org/entity/Q555913, http://www.wikidata.org/entity/Q8810, http://www.wikidata.org/entity/Q686362","-2.5","42.25","-3.5","40.2"
