title,description,objects,objectlinks,lon,lat,barycenter_lon,barycenter_lat
"Cherries from Castillo de Locubín","The MOVING reference member state of this VC is SPAIN ADEGUA. The reference MOVING Card ID of this VC is VC 38 ES. Cultivation has been developed basically in the last 50 years, in family farms. As a result, the harvest can reach 2.5 million kg. Marketing is done both through cooperatives and private companies, directed in an industrial format and around 70% go to the international market, especially Germany and Italy for the production of chocolates. The remaining 30% goes to the regional market. The province of Jaén is the main regional producer and the third in Spain. The sale prices to the industry do not reach one euro / kg while the regional sale offers better profitability. Some events organized by municipalities and the Provincial Council contribute to the local promotion of the product.","germany, italy, spain, reference, euro","http://www.wikidata.org/entity/Q183, http://www.wikidata.org/entity/Q38, http://www.wikidata.org/entity/Q29, http://www.wikidata.org/entity/Q121769, http://www.wikidata.org/entity/Q4916","10.0","51.0","-3.5","40.2"
"Interest on this VC","It is the first stone fruit to reach the market, adapting very well to cold climates and high altitude cultivation. The diversity of varieties facilitates a staggered production and harvest, generating employment and boosting complementary economy in Sierra Sur and Sierra Mágina in the province of Jaén. Innovation is at a basic level and refers to initiatives in an initial stage of development and sectoral articulation strategies also in the initial launching phase.","","","-3.948290445355888","37.54823459181711","-3.5","40.2"
"Mountain landscape and reference chains","The reference mountain chain of this VC is Betic Systems. The reference mountain landscape of this VC is Castillo de Locubín. The extension dedicated to the cultivation of the cherry tree remains stable in the area, around 1,400 ha, with only the oldest trees being renewed. Cherry tree cultivation is complemented by other crops, especially olives. Landscape-wise, the flowering represents an opportunity to develop tourist activities, little exploited in the area, but important in places such as the Sierra de Gata (Cáceres) and Fundao (Portugal).","portugal","http://www.wikidata.org/entity/Q45","-9.183333333333334","38.7","-3.5","40.2"
"Key local assets","In the Sierra Sur and Sierra Mágina, up to 9 different varieties are grown (Lamper, Burlat, Summit, Van..), thanks to the suitability of the soils and climate. About the LAU: 23026.","summit","http://www.wikidata.org/entity/Q207326","-3.948290445355888","37.54823459181711","-3.5","40.2"
"Challenges","The main challenge is to improve sales prices to the industry, which do not cover production costs and represent 70% of the crop. On the other hand, spring storms may damage the earliest crop (80% of losses in 2020). Overall the type of challenge faced by this VC is Current. This VC is classified as Traditional and Innovative.","sales","http://www.wikidata.org/entity/Q194189","-3.948290445355888","37.54823459181711","-3.5","40.2"
"Innovation","The type of innovation of this VC is Endogenous and Exogenous. This is a traditional value chain that has only slowly introduced initiatives to support marketing (Cherry Festival started in 1984 in Castillo de Locubín), some embryonic gastronomic proposals or liqueur production, but without further development as is happening in other areas (see Fundao in Portugal). The innovation is related to New marketing strategies and New governance systems. The land use systems involved are Cropland. The local assets include Natural, social and cultural.","cherry, portugal, innovation, value chain, marketing, festival, liqueur, governance","http://www.wikidata.org/entity/Q196, http://www.wikidata.org/entity/Q45, http://www.wikidata.org/entity/Q174165, http://www.wikidata.org/entity/Q646107, http://www.wikidata.org/entity/Q39809, http://www.wikidata.org/entity/Q132241, http://www.wikidata.org/entity/Q178780, http://www.wikidata.org/entity/Q1553864","-9.183333333333334","38.7","-3.5","40.2"
"Geography and population","The size of the area (km2) is 102.49. The minimum altimetry of the LAU is 600. The maximum altimetry of the LAU is 1250. The total population (in thousand) is 4.049. The population density (Inhabitants/km2) in the LAU is 39.5. The population change rate of the LAU in the last 10 years (%) has been -0.14%. The overall regional population density (Inhabitants/km2) is 97. The regional population change rate in the last 10 years (%) has been -0.01%.","population density","http://www.wikidata.org/entity/Q22856","-3.948290445355888","37.54823459181711","-3.5","40.2"
"Income and gross value added","The average per capita income (EUR/year) [NUTS3] is 9061.47. The total Gross Value Added (GVA) (EUR million/year) [NUTS3] is 10686.3. The primary sector share of total GVA/year [NUTS3] is 14.91%. The secondary sector share of total GVA/year [NUTS3] is 17.61%. The tertiary sector share of total GVA/year [NUTS3] is 67.48%. The per capita income (EUR/year) [NUTS2] is 16409.45. The total Gross Value Added (GVA) (EUR million/year) [NUTS2] is 150440. The primary sector share of total GVA/year [NUTS2] is 6.53%. The secondary sector share of total GVA/year [NUTS2] is 20.01%. The tertiary sector share of total GVA/year [NUTS2] is 73.46%.","gross value added, per capita income, year","http://www.wikidata.org/entity/Q994873, http://www.wikidata.org/entity/Q45918, http://www.wikidata.org/entity/Q577","-3.948290445355888","37.54823459181711","-3.5","40.2"
"Tourism","The total number of bed places (BPs) in tourist accommodations/year in the LAU is 148. The regional (NUTS2) share of total BPs/year is 0,03%. The number of agricultural holdings in the LAU is 1287. The nearest settlement with population over 100000 (km) is 40.6. In this region protected areas are not present.","","","-3.948290445355888","37.54823459181711","-3.5","40.2"
"Employment","The primary sector share of total employment/year [NUTS3] is 16.11%. The secondary sector share of total employment/year [NUTS3] is 21.62%. The tertiary sector share of total employment/year [NUTS3] is 62.27%. The primary sector share of total employment/year [NUTS2] is 9.44%. The secondary sector share of total employment/year [NUTS2] is 16.41%. The tertiary sector share of total employment/year [NUTS2] is 74.15%.","employment, year","http://www.wikidata.org/entity/Q656365, http://www.wikidata.org/entity/Q577","-3.948290445355888","37.54823459181711","-3.5","40.2"
"Concluding remarks","Different mountain areas account for cherry production in Spain (Alicante, Cáceres, Jaén). Poland, Italy, Spain, Greece and Hungary are the main cherry producing countries in the EU.","spain, poland, italy, greece, hungary, mountain, cherry, alicante","http://www.wikidata.org/entity/Q29, http://www.wikidata.org/entity/Q36, http://www.wikidata.org/entity/Q38, http://www.wikidata.org/entity/Q41, http://www.wikidata.org/entity/Q28, http://www.wikidata.org/entity/Q8502, http://www.wikidata.org/entity/Q196, http://www.wikidata.org/entity/Q11959","19.0","52.0","-3.5","40.2"
