title,description,objects,objectlinks,lon,lat,barycenter_lon,barycenter_lat
"Grazalema wool blankets, textile craftsmanship","The MOVING reference member state of this VC is SPAIN ADEGUA. The reference MOVING Card ID of this VC is VC 39 ES. The textile craftsmanship had in Grazalema a complete articulation in the different phases of the production process. Successive crises, started in the mid-nineteenth century by the competitiveness of synthetic materials, textile industries located in other Spanish regions, or the absence of competitive transport networks, caused a steady decline in the activity until today with the presence of a small company, Mantas de Grazalema, which keeps alive that legacy. The type of product has expanded, along with the traditional blankets and scarves. The production is sold directly in two stores located in the municipality as well as throughout Europe and countries like the USA or Japan, increasingly thanks to online sales, difficult to sell through retail due to the current pandemic.","europe, japan, spain, textile, grazalema, century, transport, municipality, sales, pandemic","http://www.wikidata.org/entity/Q46, http://www.wikidata.org/entity/Q17, http://www.wikidata.org/entity/Q29, http://www.wikidata.org/entity/Q28823, http://www.wikidata.org/entity/Q832949, http://www.wikidata.org/entity/Q578, http://www.wikidata.org/entity/Q7590, http://www.wikidata.org/entity/Q15284, http://www.wikidata.org/entity/Q194189, http://www.wikidata.org/entity/Q12184","9.14062","48.690958888888886","-3.5","40.2"
"Interest on this VC","The company, Mantas de Grazalema, uses selected Merino sheep wool to produce blankets, scarves, and other textile garments, combining traditional and handcrafted manufacturing techniques with mechanized processes.","grazalema, sheep, wool, manufacturing","http://www.wikidata.org/entity/Q832949, http://www.wikidata.org/entity/Q7368, http://www.wikidata.org/entity/Q42329, http://www.wikidata.org/entity/Q187939","-5.368888888888889","36.75888888888889","-3.5","40.2"
"Mountain landscape and reference chains","The reference mountain chain of this VC is Betic Systems. The reference mountain landscape of this VC is Grazalema. Craft textile production in Grazalema has always had a close connection with its environment. This has provided abundant water, necessary to move the machines, generate good pastures for sheep that influenced the quality of the wool, as well as a social and cultural structure appropriate to organize a production chain that articulated the local economy. Today the natural conditions are still optimal, but the productive and social practices have changed a lot, so the handicraft faces a challenge of survival and reinvention.","reference, mountain, landscape, grazalema, textile, water, sheep, wool, economy","http://www.wikidata.org/entity/Q121769, http://www.wikidata.org/entity/Q8502, http://www.wikidata.org/entity/Q107425, http://www.wikidata.org/entity/Q832949, http://www.wikidata.org/entity/Q28823, http://www.wikidata.org/entity/Q283, http://www.wikidata.org/entity/Q7368, http://www.wikidata.org/entity/Q42329, http://www.wikidata.org/entity/Q159810","-5.368888888888889","36.75888888888889","-3.5","40.2"
"Key local assets","The primary resource continues to be virgin merino sheep's wool from both within and outside the region. Some phases of the process (washing and spinning) have been outsourced, specializing in the weaving and finishing phase activity. About the LAU: 11019.","","","-5.389720893953641","36.770954896106346","-3.5","40.2"
"Challenges","After a flourishing textile industry for more than three centuries, a single company keeps this legacy alive, having to face the difficulties linked to the higher price of handmade products and the negative impact of the economic crisis of 2008 and the current crisis. The main challenge is to survive in this complex socioeconomic environment, which is not very favourable to craftsmanship. Overall the type of challenge faced by this VC is Current. This VC is classified as Traditional and Innovative.","textile, crisis","http://www.wikidata.org/entity/Q28823, http://www.wikidata.org/entity/Q381072","-5.389720893953641","36.770954896106346","-3.5","40.2"
"Innovation","The type of innovation of this VC is Endogenous and Exogenous. There is innovation associated with new products (hats, ties, bags..), customization (yoga and pilates blankets, dogs and cats..), new designs, connection with the cultural and tourist offer of the municipality, and a very successful online sales platform that partly compensates for the drop in sales due to the current crisis. The innovation is related to New products and New marketing strategies. The land use systems involved are Sheep wool. The local assets include Social and cultural.","innovation, yoga, pilates, municipality, sales, crisis, marketing","http://www.wikidata.org/entity/Q174165, http://www.wikidata.org/entity/Q9350, http://www.wikidata.org/entity/Q272460, http://www.wikidata.org/entity/Q15284, http://www.wikidata.org/entity/Q194189, http://www.wikidata.org/entity/Q381072, http://www.wikidata.org/entity/Q39809","-5.389720893953641","36.770954896106346","-3.5","40.2"
"Geography and population","The size of the area (km2) is 122.45. The minimum altimetry of the LAU is 450. The maximum altimetry of the LAU is 1550. The total population (in thousand) is 2.013. The population density (Inhabitants/km2) in the LAU is 16.44. The population change rate of the LAU in the last 10 years (%) has been -8.60%. The overall regional population density (Inhabitants/km2) is 96.63. The regional population change rate in the last 10 years (%) has been 1.12%.","population density","http://www.wikidata.org/entity/Q22856","-5.389720893953641","36.770954896106346","-3.5","40.2"
"Income and gross value added","The average per capita income (EUR/year) [NUTS3] is 10198.96. The total Gross Value Added (GVA) (EUR million/year) [NUTS3] is 23393.7. The primary sector share of total GVA/year [NUTS3] is 3.22%. The secondary sector share of total GVA/year [NUTS3] is 22.64%. The tertiary sector share of total GVA/year [NUTS3] is 74.14%. The per capita income (EUR/year) [NUTS2] is 17546.13. The total Gross Value Added (GVA) (EUR million/year) [NUTS2] is 150440. The primary sector share of total GVA/year [NUTS2] is 6.53%. The secondary sector share of total GVA/year [NUTS2] is 20.01%. The tertiary sector share of total GVA/year [NUTS2] is 73.46%.","gross value added, per capita income, year","http://www.wikidata.org/entity/Q994873, http://www.wikidata.org/entity/Q45918, http://www.wikidata.org/entity/Q577","-5.389720893953641","36.770954896106346","-3.5","40.2"
"Tourism","The total number of bed places (BPs) in tourist accommodations/year in the LAU is 1748. The regional (NUTS2) share of total BPs/year is 0,32%. The number of agricultural holdings in the LAU is 95. The nearest settlement with population over 100000 (km) is 107.5. In this region protected areas are present.","","","-5.389720893953641","36.770954896106346","-3.5","40.2"
"Employment","The primary sector share of total employment/year [NUTS3] is 3.09%. The secondary sector share of total employment/year [NUTS3] is 18.86%. The tertiary sector share of total employment/year [NUTS3] is 78.05%. The primary sector share of total employment/year [NUTS2] is 9.44%. The secondary sector share of total employment/year [NUTS2] is 16.41%. The tertiary sector share of total employment/year [NUTS2] is 74.15%.","employment, year","http://www.wikidata.org/entity/Q656365, http://www.wikidata.org/entity/Q577","-5.389720893953641","36.770954896106346","-3.5","40.2"
"Concluding remarks","Several European regions keep sheep wool textile production alive, including the Serra da Estrela in Portugal and Ötztal, the most 'sheep-intensive' valley in Austria.","portugal, austria, sheep, wool, textile, valley","http://www.wikidata.org/entity/Q45, http://www.wikidata.org/entity/Q40, http://www.wikidata.org/entity/Q7368, http://www.wikidata.org/entity/Q42329, http://www.wikidata.org/entity/Q28823, http://www.wikidata.org/entity/Q39816","-9.183333333333334","38.7","-3.5","40.2"
