title,description,objects,objectlinks,lon,lat,barycenter_lon,barycenter_lat
"Subbética Ecológica, production and consumption of organic food","The MOVING reference member state of this VC is SPAIN ADEGUA. The reference MOVING Card ID of this VC is VC 42 ES. It is a short-channel value chain where production and consumption work together for a collective interest, the Common Good. The entity is certified within this framework of the Economy for the Common Good as a non-profit association. Under democratic governance principles, it has maintained sustained growth over ten years and reached an annual turnover of over 600,000 €. It employs five people directly and several dozen indirectly. It has encouraged the creation of training programs for the entry of new players into the value chain.","spain, value chain, interest, good","http://www.wikidata.org/entity/Q29, http://www.wikidata.org/entity/Q646107, http://www.wikidata.org/entity/Q170924, http://www.wikidata.org/entity/Q15290","-3.5","40.2","-3.5","40.2"
"Interest on this VC","It is a successful case of creation, in 2009, of a short organic production and consumption channel based on a territorial radius that brings together nearly 500 consumer families, fifty producers and processors, and several dozen collective consumers. It s a successful best practice, implemented by a collective of private actors and consumers, with little public support. The process has innovated agricultural production practices and created a processing workshop, warehouse, and store, maintaining a vast network of collaborative relationships with other actors in the production and consumption of organic food within a radius of 150 km.","dozen, organic food","http://www.wikidata.org/entity/Q605704, http://www.wikidata.org/entity/Q380778","-4.449721359819749","37.48954333685306","-3.5","40.2"
"Mountain landscape and reference chains","The reference mountain chain of this VC is Betic System. The reference mountain landscape of this VC is Cabra. It generates positive environmental effects (reducing carbon footprint, waste or soil pollution, contributing to soil and biodiversity conservation) and social impact. It is an exemplary case of a social initiative generating economy model based on agroecological principles. Its contribution to the creation of a collaborative regional network is also recognized.","","","-4.449721359819749","37.48954333685306","-3.5","40.2"
"Key local assets","The production activity is located on orchards and other organic farms situated in Cabra and other towns in the Subbetica and south of Cordoba. Other organic productions from nearby areas and provinces. The physical space of reception, processing, distribution, and sale is in the municipality of Cabra. About the LAU: 14013.","space, municipality","http://www.wikidata.org/entity/Q107, http://www.wikidata.org/entity/Q15284","-4.449721359819749","37.48954333685306","-3.5","40.2"
"Challenges","The initiative is aligned with the promotion of agroecology principles, the commitment to short channels, and the aggregation of actors in a territorially based food hub. Ensuring scalability and resilience is its challenge. Overall the type of challenge faced by this VC is Current and Predicted. This VC is classified as Innovative.","agroecology, scalability","http://www.wikidata.org/entity/Q396338, http://www.wikidata.org/entity/Q727490","-4.449721359819749","37.48954333685306","-3.5","40.2"
"Innovation","The type of innovation of this VC is Endogenous. It is a social innovation that has progressively implemented innovative solutions in the production, processing, storage, distribution, marketing, and consumption phases. The innovation is related to New products, New processes, New marketing strategies and New governance systems. The land use systems involved are Cropland and Grassland. The local assets include Natural, social and cultural.","innovation, marketing, governance, grassland","http://www.wikidata.org/entity/Q174165, http://www.wikidata.org/entity/Q39809, http://www.wikidata.org/entity/Q1553864, http://www.wikidata.org/entity/Q1006733","-4.449721359819749","37.48954333685306","-3.5","40.2"
"Geography and population","The size of the area (km2) is 229.16. The minimum altimetry of the LAU is 350. The maximum altimetry of the LAU is 1100. The total population (in thousand) is 20.347. The population density (Inhabitants/km2) in the LAU is 88.79. The population change rate of the LAU in the last 10 years (%) has been -4.30%. The overall regional population density (Inhabitants/km2) is 97. The regional population change rate in the last 10 years (%) has been -0.01%.","population density","http://www.wikidata.org/entity/Q22856","-4.449721359819749","37.48954333685306","-3.5","40.2"
"Income and gross value added","The average per capita income (EUR/year) [NUTS3] is 13,793,33. The total Gross Value Added (GVA) (EUR million/year) [NUTS3] is 13153.1. The primary sector share of total GVA/year [NUTS3] is 10.50%. The secondary sector share of total GVA/year [NUTS3] is 17.61%. The tertiary sector share of total GVA/year [NUTS3] is 71.89%. The per capita income (EUR/year) [NUTS2] is 16409.45. The total Gross Value Added (GVA) (EUR million/year) [NUTS2] is 150440. The primary sector share of total GVA/year [NUTS2] is 6.53%. The secondary sector share of total GVA/year [NUTS2] is 20.01%. The tertiary sector share of total GVA/year [NUTS2] is 73.46%.","gross value added, per capita income, year","http://www.wikidata.org/entity/Q994873, http://www.wikidata.org/entity/Q45918, http://www.wikidata.org/entity/Q577","-4.449721359819749","37.48954333685306","-3.5","40.2"
"Tourism","The total number of bed places (BPs) in tourist accommodations/year in the LAU is 523. The regional (NUTS2) share of total BPs/year is 0,10%. The number of agricultural holdings in the LAU is 1362. The nearest settlement with population over 100000 (km) is 64.9. In this region protected areas are present.","","","-4.449721359819749","37.48954333685306","-3.5","40.2"
"Employment","The primary sector share of total employment/year [NUTS3] is 12.90%. The secondary sector share of total employment/year [NUTS3] is 20.62%. The tertiary sector share of total employment/year [NUTS3] is 66.48%. The primary sector share of total employment/year [NUTS2] is 9.44%. The secondary sector share of total employment/year [NUTS2] is 16.41%. The tertiary sector share of total employment/year [NUTS2] is 74.15%.","employment, year","http://www.wikidata.org/entity/Q656365, http://www.wikidata.org/entity/Q577","-4.449721359819749","37.48954333685306","-3.5","40.2"
"Concluding remarks","This Value Chain scheme is flourishing in many areas of Europe but it is relatively rare when it is promoted from a rural area and even more so when it connects a mountain area to other lowland areas and nearby cities.","europe, value chain, mountain","http://www.wikidata.org/entity/Q46, http://www.wikidata.org/entity/Q646107, http://www.wikidata.org/entity/Q8502","9.14062","48.690958888888886","-3.5","40.2"
