title,description,objects,objectlinks,lon,lat,barycenter_lon,barycenter_lat
"Mycology in the mountains of Soria","The MOVING reference member state of this VC is SPAIN ADEGUA. The reference MOVING Card ID of this VC is VC 50 ES. The 'Asociación de Propietarios para la Regulación Micológica Conjunta Montes de Soria' is a non-profit organization that works to ensure the best possible management of the mycological resources of its members. In addition, it facilitates the control and surveillance of the activity, both harvesting and buying and selling goods, and collaborates with the competent administrations in the matter. The Association issues valid permits for the collection of mushrooms in most of the province of Soria. Specifically for the forests regulated in the enclosures SO-50.002 and SO-50.003. The different types of permits have been established by the owners of the forests and are revised annually. They take into account criteria such as the collector's roots in the area, the sporting or commercial nature of the collection activity, the amount to be collected and the duration of the activity. It also promotes mycotourism activities. The mushroom season in Navaleno lasts almost all year round. There is a local company that acts as a market for the purchase and sale, another company specialized in processing and numerous restaurants including one with a Michelin star.","reference, spain, soria, addition, surveillance, goods, matter, nature, mushroom, navaleno","http://www.wikidata.org/entity/Q121769, http://www.wikidata.org/entity/Q29, http://www.wikidata.org/entity/Q12155, http://www.wikidata.org/entity/Q32043, http://www.wikidata.org/entity/Q334401, http://www.wikidata.org/entity/Q28877, http://www.wikidata.org/entity/Q35758, http://www.wikidata.org/entity/Q7860, http://www.wikidata.org/entity/Q83093, http://www.wikidata.org/entity/Q516654","-3.5","40.2","-3.5","40.2"
"Interest on this VC","Non-wood forest products (NWFPs) such as cork, resins, gums, wild mushrooms, aromatic and medicinal plants, and wild nuts and berries provide a multitude of social, cultural, environmental and economic contributions to human, economic and nature conservation in Europe. In this sense, it is important to recognise, and to leverage, the potential of non-wood forest products to contribute to the UN Sustainable Development Goals (SDGs), and notably to rural development, nature conservation, human well-being, and all of that in line with the European Green Deal.","europe, wood, forest, multitude, human, nature, sense, potential, sustainable development goals","http://www.wikidata.org/entity/Q46, http://www.wikidata.org/entity/Q287, http://www.wikidata.org/entity/Q4421, http://www.wikidata.org/entity/Q1208937, http://www.wikidata.org/entity/Q5, http://www.wikidata.org/entity/Q7860, http://www.wikidata.org/entity/Q173253, http://www.wikidata.org/entity/Q1202245, http://www.wikidata.org/entity/Q7649586","-3.0074846150700236","41.85218710986963","-3.5","40.2"
"Mountain landscape and reference chains","The reference mountain chain of this VC is Iberian System. The reference mountain landscape of this VC is Navaleno. Navaleno is located between the Sierra de Cabreja, the Picos de Urbión and the Cañón del Río Lobos Natural Park. The Bosque del Pinar Grande is nearby, with an interpretation center and mycological reserve. In the area of the Montes de Soria, old traditions regulated the use and enjoyment of the public utility forests, including small 'suertes de pinos' for the enjoyment of the families, who obtained important incomes thanks to the sale of the wood, complementing the family economy thanks to the cattle raising and the mycology among other activities.","reference, mountain, landscape, navaleno, del, park, soria, mycology","http://www.wikidata.org/entity/Q121769, http://www.wikidata.org/entity/Q8502, http://www.wikidata.org/entity/Q107425, http://www.wikidata.org/entity/Q516654, http://www.wikidata.org/entity/Q334508, http://www.wikidata.org/entity/Q22698, http://www.wikidata.org/entity/Q12155, http://www.wikidata.org/entity/Q7175","-3.004722222222222","41.83833333333333","-3.5","40.2"
"Key local assets","Navaleno is one of the main mycological habitats of the province of Soria; it is the forest mass of black pine and Scots pine of the region of Pinares. These pine forests are very good producers of Lactarius deliciosus (or Níscalo or amizcle), which together with the relative proximity of Soria to the Catalan markets, where it is highly appreciated, makes it the most important species from the economic point of view of these forests. Other species of the genus Hygrophorus, llanegas, Tricholoma equestre (or Seta de los caballeros), qualified from the culinary point of view as 'excellent', Tricholoma terreum (or negrilla), qualified as 'good edible'; and, although in smaller quantities, you can also find Boletus edulis (or Miguel or White Mushroom) culinarily qualified as 'excellent' and Boletus pinophilus (or Miguel or Red Mushroom), also qualified as 'excellent'. The Mycological Days are held every year and in 2007 the Navaleno Mycological Center was inaugurated, which houses a permanent exhibition on the world of mushrooms and organises courses related to the fungi world. About the LAU: 42129.","boletus, navaleno, soria, species, genus, hygrophorus, seta, mushroom, world","http://www.wikidata.org/entity/Q19744, http://www.wikidata.org/entity/Q516654, http://www.wikidata.org/entity/Q12155, http://www.wikidata.org/entity/Q7432, http://www.wikidata.org/entity/Q34740, http://www.wikidata.org/entity/Q622043, http://www.wikidata.org/entity/Q126780, http://www.wikidata.org/entity/Q83093, http://www.wikidata.org/entity/Q16502","-2.466666666666667","41.766666666666666","-3.5","40.2"
"Challenges","Firstly, ensuring a positive economic, social and environmental impact on the territory, through the distribution of income among the municipalities, maintenance of an improvement fund and other aspects related to promotion and dissemination. Secondly, making more transparent and regulating the purchase and sale market in accordance with the different Municipal Ordinances. Thirdly, ensuring compliance with national and regional regulations regarding traceability and food safety. Finally, deepening the knowledge of the resource in order to develop strategies for adaptation to Climate Change. Overall the type of challenge faced by this VC is Current and Predicted. This VC is classified as Traditional and Innovative.","","","-3.0074846150700236","41.85218710986963","-3.5","40.2"
"Innovation","The type of innovation of this VC is Endogenous and Exogenous. Different innovative initiatives have arisen related to: the traceability control system thanks to the development of computer applications; creation of species identification centers; development of a program of socio-cultural activities, exhibitions, etc.; processing and buying and selling companies; the 'Montes de Soria' association as an instrument of use, management and governance; development of mycotourism activities; synergies with the rural tourism and hospitality sector; development of second homes in the municipality. The innovation is related to New products, New processes, New marketing strategies and New governance systems. The land use systems involved are Forestry. The local assets include Natural, social and cultural.","innovation, traceability, system, computer, species, soria, management, governance, tourism, hospitality, municipality, marketing","http://www.wikidata.org/entity/Q174165, http://www.wikidata.org/entity/Q899704, http://www.wikidata.org/entity/Q58778, http://www.wikidata.org/entity/Q68, http://www.wikidata.org/entity/Q7432, http://www.wikidata.org/entity/Q12155, http://www.wikidata.org/entity/Q2920921, http://www.wikidata.org/entity/Q1553864, http://www.wikidata.org/entity/Q49389, http://www.wikidata.org/entity/Q815825, http://www.wikidata.org/entity/Q15284, http://www.wikidata.org/entity/Q39809","-2.466666666666667","41.766666666666666","-3.5","40.2"
"Geography and population","The size of the area (km2) is 25.03. The minimum altimetry of the LAU is 1100. The maximum altimetry of the LAU is 1300. The total population (in thousand) is 0.768. The population density (Inhabitants/km2) in the LAU is 30.68. The population change rate of the LAU in the last 10 years (%) has been -0.15%. The overall regional population density (Inhabitants/km2) is 25.42. The regional population change rate in the last 10 years (%) has been -0.06%.","population density","http://www.wikidata.org/entity/Q22856","-3.0074846150700236","41.85218710986963","-3.5","40.2"
"Income and gross value added","The average per capita income (EUR/year) [NUTS3] is 21963. The total Gross Value Added (GVA) (EUR million/year) [NUTS3] is 2154.5. The primary sector share of total GVA/year [NUTS3] is 8.24%. The secondary sector share of total GVA/year [NUTS3] is 30.86%. The tertiary sector share of total GVA/year [NUTS3] is 60.90%. The per capita income (EUR/year) [NUTS2] is 12003. The total Gross Value Added (GVA) (EUR million/year) [NUTS2] is 52920. The primary sector share of total GVA/year [NUTS2] is 1.21%. The secondary sector share of total GVA/year [NUTS2] is 25.83%. The tertiary sector share of total GVA/year [NUTS2] is 72.96%.","gross value added, per capita income, year","http://www.wikidata.org/entity/Q994873, http://www.wikidata.org/entity/Q45918, http://www.wikidata.org/entity/Q577","-3.0074846150700236","41.85218710986963","-3.5","40.2"
"Tourism","The total number of bed places (BPs) in tourist accommodations/year in the LAU is 639. The regional (NUTS2) share of total BPs/year is 0,004%. The number of agricultural holdings in the LAU is 1. The nearest settlement with population over 100000 (km) is 167.5. In this region protected areas are not present.","","","-3.0074846150700236","41.85218710986963","-3.5","40.2"
"Employment","The primary sector share of total employment/year [NUTS3] is 9.20%. The secondary sector share of total employment/year [NUTS3] is 27.50%. The tertiary sector share of total employment/year [NUTS3] is 63.30%. The primary sector share of total employment/year [NUTS2] is 6.10%. The secondary sector share of total employment/year [NUTS2] is 24.30%. The tertiary sector share of total employment/year [NUTS2] is 69.60%.","employment, year","http://www.wikidata.org/entity/Q656365, http://www.wikidata.org/entity/Q577","-3.0074846150700236","41.85218710986963","-3.5","40.2"
"Concluding remarks","Some Spanish mountain regions carry out mycological exploitation initiatives, with different degrees of importance and regulation. Such is the case in the mountains of León, the sierras of Salamanca and Zamora, as well as the Sierra de Cameros in La Rioja.","la rioja, mountain, importance, regulation, salamanca","http://www.wikidata.org/entity/Q5727, http://www.wikidata.org/entity/Q8502, http://www.wikidata.org/entity/Q16886469, http://www.wikidata.org/entity/Q428148, http://www.wikidata.org/entity/Q15695","-2.5","42.25","-3.5","40.2"
