title,description,objects,objectlinks,lon,lat,barycenter_lon,barycenter_lat
"Borda beer","The MOVING reference member state of this VC is SPAIN UCO. The reference MOVING Card ID of this VC is VC 08 ES. First key actor is the Aineto project for the rehabilitation of the locality. Also the municipality of Sabiñanigo (LAU 1) where the town is located, played a key role back in 1987 giving permission to the new inhabitants to settle in. The beer has two organic certifications, the European and the one from the region of Aragón. The VC is totally embedded in the social-ecological-system. The use of natural water flows and wild ingredients together with the values of the project, make of this VC an organic activity within the valley. Other actors are all the selling points that they have around Aragón (they do not sell nationwide).","reference, spain, actor, aineto, project, system, water, valley","http://www.wikidata.org/entity/Q121769, http://www.wikidata.org/entity/Q29, http://www.wikidata.org/entity/Q33999, http://www.wikidata.org/entity/Q3571748, http://www.wikidata.org/entity/Q170584, http://www.wikidata.org/entity/Q58778, http://www.wikidata.org/entity/Q283, http://www.wikidata.org/entity/Q39816","-3.5","40.2","-3.5","40.2"
"Interest on this VC","Local place-based brewery that combines two singular aspects. On one side, it is a sustainable and organic beer production that reuses the outcomes for compost and animal feed. On the other side, it is coined in an horizontal cooperative (Bebidas y Maridajes de Aineto. S. Coop.) where the first aim is to energise and revive the locality of Aineto and the rest of the Guargera valley that had been abandoned by the mid of the past century. For the beer production they only use organic inputs. In addition, they use local ingredients to innovate in the beer production, adding new tastes and aromas that come straight from the valley (red cabbage or elderberry). As mentioned before, the brewery has a horizonal cooperative and is placed in a revitalized town and is integrated in the Aineto project that had been started by the 80's.","brewery, beer, compost, animal, aineto, valley, century, addition, red cabbage","http://www.wikidata.org/entity/Q131734, http://www.wikidata.org/entity/Q44, http://www.wikidata.org/entity/Q212254, http://www.wikidata.org/entity/Q729, http://www.wikidata.org/entity/Q3571748, http://www.wikidata.org/entity/Q39816, http://www.wikidata.org/entity/Q578, http://www.wikidata.org/entity/Q32043, http://www.wikidata.org/entity/Q263203","-0.19277777777777777","42.39205555555556","-3.5","40.2"
"Mountain landscape and reference chains","The reference mountain chain of this VC is Pyreenes. The reference mountain landscape of this VC is Sabiñanigo. The MRL is located in the Pyrenees, the main mountain range in Spain. It hosts, four mountain valleys (Aurín, Gállego, Basa y Guarga) and 82 towns, being only 54 of them inhabited. This is partly caused by the isolation of many of these settlements and the movement to bigger towns and cities with better insfrastructure, services and employment opportunities. It has great assets for nature-based and outdoor recreation tourism.","spain, reference, mountain, landscape, pyrenees, aurín","http://www.wikidata.org/entity/Q29, http://www.wikidata.org/entity/Q121769, http://www.wikidata.org/entity/Q8502, http://www.wikidata.org/entity/Q107425, http://www.wikidata.org/entity/Q12431, http://www.wikidata.org/entity/Q3571809","1.0","42.666666666666664","-3.5","40.2"
"Key local assets","The natural assets they take straight from the valley are the water and some other wild ingredients (elderberries/flowers). In addition, the whole Aineto works only with renewable energy obtained directly in the valley. Regarding the social assets, the values of the Aineto project are vital for the longlasting experience of rehabilitation of an abandoned locality. These values are: assembly decision-making with the participation of every inhabitant, integral organic production for every crop of the locality, no private property within Aineto, and no new constructions. LAU is unspecified","valley, water, addition, aineto, renewable energy, project, experience","http://www.wikidata.org/entity/Q39816, http://www.wikidata.org/entity/Q283, http://www.wikidata.org/entity/Q32043, http://www.wikidata.org/entity/Q3571748, http://www.wikidata.org/entity/Q12705, http://www.wikidata.org/entity/Q170584, http://www.wikidata.org/entity/Q164359","-0.19277777777777777","42.39205555555556","-3.5","40.2"
"Challenges","1) Fighting against rural depopulation by generating economic activities and employment; 2) having better infrastructure in the locality (e.g., repair and maintainance of the access road to Aineto; access to broadband internet, etc.); 3) encouraging people to visit the locality and enjoy the beer instead of having to reach further markets. Overall the type of challenge faced by this VC is Current. This VC is classified as Innovative.","employment, infrastructure, people, beer","http://www.wikidata.org/entity/Q656365, http://www.wikidata.org/entity/Q121359, http://www.wikidata.org/entity/Q2472587, http://www.wikidata.org/entity/Q44","0.365079","42.519695","-3.5","40.2"
"Innovation","The type of innovation of this VC is Endogenous. The beginning of the brewery was a challenge as it started in a depopulated town of Aineto within the municipality of Sabiñanigo with the aim of revitalizing it. The brewery is located in an old livestock building following the philosophy of the whole project which is based on using the existing buildings instead of constructing new ones. The waste from the beer production is whether composted or used to feed the livestock. Thee brewery's motto is that money should circulate 7 times in the place they live before leaving the region. The innovation is related to New products and New governance systems. The land use systems involved are Cropland and Natural land. The local assets include Natural and social.","aineto, innovation, brewery, livestock, building, philosophy, project, governance","http://www.wikidata.org/entity/Q3571748, http://www.wikidata.org/entity/Q174165, http://www.wikidata.org/entity/Q131734, http://www.wikidata.org/entity/Q103459, http://www.wikidata.org/entity/Q41176, http://www.wikidata.org/entity/Q5891, http://www.wikidata.org/entity/Q170584, http://www.wikidata.org/entity/Q1553864","-0.19277777777777777","42.39205555555556","-3.5","40.2"
"Geography and population","The size of the area (km2) is 586.82. The minimum altimetry of the LAU is 660. The maximum altimetry of the LAU is 2753. The total population (in thousand) is unspecified. The population density (Inhabitants/km2) in the LAU is 15.65. The population change rate of the LAU in the last 10 years (%) has been -1.15%. The overall regional population density (Inhabitants/km2) is unspecified. The regional population change rate in the last 10 years (%) is unspecified.","population density","http://www.wikidata.org/entity/Q22856","0.365079","42.519695","-3.5","40.2"
"Income and gross value added","The average per capita income (EUR/year) [NUTS3] is 26691. The total Gross Value Added (GVA) (EUR million/year) [NUTS3] is 5551.3. The primary sector share of total GVA/year [NUTS3] is 15.04%. The secondary sector share of total GVA/year [NUTS3] is 21.59%. The tertiary sector share of total GVA/year [NUTS3] is 63.37%. The per capita income (EUR/year) [NUTS2] is unspecified. The total Gross Value Added (GVA) (EUR million/year) [NUTS2] is unspecified. The primary sector share of total GVA/year [NUTS2] is unspecified. The secondary sector share of total GVA/year [NUTS2] is unspecified. The tertiary sector share of total GVA/year [NUTS2] is unspecified.","gross value added, per capita income, year","http://www.wikidata.org/entity/Q994873, http://www.wikidata.org/entity/Q45918, http://www.wikidata.org/entity/Q577","0.365079","42.519695","-3.5","40.2"
"Tourism","The total number of bed places (BPs) in tourist accommodations/year in the LAU is 2738. The regional (NUTS2) share of total BPs/year is unspecified. The number of agricultural holdings in the LAU is unspecified. The nearest settlement with population over 100000 (km) is 52. In this region protected areas are present.","number, bed, year","http://www.wikidata.org/entity/Q11563, http://www.wikidata.org/entity/Q42177, http://www.wikidata.org/entity/Q577","0.365079","42.519695","-3.5","40.2"
"Employment","The primary sector share of total employment/year [NUTS3] is 13.40%. The secondary sector share of total employment/year [NUTS3] is 25.00%. The tertiary sector share of total employment/year [NUTS3] is 61.50%. The primary sector share of total employment/year [NUTS2] is unspecified. The secondary sector share of total employment/year [NUTS2] is unspecified. The tertiary sector share of total employment/year [NUTS2] is unspecified.","employment, year","http://www.wikidata.org/entity/Q656365, http://www.wikidata.org/entity/Q577","0.365079","42.519695","-3.5","40.2"
"Concluding remarks","This project challenges the schemes of our current system by empowering the inhabitants of a locality whose desisions are taken equally. It is an example of a place-based experience that fosters social and ecological justice. Not mentioned before, the brewery creates every year the 'solidarity beer' to support social projects of the Aragón region.","","","0.365079","42.519695","-3.5","40.2"
