title,description,objects,objectlinks,lon,lat,barycenter_lon,barycenter_lat
"Goat cheese from Sierra Morena","The MOVING reference member state of this VC is SPAIN UCO. The reference MOVING Card ID of this VC is VC 14 ES. The place where the goats sleep and graze is the same as the cheese production, all happens in the same farm. The goats are milked every day and the milk is sent to a lab for analysis. All the milk they use comes from their goats. The goat breed is autochthonous and is certified as such by the label 100% Raza Autóctona (Autochthonous breed), a distinctive label for various animal products created by the Spanish Ministry of Agriculture, Fisheries and Food (Ministerio de Agricultura, Pesca y Alimentación).","spain, cheese, farm, day, milk, analysis","http://www.wikidata.org/entity/Q29, http://www.wikidata.org/entity/Q10943, http://www.wikidata.org/entity/Q131596, http://www.wikidata.org/entity/Q573, http://www.wikidata.org/entity/Q8495, http://www.wikidata.org/entity/Q217602","-3.5","40.2","-3.5","40.2"
"Interest on this VC","High quality goat cheese from the autochthonous goat breed florida andaluza. The goats have grazed along these natural pastures for centuries, being totally connected with this land use and enabling this way its natural maintenance. It is an innovation in the waste management mostly.","goat cheese, florida","http://www.wikidata.org/entity/Q198815, http://www.wikidata.org/entity/Q812","-5.842453996109945","37.93994806321403","-3.5","40.2"
"Mountain landscape and reference chains","The reference mountain chain of this VC is Sierra Morena. The reference mountain landscape of this VC is Cazalla de la Sierra.","reference, mountain, sierra morena, landscape","http://www.wikidata.org/entity/Q121769, http://www.wikidata.org/entity/Q8502, http://www.wikidata.org/entity/Q686362, http://www.wikidata.org/entity/Q107425","-5.4","38.3","-3.5","40.2"
"Key local assets","The goats graze around natural grasslands and open forests of oaks and olives within the boundaries of the farm, that is inside a protected area. Thus the richness of the ecosystem is high. The water they use comes from local water streams. The VC is very local as most of their consumers are from the same municipality. Finally, this activity is a traditional practice of the area for generations. Therefore, it is part of the cultural heritage of the region. LAU is unspecified","farm, protected area, ecosystem, water, municipality","http://www.wikidata.org/entity/Q131596, http://www.wikidata.org/entity/Q473972, http://www.wikidata.org/entity/Q37813, http://www.wikidata.org/entity/Q283, http://www.wikidata.org/entity/Q15284","-5.842453996109945","37.93994806321403","-3.5","40.2"
"Challenges","1) The scarce amount of herds of this goat breed compromises its continuity and its beneficial effects on the social-ecological-system 2) Competing with the industrially-produced cheese; 3) expanding the selling scope beyond the province. Overall the type of challenge faced by this VC is Current and Predicted. This VC is classified as Traditional and Innovative.","","","-5.842453996109945","37.93994806321403","-3.5","40.2"
"Innovation","The type of innovation of this VC is Exogenous. The innovation to point out is related to the energy use and waste management. The farm uses solar energy for its functioning. The wasted water is treated with bioremediation in an artificial pond nearby. Afterwards, the water is used in the family garden. The innovation is related to New processes. The land use systems involved are Grassland and Animal skin / leather. The local assets include Natural, social and cultural.","innovation, energy, waste, management, solar energy, water, bioremediation, pond, garden, grassland, animal, skin, leather","http://www.wikidata.org/entity/Q174165, http://www.wikidata.org/entity/Q11379, http://www.wikidata.org/entity/Q45701, http://www.wikidata.org/entity/Q2920921, http://www.wikidata.org/entity/Q40015, http://www.wikidata.org/entity/Q283, http://www.wikidata.org/entity/Q816441, http://www.wikidata.org/entity/Q3253281, http://www.wikidata.org/entity/Q1107656, http://www.wikidata.org/entity/Q1006733, http://www.wikidata.org/entity/Q729, http://www.wikidata.org/entity/Q1074, http://www.wikidata.org/entity/Q286","-5.842453996109945","37.93994806321403","-3.5","40.2"
"Geography and population","The size of the area (km2) is 356.39. The minimum altimetry of the LAU is 80. The maximum altimetry of the LAU is 763. The total population (in thousand) is unspecified. The population density (Inhabitants/km2) in the LAU is 13.14. The population change rate of the LAU in the last 10 years (%) has been -6.50%. The overall regional population density (Inhabitants/km2) is unspecified. The regional population change rate in the last 10 years (%) is unspecified.","population density","http://www.wikidata.org/entity/Q22856","-5.842453996109945","37.93994806321403","-3.5","40.2"
"Income and gross value added","The average per capita income (EUR/year) [NUTS3] is 12387. The total Gross Value Added (GVA) (EUR million/year) [NUTS3] is 35778.3. The primary sector share of total GVA/year [NUTS3] is 5.34%. The secondary sector share of total GVA/year [NUTS3] is 20.76%. The tertiary sector share of total GVA/year [NUTS3] is 73.90%. The per capita income (EUR/year) [NUTS2] is unspecified. The total Gross Value Added (GVA) (EUR million/year) [NUTS2] is unspecified. The primary sector share of total GVA/year [NUTS2] is unspecified. The secondary sector share of total GVA/year [NUTS2] is unspecified. The tertiary sector share of total GVA/year [NUTS2] is unspecified.","gross value added, per capita income, year","http://www.wikidata.org/entity/Q994873, http://www.wikidata.org/entity/Q45918, http://www.wikidata.org/entity/Q577","-5.842453996109945","37.93994806321403","-3.5","40.2"
"Tourism","The total number of bed places (BPs) in tourist accommodations/year in the LAU is 0. The regional (NUTS2) share of total BPs/year is unspecified. The number of agricultural holdings in the LAU is unspecified. The nearest settlement with population over 100000 (km) is 77.7. In this region protected areas are present.","","","-5.842453996109945","37.93994806321403","-3.5","40.2"
"Employment","The primary sector share of total employment/year [NUTS3] is 5.90%. The secondary sector share of total employment/year [NUTS3] is 17.40%. The tertiary sector share of total employment/year [NUTS3] is 76.70%. The primary sector share of total employment/year [NUTS2] is unspecified. The secondary sector share of total employment/year [NUTS2] is unspecified. The tertiary sector share of total employment/year [NUTS2] is unspecified.","employment, year","http://www.wikidata.org/entity/Q656365, http://www.wikidata.org/entity/Q577","-5.842453996109945","37.93994806321403","-3.5","40.2"
"Concluding remarks","There are other goat cheese producers in Sierra Morena. Another case can be found in Guarromán (23039) where the familiar company 'Besos y Quesos' is following similar cheese making but with goats of the Malagueña breed.","goat cheese, sierra morena, guarromán, cheese, breed","http://www.wikidata.org/entity/Q198815, http://www.wikidata.org/entity/Q686362, http://www.wikidata.org/entity/Q1313369, http://www.wikidata.org/entity/Q10943, http://www.wikidata.org/entity/Q38829","-3.685277777777778","38.18416666666667","-3.5","40.2"
