title,description,objects,objectlinks,lon,lat,barycenter_lon,barycenter_lat
"Spanish fighting bull (Toro de Lidia)","The MOVING reference member state of this VC is SPAIN UCO. The reference MOVING Card ID of this VC is VC 17 ES. The extension of these farms is of thousands of hectares around the region. The quality is guaranteed by the National Association of Lidia Livestock Farms (Asociación Nacional de Ganaderías de Lidia), with more than 400 associated famrs, from which 27 are in the province of Jaén. The activity is highly related to the dehesa ecosystem, the natural habitat of the bull in Spain. Therefore, many claims the role of this livestock in the conservation of the dehesa.","spain, reference, livestock, dehesa, ecosystem, bull","http://www.wikidata.org/entity/Q29, http://www.wikidata.org/entity/Q121769, http://www.wikidata.org/entity/Q103459, http://www.wikidata.org/entity/Q1182952, http://www.wikidata.org/entity/Q37813, http://www.wikidata.org/entity/Q693690","-3.5","40.2","-3.5","40.2"
"Interest on this VC","Toro de Lidia is a VC with high reputation and is connected with the cultural heritage and traditions of the region. It is unique in Europe for the product itself and the cultural load that it carries. The bull fighting breeding occupies thousands of hectares of dehesa in the province of Jaen. Nowadays, bull-related tourism is perceived by some farmers and also administration as a promising asset for the region. Appart from the bulls, now many producers offer visits and accomodation in the farms. With this, they are also fostering a change in the idea towards this practice by letting visitors know how the livestock is cattled and maintained.","europe, dehesa, bull, tourism, asset","http://www.wikidata.org/entity/Q46, http://www.wikidata.org/entity/Q1182952, http://www.wikidata.org/entity/Q693690, http://www.wikidata.org/entity/Q49389, http://www.wikidata.org/entity/Q46737","-3.6152701","38.2742478","-3.5","40.2"
"Mountain landscape and reference chains","The reference mountain chain of this VC is Sierra Morena. The reference mountain landscape of this VC is La Carolina. The surface is covered by extensive olive groves along with abundant pastures and mid-mountain areas with pines and holm oaks. The MRL is the natural entrance to Andalusia region through the Despeñaperros Natural Park.","la carolina, andalusia, reference, mountain, sierra morena, landscape","http://www.wikidata.org/entity/Q649981, http://www.wikidata.org/entity/Q5783, http://www.wikidata.org/entity/Q121769, http://www.wikidata.org/entity/Q8502, http://www.wikidata.org/entity/Q686362, http://www.wikidata.org/entity/Q107425","-4.16","37.46","-3.5","40.2"
"Key local assets","Appart from the bulls, the dehesa is the main natural asset linked to the VC. It is the natural habitat for the bull. In addition, this VC has an enormous cultural load for its supporters and practitioners. LAU is unspecified","dehesa, asset, addition","http://www.wikidata.org/entity/Q1182952, http://www.wikidata.org/entity/Q46737, http://www.wikidata.org/entity/Q32043","-3.6152701","38.2742478","-3.5","40.2"
"Challenges","The decrease in popularity and recognition of bull fighting can threat the breeding because the value of the bulls in the slaughter houses is not profitable enough. Therefore, nowadays the prosperity of this VC relies upon bull fighting. Overall the type of challenge faced by this VC is Current and Predicted. This VC is classified as Traditional and Innovative.","prosperity, bull","http://www.wikidata.org/entity/Q1760011, http://www.wikidata.org/entity/Q693690","-3.6152701","38.2742478","-3.5","40.2"
"Innovation","The type of innovation of this VC is unspecified. The innovation is the added value of tourism thorough bull livestock in the region. The innovation is related to New products and New marketing strategies. The land use systems involved are Grassland and Natural land. The local assets include Natural and cultural.","innovation, tourism, bull, livestock, marketing, grassland","http://www.wikidata.org/entity/Q174165, http://www.wikidata.org/entity/Q49389, http://www.wikidata.org/entity/Q693690, http://www.wikidata.org/entity/Q103459, http://www.wikidata.org/entity/Q39809, http://www.wikidata.org/entity/Q1006733","-3.6152701","38.2742478","-3.5","40.2"
"Geography and population","The size of the area (km2) is 201.22. The minimum altimetry of the LAU is 423. The maximum altimetry of the LAU is 1293. The total population (in thousand) is unspecified. The population density (Inhabitants/km2) in the LAU is 75.34. The population change rate of the LAU in the last 10 years (%) has been -4.70%. The overall regional population density (Inhabitants/km2) is unspecified. The regional population change rate in the last 10 years (%) is unspecified.","population density","http://www.wikidata.org/entity/Q22856","-3.6152701","38.2742478","-3.5","40.2"
"Income and gross value added","The average per capita income (EUR/year) [NUTS3] is 14648. The total Gross Value Added (GVA) (EUR million/year) [NUTS3] is 10686.3. The primary sector share of total GVA/year [NUTS3] is 14.91%. The secondary sector share of total GVA/year [NUTS3] is 17.61%. The tertiary sector share of total GVA/year [NUTS3] is 67.48%. The per capita income (EUR/year) [NUTS2] is unspecified. The total Gross Value Added (GVA) (EUR million/year) [NUTS2] is unspecified. The primary sector share of total GVA/year [NUTS2] is unspecified. The secondary sector share of total GVA/year [NUTS2] is unspecified. The tertiary sector share of total GVA/year [NUTS2] is unspecified.","gross value added, per capita income, year","http://www.wikidata.org/entity/Q994873, http://www.wikidata.org/entity/Q45918, http://www.wikidata.org/entity/Q577","-3.6152701","38.2742478","-3.5","40.2"
"Tourism","The total number of bed places (BPs) in tourist accommodations/year in the LAU is 280. The regional (NUTS2) share of total BPs/year is unspecified. The number of agricultural holdings in the LAU is unspecified. The nearest settlement with population over 100000 (km) is 65.1. In this region protected areas are present.","","","-3.6152701","38.2742478","-3.5","40.2"
"Employment","The primary sector share of total employment/year [NUTS3] is 17.10%. The secondary sector share of total employment/year [NUTS3] is 18.20%. The tertiary sector share of total employment/year [NUTS3] is 55.70%. The primary sector share of total employment/year [NUTS2] is unspecified. The secondary sector share of total employment/year [NUTS2] is unspecified. The tertiary sector share of total employment/year [NUTS2] is unspecified.","employment, year","http://www.wikidata.org/entity/Q656365, http://www.wikidata.org/entity/Q577","-3.6152701","38.2742478","-3.5","40.2"
"Concluding remarks","This VC is present in many areas of Sierra Morena, but we will put the focus on Jaén as it is the province with the highest number of bull fighting breeding farms in Anadalusia region. Within the province, this VC can be found in the following municipalities within Sierra Morena: Aldeaquemada (23004), Bailén (23010), Baños de la Encina (23011), Carboneros (23021), Guarromán (23039), Jabalquinto (23049), La Carolina (23024), Linares (23055) and Santa Elena (23076).","sierra morena, la carolina, province, number, aldeaquemada, bailén, carboneros, guarromán, jabalquinto","http://www.wikidata.org/entity/Q686362, http://www.wikidata.org/entity/Q649981, http://www.wikidata.org/entity/Q34876, http://www.wikidata.org/entity/Q11563, http://www.wikidata.org/entity/Q1632644, http://www.wikidata.org/entity/Q695456, http://www.wikidata.org/entity/Q1635984, http://www.wikidata.org/entity/Q1313369, http://www.wikidata.org/entity/Q1114768","-3.3713888888888888","38.410555555555554","-3.5","40.2"
