title,description,objects,objectlinks,lon,lat,barycenter_lon,barycenter_lat
"Protected Geographical Indication (PGI) beef","The MOVING reference member state of this VC is SPAIN UCO. The reference MOVING Card ID of this VC is VC 24 ES. The VC includes the farmers and the associated slaughter houses and selling points. It is mandatory te breed limusin, charoles or avileña (and autochthonous breed from the region) cows to be part of the certification. They must graze in natural pastures and the calves must drink milk from their mothers during the first 6/7 months. The slaughter occurs between the 12th and 18th months. The use of any kind of growing or fattening hormone is forbidden. The potential negative impact is the overgrazing in some plots. However, as most of the extension of the PGI belongs to protected areas, this aspect is controlled. Another important element of this VC is the mechanism of control and labelling conducted by the certification organism (Indicación Geográfica Protegida Carne de la Sierra de Guadarrama).","reference, spain, breed, certification, calves, milk, overgrazing, organism","http://www.wikidata.org/entity/Q121769, http://www.wikidata.org/entity/Q29, http://www.wikidata.org/entity/Q38829, http://www.wikidata.org/entity/Q374814, http://www.wikidata.org/entity/Q5024291, http://www.wikidata.org/entity/Q8495, http://www.wikidata.org/entity/Q334487, http://www.wikidata.org/entity/Q7239","-3.5","40.2","-3.5","40.2"
"Interest on this VC","Tne PGI Guadarrama is a quality certification linked to the Guadarrama Mountain Region. It consists of an extensive cow feeding in natural mountain pastures until they reach the fattening stage. The certification links the mountain range with a high quality meat with propper traceability.","certification, mountain, meat, propper, traceability","http://www.wikidata.org/entity/Q374814, http://www.wikidata.org/entity/Q8502, http://www.wikidata.org/entity/Q10990, http://www.wikidata.org/entity/Q7250422, http://www.wikidata.org/entity/Q899704","-3.7454760243727216","40.66368555361262","-3.5","40.2"
"Mountain landscape and reference chains","The reference mountain chain of this VC is Sierra del Guadarrama. The reference mountain landscape of this VC is Colemar Viejo. Colmenar Viejo is located in the transition from the periurban area of Madrid city into the Guadarrama Mountain region. It is dominated by open forests of oaks (dehesas) and a hilly landscape. The main urban settlement has grown recently due to its proximity and good communication with Madrid city via road or train.","madrid, reference, mountain, landscape, colmenar viejo, city","http://www.wikidata.org/entity/Q2807, http://www.wikidata.org/entity/Q121769, http://www.wikidata.org/entity/Q8502, http://www.wikidata.org/entity/Q107425, http://www.wikidata.org/entity/Q55480, http://www.wikidata.org/entity/Q515","-3.766388888888889","40.65888888888889","-3.5","40.2"
"Key local assets","The PGI beef must come from cows fed by natural pastures untill the fattening stage. Thus, it is vital to keep the quality of those pastures. In addition, those landscapes as an outcome of the co-evolutionary process between natural ecosystems and human practices, have a huge cultural significance. For many people, they are an important element of their personal identity. LAU is unspecified","beef, addition","http://www.wikidata.org/entity/Q192628, http://www.wikidata.org/entity/Q32043","-3.7454760243727216","40.66368555361262","-3.5","40.2"
"Challenges","Access to the markets and compete with meats that come from intensive farming and global markets. Overall the type of challenge faced by this VC is Current. This VC is classified as Traditional.","intensive farming","http://www.wikidata.org/entity/Q1148482","-3.7454760243727216","40.66368555361262","-3.5","40.2"
"Innovation","The type of innovation of this VC is unspecified. The innovation is related to the whole VC. The land use systems involved are Grassland. The local assets include Natural and cultural.","innovation, grassland","http://www.wikidata.org/entity/Q174165, http://www.wikidata.org/entity/Q1006733","-3.7454760243727216","40.66368555361262","-3.5","40.2"
"Geography and population","The size of the area (km2) is 182,98. The minimum altimetry of the LAU is 600. The maximum altimetry of the LAU is 1423. The total population (in thousand) is unspecified. The population density (Inhabitants/km2) in the LAU is 283.85. The population change rate of the LAU in the last 10 years (%) has been 16.88%. The overall regional population density (Inhabitants/km2) is unspecified. The regional population change rate in the last 10 years (%) is unspecified.","population density","http://www.wikidata.org/entity/Q22856","-3.7454760243727216","40.66368555361262","-3.5","40.2"
"Income and gross value added","The average per capita income (EUR/year) [NUTS3] is 18300.26. The total Gross Value Added (GVA) (EUR million/year) [NUTS3] is 1.118032. The primary sector share of total GVA/year [NUTS3] is 1.06%. The secondary sector share of total GVA/year [NUTS3] is 25.70%. The tertiary sector share of total GVA/year [NUTS3] is 73.24%. The per capita income (EUR/year) [NUTS2] is unspecified. The total Gross Value Added (GVA) (EUR million/year) [NUTS2] is unspecified. The primary sector share of total GVA/year [NUTS2] is unspecified. The secondary sector share of total GVA/year [NUTS2] is unspecified. The tertiary sector share of total GVA/year [NUTS2] is unspecified.","gross value added, per capita income, year, capita","http://www.wikidata.org/entity/Q994873, http://www.wikidata.org/entity/Q45918, http://www.wikidata.org/entity/Q577, http://www.wikidata.org/entity/Q606013","-3.7454760243727216","40.66368555361262","-3.5","40.2"
"Tourism","The total number of bed places (BPs) in tourist accommodations/year in the LAU is 153. The regional (NUTS2) share of total BPs/year is unspecified. The number of agricultural holdings in the LAU is unspecified. The nearest settlement with population over 100000 (km) is 32.9. In this region protected areas are present.","","","-3.7454760243727216","40.66368555361262","-3.5","40.2"
"Employment","The primary sector share of total employment/year [NUTS3] is 1.56%. The secondary sector share of total employment/year [NUTS3] is 21.53%. The tertiary sector share of total employment/year [NUTS3] is 76.91%. The primary sector share of total employment/year [NUTS2] is unspecified. The secondary sector share of total employment/year [NUTS2] is unspecified. The tertiary sector share of total employment/year [NUTS2] is unspecified.","employment, year","http://www.wikidata.org/entity/Q656365, http://www.wikidata.org/entity/Q577","-3.7454760243727216","40.66368555361262","-3.5","40.2"
"Concluding remarks","The breed can take place only in the territories described by the PGI but the slughtering and product elaboration can take place all along Madrid region. The territories for the PGI include around 80 municipalities within Madrid Region, being most of them, but not all, located in mountain areas.","madrid, breed, elaboration, mountain","http://www.wikidata.org/entity/Q2807, http://www.wikidata.org/entity/Q38829, http://www.wikidata.org/entity/Q16944486, http://www.wikidata.org/entity/Q8502","-3.6919444444444443","40.41888888888889","-3.5","40.2"
