title,description,objects,objectlinks,lon,lat,barycenter_lon,barycenter_lat
"Organic Iberian goose","The MOVING reference member state of this VC is SPAIN UCO. The reference MOVING Card ID of this VC is VC 29 ES. Ganso Ibérico (Iberian Goose) is the only company producing goose in the dehesa. The farm has a field of 1500 ha of dehesa where the geese live freely in plots of 200 ha that they rotate to maintain the grass. Their product has the organic certification. They import the goose chicks from France when they have less than 2 days of age. The breeds they use are Toulouse and Embdem. They work with batches of 2000 geese and their total production goes beyond the 9000 animals per year. They sell eggs, raw meat and some elaborated products mostly to restaurants and gourmet stores. Most of their production is exported outside Spain (around the 80% in 2013).","france, spain, reference, ganso, dehesa, farm, organic certification, toulouse, year","http://www.wikidata.org/entity/Q142, http://www.wikidata.org/entity/Q29, http://www.wikidata.org/entity/Q121769, http://www.wikidata.org/entity/Q5521503, http://www.wikidata.org/entity/Q1182952, http://www.wikidata.org/entity/Q131596, http://www.wikidata.org/entity/Q11680670, http://www.wikidata.org/entity/Q7880, http://www.wikidata.org/entity/Q577","2.0","47.0","-3.5","40.2"
"Interest on this VC","Successful innovative product in the region, and diversification in the VCs linked to the dehesas. Not only they sell the eggs and the meat, but they also cure the meat to produce a sausage with high densities of oleic acids caused by the use of acorns in their diets, similar to the iberian ham.","meat, sausage, ham","http://www.wikidata.org/entity/Q10990, http://www.wikidata.org/entity/Q131419, http://www.wikidata.org/entity/Q170486","-5.5950018449084755","37.85150047426284","-3.5","40.2"
"Mountain landscape and reference chains","The reference mountain chain of this VC is Sierra Morena. The reference mountain landscape of this VC is Constantina. The urban settlement of Constantina is declared Good of Cultural Interest for its historical heritage and architecture. The temperatures are mild with high rates of precipitations for the region. The landscape is dominated by mediterranean forest and dehesa landscapes (holm oaks and cork oaks mostly).","reference, mountain, sierra morena, landscape, interest, architecture","http://www.wikidata.org/entity/Q121769, http://www.wikidata.org/entity/Q8502, http://www.wikidata.org/entity/Q686362, http://www.wikidata.org/entity/Q107425, http://www.wikidata.org/entity/Q170924, http://www.wikidata.org/entity/Q12271","-5.4","38.3","-3.5","40.2"
"Key local assets","The specifity of this product is the landscape where it is placed. It is the only goose production located in the dehesa (open holm oak forest) with an extensive regime. The phisical activity of the gooses in the land together with the consumption of acorns makes of this product something unique. LAU is unspecified","landscape","http://www.wikidata.org/entity/Q107425","-5.5950018449084755","37.85150047426284","-3.5","40.2"
"Challenges","Access to intrnational markets where the goose consumption is more common than in Spain. Overall the type of challenge faced by this VC is Current. This VC is classified as Innovative.","spain","http://www.wikidata.org/entity/Q29","-3.5","40.2","-3.5","40.2"
"Innovation","The type of innovation of this VC is Endogenous. This VC is about breeding of goose in the dehesa ecosystem for the production of goose meat and eggs. The area is on the route of migratory geese. So, back in 2010, the producer thought that it would be also adequate to breed geese in this area with market purposes. Still today there is only one company producing goose products in the dehesa. The innovation is related to New products. The land use systems involved are Grassland and Natural land. The local assets include Natural.","innovation, dehesa, ecosystem, meat, grassland","http://www.wikidata.org/entity/Q174165, http://www.wikidata.org/entity/Q1182952, http://www.wikidata.org/entity/Q37813, http://www.wikidata.org/entity/Q10990, http://www.wikidata.org/entity/Q1006733","-5.5950018449084755","37.85150047426284","-3.5","40.2"
"Geography and population","The size of the area (km2) is 481.57. The minimum altimetry of the LAU is 85. The maximum altimetry of the LAU is 903. The total population (in thousand) is unspecified. The population density (Inhabitants/km2) in the LAU is 12.18. The population change rate of the LAU in the last 10 years (%) has been -11.00%. The overall regional population density (Inhabitants/km2) is unspecified. The regional population change rate in the last 10 years (%) is unspecified.","population density","http://www.wikidata.org/entity/Q22856","-5.5950018449084755","37.85150047426284","-3.5","40.2"
"Income and gross value added","The average per capita income (EUR/year) [NUTS3] is 12434. The total Gross Value Added (GVA) (EUR million/year) [NUTS3] is 35778.3. The primary sector share of total GVA/year [NUTS3] is 5.34%. The secondary sector share of total GVA/year [NUTS3] is 20.76%. The tertiary sector share of total GVA/year [NUTS3] is 73.90%. The per capita income (EUR/year) [NUTS2] is unspecified. The total Gross Value Added (GVA) (EUR million/year) [NUTS2] is unspecified. The primary sector share of total GVA/year [NUTS2] is unspecified. The secondary sector share of total GVA/year [NUTS2] is unspecified. The tertiary sector share of total GVA/year [NUTS2] is unspecified.","gross value added, per capita income, year","http://www.wikidata.org/entity/Q994873, http://www.wikidata.org/entity/Q45918, http://www.wikidata.org/entity/Q577","-5.5950018449084755","37.85150047426284","-3.5","40.2"
"Tourism","The total number of bed places (BPs) in tourist accommodations/year in the LAU is 0. The regional (NUTS2) share of total BPs/year is unspecified. The number of agricultural holdings in the LAU is unspecified. The nearest settlement with population over 100000 (km) is 72.6. In this region protected areas are present.","","","-5.5950018449084755","37.85150047426284","-3.5","40.2"
"Employment","The primary sector share of total employment/year [NUTS3] is 5.90%. The secondary sector share of total employment/year [NUTS3] is 17.40%. The tertiary sector share of total employment/year [NUTS3] is 76.70%. The primary sector share of total employment/year [NUTS2] is unspecified. The secondary sector share of total employment/year [NUTS2] is unspecified. The tertiary sector share of total employment/year [NUTS2] is unspecified.","employment, year","http://www.wikidata.org/entity/Q656365, http://www.wikidata.org/entity/Q577","-5.5950018449084755","37.85150047426284","-3.5","40.2"
"Concluding remarks","","","","-5.5950018449084755","37.85150047426284","-3.5","40.2"
