title,description,objects,objectlinks,lon,lat,barycenter_lon,barycenter_lat
"Leather handcraft","The MOVING reference member state of this VC is SPAIN UCO. The reference MOVING Card ID of this VC is VC 47 ES. It is characterised by small producers and artisans. In the region there are leather tanneries and craftspeople who transform the tanned leather into goods. In the region of Los Pedroches there is an association of artisans (OFIARPE). The quality and reputation of this product is an aspect based on its long history, a long path of knowledge transfer and improvements along generations. The skin comes mostly from goat, pigs and, sepecially cows. In addition, hunting species are also used for certain works.","los pedroches, spain, leather, goods, long path","http://www.wikidata.org/entity/Q1117207, http://www.wikidata.org/entity/Q29, http://www.wikidata.org/entity/Q286, http://www.wikidata.org/entity/Q28877, http://www.wikidata.org/entity/Q6673044","-4.75","38.416666666666664","-3.5","40.2"
"Interest on this VC","High quality leather products made with traditional methods in family bussinesses. This is one of the historical craftsmanship of the region. In the past they used to produce lethear products associated with hunting and bull fighting activities (Hunting boots, etc.). Nowadays, the production has widen to everyday goods such as bags, wallets, all kinds of shoes, watch straps, etc. In addition, starting with e-commerce strategies is a way to get access to new markets.","past, hunting, goods, e-commerce","http://www.wikidata.org/entity/Q192630, http://www.wikidata.org/entity/Q36963, http://www.wikidata.org/entity/Q28877, http://www.wikidata.org/entity/Q484847","-4.3657970258878","38.10433621747082","-3.5","40.2"
"Mountain landscape and reference chains","The reference mountain chain of this VC is Sierra Morena. The reference mountain landscape of this VC is Montoro. Montoro is an agricultural municipality and olive grove constitutes the main source of income for its households. The surroundings of the urban settlements are dominated by olive plantations that cover around the 80% of the cultivated area. In addition, this territory hosts the Iberian Lynx, the most endangered feline of the world. More than 60% of the area has a slope above 15%.","sierra morena, municipality, olive grove, surroundings","http://www.wikidata.org/entity/Q686362, http://www.wikidata.org/entity/Q15284, http://www.wikidata.org/entity/Q7087158, http://www.wikidata.org/entity/Q16968816","-5.4","38.3","-3.5","40.2"
"Key local assets","As an historical craftsmanshhip, leather crafts are part of the cultural heritage of the region and the knowledge about this work represents a cultural asset. In addition, the leather itself comes from animals that are mostly grazed in the region, and also from hunting species. LAU is unspecified","leather, knowledge, asset, addition, hunting, species","http://www.wikidata.org/entity/Q286, http://www.wikidata.org/entity/Q9081, http://www.wikidata.org/entity/Q46737, http://www.wikidata.org/entity/Q32043, http://www.wikidata.org/entity/Q36963, http://www.wikidata.org/entity/Q7432","-4.3657970258878","38.10433621747082","-3.5","40.2"
"Challenges","1) Access to the markets; 2) Compete with industrial products and globalised markets; 3) Loss of traditional knowledge. Overall the type of challenge faced by this VC is Current and Predicted. This VC is classified as Traditional and Innovative.","","","-4.3657970258878","38.10433621747082","-3.5","40.2"
"Innovation","The type of innovation of this VC is Exogenous. The innovation comes mostly with new products as the activity is diversifying and producing all kind of leather goods. In addition, in most cases, the artisans have started e-commerce platforms and websites to sell their products. The innovation is related to New products and New marketing strategies. The land use systems involved are Animal skin / leather. The local assets include Natural and cultural.","innovation, leather, goods, addition, e-commerce, marketing, skin","http://www.wikidata.org/entity/Q174165, http://www.wikidata.org/entity/Q286, http://www.wikidata.org/entity/Q28877, http://www.wikidata.org/entity/Q32043, http://www.wikidata.org/entity/Q484847, http://www.wikidata.org/entity/Q39809, http://www.wikidata.org/entity/Q1074","-4.3657970258878","38.10433621747082","-3.5","40.2"
"Geography and population","The size of the area (km2) is 585,84. The minimum altimetry of the LAU is 144. The maximum altimetry of the LAU is 789. The total population (in thousand) is unspecified. The population density (Inhabitants/km2) in the LAU is 15.86. The population change rate of the LAU in the last 10 years (%) has been -6.30%. The overall regional population density (Inhabitants/km2) is unspecified. The regional population change rate in the last 10 years (%) is unspecified.","population density","http://www.wikidata.org/entity/Q22856","-4.3657970258878","38.10433621747082","-3.5","40.2"
"Income and gross value added","The average per capita income (EUR/year) [NUTS3] is 11444. The total Gross Value Added (GVA) (EUR million/year) [NUTS3] is 13153.1. The primary sector share of total GVA/year [NUTS3] is 10.50%. The secondary sector share of total GVA/year [NUTS3] is 17.61%. The tertiary sector share of total GVA/year [NUTS3] is 71.89%. The per capita income (EUR/year) [NUTS2] is unspecified. The total Gross Value Added (GVA) (EUR million/year) [NUTS2] is unspecified. The primary sector share of total GVA/year [NUTS2] is unspecified. The secondary sector share of total GVA/year [NUTS2] is unspecified. The tertiary sector share of total GVA/year [NUTS2] is unspecified.","gross value added, per capita income, year","http://www.wikidata.org/entity/Q994873, http://www.wikidata.org/entity/Q45918, http://www.wikidata.org/entity/Q577","-4.3657970258878","38.10433621747082","-3.5","40.2"
"Tourism","The total number of bed places (BPs) in tourist accommodations/year in the LAU is 141. The regional (NUTS2) share of total BPs/year is unspecified. The number of agricultural holdings in the LAU is unspecified. The nearest settlement with population over 100000 (km) is  42,6. In this region protected areas are present.","number, bed, year","http://www.wikidata.org/entity/Q11563, http://www.wikidata.org/entity/Q42177, http://www.wikidata.org/entity/Q577","-4.3657970258878","38.10433621747082","-3.5","40.2"
"Employment","The primary sector share of total employment/year [NUTS3] is 13.80%. The secondary sector share of total employment/year [NUTS3] is 17.10%. The tertiary sector share of total employment/year [NUTS3] is 57.00%. The primary sector share of total employment/year [NUTS2] is unspecified. The secondary sector share of total employment/year [NUTS2] is unspecified. The tertiary sector share of total employment/year [NUTS2] is unspecified.","employment, year","http://www.wikidata.org/entity/Q656365, http://www.wikidata.org/entity/Q577","-4.3657970258878","38.10433621747082","-3.5","40.2"
"Concluding remarks","This VC is present in other regions of Spain and MRLs within Sierra Morena: Cardeña (14016), El Viso (14074), Peñarroya- Pueblonuevo (14052), Cortelazor (21026), La Carolina (23024).","spain, la carolina, sierra morena, cortelazor","http://www.wikidata.org/entity/Q29, http://www.wikidata.org/entity/Q649981, http://www.wikidata.org/entity/Q686362, http://www.wikidata.org/entity/Q957544","-3.6152777777777776","38.274166666666666","-3.5","40.2"
