title,description,objects,objectlinks,lon,lat,barycenter_lon,barycenter_lat
"High quality cork","The MOVING reference member state of this VC is SPAIN UCO. The reference MOVING Card ID of this VC is VC 49 ES. Harvesting requiers a traditional genrational knowledge. Mules and donkeys are mostly used to carry the cork to the warehouse. There are limited transformation plants in the mountain reference region, which means that the region loses the value added associated with the tranformation of the raw material. Portual is the key destination for the export of the raw material.","reference, spain, mountain, material","http://www.wikidata.org/entity/Q121769, http://www.wikidata.org/entity/Q29, http://www.wikidata.org/entity/Q8502, http://www.wikidata.org/entity/Q214609","-3.5","40.2","-3.5","40.2"
"Interest on this VC","High quality cork is a specific product of the Mediterranean mountain areas. Cork oak trees have multiple benefits for the social-ecological-system, including carbon sequestration or prevention against erosion and desertification. Additionaly, they are considered as part of the cultural heritage of the region. Theese trees are one of the key elements of the dehesa landscape and its corresponding high multifunctionality and diversity.","mountain, system, carbon sequestration, erosion, desertification, dehesa, landscape","http://www.wikidata.org/entity/Q8502, http://www.wikidata.org/entity/Q58778, http://www.wikidata.org/entity/Q15305550, http://www.wikidata.org/entity/Q80026, http://www.wikidata.org/entity/Q183481, http://www.wikidata.org/entity/Q1182952, http://www.wikidata.org/entity/Q107425","-5.3287850133123165","37.947939865142125","-3.5","40.2"
"Mountain landscape and reference chains","The reference mountain chain of this VC is Sierra Morena. The reference mountain landscape of this VC is Hornachuelos. Most of its surface is part of the Hornachuelos Natural Park, the biggest protected area of the province. Its landscape is dominated by mediterranean forest with holm oaks, cork oaks and undergrowth, in addition to riverside woods of willows, ashes and alders. It also hosts a big diversity of aromatic plants and grass species; and it has high hydrological value, with two reservoirs, El Retortillo and Bembezar, standing within the town's boundaries. Hunting is another important activity of the mountain reference landscape. More than 60% of the area has a slope above 15%.","reference, mountain, sierra morena, landscape, hornachuelos, protected area, undergrowth, addition, retortillo, hunting","http://www.wikidata.org/entity/Q121769, http://www.wikidata.org/entity/Q8502, http://www.wikidata.org/entity/Q686362, http://www.wikidata.org/entity/Q107425, http://www.wikidata.org/entity/Q1443790, http://www.wikidata.org/entity/Q473972, http://www.wikidata.org/entity/Q611637, http://www.wikidata.org/entity/Q32043, http://www.wikidata.org/entity/Q1915106, http://www.wikidata.org/entity/Q36963","-5.248333333333333","37.83222222222222","-3.5","40.2"
"Key local assets","The VC relies on cork trees and the Iberic Peninsula hosts the biggest densities of them (surface in Spain between 400000 and 500000 ha.). These trees produce after 30 years a layer of cork, but not the one that can be used as a cork product, but for being used as bonded material. After another 9 years, a new layer will be grown and called 'secundero o refugo', and finally 9 years later, the first cork can be harvested. The cork oak trees play an important role in the regional sustainability as they capture CO2, maintain the soils from the erosion and desertification and host great biodiversity. The harvest technique is ancient and the knowledge is transmited through generations. The loss of generational replacement is causing a loss of knowledge, especially in cork extraction techniques, which puts the sustainability of the value chain at risk. LAU is unspecified","spain, peninsula, material, role, sustainability, erosion, desertification, biodiversity, knowledge, generational replacement, value chain, risk","http://www.wikidata.org/entity/Q29, http://www.wikidata.org/entity/Q34763, http://www.wikidata.org/entity/Q214609, http://www.wikidata.org/entity/Q214339, http://www.wikidata.org/entity/Q219416, http://www.wikidata.org/entity/Q80026, http://www.wikidata.org/entity/Q183481, http://www.wikidata.org/entity/Q47041, http://www.wikidata.org/entity/Q9081, http://www.wikidata.org/entity/Q25303747, http://www.wikidata.org/entity/Q646107, http://www.wikidata.org/entity/Q104493","-3.5","40.2","-3.5","40.2"
"Challenges","The cork oak is an economic engine in rural areas with a significant lack of regular employment and at risk of depopulation.The improvement of the value chain through the support of digitalisation and the identification of vulnerability risks in order to make adaptation decisions is fundamental for the sustainability of this VC. Some specific challenges are the followings: new materials that compete with cork (plastic lids, synthetic porous materials, wax); reduced number of employees and lack of capacity building for the workers; plant diseases that attack the cork trees and hamper the cork production (e.x., Phytophthora); integrating the transformation process of the raw material in the region; stationallity of the harvest and the need to use mules for the work due to the land characteristics (accesibility and slope). In addition, these trees do not start being productive until they reach almost 50 years. Overall the type of challenge faced by this VC is Current and Predicted. This VC is classified as Traditional.","improvement, value chain, sustainability, plastic, number, building, plant, addition","http://www.wikidata.org/entity/Q21255975, http://www.wikidata.org/entity/Q646107, http://www.wikidata.org/entity/Q219416, http://www.wikidata.org/entity/Q11474, http://www.wikidata.org/entity/Q11563, http://www.wikidata.org/entity/Q41176, http://www.wikidata.org/entity/Q756, http://www.wikidata.org/entity/Q32043","-5.3287850133123165","37.947939865142125","-3.5","40.2"
"Innovation","The type of innovation of this VC is unspecified. The innovation is related to the whole VC. The land use systems involved are Cropland, Grassland, Forestry and Natural land. The local assets include Natural and cultural.","innovation, grassland","http://www.wikidata.org/entity/Q174165, http://www.wikidata.org/entity/Q1006733","-5.3287850133123165","37.947939865142125","-3.5","40.2"
"Geography and population","The size of the area (km2) is 585,84. The minimum altimetry of the LAU is 144. The maximum altimetry of the LAU is 789. The total population (in thousand) is unspecified. The population density (Inhabitants/km2) in the LAU is 4.93. The population change rate of the LAU in the last 10 years (%) has been -6.30%. The overall regional population density (Inhabitants/km2) is unspecified. The regional population change rate in the last 10 years (%) is unspecified.","population density","http://www.wikidata.org/entity/Q22856","-5.3287850133123165","37.947939865142125","-3.5","40.2"
"Income and gross value added","The average per capita income (EUR/year) [NUTS3] is 10437. The total Gross Value Added (GVA) (EUR million/year) [NUTS3] is 13153.1. The primary sector share of total GVA/year [NUTS3] is 10.50%. The secondary sector share of total GVA/year [NUTS3] is 17.61%. The tertiary sector share of total GVA/year [NUTS3] is 71.89%. The per capita income (EUR/year) [NUTS2] is unspecified. The total Gross Value Added (GVA) (EUR million/year) [NUTS2] is unspecified. The primary sector share of total GVA/year [NUTS2] is unspecified. The secondary sector share of total GVA/year [NUTS2] is unspecified. The tertiary sector share of total GVA/year [NUTS2] is unspecified.","gross value added, per capita income, year","http://www.wikidata.org/entity/Q994873, http://www.wikidata.org/entity/Q45918, http://www.wikidata.org/entity/Q577","-5.3287850133123165","37.947939865142125","-3.5","40.2"
"Tourism","The total number of bed places (BPs) in tourist accommodations/year in the LAU is 40. The regional (NUTS2) share of total BPs/year is unspecified. The number of agricultural holdings in the LAU is unspecified. The nearest settlement with population over 100000 (km) is 46.1. In this region protected areas are present.","","","-5.3287850133123165","37.947939865142125","-3.5","40.2"
"Employment","The primary sector share of total employment/year [NUTS3] is 13.80%. The secondary sector share of total employment/year [NUTS3] is 17.10%. The tertiary sector share of total employment/year [NUTS3] is 57.00%. The primary sector share of total employment/year [NUTS2] is unspecified. The secondary sector share of total employment/year [NUTS2] is unspecified. The tertiary sector share of total employment/year [NUTS2] is unspecified.","employment, year","http://www.wikidata.org/entity/Q656365, http://www.wikidata.org/entity/Q577","-5.3287850133123165","37.947939865142125","-3.5","40.2"
"Concluding remarks","This VC is present all along Sierra Morena, in Seville, Huelva, Jaén and Córdoba provinces.","sierra morena, seville, huelva","http://www.wikidata.org/entity/Q686362, http://www.wikidata.org/entity/Q8717, http://www.wikidata.org/entity/Q12246","-5.983333333333333","37.38333333333333","-3.5","40.2"
