title,description,objects,objectlinks,lon,lat,barycenter_lon,barycenter_lat
"Traditional alpine meat (and other animal) products","The MOVING reference member state of this VC is SWITZERLAND 1. The reference MOVING Card ID of this VC is VC 02 CH1. VC present in all Swiss alps, several labels in place (organic, 'from alps', national park labels etc.), very traditional, part of Swiss identity.","reference, switzerland, present, swiss alps, alps, park","http://www.wikidata.org/entity/Q121769, http://www.wikidata.org/entity/Q39, http://www.wikidata.org/entity/Q193168, http://www.wikidata.org/entity/Q25220, http://www.wikidata.org/entity/Q1286, http://www.wikidata.org/entity/Q22698","8.231973055555555","46.798561944444444","8.231973055555555","46.798561944444444"
"Interest on this VC","most common and most traditional VC in the area, linked to culture and identity of area, high quality sought after products, production process ideally suited for area, some labels (e.g. organic, Pro Montagna) in place, alpine livestock maintains landscape. most common and most traditional VC in the area, linked to culture and identity of area, high quality sought after products, production process ideally suited for area, some labels (e.g. organic, Pro Montagna) in place, alpine livestock maintains landscape.","livestock, landscape","http://www.wikidata.org/entity/Q103459, http://www.wikidata.org/entity/Q107425","9.5","46.75","8.231973055555555","46.798561944444444"
"Mountain landscape and reference chains","The reference mountain chain of this VC is unspecified. The reference mountain landscape of this VC is unspecified.","reference, mountain, landscape","http://www.wikidata.org/entity/Q121769, http://www.wikidata.org/entity/Q8502, http://www.wikidata.org/entity/Q107425","9.5","46.75","8.231973055555555","46.798561944444444"
"Key local assets","natural: only little outside input needed, mainly grassland agriculture, social: infrastructure in place for hundreds of years, important social community interactions and shared cultivation of land, cultural: many traditions linked to alpine pasturing practices. LAU is unspecified","grassland, agriculture, infrastructure, community","http://www.wikidata.org/entity/Q1006733, http://www.wikidata.org/entity/Q11451, http://www.wikidata.org/entity/Q121359, http://www.wikidata.org/entity/Q177634","9.5","46.75","8.231973055555555","46.798561944444444"
"Challenges","in dry summers there is not enough hay to feed animals through winter, very labour intensive, revenue not very big. Overall the type of challenge faced by this VC is unspecified. This VC is classified as N/A.","","","9.5","46.75","8.231973055555555","46.798561944444444"
"Innovation","The type of innovation of this VC is unspecified. The innovation is related to the whole VC. The land use systems involved are N/A. The local assets include N/A.","innovation","http://www.wikidata.org/entity/Q174165","9.5","46.75","8.231973055555555","46.798561944444444"
"Geography and population","The size of the area (km2) is unspecified. The minimum altimetry of the LAU is unspecified. The maximum altimetry of the LAU is unspecified. The total population (in thousand) is unspecified. The population density (Inhabitants/km2) in the LAU is unspecified. The population change rate of the LAU in the last 10 years (%) is unspecified. The overall regional population density (Inhabitants/km2) is unspecified. The regional population change rate in the last 10 years (%) is unspecified.","population density","http://www.wikidata.org/entity/Q22856","9.5","46.75","8.231973055555555","46.798561944444444"
"Income and gross value added","The average per capita income (EUR/year) [NUTS3] is unspecified. The total Gross Value Added (GVA) (EUR million/year) [NUTS3] is unspecified. The primary sector share of total GVA/year [NUTS3] is unspecified. The secondary sector share of total GVA/year [NUTS3] is unspecified. The tertiary sector share of total GVA/year [NUTS3] is unspecified. The per capita income (EUR/year) [NUTS2] is unspecified. The total Gross Value Added (GVA) (EUR million/year) [NUTS2] is unspecified. The primary sector share of total GVA/year [NUTS2] is unspecified. The secondary sector share of total GVA/year [NUTS2] is unspecified. The tertiary sector share of total GVA/year [NUTS2] is unspecified.","gross value added, per capita income, year","http://www.wikidata.org/entity/Q994873, http://www.wikidata.org/entity/Q45918, http://www.wikidata.org/entity/Q577","9.5","46.75","8.231973055555555","46.798561944444444"
"Tourism","The total number of bed places (BPs) in tourist accommodations/year in the LAU is unspecified. The regional (NUTS2) share of total BPs/year is unspecified. The number of agricultural holdings in the LAU is unspecified. The nearest settlement with population over 100000 (km) is unspecified.","number, bed, year","http://www.wikidata.org/entity/Q11563, http://www.wikidata.org/entity/Q42177, http://www.wikidata.org/entity/Q577","9.5","46.75","8.231973055555555","46.798561944444444"
"Employment","The primary sector share of total employment/year [NUTS3] is unspecified. The secondary sector share of total employment/year [NUTS3] is unspecified. The tertiary sector share of total employment/year [NUTS3] is unspecified. The primary sector share of total employment/year [NUTS2] is unspecified. The secondary sector share of total employment/year [NUTS2] is unspecified. The tertiary sector share of total employment/year [NUTS2] is unspecified.","employment, year","http://www.wikidata.org/entity/Q656365, http://www.wikidata.org/entity/Q577","9.5","46.75","8.231973055555555","46.798561944444444"
"Concluding remarks","","","","9.5","46.75","8.231973055555555","46.798561944444444"
