title,description,objects,objectlinks,lon,lat,barycenter_lon,barycenter_lat
"Traditional alpine fruit products","The MOVING reference member state of this VC is SWITZERLAND 1. The reference MOVING Card ID of this VC is VC 03 CH1. VC present in all Swiss alps, several labels in place (organic, 'from alps', national park labels etc.), very traditional, part of Swiss identity.","reference, switzerland, present, swiss alps, alps, park","http://www.wikidata.org/entity/Q121769, http://www.wikidata.org/entity/Q39, http://www.wikidata.org/entity/Q193168, http://www.wikidata.org/entity/Q25220, http://www.wikidata.org/entity/Q1286, http://www.wikidata.org/entity/Q22698","8.231973055555555","46.798561944444444","8.231973055555555","46.798561944444444"
"Interest on this VC","very traditional, done like this for many years, part of local identity, basis for many traditional products, ideally suited to local landscape. very traditional, part of local identity.","landscape","http://www.wikidata.org/entity/Q107425","9.5","46.75","8.231973055555555","46.798561944444444"
"Mountain landscape and reference chains","The reference mountain chain of this VC is unspecified. The reference mountain landscape of this VC is unspecified.","reference, mountain, landscape","http://www.wikidata.org/entity/Q121769, http://www.wikidata.org/entity/Q8502, http://www.wikidata.org/entity/Q107425","9.5","46.75","8.231973055555555","46.798561944444444"
"Key local assets","natural: some places ideally suited for fruit trees with pastures underneath, other areas wild berries and fruits grow naturally and can be collected, social: tradition, way of working together to preserve fruit, cultural: many traditional products require fruits. LAU is unspecified","fruit, tradition","http://www.wikidata.org/entity/Q1364, http://www.wikidata.org/entity/Q82821","9.5","46.75","8.231973055555555","46.798561944444444"
"Challenges","climate change conditions will make it both more difficult to grow some varieties and easier to grow others, very labour intensive (steep) and not very lucrative (needs passion). Overall the type of challenge faced by this VC is Current and Predicted. This VC is classified as Traditional.","","","9.5","46.75","8.231973055555555","46.798561944444444"
"Innovation","The type of innovation of this VC is unspecified. The innovation is related to the whole VC. The land use systems involved are Orchards and free standing solitary fruit trees, berry shrubs. The local assets include Natural, social and cultural.","innovation","http://www.wikidata.org/entity/Q174165","9.5","46.75","8.231973055555555","46.798561944444444"
"Geography and population","The size of the area (km2) is unspecified. The minimum altimetry of the LAU is unspecified. The maximum altimetry of the LAU is unspecified. The total population (in thousand) is unspecified. The population density (Inhabitants/km2) in the LAU is unspecified. The population change rate of the LAU in the last 10 years (%) is unspecified. The overall regional population density (Inhabitants/km2) is unspecified. The regional population change rate in the last 10 years (%) is unspecified.","population density","http://www.wikidata.org/entity/Q22856","9.5","46.75","8.231973055555555","46.798561944444444"
"Income and gross value added","The average per capita income (EUR/year) [NUTS3] is unspecified. The total Gross Value Added (GVA) (EUR million/year) [NUTS3] is unspecified. The primary sector share of total GVA/year [NUTS3] is unspecified. The secondary sector share of total GVA/year [NUTS3] is unspecified. The tertiary sector share of total GVA/year [NUTS3] is unspecified. The per capita income (EUR/year) [NUTS2] is unspecified. The total Gross Value Added (GVA) (EUR million/year) [NUTS2] is unspecified. The primary sector share of total GVA/year [NUTS2] is unspecified. The secondary sector share of total GVA/year [NUTS2] is unspecified. The tertiary sector share of total GVA/year [NUTS2] is unspecified.","gross value added, per capita income, year","http://www.wikidata.org/entity/Q994873, http://www.wikidata.org/entity/Q45918, http://www.wikidata.org/entity/Q577","9.5","46.75","8.231973055555555","46.798561944444444"
"Tourism","The total number of bed places (BPs) in tourist accommodations/year in the LAU is unspecified. The regional (NUTS2) share of total BPs/year is unspecified. The number of agricultural holdings in the LAU is unspecified. The nearest settlement with population over 100000 (km) is unspecified.","number, bed, year","http://www.wikidata.org/entity/Q11563, http://www.wikidata.org/entity/Q42177, http://www.wikidata.org/entity/Q577","9.5","46.75","8.231973055555555","46.798561944444444"
"Employment","The primary sector share of total employment/year [NUTS3] is unspecified. The secondary sector share of total employment/year [NUTS3] is unspecified. The tertiary sector share of total employment/year [NUTS3] is unspecified. The primary sector share of total employment/year [NUTS2] is unspecified. The secondary sector share of total employment/year [NUTS2] is unspecified. The tertiary sector share of total employment/year [NUTS2] is unspecified.","employment, year","http://www.wikidata.org/entity/Q656365, http://www.wikidata.org/entity/Q577","9.5","46.75","8.231973055555555","46.798561944444444"
"Concluding remarks","","","","9.5","46.75","8.231973055555555","46.798561944444444"
