title,description,objects,objectlinks,lon,lat,barycenter_lon,barycenter_lat
"CERTIFIED TIMBER and WOOD PRODUCTS","The MOVING reference member state of this VC is BULGARIA. The reference MOVING Card ID of this VC is VC 18 BG.","reference, bulgaria","http://www.wikidata.org/entity/Q121769, http://www.wikidata.org/entity/Q219","25.5","42.75","25.5","42.75"
"Interest on this VC","Forest covers 37% of the territory of Bulgaria, of which 38% is timber producing and 62% is protective - notably for biodiversity. Forests are mainly owned by state enterprises. The South-Central State Enterprise - Smolyan - was registered in 2011 and manages 717,192 ha of state-owned forest (83% of total) in four districts. The forset stand is predominantly coniferous (55% pine and spruce) with altitude from 100 - 2,198 metres and 60% designated as Natura 2000. The Bulgarian forest sector has developed rapidly in recent years with growing timber production and stock, increased forest certification, introduction of more efficient and transparent trade mechanisms (electronic public timber tenders) and reforms addressing illegal logging and improving timber traceability. Around 20% of forest land is FSC-certified and likely to increase more due to the strong export orientation of the timber processing and manufacturing sector.","bulgaria, forest, territory, biodiversity, south, smolyan, forset, natura 2000, certification, trade, illegal logging, traceability, export, manufacturing","http://www.wikidata.org/entity/Q219, http://www.wikidata.org/entity/Q4421, http://www.wikidata.org/entity/Q183366, http://www.wikidata.org/entity/Q47041, http://www.wikidata.org/entity/Q667, http://www.wikidata.org/entity/Q192888, http://www.wikidata.org/entity/Q1776845, http://www.wikidata.org/entity/Q503021, http://www.wikidata.org/entity/Q374814, http://www.wikidata.org/entity/Q601401, http://www.wikidata.org/entity/Q597393, http://www.wikidata.org/entity/Q899704, http://www.wikidata.org/entity/Q182722, http://www.wikidata.org/entity/Q187939","24.712777777777777","41.57527777777778","25.5","42.75"
"Mountain landscape and reference chains","The reference mountain chain of this VC is Rhodope Mountains. The reference mountain landscape of this VC is Smolyan Municipality in Smolyan Province (BG424).","rhodope mountains, smolyan province, reference, mountain, landscape, smolyan, municipality","http://www.wikidata.org/entity/Q6489, http://www.wikidata.org/entity/Q2012430, http://www.wikidata.org/entity/Q121769, http://www.wikidata.org/entity/Q8502, http://www.wikidata.org/entity/Q107425, http://www.wikidata.org/entity/Q192888, http://www.wikidata.org/entity/Q15284","24.574166666666667","41.60111111111111","25.5","42.75"
"Key local assets","N/A. About the LAU: SML31.","","","24.690448283805544","41.58820187173868","25.5","42.75"
"Challenges","N/A. Overall the type of challenge faced by this VC is Current. This VC is classified as Traditional.","","","24.690448283805544","41.58820187173868","25.5","42.75"
"Innovation","The type of innovation of this VC is unspecified. The innovation is related to the whole VC. The land use systems involved are N/A. The local assets include Natural.","innovation","http://www.wikidata.org/entity/Q174165","24.690448283805544","41.58820187173868","25.5","42.75"
"Geography and population","The size of the area (km2) is 859.6. The minimum altimetry of the LAU is unspecified. The maximum altimetry of the LAU is unspecified. The total population (in thousand) is 36.475. The population density (Inhabitants/km2) in the LAU is 42.43. The population change rate of the LAU in the last 10 years (%) is unspecified. The overall regional population density (Inhabitants/km2) is 63.70. The regional population change rate in the last 10 years (%) has been -0.06%.","population density","http://www.wikidata.org/entity/Q22856","24.690448283805544","41.58820187173868","25.5","42.75"
"Income and gross value added","The average per capita income (EUR/year) [NUTS3] is 5400. The total Gross Value Added (GVA) (EUR million/year) [NUTS3] is 500. The primary sector share of total GVA/year [NUTS3] is 8.40%. The secondary sector share of total GVA/year [NUTS3] is 38.80%. The tertiary sector share of total GVA/year [NUTS3] is 52.80%. The per capita income (EUR/year) [NUTS2] is 5600. The total Gross Value Added (GVA) (EUR million/year) [NUTS2] is 6888. The primary sector share of total GVA/year [NUTS2] is 5.90%. The secondary sector share of total GVA/year [NUTS2] is 35.20%. The tertiary sector share of total GVA/year [NUTS2] is 59.00%.","gross value added, per capita income, year","http://www.wikidata.org/entity/Q994873, http://www.wikidata.org/entity/Q45918, http://www.wikidata.org/entity/Q577","24.690448283805544","41.58820187173868","25.5","42.75"
"Tourism","The total number of bed places (BPs) in tourist accommodations/year in the LAU is 10138. The regional (NUTS2) share of total BPs/year is 37.40%. The number of agricultural holdings in the LAU is 20890. The nearest settlement with population over 100000 (km) is unspecified. In this region protected areas are present.","number, bed, year","http://www.wikidata.org/entity/Q11563, http://www.wikidata.org/entity/Q42177, http://www.wikidata.org/entity/Q577","24.690448283805544","41.58820187173868","25.5","42.75"
"Employment","The primary sector share of total employment/year [NUTS3] is 20.50%. The secondary sector share of total employment/year [NUTS3] is 38.00%. The tertiary sector share of total employment/year [NUTS3] is 41.40%. The primary sector share of total employment/year [NUTS2] is 24.20%. The secondary sector share of total employment/year [NUTS2] is 30.70%. The tertiary sector share of total employment/year [NUTS2] is 45.10%.","employment, year","http://www.wikidata.org/entity/Q656365, http://www.wikidata.org/entity/Q577","24.690448283805544","41.58820187173868","25.5","42.75"
"Concluding remarks","","","","24.690448283805544","41.58820187173868","25.5","42.75"
