title,description,objects,objectlinks,lon,lat,barycenter_lon,barycenter_lat
"'GranAlpin' cereal products","The MOVING reference member state of this VC is SWITZERLAND 1. The reference MOVING Card ID of this VC is VC 12 CH1. Gran Alpin is a label for cereals produced above a certain altitude and in organic production systems. It also supports the production of more varieties of cereal. Some cereal specialties, such as buckwheat, used to be grown much more in the mountains, but were then replaced by imported products. In recent years, some producers have started to grow buckwheat again in Graubünden.This is because some traditional mountain dishes are prepared with this cereal, e.g. pizzocheri, a traditional pasta-like dish in Graubünden.","switzerland, cereal, mountain","http://www.wikidata.org/entity/Q39, http://www.wikidata.org/entity/Q12117, http://www.wikidata.org/entity/Q8502","8.231973055555555","46.798561944444444","8.231973055555555","46.798561944444444"
"Interest on this VC","super successfull label that re-values what is already there, GranAlpin presents grains grown in an organic way above a certain altitude in a certain region, this is basically how it has always been done. the label enables the products to be sold at a higher price, another part of the label is to keep the VC as local as possible, e.g. by reviving old mills.","","","9.5","46.75","8.231973055555555","46.798561944444444"
"Mountain landscape and reference chains","The reference mountain chain of this VC is unspecified. The reference mountain landscape of this VC is unspecified.","reference, mountain, landscape","http://www.wikidata.org/entity/Q121769, http://www.wikidata.org/entity/Q8502, http://www.wikidata.org/entity/Q107425","9.5","46.75","8.231973055555555","46.798561944444444"
"Key local assets","natural: good way of land use without a lot of external input, social and cultural: revival of old traditional processes and jobs (e.g. mills or pasta making), traditional prodcuts (pasta, beer etc.) and no longer cultivated cereals like buckwheat. LAU is unspecified","pasta, beer","http://www.wikidata.org/entity/Q178, http://www.wikidata.org/entity/Q44","9.5","46.75","8.231973055555555","46.798561944444444"
"Challenges","label is so successfulll, not enough farmers use it, problems with water scarcity and dry weather as well as with pests. Overall the type of challenge faced by this VC is Current and Predicted. This VC is classified as Innovative.","","","9.5","46.75","8.231973055555555","46.798561944444444"
"Innovation","The type of innovation of this VC is Endogenous. the only innovation is the label and thus the way of marketing and highliting the high quality of the product. The innovation is related to New processes and New marketing strategies. The land use systems involved are Cropland. The local assets include Natural, social and cultural.","innovation, marketing","http://www.wikidata.org/entity/Q174165, http://www.wikidata.org/entity/Q39809","9.5","46.75","8.231973055555555","46.798561944444444"
"Geography and population","The size of the area (km2) is unspecified. The minimum altimetry of the LAU is unspecified. The maximum altimetry of the LAU is unspecified. The total population (in thousand) is unspecified. The population density (Inhabitants/km2) in the LAU is unspecified. The population change rate of the LAU in the last 10 years (%) is unspecified. The overall regional population density (Inhabitants/km2) is unspecified. The regional population change rate in the last 10 years (%) is unspecified.","population density","http://www.wikidata.org/entity/Q22856","9.5","46.75","8.231973055555555","46.798561944444444"
"Income and gross value added","The average per capita income (EUR/year) [NUTS3] is unspecified. The total Gross Value Added (GVA) (EUR million/year) [NUTS3] is unspecified. The primary sector share of total GVA/year [NUTS3] is unspecified. The secondary sector share of total GVA/year [NUTS3] is unspecified. The tertiary sector share of total GVA/year [NUTS3] is unspecified. The per capita income (EUR/year) [NUTS2] is unspecified. The total Gross Value Added (GVA) (EUR million/year) [NUTS2] is unspecified. The primary sector share of total GVA/year [NUTS2] is unspecified. The secondary sector share of total GVA/year [NUTS2] is unspecified. The tertiary sector share of total GVA/year [NUTS2] is unspecified.","gross value added, per capita income, year","http://www.wikidata.org/entity/Q994873, http://www.wikidata.org/entity/Q45918, http://www.wikidata.org/entity/Q577","9.5","46.75","8.231973055555555","46.798561944444444"
"Tourism","The total number of bed places (BPs) in tourist accommodations/year in the LAU is unspecified. The regional (NUTS2) share of total BPs/year is unspecified. The number of agricultural holdings in the LAU is unspecified. The nearest settlement with population over 100000 (km) is unspecified.","number, bed, year","http://www.wikidata.org/entity/Q11563, http://www.wikidata.org/entity/Q42177, http://www.wikidata.org/entity/Q577","9.5","46.75","8.231973055555555","46.798561944444444"
"Employment","The primary sector share of total employment/year [NUTS3] is unspecified. The secondary sector share of total employment/year [NUTS3] is unspecified. The tertiary sector share of total employment/year [NUTS3] is unspecified. The primary sector share of total employment/year [NUTS2] is unspecified. The secondary sector share of total employment/year [NUTS2] is unspecified. The tertiary sector share of total employment/year [NUTS2] is unspecified.","employment, year","http://www.wikidata.org/entity/Q656365, http://www.wikidata.org/entity/Q577","9.5","46.75","8.231973055555555","46.798561944444444"
"Concluding remarks","","","","9.5","46.75","8.231973055555555","46.798561944444444"
