title,description,objects,objectlinks,lon,lat,barycenter_lon,barycenter_lat
"Almenland Fish","The MOVING reference member state of this VC is AUSTRIA. The reference MOVING Card ID of this VC is VC 04 AT. Four fish farmers have teamed up and value solidarity-based cooperation. One farm breeds the fish from the egg and supplies the other farms with seedlings. One does not market the fish, but supplies the others. The others sell the fish directly to consumers, gastronomy and retailers. One of these two farms also runs a restaurant, sells processed fish products (e.g. smoking), and offers educational events about fish.","austria, fish, solidarity, cooperation, farm, gastronomy, restaurant","http://www.wikidata.org/entity/Q40, http://www.wikidata.org/entity/Q152, http://www.wikidata.org/entity/Q815726, http://www.wikidata.org/entity/Q380962, http://www.wikidata.org/entity/Q131596, http://www.wikidata.org/entity/Q171141, http://www.wikidata.org/entity/Q11707","14.0","48.0","14.0","48.0"
"Interest on this VC","The Almenland Fish (trout and char) is a high quality product, which is marketed under the Almenland brand and MSC certified. The Stocking fish come exclusively from certified pond farms in Styria. They are used with a weight of approx. 10 days / piece. This means that the Almenland fish spends most of its life in the pure Almenland waters. He is fed with a GMO-free quality feed, and sold at an age of 24-36 months. The fish is exclusively raised by certified pond owners from the Almenland Nature Park in fresh spring water (8-14 C water temperature). The slow growth is ensuring high quality, GMO-free feeding, controlled by the animal health service. The initiative responds to the increasing demand for a product, and in order to be able to offer high quality products, farmers cooperate.","fish, trout, stocking, pond, styria, life, nature, park, water, health","http://www.wikidata.org/entity/Q152, http://www.wikidata.org/entity/Q2258881, http://www.wikidata.org/entity/Q193017, http://www.wikidata.org/entity/Q3253281, http://www.wikidata.org/entity/Q41358, http://www.wikidata.org/entity/Q3, http://www.wikidata.org/entity/Q7860, http://www.wikidata.org/entity/Q22698, http://www.wikidata.org/entity/Q283, http://www.wikidata.org/entity/Q12147","15.166666666666666","47.25","14.0","48.0"
"Mountain landscape and reference chains","The reference mountain chain of this VC is RR 11, Austrian Alps. The reference mountain landscape of this VC is Weiz (No: 617). The region Almenland (transl.: Styrian alpine pasture region) is one of the biggest connected pasture-regions in Europe (total 125 pastures, 36,6 km2). The pasture are between 1.200 and 1.500 m above sea level. The climate is characterized as humid, having a lot of thunderstorms. The rock formation is diverse, primarily limestone, further: phyllite, slate and greywacke.","alps, europe, weiz, pasture, limestone, phyllite, slate, greywacke","http://www.wikidata.org/entity/Q1286, http://www.wikidata.org/entity/Q46, http://www.wikidata.org/entity/Q875641, http://www.wikidata.org/entity/Q30121, http://www.wikidata.org/entity/Q23757, http://www.wikidata.org/entity/Q731880, http://www.wikidata.org/entity/Q207079, http://www.wikidata.org/entity/Q917545","10.0","46.0","14.0","48.0"
"Key local assets","The fish represents a product, which fits well into the regional development initiative of Almenland 'region of culinary delight'). About the LAU: LAU 1 not used in Austria Scale therefore is District.","austria, fish","http://www.wikidata.org/entity/Q40, http://www.wikidata.org/entity/Q152","14.0","48.0","14.0","48.0"
"Challenges","As cold-blooded animals, fish are particularly susceptible to changes in their ambient temperature. Particularly cold stenothermic species, i.e. fish species that are difficult to deal with increases in temperature, are affected by global warming and highly vulnerable. Overall the type of challenge faced by this VC is Current and Predicted. This VC is classified as Innovative.","fish, stenothermic, species","http://www.wikidata.org/entity/Q152, http://www.wikidata.org/entity/Q1074360, http://www.wikidata.org/entity/Q7432","15.648804607839635","47.20873958185875","14.0","48.0"
"Innovation","The type of innovation of this VC is Endogenous and Exogenous. Fish farming is not usual for the region, and responds to the increasing demand for domestic freshwater fish. Four fish farmers have teamed up and value solidarity-based cooperation. One farm breeds the fish from the egg and supplies the other farms with seedlings. One does not market the fish, but supplies the others. The others sell the fish directly to consumers, gastronomy and retailers. One of these two farms also runs a restaurant, sells processed fish products (e.g. smoking), and offers educational events about fish. The innovation is related to New products and New marketing strategies. The land use systems involved are fish farming. The local assets include Natural, social and cultural.","fish, innovation, fish farming, demand, solidarity, cooperation, farm, gastronomy, restaurant, marketing","http://www.wikidata.org/entity/Q152, http://www.wikidata.org/entity/Q174165, http://www.wikidata.org/entity/Q209894, http://www.wikidata.org/entity/Q4402708, http://www.wikidata.org/entity/Q815726, http://www.wikidata.org/entity/Q380962, http://www.wikidata.org/entity/Q131596, http://www.wikidata.org/entity/Q171141, http://www.wikidata.org/entity/Q11707, http://www.wikidata.org/entity/Q39809","15.648804607839635","47.20873958185875","14.0","48.0"
"Geography and population","The size of the area (km2) is 1098. The minimum altimetry of the LAU is 464. The maximum altimetry of the LAU is 1720. The total population (in thousand) is 90.654. The population density (Inhabitants/km2) in the LAU is 82.56. The population change rate of the LAU in the last 10 years (%) has been 3.68%. The overall regional population density (Inhabitants/km2) is 76.28. The regional population change rate in the last 10 years (%) has been 3.30%.","population density","http://www.wikidata.org/entity/Q22856","15.648804607839635","47.20873958185875","14.0","48.0"
"Income and gross value added","The average per capita income (EUR/year) [NUTS3] is 21444. The total Gross Value Added (GVA) (EUR million/year) [NUTS3] is 8141. The primary sector share of total GVA/year [NUTS3] is 11.77%. The secondary sector share of total GVA/year [NUTS3] is 32.50%. The tertiary sector share of total GVA/year [NUTS3] is 55.73%. The per capita income (EUR/year) [NUTS2] is 21539. The total Gross Value Added (GVA) (EUR million/year) [NUTS2] is 43050. The primary sector share of total GVA/year [NUTS2] is 0.84%. The secondary sector share of total GVA/year [NUTS2] is 35.12%. The tertiary sector share of total GVA/year [NUTS2] is 64.04%.","gross value added, per capita income, year","http://www.wikidata.org/entity/Q994873, http://www.wikidata.org/entity/Q45918, http://www.wikidata.org/entity/Q577","15.648804607839635","47.20873958185875","14.0","48.0"
"Tourism","The total number of bed places (BPs) in tourist accommodations/year in the LAU is 4310. The regional (NUTS2) share of total BPs/year is 2.77%. The number of agricultural holdings in the LAU is 4555. The nearest settlement with population over 100000 (km) is 30. In this region protected areas are present.","number, bed, year","http://www.wikidata.org/entity/Q11563, http://www.wikidata.org/entity/Q42177, http://www.wikidata.org/entity/Q577","15.648804607839635","47.20873958185875","14.0","48.0"
"Employment","The primary sector share of total employment/year [NUTS3] is 11.55%. The secondary sector share of total employment/year [NUTS3] is 29.94%. The tertiary sector share of total employment/year [NUTS3] is 58.50%. The primary sector share of total employment/year [NUTS2] is 5.55%. The secondary sector share of total employment/year [NUTS2] is 26.47%. The tertiary sector share of total employment/year [NUTS2] is 67.99%.","employment, year","http://www.wikidata.org/entity/Q656365, http://www.wikidata.org/entity/Q577","15.648804607839635","47.20873958185875","14.0","48.0"
"Concluding remarks","'Almenland Fish' is not a traditional Austrian food, however important for the Almenland region. In Austria there are other regions in Austria, where the fish is the lead product of a 'Genussregion' (without begin a traditional Austrian food; Genussregion = region of culinary delight : promoting local food specialities; quality standards set by the AgrarMarkt Austria). In five other regions the fish is both classified as traditional Austrian food and marketed via a Genussregion: Kärntna Låxn (lake trout), Ausseerland Seesaiblinge (artic char), Mattigtal Forelle (trout), Salzkammergut Reinanken (coregonus = salmon) and Ybbstal Forelle (trout). In addition there are 3 other regions (total 8), where the fish is only classified as traditional Austrian food (without being a Genussregion): Neusiedlersee Fisch (fish from lake Neusiedl), Steirisches Teichland - Karpfen (carp from the region 'Styrian pondland'), Waldviertler Karpfen (carp from the region 'Waldviertel'). Another four fish varieties are nation-wide classified as traditional food: trout, common carp, coregonus (salmon) and artic char.","austria, fish, food, lake trout, trout, salzkammergut, coregonus, teichland, carp, waldviertel","http://www.wikidata.org/entity/Q40, http://www.wikidata.org/entity/Q152, http://www.wikidata.org/entity/Q2095, http://www.wikidata.org/entity/Q469946, http://www.wikidata.org/entity/Q2258881, http://www.wikidata.org/entity/Q266703, http://www.wikidata.org/entity/Q311392, http://www.wikidata.org/entity/Q637894, http://www.wikidata.org/entity/Q2751223, http://www.wikidata.org/entity/Q225400","13.5","47.75","14.0","48.0"
