title,description,objects,objectlinks,lon,lat,barycenter_lon,barycenter_lat
"Touristic services","The MOVING reference member state of this VC is SWITZERLAND 1. The reference MOVING Card ID of this VC is VC 18 CH1. Alpine tourism has a long tradition in Switzerland. Many towns and rural areas in the Alps depend on the tourism industry (hotels, restaurants and sports attractions such as ski lifts). The standard with which these tourism infrastructures are built differs greatly between richer and less prosperous regions.","switzerland, alps, reference, tourism, tradition","http://www.wikidata.org/entity/Q39, http://www.wikidata.org/entity/Q1286, http://www.wikidata.org/entity/Q121769, http://www.wikidata.org/entity/Q49389, http://www.wikidata.org/entity/Q82821","8.231973055555555","46.798561944444444","8.231973055555555","46.798561944444444"
"Interest on this VC","one of the biggest and most famous VC-systems in the alps, vary varied and has very high impact on region. same as aboce.","alps","http://www.wikidata.org/entity/Q1286","10.0","46.0","8.231973055555555","46.798561944444444"
"Mountain landscape and reference chains","The reference mountain chain of this VC is unspecified. The reference mountain landscape of this VC is unspecified.","reference, mountain, landscape","http://www.wikidata.org/entity/Q121769, http://www.wikidata.org/entity/Q8502, http://www.wikidata.org/entity/Q107425","9.5","46.75","8.231973055555555","46.798561944444444"
"Key local assets","tourism profits mainly of the astethics of the Swiss Alps and is linked to a high number of jobs and incomes, it also has cultural value (e.g. skiing and hiking). LAU is unspecified","swiss alps","http://www.wikidata.org/entity/Q25220","8.5","46.5","8.231973055555555","46.798561944444444"
"Challenges","if not done in a sustainable way then tourism destroys ist own basis, can be affected by climate change, big chance for young people to stay in the mountains, high revenue. Overall the type of challenge faced by this VC is Current and Predicted. This VC is classified as Traditional and Innovative.","","","9.5","46.75","8.231973055555555","46.798561944444444"
"Innovation","The type of innovation of this VC is Endogenous and Exogenous. this VC catches a very large variety of touristic attractions, some are traditional (skiing) some innovative and some a mix of both. The innovation is related to New products, New processes, New marketing strategies and New governance systems. The land use systems involved are Landscape in general. The local assets include Natural, social and cultural.","innovation, marketing, governance","http://www.wikidata.org/entity/Q174165, http://www.wikidata.org/entity/Q39809, http://www.wikidata.org/entity/Q1553864","9.5","46.75","8.231973055555555","46.798561944444444"
"Geography and population","The size of the area (km2) is unspecified. The minimum altimetry of the LAU is unspecified. The maximum altimetry of the LAU is unspecified. The total population (in thousand) is unspecified. The population density (Inhabitants/km2) in the LAU is unspecified. The population change rate of the LAU in the last 10 years (%) is unspecified. The overall regional population density (Inhabitants/km2) is unspecified. The regional population change rate in the last 10 years (%) is unspecified.","population density","http://www.wikidata.org/entity/Q22856","9.5","46.75","8.231973055555555","46.798561944444444"
"Income and gross value added","The average per capita income (EUR/year) [NUTS3] is unspecified. The total Gross Value Added (GVA) (EUR million/year) [NUTS3] is unspecified. The primary sector share of total GVA/year [NUTS3] is unspecified. The secondary sector share of total GVA/year [NUTS3] is unspecified. The tertiary sector share of total GVA/year [NUTS3] is unspecified. The per capita income (EUR/year) [NUTS2] is unspecified. The total Gross Value Added (GVA) (EUR million/year) [NUTS2] is unspecified. The primary sector share of total GVA/year [NUTS2] is unspecified. The secondary sector share of total GVA/year [NUTS2] is unspecified. The tertiary sector share of total GVA/year [NUTS2] is unspecified.","gross value added, per capita income, year","http://www.wikidata.org/entity/Q994873, http://www.wikidata.org/entity/Q45918, http://www.wikidata.org/entity/Q577","9.5","46.75","8.231973055555555","46.798561944444444"
"Tourism","The total number of bed places (BPs) in tourist accommodations/year in the LAU is unspecified. The regional (NUTS2) share of total BPs/year is unspecified. The number of agricultural holdings in the LAU is unspecified. The nearest settlement with population over 100000 (km) is unspecified.","number, bed, year","http://www.wikidata.org/entity/Q11563, http://www.wikidata.org/entity/Q42177, http://www.wikidata.org/entity/Q577","9.5","46.75","8.231973055555555","46.798561944444444"
"Employment","The primary sector share of total employment/year [NUTS3] is unspecified. The secondary sector share of total employment/year [NUTS3] is unspecified. The tertiary sector share of total employment/year [NUTS3] is unspecified. The primary sector share of total employment/year [NUTS2] is unspecified. The secondary sector share of total employment/year [NUTS2] is unspecified. The tertiary sector share of total employment/year [NUTS2] is unspecified.","employment, year","http://www.wikidata.org/entity/Q656365, http://www.wikidata.org/entity/Q577","9.5","46.75","8.231973055555555","46.798561944444444"
"Concluding remarks","","","","9.5","46.75","8.231973055555555","46.798561944444444"
