title,description,objects,objectlinks,lon,lat,barycenter_lon,barycenter_lat
"'AlpenHirt' dried meat","The MOVING reference member state of this VC is SWITZERLAND 1. The reference MOVING Card ID of this VC is VC 28 CH1. This is an example of an innovative small local producer of dried meat products, working closely with local farmers, using old cows and other local products like 'AlpenPionier' hemp nuts. Most of their products are sold in their online shop or at retailers.","switzerland","http://www.wikidata.org/entity/Q39","8.231973055555555","46.798561944444444","8.231973055555555","46.798561944444444"
"Interest on this VC","innovative way of marketing traditional goods (e-commerce). successfull example of 'sprucing up' a traditional VC.","goods, e-commerce","http://www.wikidata.org/entity/Q28877, http://www.wikidata.org/entity/Q484847","9.5","46.75","8.231973055555555","46.798561944444444"
"Mountain landscape and reference chains","The reference mountain chain of this VC is unspecified. The reference mountain landscape of this VC is unspecified.","reference, mountain, landscape","http://www.wikidata.org/entity/Q121769, http://www.wikidata.org/entity/Q8502, http://www.wikidata.org/entity/Q107425","9.5","46.75","8.231973055555555","46.798561944444444"
"Key local assets","uses same products as traditional meat VCs, but labels and brands them in a current way. LAU is unspecified","meat","http://www.wikidata.org/entity/Q10990","9.5","46.75","8.231973055555555","46.798561944444444"
"Challenges","very meat based, might not be according to the trends. Overall the type of challenge faced by this VC is Predicted. This VC is classified as Innovative.","","","9.5","46.75","8.231973055555555","46.798561944444444"
"Innovation","The type of innovation of this VC is Endogenous and Exogenous. only the marketing style is innovative, the products are very traditional, uses trendy branding an is marketed mainly online. The innovation is related to New marketing strategies. The land use systems involved are Grassland. The local assets include Natural and cultural.","innovation, marketing, grassland","http://www.wikidata.org/entity/Q174165, http://www.wikidata.org/entity/Q39809, http://www.wikidata.org/entity/Q1006733","9.5","46.75","8.231973055555555","46.798561944444444"
"Geography and population","The size of the area (km2) is unspecified. The minimum altimetry of the LAU is unspecified. The maximum altimetry of the LAU is unspecified. The total population (in thousand) is unspecified. The population density (Inhabitants/km2) in the LAU is unspecified. The population change rate of the LAU in the last 10 years (%) is unspecified. The overall regional population density (Inhabitants/km2) is unspecified. The regional population change rate in the last 10 years (%) is unspecified.","population density","http://www.wikidata.org/entity/Q22856","9.5","46.75","8.231973055555555","46.798561944444444"
"Income and gross value added","The average per capita income (EUR/year) [NUTS3] is unspecified. The total Gross Value Added (GVA) (EUR million/year) [NUTS3] is unspecified. The primary sector share of total GVA/year [NUTS3] is unspecified. The secondary sector share of total GVA/year [NUTS3] is unspecified. The tertiary sector share of total GVA/year [NUTS3] is unspecified. The per capita income (EUR/year) [NUTS2] is unspecified. The total Gross Value Added (GVA) (EUR million/year) [NUTS2] is unspecified. The primary sector share of total GVA/year [NUTS2] is unspecified. The secondary sector share of total GVA/year [NUTS2] is unspecified. The tertiary sector share of total GVA/year [NUTS2] is unspecified.","gross value added, per capita income, year","http://www.wikidata.org/entity/Q994873, http://www.wikidata.org/entity/Q45918, http://www.wikidata.org/entity/Q577","9.5","46.75","8.231973055555555","46.798561944444444"
"Tourism","The total number of bed places (BPs) in tourist accommodations/year in the LAU is unspecified. The regional (NUTS2) share of total BPs/year is unspecified. The number of agricultural holdings in the LAU is unspecified. The nearest settlement with population over 100000 (km) is unspecified.","number, bed, year","http://www.wikidata.org/entity/Q11563, http://www.wikidata.org/entity/Q42177, http://www.wikidata.org/entity/Q577","9.5","46.75","8.231973055555555","46.798561944444444"
"Employment","The primary sector share of total employment/year [NUTS3] is unspecified. The secondary sector share of total employment/year [NUTS3] is unspecified. The tertiary sector share of total employment/year [NUTS3] is unspecified. The primary sector share of total employment/year [NUTS2] is unspecified. The secondary sector share of total employment/year [NUTS2] is unspecified. The tertiary sector share of total employment/year [NUTS2] is unspecified.","employment, year","http://www.wikidata.org/entity/Q656365, http://www.wikidata.org/entity/Q577","9.5","46.75","8.231973055555555","46.798561944444444"
"Concluding remarks","","","","9.5","46.75","8.231973055555555","46.798561944444444"
