title,description,objects,objectlinks,lon,lat,barycenter_lon,barycenter_lat
"Cooperative that produces malt from local barley","The MOVING reference member state of this VC is SWITZERLAND 2. The reference MOVING Card ID of this VC is VC 01 CH2. The malthouse has 34 members, including 14 farmers, 16 breweries and other malt processors, as well as 14 other people interested in the development of the regional brewing industry. Farmers can bring in their barley, which is processed into malt to be used in the production of beer.","switzerland","http://www.wikidata.org/entity/Q39","7.1931211447915855","47.32259558063357","8.231973055555555","46.798561944444444"
"Interest on this VC","Cooperative that promotes barley from the Jura region and shortens the production circuit of local beer, from the barley sower to the consumer, by setting up a malting plant. New governance system as a cooperative where the malthouse is owned by the members who take part in the decisions , new product since the barley from the Jura Arc is used as malt to produce beer, which did not exist in the region .","cooperative, beer, malting, plant, governance, system, malt","http://www.wikidata.org/entity/Q4539, http://www.wikidata.org/entity/Q44, http://www.wikidata.org/entity/Q4395224, http://www.wikidata.org/entity/Q756, http://www.wikidata.org/entity/Q1553864, http://www.wikidata.org/entity/Q58778, http://www.wikidata.org/entity/Q152024","7.1931211447915855","47.32259558063357","8.231973055555555","46.798561944444444"
"Mountain landscape and reference chains","The reference mountain chain of this VC is Jura. The reference mountain landscape of this VC is Orvin; Bourrignon; Delémont; Haute-Sorne; Val Terbi; Les Bois; Saignelégier; Cornol; Courgenay; Fahy; Basse-Allaine. The MLR is a region composed of limestone rocks, which are permeable and have difficulty retaining water, forming a succession of shallow valleys and high plateaus. It is covered by forest and wooded pasture. Milk and cheese production are the first agricultural resource of the massif. Temperature vary strongly between summer and winter and the annual rainfall are abundant ( 1000 mm). Clock-making by farmers in the form of peasant clockmakers has been practiced since the Middle Ages and offers a cultural heritage to the region.","les bois, bourrignon, delémont, saignelégier, cornol, courgenay, limestone, middle ages","http://www.wikidata.org/entity/Q70232, http://www.wikidata.org/entity/Q70063, http://www.wikidata.org/entity/Q63896, http://www.wikidata.org/entity/Q67666, http://www.wikidata.org/entity/Q68819, http://www.wikidata.org/entity/Q67414, http://www.wikidata.org/entity/Q23757, http://www.wikidata.org/entity/Q12554","6.9","47.18333333333333","8.231973055555555","46.798561944444444"
"Key local assets","Horizontal cooperation amoung all the actors in the VC, participatory funding, strong community interaction. About the LAU: CH0438; CH6703; CH6711; CH6729; CH6730; CH6742; CH6757; CH6782; CH6784; CH6789; CH6807.","cooperation, funding, community","http://www.wikidata.org/entity/Q380962, http://www.wikidata.org/entity/Q6055890, http://www.wikidata.org/entity/Q177634","7.1931211447915855","47.32259558063357","8.231973055555555","46.798561944444444"
"Challenges","The cultivation of barley varies greatly with the weather flucutations and the quantities of barley processed therefore vary greatly, which can penalise downstream beer production. Overall the type of challenge faced by this VC is Current and Predicted. This VC is classified as Innovative.","","","7.1931211447915855","47.32259558063357","8.231973055555555","46.798561944444444"
"Innovation","The type of innovation of this VC is Endogenous. The innovation comes from the creation of this cooperative with participatory funding, including all the actors involved in the production of the beer in a horizontal and participative process. The innovation is related to New products and New governance systems. The land use systems involved are Cropland. The local assets include Social.","innovation, cooperative, funding, beer, governance","http://www.wikidata.org/entity/Q174165, http://www.wikidata.org/entity/Q4539, http://www.wikidata.org/entity/Q6055890, http://www.wikidata.org/entity/Q44, http://www.wikidata.org/entity/Q1553864","7.1931211447915855","47.32259558063357","8.231973055555555","46.798561944444444"
"Geography and population","The size of the area (km2) is 29093. The minimum altimetry of the LAU is 375. The maximum altimetry of the LAU is 1340. The total population (in thousand) is 33.17. The population density (Inhabitants/km2) in the LAU is 114.02. The population change rate of the LAU in the last 10 years (%) has been 6.46%. The overall regional population density (Inhabitants/km2) is 193.02. The regional population change rate in the last 10 years (%) is unspecified.","population density","http://www.wikidata.org/entity/Q22856","7.1931211447915855","47.32259558063357","8.231973055555555","46.798561944444444"
"Income and gross value added","The average per capita income (EUR/year) [NUTS3] is 25178.56. The total Gross Value Added (GVA) (EUR million/year) [NUTS3] is 79468.40. The primary sector share of total GVA/year [NUTS3] is 1.43%. The secondary sector share of total GVA/year [NUTS3] is 56.92%. The tertiary sector share of total GVA/year [NUTS3] is 41.65%. The per capita income (EUR/year) [NUTS2] is 24844.22. The total Gross Value Added (GVA) (EUR million/year) [NUTS2] is 127943.40. The primary sector share of total GVA/year [NUTS2] is 0.86%. The secondary sector share of total GVA/year [NUTS2] is 38.65%. The tertiary sector share of total GVA/year [NUTS2] is 60.49%.","gross value added, per capita income, year","http://www.wikidata.org/entity/Q994873, http://www.wikidata.org/entity/Q45918, http://www.wikidata.org/entity/Q577","7.1931211447915855","47.32259558063357","8.231973055555555","46.798561944444444"
"Tourism","The total number of bed places (BPs) in tourist accommodations/year in the LAU is 714. The regional (NUTS2) share of total BPs/year is 0.77%. The number of agricultural holdings in the LAU is 338. The nearest settlement with population over 100000 (km) is 46. In this region protected areas are present.","number, bed, year","http://www.wikidata.org/entity/Q11563, http://www.wikidata.org/entity/Q42177, http://www.wikidata.org/entity/Q577","7.1931211447915855","47.32259558063357","8.231973055555555","46.798561944444444"
"Employment","The primary sector share of total employment/year [NUTS3] is 4.58%. The secondary sector share of total employment/year [NUTS3] is 34.13%. The tertiary sector share of total employment/year [NUTS3] is 61.29%. The primary sector share of total employment/year [NUTS2] is 4.63%. The secondary sector share of total employment/year [NUTS2] is 23.61%. The tertiary sector share of total employment/year [NUTS2] is 71.57%.","employment, year","http://www.wikidata.org/entity/Q656365, http://www.wikidata.org/entity/Q577","7.1931211447915855","47.32259558063357","8.231973055555555","46.798561944444444"
"Concluding remarks","","","","7.1931211447915855","47.32259558063357","8.231973055555555","46.798561944444444"
