title,description,objects,objectlinks,lon,lat,barycenter_lon,barycenter_lat
"Jogitz yogurt made from Goat's milk (several flavours)","The MOVING reference member state of this VC is SWITZERLAND 2. The reference MOVING Card ID of this VC is VC 06 CH2. The VC includes a family farm that produces, processes and sells yogurt directly on the farm. Sales are also made to local cheese dairies. The products is labbeled 'IP Suisse'.","reference, switzerland, farm, yogurt","http://www.wikidata.org/entity/Q121769, http://www.wikidata.org/entity/Q39, http://www.wikidata.org/entity/Q131596, http://www.wikidata.org/entity/Q13317","8.231973055555555","46.798561944444444","8.231973055555555","46.798561944444444"
"Interest on this VC","Labelled product from the jura region, milk from the Swiss breeds Graubünden and Appenzell goats which belong to the ProSpecieRara foundation (foundation supporting the heritage and genetic diversity of plants and animals), milk produced and processed on a very diversified farm, on-farm direct selling, other use of grazing areas than cow cattle which is the main landuse system in the swiss mountains, pasture landuse system threatened by climate change with summer droughts. The diversity of the farm's activities therefore generates innovation and increases its resilience.","milk, genetic diversity, farm, direct selling, grazing, cattle, system, pasture, summer, innovation","http://www.wikidata.org/entity/Q8495, http://www.wikidata.org/entity/Q585259, http://www.wikidata.org/entity/Q131596, http://www.wikidata.org/entity/Q962382, http://www.wikidata.org/entity/Q3239189, http://www.wikidata.org/entity/Q830, http://www.wikidata.org/entity/Q58778, http://www.wikidata.org/entity/Q30121, http://www.wikidata.org/entity/Q1313, http://www.wikidata.org/entity/Q174165","6.903585601688682","47.11096230009726","8.231973055555555","46.798561944444444"
"Mountain landscape and reference chains","The reference mountain chain of this VC is Jura. The reference mountain landscape of this VC is Renan (BE). The MLR is a region composed of limestone rocks, which are permeable and have difficulty retaining water, forming a succession of shallow valleys and high plateaus. It is covered by forest and wooded pasture. Milk and cheese production are the first agricultural resource of the massif. Temperature vary strongly between summer and winter and the annual rainfall are abundant ( 1000 mm). Clock-making by farmers in the form of peasant clockmakers has been practiced since the Middle Ages and offers a cultural heritage to the region.","limestone, middle ages","http://www.wikidata.org/entity/Q23757, http://www.wikidata.org/entity/Q12554","6.903585601688682","47.11096230009726","8.231973055555555","46.798561944444444"
"Key local assets","Dairy production is based on pastures (natural asset), which represent the typical swiss cultural landscape. Grazing therefore depends on these landscapes and these landscapes depends in return on cattle, otherwise they would return to the state of the forest. The goat species are part of pro specie rara, the Swiss foundation for the heritage and genetic diversity of plants and animals which represents a storng cultural heritage. About the LAU: CH0441.","dairy, asset, landscape, goat, species, rara, genetic diversity","http://www.wikidata.org/entity/Q637776, http://www.wikidata.org/entity/Q46737, http://www.wikidata.org/entity/Q107425, http://www.wikidata.org/entity/Q2934, http://www.wikidata.org/entity/Q7432, http://www.wikidata.org/entity/Q3419744, http://www.wikidata.org/entity/Q585259","6.903585601688682","47.11096230009726","8.231973055555555","46.798561944444444"
"Challenges","The natural resources on which the milk used for yogurt production is based are threatened by increasing droughts due to climate change (loss of fodder, death of spruce trees in wooded pastures changing the landscape and shade). There are uncertainties about the real effect of climate change on grassland production and animal health (reduced grass growth in summer but a one-month longer growing season depending on the scenario). Overall the type of challenge faced by this VC is Current and Predicted. This VC is classified as Traditional and Innovative.","yogurt, grassland","http://www.wikidata.org/entity/Q13317, http://www.wikidata.org/entity/Q1006733","6.903585601688682","47.11096230009726","8.231973055555555","46.798561944444444"
"Innovation","The type of innovation of this VC is unspecified. Traditional, family-based and diversified agriculture farm who produces and tranforms and sells the goat's milk into yogurt on the farm. The innovation is related to New products. The land use systems involved are Grassland. The local assets include Natural and cultural.","innovation, yogurt, grassland","http://www.wikidata.org/entity/Q174165, http://www.wikidata.org/entity/Q13317, http://www.wikidata.org/entity/Q1006733","6.903585601688682","47.11096230009726","8.231973055555555","46.798561944444444"
"Geography and population","The size of the area (km2) is 1.26. The minimum altimetry of the LAU is 823. The maximum altimetry of the LAU is 1265. The total population (in thousand) is 0.93. The population density (Inhabitants/km2) in the LAU is 73.40. The population change rate of the LAU in the last 10 years (%) has been 8.93%. The overall regional population density (Inhabitants/km2) is 193.02. The regional population change rate in the last 10 years (%) is unspecified.","population density","http://www.wikidata.org/entity/Q22856","6.903585601688682","47.11096230009726","8.231973055555555","46.798561944444444"
"Income and gross value added","The average per capita income (EUR/year) [NUTS3] is 25100.11. The total Gross Value Added (GVA) (EUR million/year) [NUTS3] is 79468.40. The primary sector share of total GVA/year [NUTS3] is 0.79%. The secondary sector share of total GVA/year [NUTS3] is 32.83%. The tertiary sector share of total GVA/year [NUTS3] is 66.38%. The per capita income (EUR/year) [NUTS2] is 25100.11. The total Gross Value Added (GVA) (EUR million/year) [NUTS2] is 127943.40. The primary sector share of total GVA/year [NUTS2] is 0.86%. The secondary sector share of total GVA/year [NUTS2] is 38.65%. The tertiary sector share of total GVA/year [NUTS2] is 60.49%.","gross value added, per capita income, year","http://www.wikidata.org/entity/Q994873, http://www.wikidata.org/entity/Q45918, http://www.wikidata.org/entity/Q577","6.903585601688682","47.11096230009726","8.231973055555555","46.798561944444444"
"Tourism","The total number of bed places (BPs) in tourist accommodations/year in the LAU is 0. The regional (NUTS2) share of total BPs/year is 0.00%. The number of agricultural holdings in the LAU is 21. The nearest settlement with population over 100000 (km) is 75. In this region protected areas are present.","number, bed, year","http://www.wikidata.org/entity/Q11563, http://www.wikidata.org/entity/Q42177, http://www.wikidata.org/entity/Q577","6.903585601688682","47.11096230009726","8.231973055555555","46.798561944444444"
"Employment","The primary sector share of total employment/year [NUTS3] is 20.59%. The secondary sector share of total employment/year [NUTS3] is 20.22%. The tertiary sector share of total employment/year [NUTS3] is 59.19%. The primary sector share of total employment/year [NUTS2] is 4.63%. The secondary sector share of total employment/year [NUTS2] is 23.61%. The tertiary sector share of total employment/year [NUTS2] is 71.57%.","employment, year","http://www.wikidata.org/entity/Q656365, http://www.wikidata.org/entity/Q577","6.903585601688682","47.11096230009726","8.231973055555555","46.798561944444444"
"Concluding remarks","","","","6.903585601688682","47.11096230009726","8.231973055555555","46.798561944444444"
