title,description,objects,objectlinks,lon,lat,barycenter_lon,barycenter_lat
"Mineral water","The MOVING reference member state of this VC is CZECH REPUBLIC. The reference MOVING Card ID of this VC is VC 01 CZ. The VC is not directly linked to agriculture. However, it is a typical VC that directly relies on ecosystem of the region and creates new synergies with tourism and spa industry, gastronomy and food production sector. Some mineral water sources are owned by large corporations (food industry), some of them are owned by local actors (municipalities). These configurations create different combinations of interests and affect the way how regional society and economy benefit from the natural asset.","reference, czech republic, agriculture, ecosystem, tourism, spa, gastronomy, food, mineral water","http://www.wikidata.org/entity/Q121769, http://www.wikidata.org/entity/Q213, http://www.wikidata.org/entity/Q11451, http://www.wikidata.org/entity/Q37813, http://www.wikidata.org/entity/Q49389, http://www.wikidata.org/entity/Q1341387, http://www.wikidata.org/entity/Q171141, http://www.wikidata.org/entity/Q2095, http://www.wikidata.org/entity/Q178921","16.0","50.0","16.0","50.0"
"Interest on this VC","Mineral water originating in mountain areas is directly linked with ecosystem of the location, it has been traditionally used for centuries, the VC is associated with tourism and spa industry, food production (sold outside the region).","mineral water, mountain, ecosystem, tourism, spa, food","http://www.wikidata.org/entity/Q178921, http://www.wikidata.org/entity/Q8502, http://www.wikidata.org/entity/Q37813, http://www.wikidata.org/entity/Q49389, http://www.wikidata.org/entity/Q1341387, http://www.wikidata.org/entity/Q2095","17.231573357187376","50.21338669391372","16.0","50.0"
"Mountain landscape and reference chains","The reference mountain chain of this VC is Jeseniky mountains. The reference mountain landscape of this VC is LAU 1 Jeseník. Mountain Reference Landscape (LAU 1 - Vsetín) is the area with high share of highlands and forests. The Reference Landscape includes the nature protected area, which is the largest in the Czech Republic (555 km2). The most valuable asset of the Reference Landscape is the unique nature. The Reference Landscape thus provide very attractive conditions for tourism. The nature protected area located in the region is considered one of the most valuable locations in Europe. The landscape is historically known for extensive farming in perennial grassland, namely sheep and cattle.","czech republic, europe, reference, mountain, landscape, vsetín, nature, protected area, grassland","http://www.wikidata.org/entity/Q213, http://www.wikidata.org/entity/Q46, http://www.wikidata.org/entity/Q121769, http://www.wikidata.org/entity/Q8502, http://www.wikidata.org/entity/Q107425, http://www.wikidata.org/entity/Q513417, http://www.wikidata.org/entity/Q7860, http://www.wikidata.org/entity/Q473972, http://www.wikidata.org/entity/Q1006733","9.14062","48.690958888888886","16.0","50.0"
"Key local assets","Key asset is the undegroung water, marketing of the product and symbolic value of the region that enables to valorize the product. About the LAU: CZ0711.","asset, water, marketing","http://www.wikidata.org/entity/Q46737, http://www.wikidata.org/entity/Q283, http://www.wikidata.org/entity/Q39809","17.231573357187376","50.21338669391372","16.0","50.0"
"Challenges","Highly competetive market, high investment costs, quality of the product is based on endogennous factors that cannot be controled. Overall the type of challenge faced by this VC is Current. This VC is classified as Traditional.","","","17.231573357187376","50.21338669391372","16.0","50.0"
"Innovation","The type of innovation of this VC is unspecified. The VC is not very innovative, it is based on tradition that has started in 19th century, sources of mineral waters are associated with the region spa towns. The innovation is related to the whole VC. The land use systems involved are mineral water production is associated with the underground sources of water. The local assets include Cultural.","innovation, tradition, century, mineral, spa, mineral water, water","http://www.wikidata.org/entity/Q174165, http://www.wikidata.org/entity/Q82821, http://www.wikidata.org/entity/Q578, http://www.wikidata.org/entity/Q7946, http://www.wikidata.org/entity/Q1341387, http://www.wikidata.org/entity/Q178921, http://www.wikidata.org/entity/Q283","17.231573357187376","50.21338669391372","16.0","50.0"
"Geography and population","The size of the area (km2) is 719. The minimum altimetry of the LAU is 320. The maximum altimetry of the LAU is 1423. The total population (in thousand) is 37.968. The population density (Inhabitants/km2) in the LAU is 52.81. The population change rate of the LAU in the last 10 years (%) has been -7.97%. The overall regional population density (Inhabitants/km2) is 131.62. The regional population change rate in the last 10 years (%) has been -1.49%.","population density","http://www.wikidata.org/entity/Q22856","17.231573357187376","50.21338669391372","16.0","50.0"
"Income and gross value added","The average per capita income (EUR/year) [NUTS3] is 9183.58. The total Gross Value Added (GVA) (EUR million/year) [NUTS3] is 9185.97. The primary sector share of total GVA/year [NUTS3] is 3.30%. The secondary sector share of total GVA/year [NUTS3] is 40.40%. The tertiary sector share of total GVA/year [NUTS3] is 56.30%. The per capita income (EUR/year) [NUTS2] is 9335.88. The total Gross Value Added (GVA) (EUR million/year) [NUTS2] is 18439.35. The primary sector share of total GVA/year [NUTS2] is 2.97%. The secondary sector share of total GVA/year [NUTS2] is 45.43%. The tertiary sector share of total GVA/year [NUTS2] is 51.60%.","gross value added, per capita income, year","http://www.wikidata.org/entity/Q994873, http://www.wikidata.org/entity/Q45918, http://www.wikidata.org/entity/Q577","17.231573357187376","50.21338669391372","16.0","50.0"
"Tourism","The total number of bed places (BPs) in tourist accommodations/year in the LAU is 28371. The regional (NUTS2) share of total BPs/year is 0.49%. The number of agricultural holdings in the LAU is 2387. The nearest settlement with population over 100000 (km) is 110. In this region protected areas are present.","number, bed, year","http://www.wikidata.org/entity/Q11563, http://www.wikidata.org/entity/Q42177, http://www.wikidata.org/entity/Q577","17.231573357187376","50.21338669391372","16.0","50.0"
"Employment","The primary sector share of total employment/year [NUTS3] is 4.29%. The secondary sector share of total employment/year [NUTS3] is 42.68%. The tertiary sector share of total employment/year [NUTS3] is 53.01%. The primary sector share of total employment/year [NUTS2] is 3.24%. The secondary sector share of total employment/year [NUTS2] is 45.99%. The tertiary sector share of total employment/year [NUTS2] is 50.77%.","employment, year","http://www.wikidata.org/entity/Q656365, http://www.wikidata.org/entity/Q577","17.231573357187376","50.21338669391372","16.0","50.0"
"Concluding remarks","This kind of VC is present on several mountain areas of the Czech Republic.","czech republic, mountain","http://www.wikidata.org/entity/Q213, http://www.wikidata.org/entity/Q8502","16.0","50.0","16.0","50.0"
