title,description,objects,objectlinks,lon,lat,barycenter_lon,barycenter_lat
"alpine pasture cheese with organic sheep's milk","The MOVING reference member state of this VC is SWITZERLAND 2. The reference MOVING Card ID of this VC is VC 12 CH2. The VC is composed of small scale farming with the farmers that produce and transform the sheep's milk and sell the cheese directly on the farm. The milk is processed into a number of different cheeses which are labelled as organic.","reference, switzerland, cheese, farm, milk","http://www.wikidata.org/entity/Q121769, http://www.wikidata.org/entity/Q39, http://www.wikidata.org/entity/Q10943, http://www.wikidata.org/entity/Q131596, http://www.wikidata.org/entity/Q8495","8.231973055555555","46.798561944444444","8.231973055555555","46.798561944444444"
"Interest on this VC","Other use of grazing areas than cow cattle which is the main landuse system in the swiss mountains, organic production that meets environmental and biodiversity standards, pasture landuse system threatened by climate change with summer droughts.","grazing, cattle, system, biodiversity, pasture, summer","http://www.wikidata.org/entity/Q3239189, http://www.wikidata.org/entity/Q830, http://www.wikidata.org/entity/Q58778, http://www.wikidata.org/entity/Q47041, http://www.wikidata.org/entity/Q30121, http://www.wikidata.org/entity/Q1313","6.258210797679445","46.58395838795403","8.231973055555555","46.798561944444444"
"Mountain landscape and reference chains","The reference mountain chain of this VC is Jura. The reference mountain landscape of this VC is Bière; Gimel; Longirod; Montricher; Le Chenit; Le Lieu. The MLR is a region composed of limestone rocks, which are permeable and have difficulty retaining water, forming a succession of shallow valleys and high plateaus. It is covered by forest and wooded pasture. Milk and cheese production are the first agricultural resource of the massif. Temperature vary strongly between summer and winter and the annual rainfall are abundant ( 1000 mm). Clock-making by farmers in the form of peasant clockmakers has been practiced since the Middle Ages and offers a cultural heritage to the region.","le chenit, le lieu, longirod, montricher, limestone, middle ages","http://www.wikidata.org/entity/Q52743, http://www.wikidata.org/entity/Q69546, http://www.wikidata.org/entity/Q70257, http://www.wikidata.org/entity/Q68626, http://www.wikidata.org/entity/Q23757, http://www.wikidata.org/entity/Q12554","6.233333333333333","46.6","8.231973055555555","46.798561944444444"
"Key local assets","Dairy production is based on pastures (natural asset), which represent the typical swiss cultural landscape. Grazing therefore depends on these landscapes and these landscapes depends in return on cattle, otherwise they would return to the state of the forest. Transformation into cheese depends on traditional knowledge, since it is produced in an artisanal way. About the LAU: CH5425; CH5428; CH5429; CH5492; CH5872; CH5873.","grazing, cattle, forest, cheese, knowledge","http://www.wikidata.org/entity/Q3239189, http://www.wikidata.org/entity/Q830, http://www.wikidata.org/entity/Q4421, http://www.wikidata.org/entity/Q10943, http://www.wikidata.org/entity/Q9081","6.258210797679445","46.58395838795403","8.231973055555555","46.798561944444444"
"Challenges","There are uncertainties about the real effect of climate change on grassland production and animal health (reduced grass growth in summer but a one-month longer growing season depending on the scenario). Overall the type of challenge faced by this VC is Current and Predicted. This VC is classified as Traditional.","grassland","http://www.wikidata.org/entity/Q1006733","6.258210797679445","46.58395838795403","8.231973055555555","46.798561944444444"
"Innovation","The type of innovation of this VC is unspecified. The innovation is related to the whole VC. The land use systems involved are Grassland. The local assets include Natural and cultural.","innovation, grassland","http://www.wikidata.org/entity/Q174165, http://www.wikidata.org/entity/Q1006733","6.258210797679445","46.58395838795403","8.231973055555555","46.798561944444444"
"Geography and population","The size of the area (km2) is 21.11. The minimum altimetry of the LAU is 565. The maximum altimetry of the LAU is 1679. The total population (in thousand) is 10.82. The population density (Inhabitants/km2) in the LAU is 51.24. The population change rate of the LAU in the last 10 years (%) has been 11.74%. The overall regional population density (Inhabitants/km2) is 199.83. The regional population change rate in the last 10 years (%) is unspecified.","population density","http://www.wikidata.org/entity/Q22856","6.258210797679445","46.58395838795403","8.231973055555555","46.798561944444444"
"Income and gross value added","The average per capita income (EUR/year) [NUTS3] is 35065.59. The total Gross Value Added (GVA) (EUR million/year) [NUTS3] is 79468.40. The primary sector share of total GVA/year [NUTS3] is 0.99%. The secondary sector share of total GVA/year [NUTS3] is 29.59%. The tertiary sector share of total GVA/year [NUTS3] is 69.42%. The per capita income (EUR/year) [NUTS2] is 41768.11. The total Gross Value Added (GVA) (EUR million/year) [NUTS2] is 120370.80. The primary sector share of total GVA/year [NUTS2] is 0.80%. The secondary sector share of total GVA/year [NUTS2] is 28.02%. The tertiary sector share of total GVA/year [NUTS2] is 71.17%.","gross value added, per capita income, year","http://www.wikidata.org/entity/Q994873, http://www.wikidata.org/entity/Q45918, http://www.wikidata.org/entity/Q577","6.258210797679445","46.58395838795403","8.231973055555555","46.798561944444444"
"Tourism","The total number of bed places (BPs) in tourist accommodations/year in the LAU is 286. The regional (NUTS2) share of total BPs/year is 0.17%. The number of agricultural holdings in the LAU is 93. The nearest settlement with population over 100000 (km) is 59. In this region protected areas are present.","number, bed, year","http://www.wikidata.org/entity/Q11563, http://www.wikidata.org/entity/Q42177, http://www.wikidata.org/entity/Q577","6.258210797679445","46.58395838795403","8.231973055555555","46.798561944444444"
"Employment","The primary sector share of total employment/year [NUTS3] is 3.97%. The secondary sector share of total employment/year [NUTS3] is 61.57%. The tertiary sector share of total employment/year [NUTS3] is 34.06%. The primary sector share of total employment/year [NUTS2] is 2.55%. The secondary sector share of total employment/year [NUTS2] is 15.85%. The tertiary sector share of total employment/year [NUTS2] is 81.36%.","employment, year","http://www.wikidata.org/entity/Q656365, http://www.wikidata.org/entity/Q577","6.258210797679445","46.58395838795403","8.231973055555555","46.798561944444444"
"Concluding remarks","","","","6.258210797679445","46.58395838795403","8.231973055555555","46.798561944444444"
