title,description,objects,objectlinks,lon,lat,barycenter_lon,barycenter_lat
"Goat's milk cheese made by hand directly on the mountain pasture","The MOVING reference member state of this VC is SWITZERLAND 2. The reference MOVING Card ID of this VC is VC 51 CH2. The VC includes mainly farmers which produce, local retailers in addition to consumers, as the product is processed directly on the farm by the farmers themselves. Aditonnaly, It is therefore a short VC. the producers are organised in a producers' cooperative called DorignoL. The production benefits from from the label 'produit des parcs suisses'or 'parc du Jura Vaudois'.","reference, switzerland, addition, farm","http://www.wikidata.org/entity/Q121769, http://www.wikidata.org/entity/Q39, http://www.wikidata.org/entity/Q32043, http://www.wikidata.org/entity/Q131596","8.231973055555555","46.798561944444444","8.231973055555555","46.798561944444444"
"Interest on this VC","Other use of grazing areas than cow cattle which is the main landuse system in the swiss mountains, pasture landuse system threatened by climate change with summer droughts. There are uncertainties about the real effect of climate change on grassland production and animal health (reduced grass growth in summer but a one-month longer growing season depending on the scenario).","grazing, cattle, system, pasture, summer, climate, grassland, animal, health, month, scenario","http://www.wikidata.org/entity/Q3239189, http://www.wikidata.org/entity/Q830, http://www.wikidata.org/entity/Q58778, http://www.wikidata.org/entity/Q30121, http://www.wikidata.org/entity/Q1313, http://www.wikidata.org/entity/Q7937, http://www.wikidata.org/entity/Q1006733, http://www.wikidata.org/entity/Q729, http://www.wikidata.org/entity/Q12147, http://www.wikidata.org/entity/Q5151, http://www.wikidata.org/entity/Q1090839","6.328611614920297","46.592587079311514","8.231973055555555","46.798561944444444"
"Mountain landscape and reference chains","The reference mountain chain of this VC is Jura. The reference mountain landscape of this VC is Gimel; Vaulion. The MLR is a region composed of limestone rocks, which are permeable and have difficulty retaining water, forming a succession of shallow valleys and high plateaus. It is covered by forest and wooded pasture. Milk and cheese production are the first agricultural resource of the massif. Temperature vary strongly between summer and winter and the annual rainfall are abundant ( 1000 mm). Clock-making by farmers in the form of peasant clockmakers has been practiced since the Middle Ages and offers a cultural heritage to the region.","vaulion, limestone, middle ages","http://www.wikidata.org/entity/Q70665, http://www.wikidata.org/entity/Q23757, http://www.wikidata.org/entity/Q12554","6.383333333333334","46.68333333333333","8.231973055555555","46.798561944444444"
"Key local assets","Dairy production is based on pastures (natural asset), which represent the typical swiss cultural landscape. Grazing therefore depends on these landscapes and these landscapes depends in return on cattle, otherwise they would return to the state of the forest. Transformation into cheese depends on traditional knowledge, since it is produced in an artisanal way. About the LAU: CH5428; CH5765.","grazing, cattle, forest, cheese, knowledge","http://www.wikidata.org/entity/Q3239189, http://www.wikidata.org/entity/Q830, http://www.wikidata.org/entity/Q4421, http://www.wikidata.org/entity/Q10943, http://www.wikidata.org/entity/Q9081","6.328611614920297","46.592587079311514","8.231973055555555","46.798561944444444"
"Challenges","are not. Overall the type of challenge faced by this VC is Current and Predicted. This VC is classified as Traditional.","","","6.328611614920297","46.592587079311514","8.231973055555555","46.798561944444444"
"Innovation","The type of innovation of this VC is unspecified. The innovation is related to the whole VC. The land use systems involved are Grassland. The local assets include Natural and cultural.","innovation, grassland","http://www.wikidata.org/entity/Q174165, http://www.wikidata.org/entity/Q1006733","6.328611614920297","46.592587079311514","8.231973055555555","46.798561944444444"
"Geography and population","The size of the area (km2) is 3.20. The minimum altimetry of the LAU is 670. The maximum altimetry of the LAU is 1496. The total population (in thousand) is 2.73. The population density (Inhabitants/km2) in the LAU is 85.33. The population change rate of the LAU in the last 10 years (%) has been 23.11%. The overall regional population density (Inhabitants/km2) is 199.83. The regional population change rate in the last 10 years (%) is unspecified.","population density","http://www.wikidata.org/entity/Q22856","6.328611614920297","46.592587079311514","8.231973055555555","46.798561944444444"
"Income and gross value added","The average per capita income (EUR/year) [NUTS3] is 27184.41. The total Gross Value Added (GVA) (EUR million/year) [NUTS3] is 79468.40. The primary sector share of total GVA/year [NUTS3] is 0.99%. The secondary sector share of total GVA/year [NUTS3] is 29.59%. The tertiary sector share of total GVA/year [NUTS3] is 69.42%. The per capita income (EUR/year) [NUTS2] is 25692.02. The total Gross Value Added (GVA) (EUR million/year) [NUTS2] is 120370.80. The primary sector share of total GVA/year [NUTS2] is 0.80%. The secondary sector share of total GVA/year [NUTS2] is 28.02%. The tertiary sector share of total GVA/year [NUTS2] is 71.17%.","gross value added, per capita income, year","http://www.wikidata.org/entity/Q994873, http://www.wikidata.org/entity/Q45918, http://www.wikidata.org/entity/Q577","6.328611614920297","46.592587079311514","8.231973055555555","46.798561944444444"
"Tourism","The total number of bed places (BPs) in tourist accommodations/year in the LAU is 26. The regional (NUTS2) share of total BPs/year is 0.02%. The number of agricultural holdings in the LAU is 27. The nearest settlement with population over 100000 (km) is 32. In this region protected areas are present.","number, bed, year","http://www.wikidata.org/entity/Q11563, http://www.wikidata.org/entity/Q42177, http://www.wikidata.org/entity/Q577","6.328611614920297","46.592587079311514","8.231973055555555","46.798561944444444"
"Employment","The primary sector share of total employment/year [NUTS3] is 15.72%. The secondary sector share of total employment/year [NUTS3] is 18.76%. The tertiary sector share of total employment/year [NUTS3] is 65.53%. The primary sector share of total employment/year [NUTS2] is 2.55%. The secondary sector share of total employment/year [NUTS2] is 15.85%. The tertiary sector share of total employment/year [NUTS2] is 81.36%.","employment, year","http://www.wikidata.org/entity/Q656365, http://www.wikidata.org/entity/Q577","6.328611614920297","46.592587079311514","8.231973055555555","46.798561944444444"
"Concluding remarks","The VC is also present in the swiss alps.","swiss alps","http://www.wikidata.org/entity/Q25220","8.5","46.5","8.231973055555555","46.798561944444444"
