title,description,objects,objectlinks,lon,lat,barycenter_lon,barycenter_lat
"Goat and sheep milk and dairy products. The milk comes from small scaled family farms grazing with natural grass. Dairy products are produced in an artisanal way","The MOVING reference member state of this VC is TURKEY. The reference MOVING Card ID of this VC is VC 01 TR. The number of farmers engaged in goat and sheep breeding in the region is 1179 and 1572, respectively. Since pasture areas are insufficient, goat and sheep breeders purchase feed from feed suppliers. However, high feed prices increase the cost of production. The most frequently used marketing channels for product sales are usually retailers, companies and traders from outside the region. In addition, it is observed that the producers make direct sales to consumers and hotels. However, direct sales are not at a high level. One of the most important problems in the value chain is the marketing of high quality products at low prices. The producers are trying to avoid this problem by selling directly. It is seen that the producers are members of the Sheep and Goat Breeders Association in Antalya. This union takes part in the implementation of animal breeding programs at the regional level to increase productivity.","turkey, goat, sheep, marketing, sales, value chain, antalya","http://www.wikidata.org/entity/Q43, http://www.wikidata.org/entity/Q2934, http://www.wikidata.org/entity/Q7368, http://www.wikidata.org/entity/Q39809, http://www.wikidata.org/entity/Q194189, http://www.wikidata.org/entity/Q646107, http://www.wikidata.org/entity/Q6487","30.666666666666668","36.96666666666667","36.0","39.0"
"Interest on this VC","Korkuteli is one of the areas with high concentrations of endemic plants in Turkey. The milk of the animals fed on endemic herbs in the pastures in the region is both high quality and aromatic. The quality of milk increases the demand for milk and dairy products. There is a particularly high demand for goat's milk. A special ice cream known as 'burnt ice cream' is produced in the region. This ice cream has a reputation both in the region and throughout the country. The raw material of this ice cream is provided from goat milk produced in Korkuteli. 99% of goat breeders are smallholder farms.","turkey, milk, demand, ice, cream, goat","http://www.wikidata.org/entity/Q43, http://www.wikidata.org/entity/Q8495, http://www.wikidata.org/entity/Q4402708, http://www.wikidata.org/entity/Q23392, http://www.wikidata.org/entity/Q13228, http://www.wikidata.org/entity/Q2934","36.0","39.0","36.0","39.0"
"Mountain landscape and reference chains","The reference mountain chain of this VC is Bey mountains, Antalya. The reference mountain landscape of this VC is Korkuteli. Korkuteli is a district of Antalya Province in the Mediterranean region of Turkey, 56 km (35 mi) north-west of the city of Antalya.Korkuteli is an area of small plains and hills in the Bey Dağları, the western range of the Taurus Mountains, overlooking the Mediterranean sea. There are two distinct geographical areas of Korkuteli, of equal size: the lowland area nearer the coast has a hot Mediterranean climate, while the larger area of lakes higher up is cooler and less humid. The high country is covered with pine forest, while the lowland is used for agriculture; crops include grains, pulses and vegetable oil-seeds. There are trout in Korkuteli reservoir and other small lakes (Wikipedia,2021).","antalya province, turkey, reference, mountain, bey, antalya, mediterranean sea, vegetable oil","http://www.wikidata.org/entity/Q40249, http://www.wikidata.org/entity/Q43, http://www.wikidata.org/entity/Q121769, http://www.wikidata.org/entity/Q8502, http://www.wikidata.org/entity/Q181217, http://www.wikidata.org/entity/Q6487, http://www.wikidata.org/entity/Q4918, http://www.wikidata.org/entity/Q4739805","31.0","37.0","36.0","39.0"
"Key local assets","Natural: There are many endemic plant species in the region. https://www.dogadernegi.org/wp-content/uploads/2018/11/akd018-beydaglari-onemli-doga-alanlari-kitabi.pdf Social: Sheep and goat breeding are very common in the region. Especially goat breeding has been carried out in the region for a long time. 99% of goat and sheep breeders are smallholder farms. Cultural: Goat breeding is a traditional production activity in the region. For this reason, it fully fits the definition of cultural heritage. Goat breeding is transferred from families to children as a cultural heritage. About the LAU: TR611-1483.","sheep, plant, species, social, goat, time","http://www.wikidata.org/entity/Q7368, http://www.wikidata.org/entity/Q756, http://www.wikidata.org/entity/Q7432, http://www.wikidata.org/entity/Q345367, http://www.wikidata.org/entity/Q2934, http://www.wikidata.org/entity/Q11471","30.203055555","37.075833333","36.0","39.0"
"Challenges","The inadequacy of pasture and high feed costs in the region are the most important challenges faced by sheep and goat breeders. In addition to these, there are other important challenges facing producers. Although the sheep and goat breeders supply high quality products to the market, they cannot get high prices for their products. The farmers have not transportation facilities to carry their produce to the markets. The animal diseases mostly affect sheep and goat breeders. This is a challenge for goat and sheep breeders. Moreover, there is no farmer organization in the form of an agricultural cooperative for goat and sheep breeders in the region. Overall the type of challenge faced by this VC is Current. This VC is classified as Traditional.","pasture, sheep, goat, animal, farmer, organization, agricultural cooperative","http://www.wikidata.org/entity/Q30121, http://www.wikidata.org/entity/Q7368, http://www.wikidata.org/entity/Q2934, http://www.wikidata.org/entity/Q729, http://www.wikidata.org/entity/Q131512, http://www.wikidata.org/entity/Q43229, http://www.wikidata.org/entity/Q2996615","30.203055555","37.075833333","36.0","39.0"
"Innovation","The type of innovation of this VC is unspecified. Apple and grape are traditionally produced in Elmalı. Greenhouse tomato cultivation in Elmalı has developed later as a more profitable production activity compared to other enterprises. In addition, the products grown are healthier because less input is used in highland greenhouse cultivation. The innovation is related to the whole VC. The land use systems involved are Grassland and Natural land. The local assets include Natural, social and cultural.","innovation, greenhouse, tomato, addition, highland, grassland","http://www.wikidata.org/entity/Q174165, http://www.wikidata.org/entity/Q165044, http://www.wikidata.org/entity/Q23501, http://www.wikidata.org/entity/Q32043, http://www.wikidata.org/entity/Q878223, http://www.wikidata.org/entity/Q1006733","30.203055555","37.075833333","36.0","39.0"
"Geography and population","The size of the area (km2) is 2471. The minimum altimetry of the LAU is 1020. The maximum altimetry of the LAU is 2000. The total population (in thousand) is 55.588. The population density (Inhabitants/km2) in the LAU is 22.5. The population change rate of the LAU in the last 10 years (%) has been 10.23%. The overall regional population density (Inhabitants/km2) is 89.5. The regional population change rate in the last 10 years (%) has been 21.23%.","population density","http://www.wikidata.org/entity/Q22856","30.203055555","37.075833333","36.0","39.0"
"Income and gross value added","The average per capita income (EUR/year) [NUTS3] is 9553.01. The total Gross Value Added (GVA) (EUR million/year) [NUTS3] is 22425.1. The primary sector share of total GVA/year [NUTS3] is 8.20%. The secondary sector share of total GVA/year [NUTS3] is 19.30%. The tertiary sector share of total GVA/year [NUTS3] is 69.00%. The per capita income (EUR/year) [NUTS2] is 8881.82. The total Gross Value Added (GVA) (EUR million/year) [NUTS2] is 25421.01. The primary sector share of total GVA/year [NUTS2] is 9.80%. The secondary sector share of total GVA/year [NUTS2] is 21.30%. The tertiary sector share of total GVA/year [NUTS2] is 66.50%.","gross value added, per capita income, year","http://www.wikidata.org/entity/Q994873, http://www.wikidata.org/entity/Q45918, http://www.wikidata.org/entity/Q577","30.203055555","37.075833333","36.0","39.0"
"Tourism","The total number of bed places (BPs) in tourist accommodations/year in the LAU is 599838. The regional (NUTS2) share of total BPs/year is 98.70%. The number of agricultural holdings in the LAU is 39533. The nearest settlement with population over 100000 (km) is 60. In this region protected areas are present.","number, bed, year","http://www.wikidata.org/entity/Q11563, http://www.wikidata.org/entity/Q42177, http://www.wikidata.org/entity/Q577","30.203055555","37.075833333","36.0","39.0"
"Employment","The primary sector share of total employment/year [NUTS3] is Medium. The secondary sector share of total employment/year [NUTS3] is Low. The tertiary sector share of total employment/year [NUTS3] is High. The primary sector share of total employment/year [NUTS2] is 17.30%. The secondary sector share of total employment/year [NUTS2] is 14.20%. The tertiary sector share of total employment/year [NUTS2] is 68.40%.","employment, year","http://www.wikidata.org/entity/Q656365, http://www.wikidata.org/entity/Q577","30.203055555","37.075833333","36.0","39.0"
"Concluding remarks","This VC is also present in other MRLs in the Member States such as Czech Republic, France, Hungary, Serbia, Switzerland, Spain, and Austria.","czech republic, france, hungary, serbia, switzerland, spain, austria","http://www.wikidata.org/entity/Q213, http://www.wikidata.org/entity/Q142, http://www.wikidata.org/entity/Q28, http://www.wikidata.org/entity/Q403, http://www.wikidata.org/entity/Q39, http://www.wikidata.org/entity/Q29, http://www.wikidata.org/entity/Q40","16.0","50.0","36.0","39.0"
