title,description,objects,objectlinks,lon,lat,barycenter_lon,barycenter_lat
"Fresh Vegetable (Greenhouse tomato): Greenhouse Tomato Cultivation in Highland","The MOVING reference member state of this VC is TURKEY. The reference MOVING Card ID of this VC is VC 02 TR. The most common marketing channel used by greenhouse tomato growers is the wholesale markets brokers. The traders are used moderately in product sales. The direct to consumer sales are low. The greenhouse tomato growers sell to exporter companies less frequently. Although tomatoes produced in the region are of high quality, producers cannot get high prices for their products. This is one of the negative aspects of the value chain. Also, the greenhouse tomato growers in Elmalı do not have a farmer's organization. On the other hand, the fact that the tomato produced in Elmalı is a highland product creates a positive effect in terms of the product's value chain. As a matter of fact, tomatoes grown in the highland have a higher quality and healthier product image.","turkey, marketing channel, greenhouse, tomato, sales, value chain, organization, hand, fact, highland","http://www.wikidata.org/entity/Q43, http://www.wikidata.org/entity/Q6576947, http://www.wikidata.org/entity/Q165044, http://www.wikidata.org/entity/Q23501, http://www.wikidata.org/entity/Q194189, http://www.wikidata.org/entity/Q646107, http://www.wikidata.org/entity/Q43229, http://www.wikidata.org/entity/Q33767, http://www.wikidata.org/entity/Q188572, http://www.wikidata.org/entity/Q878223","36.0","39.0","36.0","39.0"
"Interest on this VC","Antalya is one of the regions with the highest annual total sunshine duration in Turkey (3,011 hours of sunshine per year) (https://www.gnssolar.com/icerik/860/turkiye-gunes-haritasi). In Antalya, the district with the highest annual total sunshine duration is Elmalı (https://gepa.enerji.gov.tr/MyCalculator/pages/7.aspx). In addition, the air is cool and dry because of high mountain region. Both the high annual sunshine duration and the favorable climatic conditions played an important role in the development of greenhouse cultivation in Elmalı. Especially greenhouse tomato cultivation is very common in the region. Due to the favorable conditions in the region, greenhouse tomato producers produce higher quality tomatoes compared to the producers located in the plain. Tomatoes produced in greenhouses in Elmalı have a better appeal than those grown in the plain. Greenhouse tomato cultivation is an innovative production activity for the Elmalı region. Disease and pest density is low in the region due to climatic and topographic factors. Therefore, less pesticides are used. Using less input increases the income of producers. In addition, greenhouse tomato growers in Elmalı produce higher quality tomatoes than the ones in the plain. Quality tomato production provides an opportunity for tomato growers to obtain high prices for their products. The price advantage in the product positively affects the producer income. As a result, greenhouse areas have increased rapidly in recent years in Elmalı as greenhouse cultivation activities provide high income. In addition, healthier products are supplied to the market due to the use of less pesticides.","turkey, antalya, sunshine duration, addition, greenhouse, tomato, plain","http://www.wikidata.org/entity/Q43, http://www.wikidata.org/entity/Q6487, http://www.wikidata.org/entity/Q14907183, http://www.wikidata.org/entity/Q32043, http://www.wikidata.org/entity/Q165044, http://www.wikidata.org/entity/Q23501, http://www.wikidata.org/entity/Q160091","30.666666666666668","36.96666666666667","36.0","39.0"
"Mountain landscape and reference chains","The reference mountain chain of this VC is Bey mountains, Antalya. The reference mountain landscape of this VC is Elmalı. Elmalı is a town and district in Antalya Province, the Mediterranean region of Turkey. It lies about 35 km (22 mil) inland, near the town of Korkuteli and 110 km (68 mil) west of the city of Antalya. In 2020, the population for the whole district was 39365. Elmalı is a small plateau at the head of a long upland valley in the Beydağları range of the western Taurus Mountains, surrounded by high peaks including the 2500m Elmalı Mountain. Aside from the town of Elmalı, the district includes two other small towns (Akçay and Yuva) as well as villages. The area is watered by streams running off the mountains. Although close to the Mediterranean, Elmalı is high in the mountains and has an inland climate of cold winters and hot summers, (although still much cooler than the coast). Near to Lake Avlan there is an area of cedar forest, rare in Turkey (Wikipedia,2021).","antalya province, turkey, antalya, reference, mountain, town","http://www.wikidata.org/entity/Q40249, http://www.wikidata.org/entity/Q43, http://www.wikidata.org/entity/Q6487, http://www.wikidata.org/entity/Q121769, http://www.wikidata.org/entity/Q8502, http://www.wikidata.org/entity/Q3957","31.0","37.0","36.0","39.0"
"Key local assets","Natural: The total area under greenhouse tomato cultivation in Elmalı is about 835 hectares. The average farm size per household is between 0.4 and 0.5 hectares. Social: Greenhouse tomato cultivation has been carried out in Elmalı since 2000. The number of greenhouse tomato growers is 1850. Approximately 95% of greenhouse tomato growers are smallholder farms. Community interaction has had an important effect on the spread of greenhouse tomato cultivation in Elmalı. About the LAU: TR611-1303.","greenhouse, tomato, social, number, community","http://www.wikidata.org/entity/Q165044, http://www.wikidata.org/entity/Q23501, http://www.wikidata.org/entity/Q345367, http://www.wikidata.org/entity/Q11563, http://www.wikidata.org/entity/Q177634","29.917777777","36.735833333","36.0","39.0"
"Challenges","There are three major challenges for growers growing tomatoes in greenhouse. These are respectively; low crop selling prices, crop diseases and labor shortages. Greenhouse tomato production is very common in Antalya. There are many greenhouse tomato growers especially in the plain region of Antalya. The high supply of tomatoes causes the prices to fall. Although greenhouse tomato growers in Elmalı produce higher quality tomatoes compared to the producers in the plain, they cannot obtain high prices. Producers encounter crop diseases. However, crop diseases are less common than in lowland areas (plain). This is also an important advantage. Overall the type of challenge faced by this VC is Current. This VC is classified as Innovative.","greenhouse, tomato, antalya","http://www.wikidata.org/entity/Q165044, http://www.wikidata.org/entity/Q23501, http://www.wikidata.org/entity/Q6487","30.666666666666668","36.96666666666667","36.0","39.0"
"Innovation","The type of innovation of this VC is Exogenous. The innovation is related to the whole VC. The land use systems involved are This value chain includes greenhouse tomato cultivation. Tomatoes are grown under greenhouse production system. The local assets include Natural and Social.","value chain, tomato","http://www.wikidata.org/entity/Q646107, http://www.wikidata.org/entity/Q23501","29.917777777","36.735833333","36.0","39.0"
"Geography and population","The size of the area (km2) is 1658. The minimum altimetry of the LAU is 1150. The maximum altimetry of the LAU is 2503. The total population (in thousand) is 39.365. The population density (Inhabitants/km2) in the LAU is 23.74. The population change rate of the LAU in the last 10 years (%) has been 4.26%. The overall regional population density (Inhabitants/km2) is 89.5. The regional population change rate in the last 10 years (%) has been 21.23%.","population density","http://www.wikidata.org/entity/Q22856","29.917777777","36.735833333","36.0","39.0"
"Income and gross value added","The average per capita income (EUR/year) [NUTS3] is 9553.01. The total Gross Value Added (GVA) (EUR million/year) [NUTS3] is 22425.1. The primary sector share of total GVA/year [NUTS3] is 8.20%. The secondary sector share of total GVA/year [NUTS3] is 19.30%. The tertiary sector share of total GVA/year [NUTS3] is 69.00%. The per capita income (EUR/year) [NUTS2] is 8881.82. The total Gross Value Added (GVA) (EUR million/year) [NUTS2] is 25421.01. The primary sector share of total GVA/year [NUTS2] is 9.80%. The secondary sector share of total GVA/year [NUTS2] is 21.30%. The tertiary sector share of total GVA/year [NUTS2] is 66.50%.","gross value added, per capita income, year","http://www.wikidata.org/entity/Q994873, http://www.wikidata.org/entity/Q45918, http://www.wikidata.org/entity/Q577","29.917777777","36.735833333","36.0","39.0"
"Tourism","The total number of bed places (BPs) in tourist accommodations/year in the LAU is 599838. The regional (NUTS2) share of total BPs/year is 98.70%. The number of agricultural holdings in the LAU is 39533. The nearest settlement with population over 100000 (km) is 110. In this region protected areas are present.","number, bed, year","http://www.wikidata.org/entity/Q11563, http://www.wikidata.org/entity/Q42177, http://www.wikidata.org/entity/Q577","29.917777777","36.735833333","36.0","39.0"
"Employment","The primary sector share of total employment/year [NUTS3] is Medium. The secondary sector share of total employment/year [NUTS3] is Low. The tertiary sector share of total employment/year [NUTS3] is High. The primary sector share of total employment/year [NUTS2] is 17.30%. The secondary sector share of total employment/year [NUTS2] is 14.20%. The tertiary sector share of total employment/year [NUTS2] is 68.40%.","employment, year","http://www.wikidata.org/entity/Q656365, http://www.wikidata.org/entity/Q577","29.917777777","36.735833333","36.0","39.0"
"Concluding remarks","This value chain, which includes greenhouse tomato cultivation, is not present in other MRLs in the Member States. This value chain is only available in Turkey. For this reason, it is a specific value chain that should be examined within the scope of the project.","turkey, value chain, greenhouse, tomato","http://www.wikidata.org/entity/Q43, http://www.wikidata.org/entity/Q646107, http://www.wikidata.org/entity/Q165044, http://www.wikidata.org/entity/Q23501","36.0","39.0","36.0","39.0"
