title,description,objects,objectlinks,lon,lat,barycenter_lon,barycenter_lat
"Fresh Fruit (Pears): Korkuteli Karyağdı Pear","The MOVING reference member state of this VC is TURKEY. The reference MOVING Card ID of this VC is VC 06 TR. The leading marketing channels of Karyağdı Pear used by the farmers are local merchants, followed by non-local merchants and companies. It is seen that they do not sell to the supermarket retailers. However, other retailers are used moderately in product sales. It is seen that the farmers also sell pears directly to the hotels since it is in the tourism region of Korkuteli. However, direct sales are very low. One of the marketing channels used less frequently by the farmers is the brokers in the wholesale market. Although Karyağdı Pear is a quality product, there is no awareness regarding the product. In other words, there are problems in generating demand. In 2018, a geographical indication certificate was obtained for Karyağdı Pear. It is expected that the geographical indication will help increase the demand of Karyağdı Pear. However, some initiatives are needed to increase the demand for the product. In addition, it is observed that Karyağdı Pear producers do not have a farmer organization.","turkey, marketing, sales, tourism region, demand, farmer","http://www.wikidata.org/entity/Q43, http://www.wikidata.org/entity/Q39809, http://www.wikidata.org/entity/Q194189, http://www.wikidata.org/entity/Q3744088, http://www.wikidata.org/entity/Q4402708, http://www.wikidata.org/entity/Q131512","36.0","39.0","36.0","39.0"
"Interest on this VC","Korkuteli Karyağdı Pear is grown in Antalya-Korkuteli district at an altitude range of 844 to 1010 m. Geographical Indication (GI) was obtained for Korkuteli Karyağdı Pear in 2018 (https://www.ci.gov.tr/cografi-isaretler/detay/38437). The most important distinguishing feature of Korkuteli Karyağdı Pear from other pear varieties is the absence of a sandy structure around the core. Another distinctive feature is that high productivity can be obtained without the need for any kind of pollinator. Approximately 11% of the pear production in Turkey (59405 tonnes) is produced in Korkuteli district (TurkStat, 2020).","turkey, antalya, altitude, detay, productivity, need, pollinator","http://www.wikidata.org/entity/Q43, http://www.wikidata.org/entity/Q6487, http://www.wikidata.org/entity/Q190200, http://www.wikidata.org/entity/Q6787336, http://www.wikidata.org/entity/Q2111958, http://www.wikidata.org/entity/Q190258, http://www.wikidata.org/entity/Q1141466","30.666666666666668","36.96666666666667","36.0","39.0"
"Mountain landscape and reference chains","The reference mountain chain of this VC is Bey mountains, Antalya. The reference mountain landscape of this VC is Korkuteli. Korkuteli is a district of Antalya Province in the Mediterranean region of Turkey, 56 km (35 mi) north-west of the city of Antalya.Korkuteli is an area of small plains and hills in the Bey Dağları, the western range of the Taurus Mountains, overlooking the Mediterranean sea. There are two distinct geographical areas of Korkuteli, of equal size: the lowland area nearer the coast has a hot Mediterranean climate, while the larger area of lakes higher up is cooler and less humid. The high country is covered with pine forest, while the lowland is used for agriculture; crops include grains, pulses and vegetable oil-seeds. There are trout in Korkuteli reservoir and other small lakes (Wikipedia,2021).","antalya province, turkey, reference, mountain, bey, antalya, mediterranean sea, vegetable oil","http://www.wikidata.org/entity/Q40249, http://www.wikidata.org/entity/Q43, http://www.wikidata.org/entity/Q121769, http://www.wikidata.org/entity/Q8502, http://www.wikidata.org/entity/Q181217, http://www.wikidata.org/entity/Q6487, http://www.wikidata.org/entity/Q4918, http://www.wikidata.org/entity/Q4739805","31.0","37.0","36.0","39.0"
"Key local assets","Natural: Karyağdı Pear is grown in an area of 2000 hectares in Korkuteli. Average farm size per household is 1 hectare. Karyağdı Pear is grown in orchards. Social: It is known that Korkuteli Karyağdı Pear has been produced since the 1950s and that there are pear trees over 65 years old in Korkuteli. Social interaction has a great effect on the growing of Karyağdı Pear farms in the region. Currently, the number of farmers dealing with Karyağdı pear cultivation in the region is 550. About the LAU: TR611-1483.","hectare, social, 1950s, number","http://www.wikidata.org/entity/Q35852, http://www.wikidata.org/entity/Q345367, http://www.wikidata.org/entity/Q36297, http://www.wikidata.org/entity/Q11563","30.203055555","37.075833333","36.0","39.0"
"Challenges","Korkuteli Karyağdı Pear producers have three major challenges. These are climate change, insufficient market demand and low product price. The biological balance in the region has been adversely affected due to climate change. For this reason, the pest population has increased in the region. Although Korkuteli Karyağdı Pear is a very high quality and special product, this product is less known in the market. In other words, market recognition of the product is poor. Therefore, the demand of Korkuteli Karyağdı Pear in the market is insufficient. This causes the product to be offered to the market at low prices. Overall the type of challenge faced by this VC is Current. This VC is classified as Traditional.","demand","http://www.wikidata.org/entity/Q4402708","30.203055555","37.075833333","36.0","39.0"
"Innovation","The type of innovation of this VC is unspecified. The innovation is related to the whole VC. The land use systems involved are Cropland. The local assets include Natural and social.","innovation","http://www.wikidata.org/entity/Q174165","30.203055555","37.075833333","36.0","39.0"
"Geography and population","The size of the area (km2) is 2471. The minimum altimetry of the LAU is 1020. The maximum altimetry of the LAU is 2000. The total population (in thousand) is 55.588. The population density (Inhabitants/km2) in the LAU is 22.5. The population change rate of the LAU in the last 10 years (%) has been 10.23%. The overall regional population density (Inhabitants/km2) is 89.5. The regional population change rate in the last 10 years (%) has been 21.23%.","population density","http://www.wikidata.org/entity/Q22856","30.203055555","37.075833333","36.0","39.0"
"Income and gross value added","The average per capita income (EUR/year) [NUTS3] is 9553.01. The total Gross Value Added (GVA) (EUR million/year) [NUTS3] is 22425.1. The primary sector share of total GVA/year [NUTS3] is 8.20%. The secondary sector share of total GVA/year [NUTS3] is 19.30%. The tertiary sector share of total GVA/year [NUTS3] is 69.00%. The per capita income (EUR/year) [NUTS2] is 8881.82. The total Gross Value Added (GVA) (EUR million/year) [NUTS2] is 25421.01. The primary sector share of total GVA/year [NUTS2] is 9.80%. The secondary sector share of total GVA/year [NUTS2] is 21.30%. The tertiary sector share of total GVA/year [NUTS2] is 66.50%.","gross value added, per capita income, year","http://www.wikidata.org/entity/Q994873, http://www.wikidata.org/entity/Q45918, http://www.wikidata.org/entity/Q577","30.203055555","37.075833333","36.0","39.0"
"Tourism","The total number of bed places (BPs) in tourist accommodations/year in the LAU is 599838. The regional (NUTS2) share of total BPs/year is 98.70%. The number of agricultural holdings in the LAU is 39533. The nearest settlement with population over 100000 (km) is 60. In this region protected areas are present.","number, bed, year","http://www.wikidata.org/entity/Q11563, http://www.wikidata.org/entity/Q42177, http://www.wikidata.org/entity/Q577","30.203055555","37.075833333","36.0","39.0"
"Employment","The primary sector share of total employment/year [NUTS3] is Medium. The secondary sector share of total employment/year [NUTS3] is Low. The tertiary sector share of total employment/year [NUTS3] is High. The primary sector share of total employment/year [NUTS2] is 17.30%. The secondary sector share of total employment/year [NUTS2] is 14.20%. The tertiary sector share of total employment/year [NUTS2] is 68.40%.","employment, year","http://www.wikidata.org/entity/Q656365, http://www.wikidata.org/entity/Q577","30.203055555","37.075833333","36.0","39.0"
"Concluding remarks","The VC is not present in other MRLs in the Member State. This value chain is only available in Turkey's MRLs list.","value chain","http://www.wikidata.org/entity/Q646107","30.203055555","37.075833333","36.0","39.0"
