title,description,objects,objectlinks,lon,lat,barycenter_lon,barycenter_lat
"Tea Leaves produce in Rize","The MOVING reference member state of this VC is TURKEY. The reference MOVING Card ID of this VC is VC 12 TR. The majority of tea plantations are small-scale family farms. In the province, 91% of all farmers are engaged in the cultivation of tea and for many it is their livelihood. Tea production is important for the economic and social development of the region and for preventing migration. The first tea processing plant was established in Rize in 1947. Processing and marketing of tea is carried out by General Directorate of Tea Enterprises (Çay-Kur) and by private companies. The tea sector is the most important source of employment in the region.","turkey, majority, tea, province, tea processing, plant, rize, marketing, employment","http://www.wikidata.org/entity/Q43, http://www.wikidata.org/entity/Q7382648, http://www.wikidata.org/entity/Q6097, http://www.wikidata.org/entity/Q34876, http://www.wikidata.org/entity/Q7691134, http://www.wikidata.org/entity/Q756, http://www.wikidata.org/entity/Q201101, http://www.wikidata.org/entity/Q39809, http://www.wikidata.org/entity/Q656365","40.516666666666666","41.016666666666666","36.0","39.0"
"Interest on this VC","Rize has a high reputation for its black tea. Tea is produced all over Rize Province, including the mountain areas. Rize Tea takes its most basic characteristics from climatic conditions. Tea production is the most important source of income for farmers. Organic tea production is increasing in the region. For organic production, tea plantations should located away from residential areas and altitude should not be less than 700 meters. In recent years, the Rainforest Alliance certified tea which is important for sustainable production increasing in Turkey.","rize province, turkey, rize, black tea, tea, mountain, altitude, rainforest alliance","http://www.wikidata.org/entity/Q483481, http://www.wikidata.org/entity/Q43, http://www.wikidata.org/entity/Q201101, http://www.wikidata.org/entity/Q203415, http://www.wikidata.org/entity/Q6097, http://www.wikidata.org/entity/Q8502, http://www.wikidata.org/entity/Q190200, http://www.wikidata.org/entity/Q2034373","40.84777777777778","40.931666666666665","36.0","39.0"
"Mountain landscape and reference chains","The reference mountain chain of this VC is Eastern Black Sea Mountains. The reference mountain landscape of this VC is Güneysu. Rize Province is in the eastern part of the Black Sea Region of Turkey. It has a humid, subtropical climate. The province is characterized by very rugged and mountainous terrain. Annual average temperature is 14 C and average annual rainfall is more than 2300 mm. Rize is the rainiest city in Turkey. The natural vegetation of the region consists of broad-leaved forest due to the high humidity and rainfall.","black sea, turkey, rize province, black, sea, province, terrain, rize, city, vegetation, forest, humidity","http://www.wikidata.org/entity/Q166, http://www.wikidata.org/entity/Q43, http://www.wikidata.org/entity/Q483481, http://www.wikidata.org/entity/Q23445, http://www.wikidata.org/entity/Q165, http://www.wikidata.org/entity/Q34876, http://www.wikidata.org/entity/Q186131, http://www.wikidata.org/entity/Q201101, http://www.wikidata.org/entity/Q515, http://www.wikidata.org/entity/Q187997, http://www.wikidata.org/entity/Q4421, http://www.wikidata.org/entity/Q180600","36.0","39.0","36.0","39.0"
"Key local assets","Geological and climatic conditions give the tea from Rize region a distinctive character. A large part of the region is covered with mountains.Rize tea has Geographical Indication from the Turkish Patent and Trademark Office. Tea plays an important part in Turkish culture and daily life. It is the most consumed beverage in Turkey. Serving tea to guests is part of Turkish tradition. About the LAU: 1796.","rize, turkey, tea, patent, trademark, office, life, tradition","http://www.wikidata.org/entity/Q201101, http://www.wikidata.org/entity/Q43, http://www.wikidata.org/entity/Q6097, http://www.wikidata.org/entity/Q253623, http://www.wikidata.org/entity/Q167270, http://www.wikidata.org/entity/Q182060, http://www.wikidata.org/entity/Q3, http://www.wikidata.org/entity/Q82821","40.516666666666666","41.016666666666666","36.0","39.0"
"Challenges","High production costs, ageing of tea plantations, difficulties in finding local and qualified laborers for harvesting, logistics problems in transporting tea leaves to processing plants due to the particular geography of the region and effects of climatic change. Overall the type of challenge faced by this VC is Current and Predicted. This VC is classified as Innovative.","","","40.916666666","40.65","36.0","39.0"
"Innovation","The type of innovation of this VC is unspecified. The innovation is related to the whole VC. The land use systems involved are Cropland. The local assets include Natural and cultural.","innovation","http://www.wikidata.org/entity/Q174165","40.916666666","40.65","36.0","39.0"
"Geography and population","The size of the area (km2) is 159. The minimum altimetry of the LAU is 152. The maximum altimetry of the LAU is approx. 2000. The total population (in thousand) is 15.159. The population density (Inhabitants/km2) in the LAU is 95.33962264. The population change rate of the LAU in the last 10 years (%) has been 17.97%. The overall regional population density (Inhabitants/km2) is 71.5. The regional population change rate in the last 10 years (%) has been 6.55%.","population density","http://www.wikidata.org/entity/Q22856","40.916666666","40.65","36.0","39.0"
"Income and gross value added","The average per capita income (EUR/year) [NUTS3] is 6200. The total Gross Value Added (GVA) (EUR million/year) [NUTS3] is 1890.4. The primary sector share of total GVA/year [NUTS3] is 16.50%. The secondary sector share of total GVA/year [NUTS3] is 39.00%. The tertiary sector share of total GVA/year [NUTS3] is 46.40%. The per capita income (EUR/year) [NUTS2] is 5500. The total Gross Value Added (GVA) (EUR million/year) [NUTS2] is 13455.13. The primary sector share of total GVA/year [NUTS2] is 13.50%. The secondary sector share of total GVA/year [NUTS2] is 31.90%. The tertiary sector share of total GVA/year [NUTS2] is 54.70%.","gross value added, per capita income, year","http://www.wikidata.org/entity/Q994873, http://www.wikidata.org/entity/Q45918, http://www.wikidata.org/entity/Q577","40.916666666","40.65","36.0","39.0"
"Tourism","The total number of bed places (BPs) in tourist accommodations/year in the LAU is 4627. The regional (NUTS2) share of total BPs/year is 22.50%. The number of agricultural holdings in the LAU is 11000. The nearest settlement with population over 100000 (km) is 16. In this region protected areas are not present.","number, bed, year","http://www.wikidata.org/entity/Q11563, http://www.wikidata.org/entity/Q42177, http://www.wikidata.org/entity/Q577","40.916666666","40.65","36.0","39.0"
"Employment","The primary sector share of total employment/year [NUTS3] is High. The secondary sector share of total employment/year [NUTS3] is Low. The tertiary sector share of total employment/year [NUTS3] is Medium. The primary sector share of total employment/year [NUTS2] is 45.40%. The secondary sector share of total employment/year [NUTS2] is 13.60%. The tertiary sector share of total employment/year [NUTS2] is 40.80%.","employment, year","http://www.wikidata.org/entity/Q656365, http://www.wikidata.org/entity/Q577","40.916666666","40.65","36.0","39.0"
"Concluding remarks","Turkey is among the world s leading tea producers, currently ranking sixth in terms of production volume.","turkey, world, tea","http://www.wikidata.org/entity/Q43, http://www.wikidata.org/entity/Q16502, http://www.wikidata.org/entity/Q6097","36.0","39.0","36.0","39.0"
