title,description,objects,objectlinks,lon,lat,barycenter_lon,barycenter_lat
"Goats - dairy products","The MOVING reference member state of this VC is CZECH REPUBLIC. The reference MOVING Card ID of this VC is VC 04 CZ. Farms - goat breeding, goat husbandry, grazing, perennial grassland management. Farms implement organic farming methods. Vast majority of farms process their own milk, produce dairy producsts and sell these products. Most farms operate in organic farming scheme. Typical marketing chanells include (sales on farm, farmers markets, farm shops in nearby towns). Regional and other quality labels are not so important. The 'goat products' represent a strong brand per se. Demand for such products is fairly high, consumers are willing to pay high premiums for such products.","czech republic, goat, grazing, grassland, management, majority, milk, dairy, demand","http://www.wikidata.org/entity/Q213, http://www.wikidata.org/entity/Q2934, http://www.wikidata.org/entity/Q3239189, http://www.wikidata.org/entity/Q1006733, http://www.wikidata.org/entity/Q2920921, http://www.wikidata.org/entity/Q7382648, http://www.wikidata.org/entity/Q8495, http://www.wikidata.org/entity/Q637776, http://www.wikidata.org/entity/Q4402708","16.0","50.0","16.0","50.0"
"Interest on this VC","Goat husbandry is less common in mountain areas than the cattle husbandry. The VC has become recently popular with the rising interest in alternative food chains. On farming level the farms located in nature protected areas implement specific grazing management. Goats are capable to utilize different plants in perennial grassland than cows. This gives them specific function in environmental managements. Vast majority of farms use organic farming methods. A typical business model consists of milk production as well as the processing and producting of dairy products (fresh cheese, youghurt, hard cheese etc. depending on the volume of milk which they produce). Farms are creating new marketing chanels for selling their products.","nature, grazing, management, grassland, majority","http://www.wikidata.org/entity/Q7860, http://www.wikidata.org/entity/Q3239189, http://www.wikidata.org/entity/Q2920921, http://www.wikidata.org/entity/Q1006733, http://www.wikidata.org/entity/Q7382648","13.993463467523092","49.00320044738421","16.0","50.0"
"Mountain landscape and reference chains","The reference mountain chain of this VC is Sumava - Cesky les. The reference mountain landscape of this VC is LAU 1 Prachatice. Prevailing area of the region (LAU 1 - Prachatice) consist of submontane highlands (with altitude 600-800 meters). Some settlements are located in the altitude around 800 meters. Climate conditions are affected by relatively high altitude of the region. The region is rich of forestsw, which cover 52 % of the region. Share of agricultural land (due to the high altitude) is above regional average (wthin NUTS 3 level). The region is highly attractive for tourist during WInter and Summer season due to the unique nature. The region includes two nature protected areas.","prachatice, altitude, climate, winter, summer, nature","http://www.wikidata.org/entity/Q327764, http://www.wikidata.org/entity/Q190200, http://www.wikidata.org/entity/Q7937, http://www.wikidata.org/entity/Q1311, http://www.wikidata.org/entity/Q1313, http://www.wikidata.org/entity/Q7860","13.9975","49.01305555555555","16.0","50.0"
"Key local assets","Sumava Mountains provide pictoresque landscape and unique natural assects, the regions has been partly abandoned during the socialist-era (1950s-1989). In the last 30 years many farms have been renewed based on the pre-WII tradition. The region is highly attractive for tourists in Winter as well Summer season. The goat farms and their products are highly attractive for tourists. Some of them offer also services in agro-tourism. About the LAU: CZ0315.","wii, tradition, winter, summer, goat","http://www.wikidata.org/entity/Q8079, http://www.wikidata.org/entity/Q82821, http://www.wikidata.org/entity/Q1311, http://www.wikidata.org/entity/Q1313, http://www.wikidata.org/entity/Q2934","13.993463467523092","49.00320044738421","16.0","50.0"
"Challenges","The goat farms usually manage smaller farm land in comparison to cattle farms. Land market (due to the available subsidies) is highly competetive. It is difficult for relatively smaller farms to increase farm size (if they want to), because the land is not avilable. Dairy products represent alternative food products in the eyes of consumers, because you can usually buy them in conventional supermarkets. Consumers have to attend farmers markets, sepcialized shops or travel directly to farms. The goat farms in this way plays important functions in connecting urban consumers with small-scale farms producing artisan and high-quality food products. The goat farms heavily rely on sufficent amount of grass. Recent years showed that in certain periods of dry Summer (e.g in year 2018) there might be a shortage of the feedstuff for animals. Overall the type of challenge faced by this VC is Current and Predicted. This VC is classified as Traditional and Innovative.","dairy, goat, farm, cattle, food, artisan","http://www.wikidata.org/entity/Q637776, http://www.wikidata.org/entity/Q2934, http://www.wikidata.org/entity/Q131596, http://www.wikidata.org/entity/Q830, http://www.wikidata.org/entity/Q2095, http://www.wikidata.org/entity/Q1294787","13.993463467523092","49.00320044738421","16.0","50.0"
"Innovation","The type of innovation of this VC is Endogenous and Exogenous. Innovation is associated with development of new food producst that are not so common in food menu of mainstream consumers. The innovation is related to New products and New marketing strategies. The land use systems involved are Natural land and grazing meadows and management of perennial grassland. The local assets include Natural and cultural.","innovation, food, menu, marketing, grassland","http://www.wikidata.org/entity/Q174165, http://www.wikidata.org/entity/Q2095, http://www.wikidata.org/entity/Q658274, http://www.wikidata.org/entity/Q39809, http://www.wikidata.org/entity/Q1006733","13.993463467523092","49.00320044738421","16.0","50.0"
"Geography and population","The size of the area (km2) is 1377. The minimum altimetry of the LAU is 410. The maximum altimetry of the LAU is 1378. The total population (in thousand) is 50.978. The population density (Inhabitants/km2) in the LAU is 37. The population change rate of the LAU in the last 10 years (%) has been -0.01%. The overall regional population density (Inhabitants/km2) is 69.7. The regional population change rate in the last 10 years (%) has been 2.02%.","population density","http://www.wikidata.org/entity/Q22856","13.993463467523092","49.00320044738421","16.0","50.0"
"Income and gross value added","The average per capita income (EUR/year) [NUTS3] is 9511.27. The total Gross Value Added (GVA) (EUR million/year) [NUTS3] is 9783.27. The primary sector share of total GVA/year [NUTS3] is 4.70%. The secondary sector share of total GVA/year [NUTS3] is 39.30%. The tertiary sector share of total GVA/year [NUTS3] is 56.00%. The per capita income (EUR/year) [NUTS2] is 9836.73. The total Gross Value Added (GVA) (EUR million/year) [NUTS2] is 19458.96. The primary sector share of total GVA/year [NUTS2] is 4.00%. The secondary sector share of total GVA/year [NUTS2] is 43.60%. The tertiary sector share of total GVA/year [NUTS2] is 52.40%.","gross value added, per capita income, year","http://www.wikidata.org/entity/Q994873, http://www.wikidata.org/entity/Q45918, http://www.wikidata.org/entity/Q577","13.993463467523092","49.00320044738421","16.0","50.0"
"Tourism","The total number of bed places (BPs) in tourist accommodations/year in the LAU is 62533. The regional (NUTS2) share of total BPs/year is 0.67%. The number of agricultural holdings in the LAU is 4971. The nearest settlement with population over 100000 (km) is 150. In this region protected areas are present.","number, bed, year","http://www.wikidata.org/entity/Q11563, http://www.wikidata.org/entity/Q42177, http://www.wikidata.org/entity/Q577","13.993463467523092","49.00320044738421","16.0","50.0"
"Employment","The primary sector share of total employment/year [NUTS3] is 5.50%. The secondary sector share of total employment/year [NUTS3] is 40.60%. The tertiary sector share of total employment/year [NUTS3] is 53.90%. The primary sector share of total employment/year [NUTS2] is 3.70%. The secondary sector share of total employment/year [NUTS2] is 40.40%. The tertiary sector share of total employment/year [NUTS2] is 26.60%.","employment, year","http://www.wikidata.org/entity/Q656365, http://www.wikidata.org/entity/Q577","13.993463467523092","49.00320044738421","16.0","50.0"
"Concluding remarks","It is likely that the VCs spans over the country borders. Similar examples can be thus found in Germany and Austria.","germany, austria","http://www.wikidata.org/entity/Q183, http://www.wikidata.org/entity/Q40","10.0","51.0","16.0","50.0"
