title,description,objects,objectlinks,lon,lat,barycenter_lon,barycenter_lat
"Aydın Chesnut is an agriicultural product that is consumed fresh","The MOVING reference member state of this VC is TURKEY. The reference MOVING Card ID of this VC is VC 16 TR. The pick up activity of chestnuts is done by small family farms using with special pole/stake while the rosted, peeled and the process is done by cooperatives and firms, with specific rules. It has Geographical indications which add distinctive character to local products, and so officially registered authenticity and added value of products create value for local economy. The largest chestnut market of the region is in district of Köşk. There are local festivals dedicated to chestnut. The perspectives of the product bring together the farmers, the local government, cooperatives and small firms of standardization, packaging, promotion and marketing.","turkey","http://www.wikidata.org/entity/Q43","36.0","39.0","36.0","39.0"
"Interest on this VC","Chestnut trees thrive in the north mountain areas of Aydın, from 650 meters to 1 500 meters. The size of the fruit which is an important criterion, chestnuts that are grown in Aydın, are considerably big in size. In addition to that, Aydın chestnut which is registered with geographical indications makes Turkey one of the most important chestnut supplier in the world. Small scale family farmers pick up chestnuts ( predominantly women labor) and sell to wholesale market. Chestnut trees grown up naturally are not used pesticides or artificial fertilizers. The chestnut tree performs various functions such as naturalistic, high quality product, high reputation product, territorial identity, cultural identity.","turkey, fruit, addition, world, tree","http://www.wikidata.org/entity/Q43, http://www.wikidata.org/entity/Q1364, http://www.wikidata.org/entity/Q32043, http://www.wikidata.org/entity/Q16502, http://www.wikidata.org/entity/Q10884","36.0","39.0","36.0","39.0"
"Mountain landscape and reference chains","The reference mountain chain of this VC is Aydın. The reference mountain landscape of this VC is Bozdoğan. Aydın Province is a province of southwestern Turkey, located in the Aegean Region. The rich flora of the province provides significant opportunities for plant observation by botanists and enthusiasts. The central and western parts of the province are fertile plains watered by the largest river in the Aegean region the Büyük Menderes River, with the Aydın Mountains to the north and the Menteşe Mountains to the south.The major sources of income are agriculture and tourism. Aydın is Turkey's leading producer of figs and chestnuts (Wikipedia,2021).","turkey, reference, mountain, province, aegean region, flora, plant, observation, river, büyük menderes river, north, south","http://www.wikidata.org/entity/Q43, http://www.wikidata.org/entity/Q121769, http://www.wikidata.org/entity/Q8502, http://www.wikidata.org/entity/Q34876, http://www.wikidata.org/entity/Q155564, http://www.wikidata.org/entity/Q131449, http://www.wikidata.org/entity/Q756, http://www.wikidata.org/entity/Q193181, http://www.wikidata.org/entity/Q4022, http://www.wikidata.org/entity/Q211089, http://www.wikidata.org/entity/Q659, http://www.wikidata.org/entity/Q667","29.0","38.0","36.0","39.0"
"Key local assets","The storage of chestnuts in Aydın Province is a cultural process that is different from other regions. The chestnuts are traditionally collected from the orchards with their burrs under the trees and are stored in environments called pile by covering them with plants such as ferns. Chestnut is very important and valuable fruit for local people says that chestnuts are 'bread of mountains'. About the LAU: 1206.","province, fruit, people, bread","http://www.wikidata.org/entity/Q34876, http://www.wikidata.org/entity/Q1364, http://www.wikidata.org/entity/Q2472587, http://www.wikidata.org/entity/Q7802","28.310277777","37.672777777","36.0","39.0"
"Challenges","Chestnut is both picked up naturally and done agriculture in Aydın. The major problem is chestnut blight (Cryphonectria parasitica). This diseases are seen especially picked up chestnut naturally. Since about 30 years, the yield of chestnut trees has started to decline due to diseases (especially Cryphonectria parasitica and Phytophthor a cambivor a Petrl ). Mostly, chestnuts are picked up by women and childs. This is shown that lack of professionalism. Actually, chestnut trees are mostly organic, but farmers haven't got an organic certificated. Overall the type of challenge faced by this VC is Current. This VC is classified as Traditional.","agriculture, problem, cryphonectria, parasitica","http://www.wikidata.org/entity/Q11451, http://www.wikidata.org/entity/Q621184, http://www.wikidata.org/entity/Q5190584, http://www.wikidata.org/entity/Q43303344","28.310277777","37.672777777","36.0","39.0"
"Innovation","The type of innovation of this VC is unspecified. The innovation is related to the whole VC. The land use systems involved are Cropland and Forestry. The local assets include Natural and cultural.","innovation","http://www.wikidata.org/entity/Q174165","28.310277777","37.672777777","36.0","39.0"
"Geography and population","The size of the area (km2) is 859. The minimum altimetry of the LAU is 350. The maximum altimetry of the LAU is 1792. The total population (in thousand) is 33.056. The population density (Inhabitants/km2) in the LAU is 38.48195576. The population change rate of the LAU in the last 10 years (%) has been -6.48%. The overall regional population density (Inhabitants/km2) is 85.2. The regional population change rate in the last 10 years (%) has been 13.71%.","population density","http://www.wikidata.org/entity/Q22856","28.310277777","37.672777777","36.0","39.0"
"Income and gross value added","The average per capita income (EUR/year) [NUTS3] is 5800. The total Gross Value Added (GVA) (EUR million/year) [NUTS3] is 5629.6. The primary sector share of total GVA/year [NUTS3] is 16.30%. The secondary sector share of total GVA/year [NUTS3] is 31.90%. The tertiary sector share of total GVA/year [NUTS3] is 52.80%. The per capita income (EUR/year) [NUTS2] is 7300. The total Gross Value Added (GVA) (EUR million/year) [NUTS2] is 20539.22. The primary sector share of total GVA/year [NUTS2] is 13.50%. The secondary sector share of total GVA/year [NUTS2] is 37.50%. The tertiary sector share of total GVA/year [NUTS2] is 52.90%.","gross value added, per capita income, year","http://www.wikidata.org/entity/Q994873, http://www.wikidata.org/entity/Q45918, http://www.wikidata.org/entity/Q577","28.310277777","37.672777777","36.0","39.0"
"Tourism","The total number of bed places (BPs) in tourist accommodations/year in the LAU is 41220. The regional (NUTS2) share of total BPs/year is 83.80%. The number of agricultural holdings in the LAU is 51000. The nearest settlement with population over 100000 (km) is 74. In this region protected areas are not present.","number, bed, year","http://www.wikidata.org/entity/Q11563, http://www.wikidata.org/entity/Q42177, http://www.wikidata.org/entity/Q577","28.310277777","37.672777777","36.0","39.0"
"Employment","The primary sector share of total employment/year [NUTS3] is medium. The secondary sector share of total employment/year [NUTS3] is low. The tertiary sector share of total employment/year [NUTS3] is high. The primary sector share of total employment/year [NUTS2] is 26.50%. The secondary sector share of total employment/year [NUTS2] is 19.50%. The tertiary sector share of total employment/year [NUTS2] is 54.00%.","employment, year","http://www.wikidata.org/entity/Q656365, http://www.wikidata.org/entity/Q577","28.310277777","37.672777777","36.0","39.0"
"Concluding remarks","Chestnuts are included in other MRLs in the Member State such as France, Greece, Italy, Portugal but candied chestnuts are not present in other's countries list. Aydın chestnut is a special type in terms of color, size and brightness of fruit. Turkey is among the world's leading producers and exporters of chestnuts (Castanea sativa). Turkey ranks 2nd in the world export quantity (14383 tonnes), 4th in the world production (72655 tonnes) (FAO, 2019).","france, greece, italy, portugal, turkey","http://www.wikidata.org/entity/Q142, http://www.wikidata.org/entity/Q41, http://www.wikidata.org/entity/Q38, http://www.wikidata.org/entity/Q45, http://www.wikidata.org/entity/Q43","23.0","38.5","36.0","39.0"
