title,description,objects,objectlinks,lon,lat,barycenter_lon,barycenter_lat
"It is a traditional local cheese from goat and sheep milk","The MOVING reference member state of this VC is TURKEY. The reference MOVING Card ID of this VC is VC 18 TR. The feeding and milking activity of sheep and goat are caried out by small family farms. Cheese is ripened originally in dried goat or sheep skin. This is very unique and traditional production method that gives special taste to cheese. Some breeders sell raw milk to cooperatives or dairy firms to be processed.The perspectives of the product bring together the farmers, the local government, cooperatives and firms, packaging, promotion and marketing.","turkey, sheep, goat, cheese, skin, raw milk","http://www.wikidata.org/entity/Q43, http://www.wikidata.org/entity/Q7368, http://www.wikidata.org/entity/Q2934, http://www.wikidata.org/entity/Q10943, http://www.wikidata.org/entity/Q1074, http://www.wikidata.org/entity/Q513631","36.0","39.0","36.0","39.0"
"Interest on this VC","Transhumance in Turkey is widely seen as a form of livestock. Smal scale farmers who have got avarage 150-200 sheep/goat herds produce cheese in highland of Madra mountains and sell in district bazaar while some farmers sell raw milk to processors like cooperatives or dairy firms. Bergama Tulum cheese originates in Turkish culture and is traditionally made by being placed into handmade dried goat or sheep skin.","turkey, transhumance, sheep, goat, cheese, highland, madra mountains, bazaar, raw milk, dairy, bergama, tulum cheese, skin","http://www.wikidata.org/entity/Q43, http://www.wikidata.org/entity/Q4657754, http://www.wikidata.org/entity/Q7368, http://www.wikidata.org/entity/Q2934, http://www.wikidata.org/entity/Q10943, http://www.wikidata.org/entity/Q878223, http://www.wikidata.org/entity/Q4833452, http://www.wikidata.org/entity/Q219760, http://www.wikidata.org/entity/Q513631, http://www.wikidata.org/entity/Q637776, http://www.wikidata.org/entity/Q737822, http://www.wikidata.org/entity/Q3183584, http://www.wikidata.org/entity/Q1074","27.221666666666668","39.365","36.0","39.0"
"Mountain landscape and reference chains","The reference mountain chain of this VC is Bergama, İzmir. The reference mountain landscape of this VC is Bergama. Bergama is district of İzmir Province in western Turkey. Bergama center is situated at a distance of 118 km (73 mi) to the north from the point of departure of the traditional center of İzmir (Wikipedia,2021).","turkey, reference, mountain, bergama, landscape, province, distance, north, wikipedia","http://www.wikidata.org/entity/Q43, http://www.wikidata.org/entity/Q121769, http://www.wikidata.org/entity/Q8502, http://www.wikidata.org/entity/Q737822, http://www.wikidata.org/entity/Q107425, http://www.wikidata.org/entity/Q34876, http://www.wikidata.org/entity/Q126017, http://www.wikidata.org/entity/Q659, http://www.wikidata.org/entity/Q52","27.178333333333335","39.12277777777778","36.0","39.0"
"Key local assets","Bergama is an important district to sheep and goat farming associated with mountain farming, especially in higher regions in İzmir. Totaly 140387 sheeps and 21938 goats exist in Bergama (TurkStat, 2021). The altitude, local animals, traditional process, give to these cheese a lot of character, that it has got outstanding taste award which is important to gastronomy tourism. Agriculture and tourism sectors are interconnected in the area. The aim is to increase the production of Bergama tulum cheese, protect of pastoral farming and traditional taste. About the LAU: TR310-1181.","bergama, agriculture, cheese, taste, tourism, tulum cheese","http://www.wikidata.org/entity/Q737822, http://www.wikidata.org/entity/Q11451, http://www.wikidata.org/entity/Q10943, http://www.wikidata.org/entity/Q124794, http://www.wikidata.org/entity/Q49389, http://www.wikidata.org/entity/Q3183584","27.178333333333335","39.12277777777778","36.0","39.0"
"Challenges","In recent years, the decreasing importance of grazing animals in pasture lands due to changing social, cultural and economical conditions and the perpetual decline in the population of rural settlements through immigration; have caused the traditional transhumance to lose its importance. Sheep and goat farming in pasture lands is decreasing because of economical conditions. High feed costs in the region are the most important challenges. The local people are willing and insistent on sustaining traditional transhumance, a longer term preservation of the traditional culture itself against modernization process is not to be seen possible. Overall the type of challenge faced by this VC is Current and Predicted. This VC is classified as Traditional.","importance, grazing, pasture, immigration, transhumance, people, modernization","http://www.wikidata.org/entity/Q16886469, http://www.wikidata.org/entity/Q3239189, http://www.wikidata.org/entity/Q30121, http://www.wikidata.org/entity/Q131288, http://www.wikidata.org/entity/Q4657754, http://www.wikidata.org/entity/Q2472587, http://www.wikidata.org/entity/Q878526","27.1777296","39.1191544","36.0","39.0"
"Innovation","The type of innovation of this VC is unspecified. Organic honey production. The innovation is related to the whole VC. The land use systems involved are Grassland and Natural land. The local assets include Natural and cultural.","innovation, grassland","http://www.wikidata.org/entity/Q174165, http://www.wikidata.org/entity/Q1006733","27.1777296","39.1191544","36.0","39.0"
"Geography and population","The size of the area (km2) is 1544. The minimum altimetry of the LAU is 0. The maximum altimetry of the LAU is 1344. The total population (in thousand) is 104.944. The population density (Inhabitants/km2) in the LAU is 67.96891192. The population change rate of the LAU in the last 10 years (%) has been 3.74%. The overall regional population density (Inhabitants/km2) is 329.4. The regional population change rate in the last 10 years (%) has been 10.83%.","population density","http://www.wikidata.org/entity/Q22856","27.1777296","39.1191544","36.0","39.0"
"Income and gross value added","The average per capita income (EUR/year) [NUTS3] is 9600. The total Gross Value Added (GVA) (EUR million/year) [NUTS3] is 37093.1. The primary sector share of total GVA/year [NUTS3] is 44.00%. The secondary sector share of total GVA/year [NUTS3] is 53.60%. The tertiary sector share of total GVA/year [NUTS3] is 54.60%. The per capita income (EUR/year) [NUTS2] is 9500. The total Gross Value Added (GVA) (EUR million/year) [NUTS2] is 37271.31. The primary sector share of total GVA/year [NUTS2] is 4.40%. The secondary sector share of total GVA/year [NUTS2] is 53.60%. The tertiary sector share of total GVA/year [NUTS2] is 54.60%.","gross value added, per capita income, year","http://www.wikidata.org/entity/Q994873, http://www.wikidata.org/entity/Q45918, http://www.wikidata.org/entity/Q577","27.1777296","39.1191544","36.0","39.0"
"Tourism","The total number of bed places (BPs) in tourist accommodations/year in the LAU is 51356. The regional (NUTS2) share of total BPs/year is 100.00%. The number of agricultural holdings in the LAU is 49788. The nearest settlement with population over 100000 (km) is 107. In this region protected areas are not present.","number, bed, year","http://www.wikidata.org/entity/Q11563, http://www.wikidata.org/entity/Q42177, http://www.wikidata.org/entity/Q577","27.1777296","39.1191544","36.0","39.0"
"Employment","The primary sector share of total employment/year [NUTS3] is 9.30%. The secondary sector share of total employment/year [NUTS3] is 31.00%. The tertiary sector share of total employment/year [NUTS3] is 59.70%. The primary sector share of total employment/year [NUTS2] is 9.30%. The secondary sector share of total employment/year [NUTS2] is 31.00%. The tertiary sector share of total employment/year [NUTS2] is 59.70%.","employment, year","http://www.wikidata.org/entity/Q656365, http://www.wikidata.org/entity/Q577","27.1777296","39.1191544","36.0","39.0"
"Concluding remarks","Cheese which is made from goat and sheep milk is included in other MRLs in the Member State such as Serbia, Spain, Switzerland. However, Bergama tulum cheese is special kindf of cheese made by being placed into handmade dried goat or sheep skin.","serbia, spain, switzerland, cheese, goat, sheep milk, bergama, tulum cheese, sheep, skin","http://www.wikidata.org/entity/Q403, http://www.wikidata.org/entity/Q29, http://www.wikidata.org/entity/Q39, http://www.wikidata.org/entity/Q10943, http://www.wikidata.org/entity/Q2934, http://www.wikidata.org/entity/Q2736146, http://www.wikidata.org/entity/Q737822, http://www.wikidata.org/entity/Q3183584, http://www.wikidata.org/entity/Q7368, http://www.wikidata.org/entity/Q1074","20.933333333333334","43.95","36.0","39.0"
