title,description,objects,objectlinks,lon,lat,barycenter_lon,barycenter_lat
"Sheep wool","The MOVING reference member state of this VC is CZECH REPUBLIC. The reference MOVING Card ID of this VC is VC 13 CZ. Sheep husbandry has got a long tradition within the Sumava region. The VCs spans over all important activities - from breeding, husbandry, processing food and products towards marketing. The VC contributes to a typical image of the Sumava region. Due to a economic risk associated with sheep husbandry, the sheep are often kept on farms with other animals (cattle and/or goats). Since the different groups of ruminant utilize different groups of plants, farmers can manage various types of plots include those located in nature protected areas.","reference, czech republic, tradition, food, marketing, risk, sheep, cattle, ruminant","http://www.wikidata.org/entity/Q121769, http://www.wikidata.org/entity/Q213, http://www.wikidata.org/entity/Q82821, http://www.wikidata.org/entity/Q2095, http://www.wikidata.org/entity/Q39809, http://www.wikidata.org/entity/Q104493, http://www.wikidata.org/entity/Q7368, http://www.wikidata.org/entity/Q830, http://www.wikidata.org/entity/Q842175","16.0","50.0","16.0","50.0"
"Interest on this VC","Sheep husbandry is a traditional farm activity located in Sumava region. The region is associated with a special breed of sheep 'Sumavska ovce/Sumava sheep', which belong to a catalogue of the world genofond of endangered farm animals. Sumava sheep can produce milk, meat and wool. Sheep husbandry is a traditinal farm activity that valorizes natural (grazing management), cultural (history and traditon of the sheep breed) and symbolic local resources (tourism) of the Sumava region. However, the traditional products from the sheep farms have been substituted by other goods, so there not a stable demand for the sheep products (namely meat and wool). Farms are creating new marketing chanels for selling their products.","farm, breed, sheep, meat, wool","http://www.wikidata.org/entity/Q131596, http://www.wikidata.org/entity/Q38829, http://www.wikidata.org/entity/Q7368, http://www.wikidata.org/entity/Q10990, http://www.wikidata.org/entity/Q42329","13.993463467523092","49.00320044738421","16.0","50.0"
"Mountain landscape and reference chains","The reference mountain chain of this VC is Sumava - Cesky les. The reference mountain landscape of this VC is LAU 1 Prachatice. Prevailing area of the region (LAU 1 - Prachatice) consist of submontane highlands (with altitude 600-800 meters). Some settlements are located in the altitude around 800 meters. Climate conditions are affected by relatively high altitude of the region. The region is rich of forestsw, which cover 52 % of the region. Share of agricultural land (due to the high altitude) is above regional average (wthin NUTS 3 level). The region is highly attractive for tourist during WInter and Summer season due to the unique nature. The region includes two nature protected areas.","prachatice, altitude, climate, winter, summer, nature","http://www.wikidata.org/entity/Q327764, http://www.wikidata.org/entity/Q190200, http://www.wikidata.org/entity/Q7937, http://www.wikidata.org/entity/Q1311, http://www.wikidata.org/entity/Q1313, http://www.wikidata.org/entity/Q7860","13.9975","49.01305555555555","16.0","50.0"
"Key local assets","Sumava Mountains provide pictoresque landscape and unique natural assects, the regions has been partly abandoned during the socialist-era (1950s-1989). In the last 30 years many farms have been renewed based on the pre-WII tradition. The region is highly attractive for tourists in Winter as well Summer season. The sheep farms and their products are highly attractive for tourists. Some of them offer also services in agro-tourism. About the LAU: CZ0315.","wii, tradition, winter, summer, sheep","http://www.wikidata.org/entity/Q8079, http://www.wikidata.org/entity/Q82821, http://www.wikidata.org/entity/Q1311, http://www.wikidata.org/entity/Q1313, http://www.wikidata.org/entity/Q7368","13.993463467523092","49.00320044738421","16.0","50.0"
"Challenges","The VC is firmy embedded and the region and relies on local resources. Sheep farms are important providers of ecosystem services. (1) The VC faces economic challenges, the farms rely on agricultural subsidies. (2) The VCs is also vulnerable due to the ongoing climate changes. Dry seasons result in shortage of water that reduce availability of grass (hay). These changes may threaten farms with large herds that may not be able to secure enoough feedstuff for the sheep. (3) Farms are often located in nature protected areas (or nearby). There areas are also a home for some predators, such as wolves, that have ben re-introduced by humans. The predators are protected, however, they often cause damages to sheep farms. A present challenge is thus finding a balance between the environmental and economics interests that would enable to purseue the goals of the both sides. Overall the type of challenge faced by this VC is Current and Predicted. This VC is classified as Traditional and Innovative.","sheep, providers, climate, nature, home, damages","http://www.wikidata.org/entity/Q7368, http://www.wikidata.org/entity/Q7252538, http://www.wikidata.org/entity/Q7937, http://www.wikidata.org/entity/Q7860, http://www.wikidata.org/entity/Q7743, http://www.wikidata.org/entity/Q308922","13.993463467523092","49.00320044738421","16.0","50.0"
"Innovation","The type of innovation of this VC is unspecified. Due to a fairly low demand for sheep products (meat and wool) that farms have to aim on innovations in area of marketing. The innovation is related to New marketing strategies. The land use systems involved are Natural land and grazing meadows and management of perennial grassland. The local assets include Natural and cultural.","innovation, demand, sheep, meat, wool, marketing, grassland","http://www.wikidata.org/entity/Q174165, http://www.wikidata.org/entity/Q4402708, http://www.wikidata.org/entity/Q7368, http://www.wikidata.org/entity/Q10990, http://www.wikidata.org/entity/Q42329, http://www.wikidata.org/entity/Q39809, http://www.wikidata.org/entity/Q1006733","13.993463467523092","49.00320044738421","16.0","50.0"
"Geography and population","The size of the area (km2) is 1377. The minimum altimetry of the LAU is 410. The maximum altimetry of the LAU is 1378. The total population (in thousand) is 50.978. The population density (Inhabitants/km2) in the LAU is 37. The population change rate of the LAU in the last 10 years (%) has been -0.01%. The overall regional population density (Inhabitants/km2) is 69.7. The regional population change rate in the last 10 years (%) has been 2.02%.","population density","http://www.wikidata.org/entity/Q22856","13.993463467523092","49.00320044738421","16.0","50.0"
"Income and gross value added","The average per capita income (EUR/year) [NUTS3] is 9511.27. The total Gross Value Added (GVA) (EUR million/year) [NUTS3] is 9783.27. The primary sector share of total GVA/year [NUTS3] is 4.70%. The secondary sector share of total GVA/year [NUTS3] is 39.30%. The tertiary sector share of total GVA/year [NUTS3] is 56.00%. The per capita income (EUR/year) [NUTS2] is 9836.73. The total Gross Value Added (GVA) (EUR million/year) [NUTS2] is 19458.96. The primary sector share of total GVA/year [NUTS2] is 4.00%. The secondary sector share of total GVA/year [NUTS2] is 43.60%. The tertiary sector share of total GVA/year [NUTS2] is 52.40%.","gross value added, per capita income, year","http://www.wikidata.org/entity/Q994873, http://www.wikidata.org/entity/Q45918, http://www.wikidata.org/entity/Q577","13.993463467523092","49.00320044738421","16.0","50.0"
"Tourism","The total number of bed places (BPs) in tourist accommodations/year in the LAU is 62533. The regional (NUTS2) share of total BPs/year is 0.67%. The number of agricultural holdings in the LAU is 4971. The nearest settlement with population over 100000 (km) is 150. In this region protected areas are present.","number, bed, year","http://www.wikidata.org/entity/Q11563, http://www.wikidata.org/entity/Q42177, http://www.wikidata.org/entity/Q577","13.993463467523092","49.00320044738421","16.0","50.0"
"Employment","The primary sector share of total employment/year [NUTS3] is 5.50%. The secondary sector share of total employment/year [NUTS3] is 40.60%. The tertiary sector share of total employment/year [NUTS3] is 53.90%. The primary sector share of total employment/year [NUTS2] is 3.70%. The secondary sector share of total employment/year [NUTS2] is 40.40%. The tertiary sector share of total employment/year [NUTS2] is 26.60%.","employment, year","http://www.wikidata.org/entity/Q656365, http://www.wikidata.org/entity/Q577","13.993463467523092","49.00320044738421","16.0","50.0"
"Concluding remarks","The classic breed of the regional sheep is also kept on farms in Germany.","germany, breed, sheep","http://www.wikidata.org/entity/Q183, http://www.wikidata.org/entity/Q38829, http://www.wikidata.org/entity/Q7368","10.0","51.0","16.0","50.0"
