title,description,objects,objectlinks,lon,lat,barycenter_lon,barycenter_lat
"Smoked meat and sausages","The MOVING reference member state of this VC is CZECH REPUBLIC. The reference MOVING Card ID of this VC is VC 18 CZ. Producers are not necessarily located in the mountains. However this business is mostly associated with livestock farms that strive for diversification and valorization of their production. The most succesful meat producers find their customers in nearby towns and large cities. The typical marketing chanels inlclude farm shops, farmers markets and on-farm sales. The VCs is linked with other VCs described previously, since the meat products can use different types of meat (beef, goat, sheep). Combination of these assets create powerful synergies that enable to valorize local resources and contribute to local production and consumption of food with many positive impacts.","czech republic, business, livestock, meat, combination, food","http://www.wikidata.org/entity/Q213, http://www.wikidata.org/entity/Q4830453, http://www.wikidata.org/entity/Q103459, http://www.wikidata.org/entity/Q10990, http://www.wikidata.org/entity/Q202805, http://www.wikidata.org/entity/Q2095","16.0","50.0","16.0","50.0"
"Interest on this VC","Meat production represensts a specific part of the food production sector. The VCs valorizes natural and symbolic values associated with the mountain region. The VC is a classic example of the alternative food network. Most of the meat production is carried out on farms that specialize in animal husbandry. Processing their farm products enables farms to gain higher added value from their farming activities. Meat products from such VCs are currently highly attractive even for mainstream consumers. Producerts are creating new marketing chanels for selling their products and try to valorize symbolic features of the mountain region (such as 'pure nature', 'traditions' etc.).","meat, mountain, animal husbandry, farm","http://www.wikidata.org/entity/Q10990, http://www.wikidata.org/entity/Q8502, http://www.wikidata.org/entity/Q80962, http://www.wikidata.org/entity/Q131596","13.305087540081216","49.399270301749844","16.0","50.0"
"Mountain landscape and reference chains","The reference mountain chain of this VC is Sumava - Cesky les. The reference mountain landscape of this VC is LAU 1 Klatovy. Moountainm Reference Landscape is very diverse. The area of the region (LAU 1 Klatovy) is covered by 46 % by agricultural land. About 55 % of the agricultural land is arable. Lower areas of the region (LAU 1) are suitable for relatively intense production of crops (including wheat and rape seeds). Upper areas are suitable for potato production. The south-western borders of the region neigbor the Germany. This is the area of the Sumava mountains. Due to the large share of the areas with high altitude there are many areas covered with forests. About 43 % of the region's areas are covered with forests.","germany, reference, mountain, klatovy","http://www.wikidata.org/entity/Q183, http://www.wikidata.org/entity/Q121769, http://www.wikidata.org/entity/Q8502, http://www.wikidata.org/entity/Q602976","10.0","51.0","16.0","50.0"
"Key local assets","Sumava Mountains provide pictoresque landscape and unique natural assects, the regions has been partly abandoned during the socialist-era (1950s-1989). In the last 30 years many farms have been renewed based on the pre-WII tradition. The region is highly attractive for tourists in Winter as well Summer season. The producers of the meat products use these images in names of their producst and description. In this way they valorize symbolic resources of the given mountain region. About the LAU: CZ0322.","wii, winter, summer, mountain","http://www.wikidata.org/entity/Q8079, http://www.wikidata.org/entity/Q1311, http://www.wikidata.org/entity/Q1313, http://www.wikidata.org/entity/Q8502","13.305087540081216","49.399270301749844","16.0","50.0"
"Challenges","Main challenges are associated with (1) marketing of the products and (2) hygienic rules that require very high investment costs. Most of the succesful meat producers rely on quality meat inputs from their own farms. The challenges of this VCs are thus similar to the challenges related to VCs that consists of the cattle husbandry. Overall the type of challenge faced by this VC is Current. This VC is classified as Traditional.","marketing, investment, cattle","http://www.wikidata.org/entity/Q39809, http://www.wikidata.org/entity/Q4290, http://www.wikidata.org/entity/Q830","13.305087540081216","49.399270301749844","16.0","50.0"
"Innovation","The type of innovation of this VC is unspecified. Innovation is associated with development of new food producst that emphasize food quality in symbolic (process-based) and substantial (product-based) meaning. The innovation is related to the whole VC. The land use systems involved are Grassland and Forestry. The local assets include Cultural.","innovation, food, grassland","http://www.wikidata.org/entity/Q174165, http://www.wikidata.org/entity/Q2095, http://www.wikidata.org/entity/Q1006733","13.305087540081216","49.399270301749844","16.0","50.0"
"Geography and population","The size of the area (km2) is 1946. The minimum altimetry of the LAU is 250. The maximum altimetry of the LAU is 1370. The total population (in thousand) is 86.405. The population density (Inhabitants/km2) in the LAU is 44. The population change rate of the LAU in the last 10 years (%) has been -2.60%. The overall regional population density (Inhabitants/km2) is 69.7. The regional population change rate in the last 10 years (%) has been 2.02%.","population density","http://www.wikidata.org/entity/Q22856","13.305087540081216","49.399270301749844","16.0","50.0"
"Income and gross value added","The average per capita income (EUR/year) [NUTS3] is 10193. The total Gross Value Added (GVA) (EUR million/year) [NUTS3] is 9675.69. The primary sector share of total GVA/year [NUTS3] is 4.70%. The secondary sector share of total GVA/year [NUTS3] is 39.00%. The tertiary sector share of total GVA/year [NUTS3] is 56.30%. The per capita income (EUR/year) [NUTS2] is 9836.73. The total Gross Value Added (GVA) (EUR million/year) [NUTS2] is 19458.96. The primary sector share of total GVA/year [NUTS2] is 4.00%. The secondary sector share of total GVA/year [NUTS2] is 43.60%. The tertiary sector share of total GVA/year [NUTS2] is 52.40%.","gross value added, per capita income, year","http://www.wikidata.org/entity/Q994873, http://www.wikidata.org/entity/Q45918, http://www.wikidata.org/entity/Q577","13.305087540081216","49.399270301749844","16.0","50.0"
"Tourism","The total number of bed places (BPs) in tourist accommodations/year in the LAU is 30828. The regional (NUTS2) share of total BPs/year is 0.33%. The number of agricultural holdings in the LAU is 3183. The nearest settlement with population over 100000 (km) is 85. In this region protected areas are present.","number, bed, year","http://www.wikidata.org/entity/Q11563, http://www.wikidata.org/entity/Q42177, http://www.wikidata.org/entity/Q577","13.305087540081216","49.399270301749844","16.0","50.0"
"Employment","The primary sector share of total employment/year [NUTS3] is 3.00%. The secondary sector share of total employment/year [NUTS3] is 41.00%. The tertiary sector share of total employment/year [NUTS3] is 56.00%. The primary sector share of total employment/year [NUTS2] is 3.70%. The secondary sector share of total employment/year [NUTS2] is 40.40%. The tertiary sector share of total employment/year [NUTS2] is 26.60%.","employment, year","http://www.wikidata.org/entity/Q656365, http://www.wikidata.org/entity/Q577","13.305087540081216","49.399270301749844","16.0","50.0"
"Concluding remarks","","","","13.305087540081216","49.399270301749844","16.0","50.0"
