title,description,objects,objectlinks,lon,lat,barycenter_lon,barycenter_lat
"Clairette de Die - Wine production targeted towards export","The MOVING reference member state of this VC is FRANCE CCVD. The reference MOVING Card ID of this VC is VC 04 FR1. Clairette de Die is a AOC sparkling white wine in 32 municipalities of the Drome Valley. In 1971, the method of production of Clairette de Die wine was officially recognised as the 'ancestral process'. Nowadays, Clairette de Die 71 644 hl of Clairette de Die are poduced each year by more than 300 operators and through large cooperative. Clairette de Die production is mainly large conventional monoculture and represents an increasing part of cultivated surfaces which present a challenge in term of biodiversity, water supply, land use and installation of new actors. However, almost 20% of Clairette de Die is organic production today, thanks to a policy of 'aid to conversion' proposed by the AOP. Clairette de Die is currently facing a structural crisis: sales decrease and production are still increasing thank to public aid for converting in organic. The crisis has been accelarated by the COVID crisis which generated a great amount of unsaled stock, namely organic wine and grapes. In terms of marketing strategy, Clairette de Die is mainly driven by large-scale distribution and export. However, it is currently facing a loss of attractivness, accelerated as well by the COVID crisis. There is a need to develop renewed marketing strategies driven towards local demand and supply chains. However, there is tensions between different visions of Clairette de Die operators.","france, wine, monoculture, crisis, marketing","http://www.wikidata.org/entity/Q142, http://www.wikidata.org/entity/Q282, http://www.wikidata.org/entity/Q220212, http://www.wikidata.org/entity/Q381072, http://www.wikidata.org/entity/Q39809","2.0","47.0","2.0","47.0"
"Interest on this VC","Clairette de Die is a natural sparkling white wine, emblematic of the Drome Valley and recognised as an AOC (appelation d'orgine controllée) and for its 'ancestral process'. With more than 300 operators, 71 644 hl of Clairette de Die are poduced each year, mostly driven toward long supply circuits and export however 20% of the Clairette de Die AOC in organic. The Clairette de die filiere needs to develop innovative processes (promotion of organic production, adaptation to water scarcity and climate change), innovative marketing strategies (local channels vs. Long supply channels and export), innovative governance system (better cooperation with new actors).","wine, valley, year, water, scarcity, marketing, governance, system, cooperation","http://www.wikidata.org/entity/Q282, http://www.wikidata.org/entity/Q39816, http://www.wikidata.org/entity/Q577, http://www.wikidata.org/entity/Q283, http://www.wikidata.org/entity/Q815758, http://www.wikidata.org/entity/Q39809, http://www.wikidata.org/entity/Q1553864, http://www.wikidata.org/entity/Q58778, http://www.wikidata.org/entity/Q380962","4.9759236112892955","44.75798846094173","2.0","47.0"
"Mountain landscape and reference chains","The reference mountain chain of this VC is Drome Valley. The reference mountain landscape of this VC is Drome departement. Drôme is a very diversified departement in terms of geological, natural and agricultural resources. The North-East of the territory is characterised by middle and high mountains (Pre Alps and Vercors Natural Park): agriculture is this area is mainly livestock and small diversified gardening. The South is characterized by the beginning of the Provence and the mediterranean climate, we can find there aromatic and yard large cultures. The West of the territory is characterized by plains were the Rhône and the Drôme rivers meet. Agriculture ther is mainly large cropland. Within the Drôme departement, Biovallée territority gathers 3 associations of municipalities (EPCI) - 95 muncipalities in total. It is a very preserved and diversified territory, following the Drôme River, from Pre Alps to large plains of the downvalley.In terms of organic farming, since the 1970s, this valley is a fertile land that claims to be 'the first organic territory in France'. In 2017, there were about 35% of certified organic farmers. The goal is to reach 50% of farmers and surfaces in organic in 2020.","france, reference, mountain, drôme, territory, alps, agriculture","http://www.wikidata.org/entity/Q142, http://www.wikidata.org/entity/Q121769, http://www.wikidata.org/entity/Q8502, http://www.wikidata.org/entity/Q3364, http://www.wikidata.org/entity/Q183366, http://www.wikidata.org/entity/Q1286, http://www.wikidata.org/entity/Q11451","5.0","45.0","2.0","47.0"
"Key local assets","Cultural asset: Clairette de Die is an iconic product of the Drome Valley with a strong cultural value (traditional knowledge, branding, touristic asset..) Economic asset: local job, touristic activity (oenoturism). About the LAU: 26125.","asset, valley, knowledge, job","http://www.wikidata.org/entity/Q46737, http://www.wikidata.org/entity/Q39816, http://www.wikidata.org/entity/Q9081, http://www.wikidata.org/entity/Q192581","4.9759236112892955","44.75798846094173","2.0","47.0"
"Challenges","Clairette de Die is facing several challenges as sales are drawning (competition with other sparkling wines) while planted surfaces still increase: diversification of marketing strategies (wine shops, local grocery stores, restaurants, etc.), promotion of organic vintages, adaptation and organic conversion, increase of presence on local and regional markets. Due to the climatic crisis, the VC depends on regional public aids. Overall the type of challenge faced by this VC is Current. This VC is classified as Traditional.","crisis","http://www.wikidata.org/entity/Q381072","4.9759236112892955","44.75798846094173","2.0","47.0"
"Innovation","The type of innovation of this VC is unspecified. No innovation. The innovation is related to the whole VC. The land use systems involved are Cropland and vineyards. The local assets include Social.","innovation","http://www.wikidata.org/entity/Q174165","4.9759236112892955","44.75798846094173","2.0","47.0"
"Geography and population","The size of the area (km2) is 2200. The minimum altimetry of the LAU is 50. The maximum altimetry of the LAU is 2453. The total population (in thousand) is 58.56. The population density (Inhabitants/km2) in the LAU is 42.3. The population change rate of the LAU in the last 10 years (%) has been 1%. The overall regional population density (Inhabitants/km2) is unspecified. The regional population change rate in the last 10 years (%) has been 0.6%.","population density","http://www.wikidata.org/entity/Q22856","4.9759236112892955","44.75798846094173","2.0","47.0"
"Income and gross value added","The average per capita income (EUR/year) [NUTS3] is 21100. The total Gross Value Added (GVA) (EUR million/year) [NUTS3] is 14532.49. The primary sector share of total GVA/year [NUTS3] is 1.70%. The secondary sector share of total GVA/year [NUTS3] is 20.30%. The tertiary sector share of total GVA/year [NUTS3] is 77.80%. The per capita income (EUR/year) [NUTS2] is 32799. The total Gross Value Added (GVA) (EUR million/year) [NUTS2] is 242040. The primary sector share of total GVA/year [NUTS2] is 1.00%. The secondary sector share of total GVA/year [NUTS2] is 24.70%. The tertiary sector share of total GVA/year [NUTS2] is 74.30%.","gross value added, per capita income, year","http://www.wikidata.org/entity/Q994873, http://www.wikidata.org/entity/Q45918, http://www.wikidata.org/entity/Q577","4.9759236112892955","44.75798846094173","2.0","47.0"
"Tourism","The total number of bed places (BPs) in tourist accommodations/year in the LAU is 56167. The regional (NUTS2) share of total BPs/year is 37%. The number of agricultural holdings in the LAU is 6400. The nearest settlement with population over 100000 (km) is 115. In this region protected areas are present.","number, bed, year","http://www.wikidata.org/entity/Q11563, http://www.wikidata.org/entity/Q42177, http://www.wikidata.org/entity/Q577","4.9759236112892955","44.75798846094173","2.0","47.0"
"Employment","The primary sector share of total employment/year [NUTS3] is 2.20%. The secondary sector share of total employment/year [NUTS3] is 24.60%. The tertiary sector share of total employment/year [NUTS3] is 71.50%. The primary sector share of total employment/year [NUTS2] is 2.10%. The secondary sector share of total employment/year [NUTS2] is 21.80%. The tertiary sector share of total employment/year [NUTS2] is 76.10%.","employment, year","http://www.wikidata.org/entity/Q656365, http://www.wikidata.org/entity/Q577","4.9759236112892955","44.75798846094173","2.0","47.0"
"Concluding remarks","","","","4.9759236112892955","44.75798846094173","2.0","47.0"
