title,description,objects,objectlinks,lon,lat,barycenter_lon,barycenter_lat
"Fruits with pips","The MOVING reference member state of this VC is FRANCE CCVD. The reference MOVING Card ID of this VC is VC 08 FR1. Fruit with pips VC is representative of the North of Drome departement and plain regions. The VC is mainly represented by large conventionnal exploitation, processed by large cooperatives (Lorifruit, Rhodacoop ) and marketed in long distribution chains or export. However, one can also find organic production, more driven to valorisation in local markets. In general, this VC faces strong climatic pressures: more and more freezing episodes in the spring, water scarcity as well as invasion of disease and parasites. In order to adapt, some actors of this VC are trying to diversify their production and to developping more resistant varieties and more adapted productions: almonds, grenades, kiwi. These productions adapt better to high temperature and need less water.","reference, france, fruit, north, export, freezing, water, scarcity, invasion, disease","http://www.wikidata.org/entity/Q121769, http://www.wikidata.org/entity/Q142, http://www.wikidata.org/entity/Q1364, http://www.wikidata.org/entity/Q659, http://www.wikidata.org/entity/Q182722, http://www.wikidata.org/entity/Q108000, http://www.wikidata.org/entity/Q283, http://www.wikidata.org/entity/Q815758, http://www.wikidata.org/entity/Q467011, http://www.wikidata.org/entity/Q12136","2.0","47.0","2.0","47.0"
"Interest on this VC","Fruit with pips is a representative production of north of the Drome. The main production are apple pear and also kiwi (minor in terms of volume). This VC is mainly represented by large conventional exploitation, tranformation by large cooperatives and driven to long chain distribution or export by marketers. However, some producers are diversifying and developping organic agriculture, with local processing and local distribution through direct sale and local market channels. New products: production of adapted variety or diversification with adapted cultures (almonds, grandes, kiwis ) New processes: conversion to organic production, introduction of practices to preserve biodiversity in orchard New marketing strategies: better local valorisation of organic production, sale in local market.","","","4.9759236112892955","44.75798846094173","2.0","47.0"
"Mountain landscape and reference chains","The reference mountain chain of this VC is Drome Valley. The reference mountain landscape of this VC is Drome departement. Drôme is a very diversified departement in terms of geological, natural and agricultural resources. The North-East of the territory is characterised by middle and high mountains (Pre Alps and Vercors Natural Park): agriculture is this area is mainly livestock and small diversified gardening. The South is characterized by the beginning of the Provence and the mediterranean climate, we can find there aromatic and yard large cultures. The West of the territory is characterized by plains were the Rhône and the Drôme rivers meet. Agriculture ther is mainly large cropland. Within the Drôme departement, Biovallée territority gathers 3 associations of municipalities (EPCI) - 95 muncipalities in total. It is a very preserved and diversified territory, following the Drôme River, from Pre Alps to large plains of the downvalley.","reference, mountain, landscape, drôme, north, east, territory, alps, park, agriculture, livestock, gardening, west, rhône","http://www.wikidata.org/entity/Q121769, http://www.wikidata.org/entity/Q8502, http://www.wikidata.org/entity/Q107425, http://www.wikidata.org/entity/Q3364, http://www.wikidata.org/entity/Q659, http://www.wikidata.org/entity/Q684, http://www.wikidata.org/entity/Q183366, http://www.wikidata.org/entity/Q1286, http://www.wikidata.org/entity/Q22698, http://www.wikidata.org/entity/Q11451, http://www.wikidata.org/entity/Q103459, http://www.wikidata.org/entity/Q124946, http://www.wikidata.org/entity/Q679, http://www.wikidata.org/entity/Q602","5.0","45.0","2.0","47.0"
"Key local assets","Natural asset: eastethic landscape Social asset: creation of local job and local value Cultural asset: contribution to Drome territorial identity, gastronomy and attractivness. About the LAU: 26125.","asset, landscape, social, job, gastronomy","http://www.wikidata.org/entity/Q46737, http://www.wikidata.org/entity/Q107425, http://www.wikidata.org/entity/Q345367, http://www.wikidata.org/entity/Q192581, http://www.wikidata.org/entity/Q171141","4.9759236112892955","44.75798846094173","2.0","47.0"
"Challenges","Fruit with pips production is treathen by freezing episode, disease and parasites. The current challenge is to find solutions to fight freezing episodes but also to diversify towards more adapted cultures and more resistant cultures. Due to the climatic crisis, the VC depends on regional public aids. Overall the type of challenge faced by this VC is Current. This VC is classified as Traditional and Innovative.","freezing","http://www.wikidata.org/entity/Q108000","4.9759236112892955","44.75798846094173","2.0","47.0"
"Innovation","The type of innovation of this VC is Exogenous. Fruit with pips producers are diversifying with new variety more adapted to current and predicted climatic conditions: almonds, grenade, kiwi. The innovation is related to New products and New processes. The land use systems involved are Cropland and Forestry. The local assets include Natural, social and cultural.","innovation, fruit","http://www.wikidata.org/entity/Q174165, http://www.wikidata.org/entity/Q1364","4.9759236112892955","44.75798846094173","2.0","47.0"
"Geography and population","The size of the area (km2) is 2200. The minimum altimetry of the LAU is 50. The maximum altimetry of the LAU is 2453. The total population (in thousand) is 58.56. The population density (Inhabitants/km2) in the LAU is 42.3. The population change rate of the LAU in the last 10 years (%) has been 1%. The overall regional population density (Inhabitants/km2) is unspecified. The regional population change rate in the last 10 years (%) has been 0.6%.","population density","http://www.wikidata.org/entity/Q22856","4.9759236112892955","44.75798846094173","2.0","47.0"
"Income and gross value added","The average per capita income (EUR/year) [NUTS3] is 21100. The total Gross Value Added (GVA) (EUR million/year) [NUTS3] is 14532.49. The primary sector share of total GVA/year [NUTS3] is 1.70%. The secondary sector share of total GVA/year [NUTS3] is 20.30%. The tertiary sector share of total GVA/year [NUTS3] is 77.80%. The per capita income (EUR/year) [NUTS2] is 32799. The total Gross Value Added (GVA) (EUR million/year) [NUTS2] is 242040. The primary sector share of total GVA/year [NUTS2] is 1.00%. The secondary sector share of total GVA/year [NUTS2] is 24.70%. The tertiary sector share of total GVA/year [NUTS2] is 74.30%.","gross value added, per capita income, year","http://www.wikidata.org/entity/Q994873, http://www.wikidata.org/entity/Q45918, http://www.wikidata.org/entity/Q577","4.9759236112892955","44.75798846094173","2.0","47.0"
"Tourism","The total number of bed places (BPs) in tourist accommodations/year in the LAU is 56167. The regional (NUTS2) share of total BPs/year is 37%. The number of agricultural holdings in the LAU is 6400. The nearest settlement with population over 100000 (km) is 115. In this region protected areas are present.","number, bed, year","http://www.wikidata.org/entity/Q11563, http://www.wikidata.org/entity/Q42177, http://www.wikidata.org/entity/Q577","4.9759236112892955","44.75798846094173","2.0","47.0"
"Employment","The primary sector share of total employment/year [NUTS3] is 2.20%. The secondary sector share of total employment/year [NUTS3] is 24.60%. The tertiary sector share of total employment/year [NUTS3] is 71.50%. The primary sector share of total employment/year [NUTS2] is 2.10%. The secondary sector share of total employment/year [NUTS2] is 21.80%. The tertiary sector share of total employment/year [NUTS2] is 76.10%.","employment, year","http://www.wikidata.org/entity/Q656365, http://www.wikidata.org/entity/Q577","4.9759236112892955","44.75798846094173","2.0","47.0"
"Concluding remarks","","","","4.9759236112892955","44.75798846094173","2.0","47.0"
