title,description,objects,objectlinks,lon,lat,barycenter_lon,barycenter_lat
"Agriturism - turistic and pedagogic welcome in farms","The MOVING reference member state of this VC is FRANCE CCVD. The reference MOVING Card ID of this VC is VC 09 FR1. Agritourism is an interesting VC as it allows farmers to diversify their activities and gain complementary incomes. Besides, it answers to a local demande of green and rural tourism which has always been developped in the Drôme. In cultural and social terms, agritourism also allows to promote the local and cultural heritage of the region and to create social link between farmers and tourist. Besides, agrituristic activities can propose public services such as pedagogical activities. In terms of environnement, agritouristic structures are often small diversified structures that promotes an agroecological and local supply models. At the departement scale, the VC is organized between different actors such as local authorities (Turism service of Drome departement), turistic offices, association working on rural developpement (CIVAM).","reference, france, agritourism","http://www.wikidata.org/entity/Q121769, http://www.wikidata.org/entity/Q142, http://www.wikidata.org/entity/Q1956672","2.0","47.0","2.0","47.0"
"Interest on this VC","Agriturism is developping in Drome. The VC is organized by farmers, public administrations and dedicated associations. Agriturism allows to generate new sources of incomes for farmers, valorize the territory and create social link between farmers and consumers. Agriturism also promotes small diversified farming scheme, direct sale and awareness rising respectful environnemental practices. Marketing strategies: Agriturism and welcome activities allows to diversify activities and generated new incomes for farmers. It also allows to promote the territorial identity. Governance systems: Agriturim VC gathers actors coming from the agricultural and the turistic fields.","territory, awareness, marketing","http://www.wikidata.org/entity/Q183366, http://www.wikidata.org/entity/Q4338318, http://www.wikidata.org/entity/Q39809","4.9759236112892955","44.75798846094173","2.0","47.0"
"Mountain landscape and reference chains","The reference mountain chain of this VC is Drome Valley. The reference mountain landscape of this VC is Drome departement. Drôme is a very diversified departement in terms of geological, natural and agricultural resources. The North-East of the territory is characterised by middle and high mountains (Pre Alps and Vercors Natural Park): agriculture is this area is mainly livestock and small diversified gardening. The South is characterized by the beginning of the Provence and the mediterranean climate, we can find there aromatic and yard large cultures. The West of the territory is characterized by plains were the Rhône and the Drôme rivers meet. Agriculture ther is mainly large cropland. Within the Drôme departement, Biovallée territority gathers 3 associations of municipalities (EPCI) - 95 muncipalities in total. It is a very preserved and diversified territory, following the Drôme River, from Pre Alps to large plains of the downvalley.","reference, mountain, landscape, drôme, north, east, territory, alps, park, agriculture, livestock, gardening, west, rhône","http://www.wikidata.org/entity/Q121769, http://www.wikidata.org/entity/Q8502, http://www.wikidata.org/entity/Q107425, http://www.wikidata.org/entity/Q3364, http://www.wikidata.org/entity/Q659, http://www.wikidata.org/entity/Q684, http://www.wikidata.org/entity/Q183366, http://www.wikidata.org/entity/Q1286, http://www.wikidata.org/entity/Q22698, http://www.wikidata.org/entity/Q11451, http://www.wikidata.org/entity/Q103459, http://www.wikidata.org/entity/Q124946, http://www.wikidata.org/entity/Q679, http://www.wikidata.org/entity/Q602","5.0","45.0","2.0","47.0"
"Key local assets","Natural asset: ecosystemic services, promotion of small diversified agroecological models, social asset: pedagological role, awareness raising for consumers, promotion of agroecology, promotion of direct sale Cultural: promotion of the agricultural territorial identity. About the LAU: 26125.","asset, role, awareness, agroecology","http://www.wikidata.org/entity/Q46737, http://www.wikidata.org/entity/Q214339, http://www.wikidata.org/entity/Q4338318, http://www.wikidata.org/entity/Q396338","4.9759236112892955","44.75798846094173","2.0","47.0"
"Challenges","Agriturism VC is developping in Drome. However, it faces some challenges: regulations differs from an activity to another (catering, direct sale, housing, pedagodical activities ), farmers need to develop specific organisation and competences to welcome public and need to find a balance between production and turistic activities. Overall the type of challenge faced by this VC is Current. This VC is classified as Innovative.","","","4.9759236112892955","44.75798846094173","2.0","47.0"
"Innovation","The type of innovation of this VC is Endogenous and Exogenous. Agriturism is innovative as it allows farmers to wider diversify and to generate new incomes with welcome and turistic activities. The innovation is related to New processes, New marketing strategies and New governance systems. The land use systems involved are Cropland and Natural land. The local assets include Natural, social and economic.","innovation, marketing, governance","http://www.wikidata.org/entity/Q174165, http://www.wikidata.org/entity/Q39809, http://www.wikidata.org/entity/Q1553864","4.9759236112892955","44.75798846094173","2.0","47.0"
"Geography and population","The size of the area (km2) is 2200. The minimum altimetry of the LAU is 50. The maximum altimetry of the LAU is 2453. The total population (in thousand) is 58.56. The population density (Inhabitants/km2) in the LAU is 42.3. The population change rate of the LAU in the last 10 years (%) has been 1%. The overall regional population density (Inhabitants/km2) is unspecified. The regional population change rate in the last 10 years (%) has been 0.6%.","population density","http://www.wikidata.org/entity/Q22856","4.9759236112892955","44.75798846094173","2.0","47.0"
"Income and gross value added","The average per capita income (EUR/year) [NUTS3] is 21100. The total Gross Value Added (GVA) (EUR million/year) [NUTS3] is 14532.49. The primary sector share of total GVA/year [NUTS3] is 1.70%. The secondary sector share of total GVA/year [NUTS3] is 20.30%. The tertiary sector share of total GVA/year [NUTS3] is 77.80%. The per capita income (EUR/year) [NUTS2] is 32799. The total Gross Value Added (GVA) (EUR million/year) [NUTS2] is 242040. The primary sector share of total GVA/year [NUTS2] is 1.00%. The secondary sector share of total GVA/year [NUTS2] is 24.70%. The tertiary sector share of total GVA/year [NUTS2] is 74.30%.","gross value added, per capita income, year","http://www.wikidata.org/entity/Q994873, http://www.wikidata.org/entity/Q45918, http://www.wikidata.org/entity/Q577","4.9759236112892955","44.75798846094173","2.0","47.0"
"Tourism","The total number of bed places (BPs) in tourist accommodations/year in the LAU is 56167. The regional (NUTS2) share of total BPs/year is 37%. The number of agricultural holdings in the LAU is 6400. The nearest settlement with population over 100000 (km) is 115. In this region protected areas are present.","number, bed, year","http://www.wikidata.org/entity/Q11563, http://www.wikidata.org/entity/Q42177, http://www.wikidata.org/entity/Q577","4.9759236112892955","44.75798846094173","2.0","47.0"
"Employment","The primary sector share of total employment/year [NUTS3] is 2.20%. The secondary sector share of total employment/year [NUTS3] is 24.60%. The tertiary sector share of total employment/year [NUTS3] is 71.50%. The primary sector share of total employment/year [NUTS2] is 2.10%. The secondary sector share of total employment/year [NUTS2] is 21.80%. The tertiary sector share of total employment/year [NUTS2] is 76.10%.","employment, year","http://www.wikidata.org/entity/Q656365, http://www.wikidata.org/entity/Q577","4.9759236112892955","44.75798846094173","2.0","47.0"
"Concluding remarks","","","","4.9759236112892955","44.75798846094173","2.0","47.0"
