title,description,objects,objectlinks,lon,lat,barycenter_lon,barycenter_lat
"Brocciu Corse PDO","The MOVING reference member state of this VC is FRANCE INRAE. The reference MOVING Card ID of this VC is VC 02 FR. Brocciu is a whey cheese from ewes and goats milk, obtained after making cheese. It depends on other VCS, dairy cheese production and on-farm cheese production. In its code of practice, PDO Brocciu is dependant on pastoral ecosystems, schrubs, summer pastures, etc. animals (of local breeds) must be fed with local fodder (grazing or hay). The current production of Brocciu knows a disembedding process : it might be less intertwined with the local socioecological system, that is local population on one hand, natural resources on the other hand.","france, brocciu, whey cheese, milk, cheese, dairy, farm, summer","http://www.wikidata.org/entity/Q142, http://www.wikidata.org/entity/Q761524, http://www.wikidata.org/entity/Q1943539, http://www.wikidata.org/entity/Q8495, http://www.wikidata.org/entity/Q10943, http://www.wikidata.org/entity/Q637776, http://www.wikidata.org/entity/Q131596, http://www.wikidata.org/entity/Q1313","2.0","47.0","2.0","47.0"
"Interest on this VC","high reputation products, coexistence between mountainous area and plains, legitimacy to produce between dairies and on-farm cheese makers, competing access to land use, vulnerability of ecosystems (fire, lost of biodiversity, erosion of heritage), resources linked to pastoral breeding (breeds, feeding species) and their associated know-how are diminushing. PDO Brocciu is currently the only GI for corsican cheeses. It benefits of a strong reputation, but issues have been raising about how it is used. A part of corsican on-farm cheese makers do not adhere to it as they do not feel recognized within it and they do not want their reputation to be associated with dairy processing. the PDO is mainly used by Corsican dairies. There are strong doubts about the origin of milk which is used and potential fraud. For the past years, the syndicate has frequently derogated to the code of practice and allowed more intensive practices.","farm, cheese, fire, biodiversity, erosion, species, brocciu, dairy, milk, fraud","http://www.wikidata.org/entity/Q131596, http://www.wikidata.org/entity/Q10943, http://www.wikidata.org/entity/Q3196, http://www.wikidata.org/entity/Q47041, http://www.wikidata.org/entity/Q80026, http://www.wikidata.org/entity/Q7432, http://www.wikidata.org/entity/Q761524, http://www.wikidata.org/entity/Q637776, http://www.wikidata.org/entity/Q8495, http://www.wikidata.org/entity/Q28813","9.103636932645504","42.15400907716353","2.0","47.0"
"Mountain landscape and reference chains","The reference mountain chain of this VC is Corsican moutains. The reference mountain landscape of this VC is Corsica. Corsica is an island in the sea. It presents a great diversity of landscapes: plains, hillsides, deap and steep valleys Small ruminant farming has long been a transhumant activity, occupying all the region. For the past decades, farmers have settled, in the plains and hillsides. Some of them keep on using mountain pastures during Summer. They are scattered within the region, with no remarkable specialised sub-region. The area of production of PDO Brocciu is Corsica.","reference, mountain, corsica, ruminant, brocciu","http://www.wikidata.org/entity/Q121769, http://www.wikidata.org/entity/Q8502, http://www.wikidata.org/entity/Q14112, http://www.wikidata.org/entity/Q842175, http://www.wikidata.org/entity/Q761524","9.083333333333334","42.15","2.0","47.0"
"Key local assets","pastoral systems benefit from a long history using natural resources and leaving traces in the landscape. Somehow, Nature is considered without husbandry, especially in Corsica.It has been competing with other uses of landscape (tourism, natural parcs, leisure..). LAU is unspecified","corsica","http://www.wikidata.org/entity/Q14112","9.083333333333334","42.15","2.0","47.0"
"Challenges","to (re)assemble resources that have been built and transmitted in the territory (breeds, feeding species.. ) and to be able to address the issues raisen by the agroecological transition. To ensure sustainable coexistence between different stakeholders with divergent stategies and interests. to adress issues of common heritage (food, local culture). Overall the type of challenge faced by this VC is Current and Predicted. This VC is classified as Traditional.","food","http://www.wikidata.org/entity/Q2095","9.103636932645504","42.15400907716353","2.0","47.0"
"Innovation","The type of innovation of this VC is unspecified. There are no noticeable innovation in this VC. Brocciu Corse is recongnized as a PDO since 1998. Since then, production and cheese processing is regulated by a code of practice.It has been managed by a syndicate that gathers farmers and dairies. The innovation is related to the whole VC. The land use systems involved are Grassland, Natural land and agrosylvopastoral systems (schrubs, forests of oaks - accorns, meadows). The local assets include Natural and cultural.","innovation, brocciu, grassland","http://www.wikidata.org/entity/Q174165, http://www.wikidata.org/entity/Q761524, http://www.wikidata.org/entity/Q1006733","9.103636932645504","42.15400907716353","2.0","47.0"
"Geography and population","The size of the area (km2) is 8722. The minimum altimetry of the LAU is 0. The maximum altimetry of the LAU is 2706. The total population (in thousand) is 0.334. The population density (Inhabitants/km2) in the LAU is 38.6. The population change rate of the LAU in the last 10 years (%) has been 1.10%. The overall regional population density (Inhabitants/km2) is 38.6. The regional population change rate in the last 10 years (%) has been 1.10%.","population density","http://www.wikidata.org/entity/Q22856","9.103636932645504","42.15400907716353","2.0","47.0"
"Income and gross value added","The average per capita income (EUR/year) [NUTS3] is 25400. The total Gross Value Added (GVA) (EUR million/year) [NUTS3] is 8034.12. The primary sector share of total GVA/year [NUTS3] is unspecified. The secondary sector share of total GVA/year [NUTS3] is unspecified. The tertiary sector share of total GVA/year [NUTS3] is unspecified. The per capita income (EUR/year) [NUTS2] is 25400. The total Gross Value Added (GVA) (EUR million/year) [NUTS2] is 8034.12. The primary sector share of total GVA/year [NUTS2] is unspecified. The secondary sector share of total GVA/year [NUTS2] is unspecified. The tertiary sector share of total GVA/year [NUTS2] is unspecified.","gross value added, per capita income, year","http://www.wikidata.org/entity/Q994873, http://www.wikidata.org/entity/Q45918, http://www.wikidata.org/entity/Q577","9.103636932645504","42.15400907716353","2.0","47.0"
"Tourism","The total number of bed places (BPs) in tourist accommodations/year in the LAU is unspecified. The regional (NUTS2) share of total BPs/year is unspecified. The number of agricultural holdings in the LAU is 2626. The nearest settlement with population over 100000 (km) is 333. In this region protected areas are present.","number, bed, year","http://www.wikidata.org/entity/Q11563, http://www.wikidata.org/entity/Q42177, http://www.wikidata.org/entity/Q577","9.103636932645504","42.15400907716353","2.0","47.0"
"Employment","The primary sector share of total employment/year [NUTS3] is unspecified. The secondary sector share of total employment/year [NUTS3] is unspecified. The tertiary sector share of total employment/year [NUTS3] is unspecified. The primary sector share of total employment/year [NUTS2] is 0.036. The secondary sector share of total employment/year [NUTS2] is 0.162. The tertiary sector share of total employment/year [NUTS2] is 0.802.","employment, year","http://www.wikidata.org/entity/Q656365, http://www.wikidata.org/entity/Q577","9.103636932645504","42.15400907716353","2.0","47.0"
"Concluding remarks","Dairy husbandry and production of Cheese is observable in every other MRLs. Recognition of GIs is also a common features of those areas.","cheese, dairy","http://www.wikidata.org/entity/Q10943, http://www.wikidata.org/entity/Q637776","9.103636932645504","42.15400907716353","2.0","47.0"
