title,description,objects,objectlinks,lon,lat,barycenter_lon,barycenter_lat
"'Corsican chestnut flour - Farina castagnina corsa' PDO","The MOVING reference member state of this VC is FRANCE INRAE. The reference MOVING Card ID of this VC is VC 09 FR. The activity is organized mainly around the Defense and Management Organization of the PDO. The diseases of orchards and the local uses of flour (pulenta) leads that farmers cannot reach all the demand. Maintaining brushless ecosystems around villages is a new challenge. The value of the chestnut can no longer be examined solely from the point of view of chestnut production but also from the point of view of issues linked to a complex resource environment, a common that involves other categories of actors (municipality, community associations, amateurs and professionals).","france, management, organization","http://www.wikidata.org/entity/Q142, http://www.wikidata.org/entity/Q2920921, http://www.wikidata.org/entity/Q43229","9.103636932645504","42.15400907716353","2.0","47.0"
"Interest on this VC","Omnipresent in mountain. Its productions are a pillar in the traditional Corsican diet. Its relaunch was made from chestnut flour which obtained a PDO in 2010. All AOP productions adhere to Organic Agriculture (AB). The flour comes from the regeneration of a very small part of the existing orchards which mostly suffer from fungal diseases (phytophtora and Cryphonectria ). The health situation worsened sharply with the arrival of the Cynips (Dryocosmus kuriphilus) which called into question the existence of the trade of chestnut farmer. The interest of the Corsican chestnut grove stems from the high valuation of the flour obtained thanks to the PDO of a mountain activity in a context of high vulnerability (diseases, degeneration of orchards, global warming) and loss of control of the Perivillage area. The chestnut grove is based on a heritage value which can today be reinforced by the new food and spatial challenges. The final value is the result of a combination of values of different natures: the culture of the nourishing tree, constitution of income, maintenance of ecosystems and management of space.","mountain, flour, cryphonectria, health, cynips, question, existence, trade, farmer, interest, food","http://www.wikidata.org/entity/Q8502, http://www.wikidata.org/entity/Q36465, http://www.wikidata.org/entity/Q5190584, http://www.wikidata.org/entity/Q12147, http://www.wikidata.org/entity/Q147252, http://www.wikidata.org/entity/Q189756, http://www.wikidata.org/entity/Q468777, http://www.wikidata.org/entity/Q601401, http://www.wikidata.org/entity/Q131512, http://www.wikidata.org/entity/Q170924, http://www.wikidata.org/entity/Q2095","9.103636932645504","42.15400907716353","2.0","47.0"
"Mountain landscape and reference chains","The reference mountain chain of this VC is Corsican moutains. The reference mountain landscape of this VC is Corsica. The value chain concerns all the corsican region because of the homogeneity of resources, dieseases impcats, driving skills, chestnut varieties and PDO products.","reference, mountain, landscape, corsica, value chain","http://www.wikidata.org/entity/Q121769, http://www.wikidata.org/entity/Q8502, http://www.wikidata.org/entity/Q107425, http://www.wikidata.org/entity/Q14112, http://www.wikidata.org/entity/Q646107","9.083333333333334","42.15","2.0","47.0"
"Key local assets","Productive domestic forest in the process of degradation and loss of vegetation. LAU is unspecified","forest, vegetation","http://www.wikidata.org/entity/Q4421, http://www.wikidata.org/entity/Q187997","9.103636932645504","42.15400907716353","2.0","47.0"
"Challenges","Maintain orchards currently in production, plant replacement trees by constituting village communes: subsistence purpose, additional income and control of space. Overall the type of challenge faced by this VC is Current and Predicted. This VC is classified as Traditional and Innovative.","","","9.103636932645504","42.15400907716353","2.0","47.0"
"Innovation","The type of innovation of this VC is Endogenous and Exogenous. The innovation lies in the control of the sanitary state of the trees associated with the constitution of the chestnut grove as a common resource of the villages of Corsica. The innovation is related to New products, New marketing strategies and New governance systems. The land use systems involved are Forestry (The chestnut grove constitutes a domestic forest with an economic and landscape value.). The local assets include Social and cultural.","innovation, constitution, corsica, marketing, governance, forestry, forest, landscape","http://www.wikidata.org/entity/Q174165, http://www.wikidata.org/entity/Q7755, http://www.wikidata.org/entity/Q14112, http://www.wikidata.org/entity/Q39809, http://www.wikidata.org/entity/Q1553864, http://www.wikidata.org/entity/Q38112, http://www.wikidata.org/entity/Q4421, http://www.wikidata.org/entity/Q107425","9.083333333333334","42.15","2.0","47.0"
"Geography and population","The size of the area (km2) is 8722. The minimum altimetry of the LAU is 0. The maximum altimetry of the LAU is 2706. The total population (in thousand) is 0.334. The population density (Inhabitants/km2) in the LAU is 38.6. The population change rate of the LAU in the last 10 years (%) has been 1.10%. The overall regional population density (Inhabitants/km2) is 38.6. The regional population change rate in the last 10 years (%) has been 1.10%.","population density","http://www.wikidata.org/entity/Q22856","9.103636932645504","42.15400907716353","2.0","47.0"
"Income and gross value added","The average per capita income (EUR/year) [NUTS3] is 25400. The total Gross Value Added (GVA) (EUR million/year) [NUTS3] is 8034.12. The primary sector share of total GVA/year [NUTS3] is unspecified. The secondary sector share of total GVA/year [NUTS3] is unspecified. The tertiary sector share of total GVA/year [NUTS3] is unspecified. The per capita income (EUR/year) [NUTS2] is 25400. The total Gross Value Added (GVA) (EUR million/year) [NUTS2] is 8034.12. The primary sector share of total GVA/year [NUTS2] is unspecified. The secondary sector share of total GVA/year [NUTS2] is unspecified. The tertiary sector share of total GVA/year [NUTS2] is unspecified.","gross value added, per capita income, year","http://www.wikidata.org/entity/Q994873, http://www.wikidata.org/entity/Q45918, http://www.wikidata.org/entity/Q577","9.103636932645504","42.15400907716353","2.0","47.0"
"Tourism","The total number of bed places (BPs) in tourist accommodations/year in the LAU is unspecified. The regional (NUTS2) share of total BPs/year is unspecified. The number of agricultural holdings in the LAU is 2626. The nearest settlement with population over 100000 (km) is 333. In this region protected areas are present.","number, bed, year","http://www.wikidata.org/entity/Q11563, http://www.wikidata.org/entity/Q42177, http://www.wikidata.org/entity/Q577","9.103636932645504","42.15400907716353","2.0","47.0"
"Employment","The primary sector share of total employment/year [NUTS3] is unspecified. The secondary sector share of total employment/year [NUTS3] is unspecified. The tertiary sector share of total employment/year [NUTS3] is unspecified. The primary sector share of total employment/year [NUTS2] is 0.036. The secondary sector share of total employment/year [NUTS2] is 0.162. The tertiary sector share of total employment/year [NUTS2] is 0.802.","employment, year","http://www.wikidata.org/entity/Q656365, http://www.wikidata.org/entity/Q577","9.103636932645504","42.15400907716353","2.0","47.0"
"Concluding remarks","Greece, Portugal, Spain, and Swiss. Italy (production of chestnut flour too) and Turkey (high value product under GI too).","greece, portugal, spain, italy, turkey, flour","http://www.wikidata.org/entity/Q41, http://www.wikidata.org/entity/Q45, http://www.wikidata.org/entity/Q29, http://www.wikidata.org/entity/Q38, http://www.wikidata.org/entity/Q43, http://www.wikidata.org/entity/Q36465","23.0","38.5","2.0","47.0"
