title,description,objects,objectlinks,lon,lat,barycenter_lon,barycenter_lat
"Corsican aromatic plant : Immortelle de Corse - 'hélichrysum italicum ssp italicum'","The MOVING reference member state of this VC is FRANCE INRAE. The reference MOVING Card ID of this VC is VC 10 FR. The reputation and the high price level of the essential oil of helichrysum from Corsica are linked to the image of the wild nature of Corsica. The value of production is low relative to the activities of distillation, trading and prescription of oils. The downstream power runs the risk of disembedding the activity and wild harvests to have negative impacts on the environment. What chain of values that are both fair and sustainable? The oil GI certification project was unsuccessful. The GI certification project for the oil did not succeed apart from a few AB oils, no protection, apart from industrial brands (cosmetics, perfumery, aromatherapy, etc.), does not guarantee collective protection.","france, essential oil, helichrysum, corsica, nature, distillation, risk, oil, certification, project, protection, cosmetics, aromatherapy","http://www.wikidata.org/entity/Q142, http://www.wikidata.org/entity/Q170885, http://www.wikidata.org/entity/Q28195, http://www.wikidata.org/entity/Q14112, http://www.wikidata.org/entity/Q7860, http://www.wikidata.org/entity/Q101017, http://www.wikidata.org/entity/Q104493, http://www.wikidata.org/entity/Q42962, http://www.wikidata.org/entity/Q374814, http://www.wikidata.org/entity/Q170584, http://www.wikidata.org/entity/Q2251595, http://www.wikidata.org/entity/Q131207, http://www.wikidata.org/entity/Q206202","2.0","47.0","2.0","47.0"
"Interest on this VC","The valuation of essential oils by distillery is recent in Corsica. Helicrysum is emblematic of the dynamics of the aromatic plant sector and enjoys a high market value for proven therapeutic indications (anti-hematoma, anti-inflammatory, anticoagulant, anti-lebbitic). At the beginning, samples were taken from spontaneous stands. The risk of resource depletion and the desire to guarantee production has led the institutions to finance plantations.However, the value of the oils obtained from the spontaneous plant seems higher. Elicryse addresses both a question of resilience in terms of market value and sustainability of the environment. Finally, the most profitable operation is distillation. It is therefore the distiller who benefits most of the value sensu stricto. The final value is the result of a combination of values of different natures: the culture of the nourishing tree, constitution of income, maintenance of ecosystems and management of space.","corsica, hematoma, anticoagulant, resource depletion, plant, question, sustainability, distillation","http://www.wikidata.org/entity/Q14112, http://www.wikidata.org/entity/Q468787, http://www.wikidata.org/entity/Q215118, http://www.wikidata.org/entity/Q3737914, http://www.wikidata.org/entity/Q756, http://www.wikidata.org/entity/Q189756, http://www.wikidata.org/entity/Q219416, http://www.wikidata.org/entity/Q101017","9.083333333333334","42.15","2.0","47.0"
"Mountain landscape and reference chains","The reference mountain chain of this VC is Corsican moutains. The reference mountain landscape of this VC is Corsica. The value chain concerns all the corsican region because of the homogeneity of resources, dieseases impcats, driving skills, plants varieties and labels.","reference, mountain, landscape, corsica, value chain","http://www.wikidata.org/entity/Q121769, http://www.wikidata.org/entity/Q8502, http://www.wikidata.org/entity/Q107425, http://www.wikidata.org/entity/Q14112, http://www.wikidata.org/entity/Q646107","9.083333333333334","42.15","2.0","47.0"
"Key local assets","Reputation of helichrysum oil associated with the 'wild nature' of Corsica. LAU is unspecified","helichrysum, oil, nature, corsica","http://www.wikidata.org/entity/Q28195, http://www.wikidata.org/entity/Q42962, http://www.wikidata.org/entity/Q7860, http://www.wikidata.org/entity/Q14112","9.083333333333334","42.15","2.0","47.0"
"Challenges","The challenge is to maintain the therapeutic qualities of the oils, to stabilize highly profitable production with a strong reputation, to preserve spontaneous stands of uncontrolled harvests and finally to prevent integration by large industrial operators. How to design a fair value chain between operators and maintain value in production areas?. Overall the type of challenge faced by this VC is Current and Predicted. This VC is classified as Traditional and Innovative.","","","9.103636932645504","42.15400907716353","2.0","47.0"
"Innovation","The type of innovation of this VC is Endogenous. Innovation consists in maintaining a high level of quality and a reputation based on cultivated production on the one hand and in organizing a sector for equitable sharing of value on the other hand. The innovation is related to New products, New marketing strategies and New governance systems. The land use systems involved are Natural land and Cultivation of helichrysum plantations. The local assets include Natural.","innovation, hand, sharing, marketing, governance, helichrysum","http://www.wikidata.org/entity/Q174165, http://www.wikidata.org/entity/Q33767, http://www.wikidata.org/entity/Q459221, http://www.wikidata.org/entity/Q39809, http://www.wikidata.org/entity/Q1553864, http://www.wikidata.org/entity/Q28195","9.103636932645504","42.15400907716353","2.0","47.0"
"Geography and population","The size of the area (km2) is 8722. The minimum altimetry of the LAU is 0. The maximum altimetry of the LAU is 2706. The total population (in thousand) is 0.334. The population density (Inhabitants/km2) in the LAU is 38.6. The population change rate of the LAU in the last 10 years (%) has been 1.10%. The overall regional population density (Inhabitants/km2) is 38.6. The regional population change rate in the last 10 years (%) has been 1.10%.","population density","http://www.wikidata.org/entity/Q22856","9.103636932645504","42.15400907716353","2.0","47.0"
"Income and gross value added","The average per capita income (EUR/year) [NUTS3] is 25400. The total Gross Value Added (GVA) (EUR million/year) [NUTS3] is 8034.12. The primary sector share of total GVA/year [NUTS3] is unspecified. The secondary sector share of total GVA/year [NUTS3] is unspecified. The tertiary sector share of total GVA/year [NUTS3] is unspecified. The per capita income (EUR/year) [NUTS2] is 25400. The total Gross Value Added (GVA) (EUR million/year) [NUTS2] is 8034.12. The primary sector share of total GVA/year [NUTS2] is unspecified. The secondary sector share of total GVA/year [NUTS2] is unspecified. The tertiary sector share of total GVA/year [NUTS2] is unspecified.","gross value added, per capita income, year","http://www.wikidata.org/entity/Q994873, http://www.wikidata.org/entity/Q45918, http://www.wikidata.org/entity/Q577","9.103636932645504","42.15400907716353","2.0","47.0"
"Tourism","The total number of bed places (BPs) in tourist accommodations/year in the LAU is unspecified. The regional (NUTS2) share of total BPs/year is unspecified. The number of agricultural holdings in the LAU is 2626. The nearest settlement with population over 100000 (km) is 333. In this region protected areas are present.","number, bed, year","http://www.wikidata.org/entity/Q11563, http://www.wikidata.org/entity/Q42177, http://www.wikidata.org/entity/Q577","9.103636932645504","42.15400907716353","2.0","47.0"
"Employment","The primary sector share of total employment/year [NUTS3] is unspecified. The secondary sector share of total employment/year [NUTS3] is unspecified. The tertiary sector share of total employment/year [NUTS3] is unspecified. The primary sector share of total employment/year [NUTS2] is 0.036. The secondary sector share of total employment/year [NUTS2] is 0.162. The tertiary sector share of total employment/year [NUTS2] is 0.802.","employment, year","http://www.wikidata.org/entity/Q656365, http://www.wikidata.org/entity/Q577","9.103636932645504","42.15400907716353","2.0","47.0"
"Concluding remarks","This VC is also present in other regions of France (Drôme) where about 100ha of Curry plant might be produced as well. It was identified in Italy, North Macedonia, Slovakia, Switzerland, and Spain.The activity can join other activities which mobilize in the construction of the value of the species existing in the spontaneous state and where the agricultural possibilities are not yet completely stabilized. PAM but also fruits like acorn can enrich the approach.","france, italy, slovakia, switzerland, drôme, spain, acorn","http://www.wikidata.org/entity/Q142, http://www.wikidata.org/entity/Q38, http://www.wikidata.org/entity/Q214, http://www.wikidata.org/entity/Q39, http://www.wikidata.org/entity/Q3364, http://www.wikidata.org/entity/Q29, http://www.wikidata.org/entity/Q3914781","12.5","42.5","2.0","47.0"
