title,description,objects,objectlinks,lon,lat,barycenter_lon,barycenter_lat
"Corsican Milk Lamb","The MOVING reference member state of this VC is FRANCE INRAE. The reference MOVING Card ID of this VC is VC 11 FR. Milk lamb is seasonnaly produced, mostly in autumn, by approximatively 300 dairy-ewe farmers. Two associations of farmers intervene for slaughtering the animals and corresponding logistics. There are different circuits for selling the carcasses : direct selling from farmers, butchers' shop, ..","france, direct selling","http://www.wikidata.org/entity/Q142, http://www.wikidata.org/entity/Q962382","2.0","47.0","2.0","47.0"
"Interest on this VC","high reputation products, coexistence between mountainous area and plains, competing access to milk (for processing or feeding the lamb), strategy of localisation and contribution to villages vividness, resources linked to pastoral breeding (breeds, feeding species) and their associated know-how are diminushing, traditionnal dishes and local culinary heritage are diminushing as well. With modernization, milk lambs have been a growing issue for dairy producers. They have specialized in producing milk and do not know what to do with lambs. Local culinary uses have been diminushing, contributing to restraining the local markets. Local farmers are looking for levers to improve this situation. local at the SES level and from the point of view of consumers and intermediate profession (butcher shops) could provide new insight.","strategy, species, profession, butcher, insight","http://www.wikidata.org/entity/Q185451, http://www.wikidata.org/entity/Q7432, http://www.wikidata.org/entity/Q28640, http://www.wikidata.org/entity/Q329737, http://www.wikidata.org/entity/Q1553259","9.103636932645504","42.15400907716353","2.0","47.0"
"Mountain landscape and reference chains","The reference mountain chain of this VC is Corsican moutains. The reference mountain landscape of this VC is Corsica. Corsica is an island in the sea. It presents a great diversity of landscapes: plains, hillsides, deap and steep valleys Small ruminant farming has long been a transhumant activity, occupying all the region. For the past decades, farmers have settled, in the plains and hillsides. Some of them keep on using mountain pastures during Summer. They are scattered within the region, with no remarkable specialised sub-region. The area of production of PDO Brocciu or for the projet of PGI on milk lamb is Corsica.","reference, mountain, corsica, ruminant, brocciu","http://www.wikidata.org/entity/Q121769, http://www.wikidata.org/entity/Q8502, http://www.wikidata.org/entity/Q14112, http://www.wikidata.org/entity/Q842175, http://www.wikidata.org/entity/Q761524","9.083333333333334","42.15","2.0","47.0"
"Key local assets","pastoral systems benefit from a long history using natural resources and leaving traces in the landscape. Somehow, Nature is considered without husbandry, especially in Corsica.It has been competing with other uses of landscape (tourism, natural parcs, leisure..). Cultural heritage is eroding and new values have arisen concerning animal welfare, putting animal slaughtering into a new perspective. LAU is unspecified","corsica, animal welfare","http://www.wikidata.org/entity/Q14112, http://www.wikidata.org/entity/Q459426","9.083333333333334","42.15","2.0","47.0"
"Challenges","to (re)assemble resources that have been built and transmitted in the territory (breeds, feeding species.. ), especially to reconect intertwinned activities (milk lamb and dairy production) that have been set appart with agriculture modernization and specialization. To reconnect food production with food uses (cooking, eating habits, etc.). Overall the type of challenge faced by this VC is Current. This VC is classified as Traditional.","milk, dairy, agriculture, modernization, food","http://www.wikidata.org/entity/Q8495, http://www.wikidata.org/entity/Q637776, http://www.wikidata.org/entity/Q11451, http://www.wikidata.org/entity/Q878526, http://www.wikidata.org/entity/Q2095","9.103636932645504","42.15400907716353","2.0","47.0"
"Innovation","The type of innovation of this VC is Endogenous. One large stakeholder (organization of producers, linked to the biggest dairy) implemented a service that collect the milk lambs of most producers to send them to Sardinia where they are slaughtered. They get the carcasses back and freeze a part of them to sell them later in the year when tourist season has begun. They struggle to add value to their product. farmers have had a project of PGI for their corsican milk lamb for years. They did not succeed yet. They struggle to find durable solutions. The innovation is related to New processes. The land use systems involved are Grassland, Natural land and agrosylvopastoral systems (schrubs, forests of oaks - accorns, meadows). The local assets include Natural and cultural.","innovation, sardinia, grassland","http://www.wikidata.org/entity/Q174165, http://www.wikidata.org/entity/Q1462, http://www.wikidata.org/entity/Q1006733","9.0","40.0","2.0","47.0"
"Geography and population","The size of the area (km2) is 8722. The minimum altimetry of the LAU is 0. The maximum altimetry of the LAU is 2706. The total population (in thousand) is 0.334. The population density (Inhabitants/km2) in the LAU is 38.6. The population change rate of the LAU in the last 10 years (%) has been 1.10%. The overall regional population density (Inhabitants/km2) is 38.6. The regional population change rate in the last 10 years (%) has been 1.10%.","population density","http://www.wikidata.org/entity/Q22856","9.103636932645504","42.15400907716353","2.0","47.0"
"Income and gross value added","The average per capita income (EUR/year) [NUTS3] is 25400. The total Gross Value Added (GVA) (EUR million/year) [NUTS3] is 8034.12. The primary sector share of total GVA/year [NUTS3] is unspecified. The secondary sector share of total GVA/year [NUTS3] is unspecified. The tertiary sector share of total GVA/year [NUTS3] is unspecified. The per capita income (EUR/year) [NUTS2] is 25400. The total Gross Value Added (GVA) (EUR million/year) [NUTS2] is 8034.12. The primary sector share of total GVA/year [NUTS2] is unspecified. The secondary sector share of total GVA/year [NUTS2] is unspecified. The tertiary sector share of total GVA/year [NUTS2] is unspecified.","gross value added, per capita income, year","http://www.wikidata.org/entity/Q994873, http://www.wikidata.org/entity/Q45918, http://www.wikidata.org/entity/Q577","9.103636932645504","42.15400907716353","2.0","47.0"
"Tourism","The total number of bed places (BPs) in tourist accommodations/year in the LAU is unspecified. The regional (NUTS2) share of total BPs/year is unspecified. The number of agricultural holdings in the LAU is 2626. The nearest settlement with population over 100000 (km) is 333. In this region protected areas are present.","number, bed, year","http://www.wikidata.org/entity/Q11563, http://www.wikidata.org/entity/Q42177, http://www.wikidata.org/entity/Q577","9.103636932645504","42.15400907716353","2.0","47.0"
"Employment","The primary sector share of total employment/year [NUTS3] is unspecified. The secondary sector share of total employment/year [NUTS3] is unspecified. The tertiary sector share of total employment/year [NUTS3] is unspecified. The primary sector share of total employment/year [NUTS2] is 0.036. The secondary sector share of total employment/year [NUTS2] is 0.162. The tertiary sector share of total employment/year [NUTS2] is 0.802.","employment, year","http://www.wikidata.org/entity/Q656365, http://www.wikidata.org/entity/Q577","9.103636932645504","42.15400907716353","2.0","47.0"
"Concluding remarks","The VC is also present in Austria. Comparaison with production of lamb that is dedicated to meat (Austria, Switzerland, Serbia, Spain) might also been interesting regarding the use of resources linked with specialization.","austria, switzerland, serbia, spain, meat","http://www.wikidata.org/entity/Q40, http://www.wikidata.org/entity/Q39, http://www.wikidata.org/entity/Q403, http://www.wikidata.org/entity/Q29, http://www.wikidata.org/entity/Q10990","14.0","48.0","2.0","47.0"
