title,description,objects,objectlinks,lon,lat,barycenter_lon,barycenter_lat
"Pin Lariccio","The MOVING reference member state of this VC is FRANCE INRAE. The reference MOVING Card ID of this VC is VC 14 FR. This sector is highly concentrated. It gathers 9 sawmills. 3 units do 75% of regional lumber collection and 70% of wood sawing and wood planing.This interprofessional organisational has been existing since 2010. Public (ONF) and private owners coexist, eventhough ONF is the most important producers of lamber.","france","http://www.wikidata.org/entity/Q142","2.0","47.0","2.0","47.0"
"Interest on this VC","High reputation product, territorial identity, issues in logistics and organization of the sector. Pin Lariccio grows in high altitudes, mostly in lands that are property of the state and managed by the National Office of Forest (ONF in France). This makes this public organization the main producer of PIn Lariccio, along with other missions such as forst management, preservation of the environment and public reception (summer tourism). A interprofessionnal organization was created in 2010 in order to organize and promote the sector, which is less developed than elsewhere in France; it federates the activities involved in wood extraction and the ones involved in construction.In 2020, the regional office for agricultural and rural development had a brand recognized for Corsican lumber : Lignum Corsica. There is a political will to promote this sector and to push local stakeholders to use local lumber for construction (public buildings and private ones).","france, organization, construction, lumber, corsica","http://www.wikidata.org/entity/Q142, http://www.wikidata.org/entity/Q43229, http://www.wikidata.org/entity/Q385378, http://www.wikidata.org/entity/Q1370714, http://www.wikidata.org/entity/Q14112","9.083333333333334","42.15","2.0","47.0"
"Mountain landscape and reference chains","The reference mountain chain of this VC is Corsican moutains. The reference mountain landscape of this VC is Corsica. Corsica is an island in the sea. It presents a great diversity of landscapes: plains, hillsides, deap and steep valleys Pin Larricio is present in the highest altitudes, between 900 and 1800 meters.","reference, mountain, landscape, corsica, island, sea","http://www.wikidata.org/entity/Q121769, http://www.wikidata.org/entity/Q8502, http://www.wikidata.org/entity/Q107425, http://www.wikidata.org/entity/Q14112, http://www.wikidata.org/entity/Q23442, http://www.wikidata.org/entity/Q165","9.083333333333334","42.15","2.0","47.0"
"Key local assets","pastoral systems benefit from a long history using natural resources and leaving traces in the landscape. Somehow, Nature is considered without husbandry, especially in Corsica.It has been competing with other uses of landscape (tourism, natural parcs, leisure..). LAU is unspecified","corsica","http://www.wikidata.org/entity/Q14112","9.083333333333334","42.15","2.0","47.0"
"Challenges","To organize and to find conditions for existing durably.To provide for local construction (in a context of political will for reducing dependencies). Overall the type of challenge faced by this VC is Current. This VC is classified as Innovative.","","","9.103636932645504","42.15400907716353","2.0","47.0"
"Innovation","The type of innovation of this VC is Endogenous and Exogenous. Wood products coming from Pin Lariccio are expensive: they are sold 42€/m3 which is 70% higher than comparable tree essences (fir). This activity suffers from exogeneous competition, based on exotic essences. The main stakeholders adapt and propose both local essences and foreign ones. The innovation is related to New governance systems. The land use systems involved are Forestry, Natural land, Schrubs and summer pastures. The local assets include Natural.","innovation, wood, tree, governance","http://www.wikidata.org/entity/Q174165, http://www.wikidata.org/entity/Q287, http://www.wikidata.org/entity/Q10884, http://www.wikidata.org/entity/Q1553864","9.103636932645504","42.15400907716353","2.0","47.0"
"Geography and population","The size of the area (km2) is 8722. The minimum altimetry of the LAU is 0. The maximum altimetry of the LAU is 2706. The total population (in thousand) is 0.334. The population density (Inhabitants/km2) in the LAU is 38.6. The population change rate of the LAU in the last 10 years (%) has been 1.10%. The overall regional population density (Inhabitants/km2) is 38.6. The regional population change rate in the last 10 years (%) has been 1.10%.","population density","http://www.wikidata.org/entity/Q22856","9.103636932645504","42.15400907716353","2.0","47.0"
"Income and gross value added","The average per capita income (EUR/year) [NUTS3] is 25400. The total Gross Value Added (GVA) (EUR million/year) [NUTS3] is 8034.12. The primary sector share of total GVA/year [NUTS3] is unspecified. The secondary sector share of total GVA/year [NUTS3] is unspecified. The tertiary sector share of total GVA/year [NUTS3] is unspecified. The per capita income (EUR/year) [NUTS2] is 25400. The total Gross Value Added (GVA) (EUR million/year) [NUTS2] is 8034.12. The primary sector share of total GVA/year [NUTS2] is unspecified. The secondary sector share of total GVA/year [NUTS2] is unspecified. The tertiary sector share of total GVA/year [NUTS2] is unspecified.","gross value added, per capita income, year","http://www.wikidata.org/entity/Q994873, http://www.wikidata.org/entity/Q45918, http://www.wikidata.org/entity/Q577","9.103636932645504","42.15400907716353","2.0","47.0"
"Tourism","The total number of bed places (BPs) in tourist accommodations/year in the LAU is unspecified. The regional (NUTS2) share of total BPs/year is unspecified. The number of agricultural holdings in the LAU is 2626. The nearest settlement with population over 100000 (km) is 333. In this region protected areas are present.","number, bed, year","http://www.wikidata.org/entity/Q11563, http://www.wikidata.org/entity/Q42177, http://www.wikidata.org/entity/Q577","9.103636932645504","42.15400907716353","2.0","47.0"
"Employment","The primary sector share of total employment/year [NUTS3] is unspecified. The secondary sector share of total employment/year [NUTS3] is unspecified. The tertiary sector share of total employment/year [NUTS3] is unspecified. The primary sector share of total employment/year [NUTS2] is 0.036. The secondary sector share of total employment/year [NUTS2] is 0.162. The tertiary sector share of total employment/year [NUTS2] is 0.802.","employment, year","http://www.wikidata.org/entity/Q656365, http://www.wikidata.org/entity/Q577","9.103636932645504","42.15400907716353","2.0","47.0"
"Concluding remarks","Similar VC was identified in other MRls, in Czech Republic, Hungary, North Macedonia.","czech republic, hungary, north","http://www.wikidata.org/entity/Q213, http://www.wikidata.org/entity/Q28, http://www.wikidata.org/entity/Q659","16.0","50.0","2.0","47.0"
