title,description,objects,objectlinks,lon,lat,barycenter_lon,barycenter_lat
"Boar hunting","The MOVING reference member state of this VC is FRANCE INRAE. The reference MOVING Card ID of this VC is VC 15 FR. Boar hunting is a common acitivty. 17 000 individuals have a hunting permit in Corsica, though not all of them hunt boar but other wild animals. About 40 000 boars are killed each year, between august and february. Procuring and cooking wild boar is a domestic activity. Procuring wild boar to local restaurant is currently illegal. Hunting is framed and managed by hunting associations, that are gathered in a federation at the regional level. Only one farm breed boars to produce its own food (canery, paté). The others procure boars in Eastern Countries. As there are sanitary issues, the vet associations and farmers sanitary assocation interferes with boar hunting too.","france, hunting, corsica, year, restaurant, federation, farm, breed, food","http://www.wikidata.org/entity/Q142, http://www.wikidata.org/entity/Q36963, http://www.wikidata.org/entity/Q14112, http://www.wikidata.org/entity/Q577, http://www.wikidata.org/entity/Q11707, http://www.wikidata.org/entity/Q43702, http://www.wikidata.org/entity/Q131596, http://www.wikidata.org/entity/Q38829, http://www.wikidata.org/entity/Q2095","2.0","47.0","2.0","47.0"
"Interest on this VC","circular economy, high reputation products, prevalence of forest, sanitary issues. With modernization, hunters, villagers and farmers have been growing appart. The professionnalisation and institutionnalisation of those activities have led individuals to invest into different collectives and associations. Acting for health issues, they need to work together and find common interest.","circular economy, forest, health, interest","http://www.wikidata.org/entity/Q497743, http://www.wikidata.org/entity/Q4421, http://www.wikidata.org/entity/Q12147, http://www.wikidata.org/entity/Q170924","9.103636932645504","42.15400907716353","2.0","47.0"
"Mountain landscape and reference chains","The reference mountain chain of this VC is Corsican moutains. The reference mountain landscape of this VC is Corsica. Corsica is an island in the sea. It presents a great diversity of landscapes: plains, hillsides, deap and steep valleys Boar is equally distributed in Corsica.","reference, mountain, landscape, corsica, island, sea","http://www.wikidata.org/entity/Q121769, http://www.wikidata.org/entity/Q8502, http://www.wikidata.org/entity/Q107425, http://www.wikidata.org/entity/Q14112, http://www.wikidata.org/entity/Q23442, http://www.wikidata.org/entity/Q165","9.083333333333334","42.15","2.0","47.0"
"Key local assets","This is a traditional activity that is valorized by locals and enjoyed by tourists: boar is a common produce that we find in restaurants.However, evolution of mentalities lead to other representations of hunting (and hunters), which are more negative.They are based on concerns about how this activitiy is dangerous, about the well-being for animal and they lay on a change in how death is considered. LAU is unspecified","","","9.103636932645504","42.15400907716353","2.0","47.0"
"Challenges","to manage the population of boars and its interactions with domestic animals. Overall the type of challenge faced by this VC is Current. This VC is classified as Traditional and Innovative.","","","9.103636932645504","42.15400907716353","2.0","47.0"
"Innovation","The type of innovation of this VC is Endogenous and Exogenous. Local stakeholders are working together in order to manage the sanitary issues associated with the interactions occuring between domestic animals (Cows, Pigs) and the wild. Hunters are part of this type of collective action. The innovation is related to New governance systems. The land use systems involved are Natural land and Boars are found in the forest but marks can be found in cultures, schrub or meadows. They feed on chestnut and acorn. The local assets include Natural and cultural.","innovation, governance","http://www.wikidata.org/entity/Q174165, http://www.wikidata.org/entity/Q1553864","9.103636932645504","42.15400907716353","2.0","47.0"
"Geography and population","The size of the area (km2) is 8722. The minimum altimetry of the LAU is 0. The maximum altimetry of the LAU is 2706. The total population (in thousand) is 0.334. The population density (Inhabitants/km2) in the LAU is 38.6. The population change rate of the LAU in the last 10 years (%) has been 1.10%. The overall regional population density (Inhabitants/km2) is 38.6. The regional population change rate in the last 10 years (%) has been 1.10%.","population density","http://www.wikidata.org/entity/Q22856","9.103636932645504","42.15400907716353","2.0","47.0"
"Income and gross value added","The average per capita income (EUR/year) [NUTS3] is 25400. The total Gross Value Added (GVA) (EUR million/year) [NUTS3] is 8034.12. The primary sector share of total GVA/year [NUTS3] is unspecified. The secondary sector share of total GVA/year [NUTS3] is unspecified. The tertiary sector share of total GVA/year [NUTS3] is unspecified. The per capita income (EUR/year) [NUTS2] is 25400. The total Gross Value Added (GVA) (EUR million/year) [NUTS2] is 8034.12. The primary sector share of total GVA/year [NUTS2] is unspecified. The secondary sector share of total GVA/year [NUTS2] is unspecified. The tertiary sector share of total GVA/year [NUTS2] is unspecified.","gross value added, per capita income, year","http://www.wikidata.org/entity/Q994873, http://www.wikidata.org/entity/Q45918, http://www.wikidata.org/entity/Q577","9.103636932645504","42.15400907716353","2.0","47.0"
"Tourism","The total number of bed places (BPs) in tourist accommodations/year in the LAU is unspecified. The regional (NUTS2) share of total BPs/year is unspecified. The number of agricultural holdings in the LAU is 2626. The nearest settlement with population over 100000 (km) is 333. In this region protected areas are present.","number, bed, year","http://www.wikidata.org/entity/Q11563, http://www.wikidata.org/entity/Q42177, http://www.wikidata.org/entity/Q577","9.103636932645504","42.15400907716353","2.0","47.0"
"Employment","The primary sector share of total employment/year [NUTS3] is unspecified. The secondary sector share of total employment/year [NUTS3] is unspecified. The tertiary sector share of total employment/year [NUTS3] is unspecified. The primary sector share of total employment/year [NUTS2] is 0.036. The secondary sector share of total employment/year [NUTS2] is 0.162. The tertiary sector share of total employment/year [NUTS2] is 0.802.","employment, year","http://www.wikidata.org/entity/Q656365, http://www.wikidata.org/entity/Q577","9.103636932645504","42.15400907716353","2.0","47.0"
"Concluding remarks","Similar VC is identified in North Macedonia, Slovakia, Spain.","slovakia, spain, north","http://www.wikidata.org/entity/Q214, http://www.wikidata.org/entity/Q29, http://www.wikidata.org/entity/Q659","20.0","49.0","2.0","47.0"
