title,description,objects,objectlinks,lon,lat,barycenter_lon,barycenter_lat
"Firewood (Holm oak and white oak)","The MOVING reference member state of this VC is FRANCE INRAE. The reference MOVING Card ID of this VC is VC 21 FR. Forest represent half of the Corsican land (400 000 ha), which is bigger than the national average (30%). Half of it corresponds to forests of mid-altitude. They are owned by individuals, under small parcels that are generally smaller than 10ha. They are mostly composed of oaks and they have been expanding at an important rate. This corresponds to the finished form of shrub, once it has grown on abandoned land. It has a role for heating local households, eventhough it is not optimized. 280 establishments are involved in the wood sector in Corsica, mostly in extracting firwood, but the profesionnals are aging and salaries are less than national average.","france, forest, average, altitude, shrub, corsica","http://www.wikidata.org/entity/Q142, http://www.wikidata.org/entity/Q4421, http://www.wikidata.org/entity/Q202785, http://www.wikidata.org/entity/Q190200, http://www.wikidata.org/entity/Q42295, http://www.wikidata.org/entity/Q14112","2.0","47.0","2.0","47.0"
"Interest on this VC","Prevalence of the connected land use system(s), autonomy and energy.","system, autonomy, energy","http://www.wikidata.org/entity/Q58778, http://www.wikidata.org/entity/Q484105, http://www.wikidata.org/entity/Q11379","9.103636932645504","42.15400907716353","2.0","47.0"
"Mountain landscape and reference chains","The reference mountain chain of this VC is Corsican moutains. The reference mountain landscape of this VC is Corsica.","reference, mountain, landscape, corsica","http://www.wikidata.org/entity/Q121769, http://www.wikidata.org/entity/Q8502, http://www.wikidata.org/entity/Q107425, http://www.wikidata.org/entity/Q14112","9.083333333333334","42.15","2.0","47.0"
"Key local assets","pastoral systems benefit from a long history using natural resources and leaving traces in the landscape. Somehow, Nature is considered without husbandry, especially in Corsica.It has been competing with other uses of landscape (tourism, natural parcs, leisure..). Forests reveal that tension, gathering diffrent essences, domestic and wild. LAU is unspecified","corsica","http://www.wikidata.org/entity/Q14112","9.083333333333334","42.15","2.0","47.0"
"Challenges","To provide for local needs in energy and other uses of wood. To constitute one way to regulate the expansion of forest and the risk of big fires. To adress the controversy about emission of carbon and energy based on woodfire. Overall the type of challenge faced by this VC is Current and Predicted. This VC is classified as Traditional.","energy, wood, controversy, carbon","http://www.wikidata.org/entity/Q11379, http://www.wikidata.org/entity/Q287, http://www.wikidata.org/entity/Q1255828, http://www.wikidata.org/entity/Q623","9.103636932645504","42.15400907716353","2.0","47.0"
"Innovation","The type of innovation of this VC is unspecified. No innovation noticed. The innovation is related to the whole VC. The land use systems involved are Forestry, Natural land, Schrubs and chestnuts forests. The local assets include Natural and cultural.","innovation","http://www.wikidata.org/entity/Q174165","9.103636932645504","42.15400907716353","2.0","47.0"
"Geography and population","The size of the area (km2) is 8722. The minimum altimetry of the LAU is 0. The maximum altimetry of the LAU is 2706. The total population (in thousand) is 0.334. The population density (Inhabitants/km2) in the LAU is 38.6. The population change rate of the LAU in the last 10 years (%) has been 1.10%. The overall regional population density (Inhabitants/km2) is 38.6. The regional population change rate in the last 10 years (%) has been 1.10%.","population density","http://www.wikidata.org/entity/Q22856","9.103636932645504","42.15400907716353","2.0","47.0"
"Income and gross value added","The average per capita income (EUR/year) [NUTS3] is 25400. The total Gross Value Added (GVA) (EUR million/year) [NUTS3] is 8034.12. The primary sector share of total GVA/year [NUTS3] is unspecified. The secondary sector share of total GVA/year [NUTS3] is unspecified. The tertiary sector share of total GVA/year [NUTS3] is unspecified. The per capita income (EUR/year) [NUTS2] is 25400. The total Gross Value Added (GVA) (EUR million/year) [NUTS2] is 8034.12. The primary sector share of total GVA/year [NUTS2] is unspecified. The secondary sector share of total GVA/year [NUTS2] is unspecified. The tertiary sector share of total GVA/year [NUTS2] is unspecified.","gross value added, per capita income, year","http://www.wikidata.org/entity/Q994873, http://www.wikidata.org/entity/Q45918, http://www.wikidata.org/entity/Q577","9.103636932645504","42.15400907716353","2.0","47.0"
"Tourism","The total number of bed places (BPs) in tourist accommodations/year in the LAU is unspecified. The regional (NUTS2) share of total BPs/year is unspecified. The number of agricultural holdings in the LAU is 2626. The nearest settlement with population over 100000 (km) is 333. In this region protected areas are present.","number, bed, year","http://www.wikidata.org/entity/Q11563, http://www.wikidata.org/entity/Q42177, http://www.wikidata.org/entity/Q577","9.103636932645504","42.15400907716353","2.0","47.0"
"Employment","The primary sector share of total employment/year [NUTS3] is unspecified. The secondary sector share of total employment/year [NUTS3] is unspecified. The tertiary sector share of total employment/year [NUTS3] is unspecified. The primary sector share of total employment/year [NUTS2] is 0.036. The secondary sector share of total employment/year [NUTS2] is 0.162. The tertiary sector share of total employment/year [NUTS2] is 0.802.","employment, year","http://www.wikidata.org/entity/Q656365, http://www.wikidata.org/entity/Q577","9.103636932645504","42.15400907716353","2.0","47.0"
"Concluding remarks","Similar VC was identified in other MRls, in Czech Republic, Hungary, North Macedonia.","czech republic, hungary, north","http://www.wikidata.org/entity/Q213, http://www.wikidata.org/entity/Q28, http://www.wikidata.org/entity/Q659","16.0","50.0","2.0","47.0"
