title,description,objects,objectlinks,lon,lat,barycenter_lon,barycenter_lat
"Production of traditional distilled spirit drinks from grape pomance 40%-65% ABV","The MOVING reference member state of this VC is GREECE. The reference MOVING Card ID of this VC is VC 06 GR. The VC engages local producers and their families, in sustainable vertical practices of grapes cultivation, collection, wine/juice extraction and the fermentation and distillation processes for the production of spirit products. Most often the producers are also land owners with land titles passed from generation to generation and strong ties with the community. Most producers provide their products in bulk to the nearest market retailers, while a few businesses, as for example 'Korsa Drinks' produce bottled labelled products like the product series named 'BaiRaki'.","reference, greece, wine, juice, fermentation, distillation","http://www.wikidata.org/entity/Q121769, http://www.wikidata.org/entity/Q41, http://www.wikidata.org/entity/Q282, http://www.wikidata.org/entity/Q8492, http://www.wikidata.org/entity/Q41760, http://www.wikidata.org/entity/Q101017","23.0","38.5","23.0","38.5"
"Interest on this VC","The spirit drink of tsikoudia has a centuries old tradition of production in the area, using a local distillation process on grapes pomance, the residue of grapes after being pressed for wine production. A similar product oberved in the Eastern Mediterranean region is called raki, but tsikoudia follows some particular techniques and grape varieties that are typical of this region and associated with its cultural identity. The grapes are produced in high altitude lansdcape and the pressing and distillation processes take place in local communities. Lately we observe the introduction of innovative products, mainly spirit drinks combining the traditional tsikoudia product with locally produced honey or fruit aromas.The VC is characterized by low-volume, high-quality products that grow fast in brand reputation, supporting the local community in the area of Hagia Varvara, at the foothills of Psiloritis mountain. As part of the cultural heritage and the gastronomy of the area, this VC has gained great reputation all over Greece and even abroad, extenting the reach of the VC. It is also inextricably linked to the communities' SES.","greece, tsikoudia, distillation, grape, community","http://www.wikidata.org/entity/Q41, http://www.wikidata.org/entity/Q1607962, http://www.wikidata.org/entity/Q101017, http://www.wikidata.org/entity/Q10978, http://www.wikidata.org/entity/Q177634","23.0","38.5","23.0","38.5"
"Mountain landscape and reference chains","The reference mountain chain of this VC is Psiloritis mountain. The reference mountain landscape of this VC is HAGIA VARVARA. The location is situated at the north-easter foothills of the highest peak on the island, the Idi mountain range. The highest peak of the mountain is 2,456m and the surrounding area is characterized by high altitude rocky fields, with various small valleys of fertile soil. The highest altitudes levels close to the mountain range peak are rocky, arid and without plantation or trees. The foothills of the mountain range have a mixture of rocky and fertile landscape.","reference, mountain, landscape, foothills","http://www.wikidata.org/entity/Q121769, http://www.wikidata.org/entity/Q8502, http://www.wikidata.org/entity/Q107425, http://www.wikidata.org/entity/Q1354045","25.00789598813182","35.051850856367984","23.0","38.5"
"Key local assets","The soil characteristics, lanscape, microclimate and high altitude mountainous area is ideal for the growth and quality production of the local gape varieties. The final products are characterized by high quality and distinct attributes and cultural identity. A local tsikoudia festival is organized in mid-summer. About the LAU: LAU1 7104.","soil, microclimate, altitude, tsikoudia, festival, summer","http://www.wikidata.org/entity/Q36133, http://www.wikidata.org/entity/Q215108, http://www.wikidata.org/entity/Q190200, http://www.wikidata.org/entity/Q1607962, http://www.wikidata.org/entity/Q132241, http://www.wikidata.org/entity/Q1313","25.00789598813182","35.051850856367984","23.0","38.5"
"Challenges","The most important challenge for this VC is to gain viable market share against competition. The low-volume traditional production process is halting local businesses to grow in scale and create a homogeneous brand name. Innovation and technology seems to reverse this challenge into opportunity, as it provides small producers with affordable means of promotion and quality assurance. Other challenges include the sustitution of local grape varieties with more popular productive ones and climate change, although the local varieties are particularly adapted to the mountainous rocky soil of Crete and tested for a period of centuries. Overall the type of challenge faced by this VC is Current and Predicted. This VC is classified as Traditional and Innovative.","crete, innovation, technology, grape, soil","http://www.wikidata.org/entity/Q34374, http://www.wikidata.org/entity/Q174165, http://www.wikidata.org/entity/Q11016, http://www.wikidata.org/entity/Q10978, http://www.wikidata.org/entity/Q36133","24.893333333333334","35.30972222222222","23.0","38.5"
"Innovation","The type of innovation of this VC is Endogenous and Exogenous. Tsikoudia is an essential part of local tradition and cuisine. The producers of the area of Hagia Varavara do the traditional distillation process and, unlike the majority of Cretan producers, they have moved forward to bottling, marketing through e-shops, and introducing new types of tsikoudia with different flavours. The innovation is related to New products, New processes and New marketing strategies. The land use systems involved are Cropland. The local assets include Natural, social and cultural.","innovation, tsikoudia, tradition, distillation, majority, marketing","http://www.wikidata.org/entity/Q174165, http://www.wikidata.org/entity/Q1607962, http://www.wikidata.org/entity/Q82821, http://www.wikidata.org/entity/Q101017, http://www.wikidata.org/entity/Q7382648, http://www.wikidata.org/entity/Q39809","25.00789598813182","35.051850856367984","23.0","38.5"
"Geography and population","The size of the area (km2) is 465.2. The minimum altimetry of the LAU is 0. The maximum altimetry of the LAU is 1572. The total population (in thousand) is 315.162. The population density (Inhabitants/km2) in the LAU is 119.40. The population change rate of the LAU in the last 10 years (%) has been 0.02%. The overall regional population density (Inhabitants/km2) is 76.5. The regional population change rate in the last 10 years (%) has been 0.01%.","population density","http://www.wikidata.org/entity/Q22856","25.00789598813182","35.051850856367984","23.0","38.5"
"Income and gross value added","The average per capita income (EUR/year) [NUTS3] is 13800. The total Gross Value Added (GVA) (EUR million/year) [NUTS3] is 3752.14. The primary sector share of total GVA/year [NUTS3] is 5.39%. The secondary sector share of total GVA/year [NUTS3] is 11.64%. The tertiary sector share of total GVA/year [NUTS3] is 82.97%. The per capita income (EUR/year) [NUTS2] is 14300. The total Gross Value Added (GVA) (EUR million/year) [NUTS2] is 7862.21. The primary sector share of total GVA/year [NUTS2] is 6.91%. The secondary sector share of total GVA/year [NUTS2] is 11.24%. The tertiary sector share of total GVA/year [NUTS2] is 81.85%.","gross value added, per capita income, year","http://www.wikidata.org/entity/Q994873, http://www.wikidata.org/entity/Q45918, http://www.wikidata.org/entity/Q577","25.00789598813182","35.051850856367984","23.0","38.5"
"Tourism","The total number of bed places (BPs) in tourist accommodations/year in the LAU is 78642. The regional (NUTS2) share of total BPs/year is 0.419%. The number of agricultural holdings in the LAU is 41162. The nearest settlement with population over 100000 (km) is 30. In this region protected areas are present.","number, bed, year","http://www.wikidata.org/entity/Q11563, http://www.wikidata.org/entity/Q42177, http://www.wikidata.org/entity/Q577","25.00789598813182","35.051850856367984","23.0","38.5"
"Employment","The primary sector share of total employment/year [NUTS3] is 15.23%. The secondary sector share of total employment/year [NUTS3] is 12.38%. The tertiary sector share of total employment/year [NUTS3] is 72.39%. The primary sector share of total employment/year [NUTS2] is 16.20%. The secondary sector share of total employment/year [NUTS2] is 11.84%. The tertiary sector share of total employment/year [NUTS2] is 71.97%.","employment, year","http://www.wikidata.org/entity/Q656365, http://www.wikidata.org/entity/Q577","25.00789598813182","35.051850856367984","23.0","38.5"
"Concluding remarks","Similar VCs based on lagumes can be identified in Wesdtern Macedonia (MRL - NUTS3 : EL432, EL433, EL434).","","","25.00789598813182","35.051850856367984","23.0","38.5"
