title,description,objects,objectlinks,lon,lat,barycenter_lon,barycenter_lat
"Kozani Red saffron, ingredient of other products, cultivated and processed by a local cooperative","The MOVING reference member state of this VC is GREECE. The reference MOVING Card ID of this VC is VC 15 GR. The actors and activities regarding the Krokos Kozani's saffron are many. They include farming, harvesting, processing and distribution. All of these activities take place in the region. A local cooperative (Cooperative de Saffron) responsible for harvesting, assuring quality, drying and sorting of Saffron exists. Crop yield, plantation span, packaging and trading are all tied to a quality schemes PDO that the cooperative overseas.","greece, saffron, cooperative, crop yield","http://www.wikidata.org/entity/Q41, http://www.wikidata.org/entity/Q25434, http://www.wikidata.org/entity/Q4539, http://www.wikidata.org/entity/Q889514","23.0","38.5","23.0","38.5"
"Interest on this VC","Krokos Kozanis is a PDO product with a strong territorial identity. It uniquely thrives, is cultivated and produced by 40 small hamlets and villages that surround the farming town of Krokos, Western Macedonia Greece . Saffron is being cultivated in the area since the 17th century. Kozani is less favored region of Greece with high unemployment. Krokos Kozani's Red Saffron is a high reputation and high quality product.It is one of the world's most intense and valuable varieties of Saffron. For 300 years, this red saffron is systematically cultivated in the rich soil of a unique area in Kozani, in western Macedonia. It is exported mainly in EU, Canada and USA. Continuously growing academic interest for it s health benefits. Used as an ingredient in innovative editable products and cosmetics.The VC is totally dependent on one Coperative, which consists of 1,000 members and has the exclusive right to collect, process and distribute Kozani saffron.The founding of the Cooperative created a body that has the complete responsibility of collecting, processing, packing and distributing the product in order to ensure its quality and to avoid the adulteration that was done by the traders in the past, resulting in the degradation and negative image of the product.","greece, canada, krokos, saffron, kozani","http://www.wikidata.org/entity/Q41, http://www.wikidata.org/entity/Q16, http://www.wikidata.org/entity/Q929244, http://www.wikidata.org/entity/Q25434, http://www.wikidata.org/entity/Q180176","21.816530555555556","40.26459444444444","23.0","38.5"
"Mountain landscape and reference chains","The reference mountain chain of this VC is Vourinos Mountain. The reference mountain landscape of this VC is KOZANI. Vourinos covers the southern Kozani regional unit. Highest elevation: 1866 m. Length 30 km. Drained by the river Aliakmonas and its tributaries. Forests on the northern slopes and the lower areas. The higher elevations are covered with grasslands. The mountainous region with its mild climate produces the best quality organic saffron in the world.","vourinos, kozani","http://www.wikidata.org/entity/Q3554874, http://www.wikidata.org/entity/Q180176","21.6725","40.17583333333334","23.0","38.5"
"Key local assets","Saffron is a traditional product cultivated in the rural area of Kozani. The product has acquired the PDO label. Active farmers and cooperative stakeholders collaboratie with universities to research the pharmaceutical usedsof the product. Socioeconomically, a community (Cooperative de Saffron) has been established. Cultivation has existed in the region for centuries. Saffron is cultivated in forty villages in the region. Greece is the second largest saffron producing country, with an average output of 4 tons of p.a. during the last four decades, most of which is directed in export markets. All of the saffron production is in Kozani. The producer cooperative has the exclusive right to collect, process, package and market all output,. It has also adopted the quality assurance systems and safety management system assuring quality. About the LAU: LAU1 1401.","greece, saffron, kozani, cooperative, community","http://www.wikidata.org/entity/Q41, http://www.wikidata.org/entity/Q25434, http://www.wikidata.org/entity/Q180176, http://www.wikidata.org/entity/Q4539, http://www.wikidata.org/entity/Q177634","21.78896111111111","40.30068888888889","23.0","38.5"
"Challenges","Challenges include the downturn of acreage and production of saffron during the last decade. Intense competition with multinational energy companies in respect to the land is another challenge. Trends in adultertation and vulnerability to climate conditions and climate change are other challenges. Overall the type of challenge faced by this VC is Current and Predicted. This VC is classified as Traditional and Innovative.","saffron, decade, energy, respect, climate","http://www.wikidata.org/entity/Q25434, http://www.wikidata.org/entity/Q39911, http://www.wikidata.org/entity/Q11379, http://www.wikidata.org/entity/Q28510, http://www.wikidata.org/entity/Q7937","12.5","42.5","23.0","38.5"
"Innovation","The type of innovation of this VC is Endogenous. Saffron is a well established, famous spice. The innovations concern new innovative products, editable and cosmetics, so that the added value of those products to be forwarded to the local producers. The innovation is related to New products. The land use systems involved are Cropland. The local assets include Social and cultural.","social, innovation, cosmetics","http://www.wikidata.org/entity/Q345367, http://www.wikidata.org/entity/Q174165, http://www.wikidata.org/entity/Q131207","23.022120582789274","38.48772262274683","23.0","38.5"
"Geography and population","The size of the area (km2) is 1071. The minimum altimetry of the LAU is 350. The maximum altimetry of the LAU is 680. The total population (in thousand) is 169.446. The population density (Inhabitants/km2) in the LAU is 29.70. The population change rate of the LAU in the last 10 years (%) has been -0.08%. The overall regional population density (Inhabitants/km2) is 28.8. The regional population change rate in the last 10 years (%) has been -0.08%.","population density","http://www.wikidata.org/entity/Q22856","22.969060770964656","38.42014466779512","23.0","38.5"
"Income and gross value added","The average per capita income (EUR/year) [NUTS3] is 16200. The total Gross Value Added (GVA) (EUR million/year) [NUTS3] is 2401.27. The primary sector share of total GVA/year [NUTS3] is 7.21%. The secondary sector share of total GVA/year [NUTS3] is 50.44%. The tertiary sector share of total GVA/year [NUTS3] is 42.35%. The per capita income (EUR/year) [NUTS2] is 15300. The total Gross Value Added (GVA) (EUR million/year) [NUTS2] is 3559.99. The primary sector share of total GVA/year [NUTS2] is 8.37%. The secondary sector share of total GVA/year [NUTS2] is 45.71%. The tertiary sector share of total GVA/year [NUTS2] is 45.92%.","gross value added, per capita income, year","http://www.wikidata.org/entity/Q994873, http://www.wikidata.org/entity/Q45918, http://www.wikidata.org/entity/Q577","22.910610120135118","38.49794218612246","23.0","38.5"
"Tourism","The total number of bed places (BPs) in tourist accommodations/year in the LAU is 627. The regional (NUTS2) share of total BPs/year is 0.344%. The number of agricultural holdings in the LAU is 14168. The nearest settlement with population over 100000 (km) is 125. In this region protected areas are present.","number, bed, year","http://www.wikidata.org/entity/Q11563, http://www.wikidata.org/entity/Q42177, http://www.wikidata.org/entity/Q577","23.0285343132692","38.42598448849303","23.0","38.5"
"Employment","The primary sector share of total employment/year [NUTS3] is 17.76%. The secondary sector share of total employment/year [NUTS3] is 23.84%. The tertiary sector share of total employment/year [NUTS3] is 58.40%. The primary sector share of total employment/year [NUTS2] is 17.23%. The secondary sector share of total employment/year [NUTS2] is 22.42%. The tertiary sector share of total employment/year [NUTS2] is 60.36%.","employment, year","http://www.wikidata.org/entity/Q656365, http://www.wikidata.org/entity/Q577","23.053873748028092","38.52342618364659","23.0","38.5"
"Concluding remarks","Kozani is the only region in Greece in which this type of saffron is cultivated. Spain and Italy produce smaller quantities and taken as a whole the quality of European saffron is considered superior compared to other regions of the world.","greece, spain, italy, kozani, saffron, world","http://www.wikidata.org/entity/Q41, http://www.wikidata.org/entity/Q29, http://www.wikidata.org/entity/Q38, http://www.wikidata.org/entity/Q180176, http://www.wikidata.org/entity/Q25434, http://www.wikidata.org/entity/Q16502","-3.5","40.2","23.0","38.5"
