title,description,objects,objectlinks,lon,lat,barycenter_lon,barycenter_lat
"Florina peppers are a specialty produce grown in villages in West Macedonia Greece","The MOVING reference member state of this VC is GREECE. The reference MOVING Card ID of this VC is VC 16 GR. The actors and activities include farmers, processing and production businesses, packaging and distribution centers which are all in the wider area of Florina. This bolsters the local economy and creates possibilities for gastrotourism and sustainability of the villages and the region. The company Naoumidis all pepper that operates in the region of Agios Panteleimonas plays an important role in the production of Florina peppers. Moreover, the culinary uses of the peppers in Agios Panteleiomans expand to restaurants and eateries all over Greece and abroad. All of which are the most viable sectors of the pre-COVID economy in Greece. On the other hand, sustaining a steady production is a challenge.","greece, reference, florina, economy, sustainability, role, hand","http://www.wikidata.org/entity/Q41, http://www.wikidata.org/entity/Q121769, http://www.wikidata.org/entity/Q202272, http://www.wikidata.org/entity/Q159810, http://www.wikidata.org/entity/Q219416, http://www.wikidata.org/entity/Q214339, http://www.wikidata.org/entity/Q33767","23.0","38.5","23.0","38.5"
"Interest on this VC","The peppers are cultivated in the small mountainous villages of Aghios Panteleimonas in the Florina region. The peppers are a PDO procuct of high economic and cultural impact. They are packaged and exported all over the world. The farmers and the processing industry have maintained both the quality and the traditions. The sustainability of the villages is of paramount importance. Cultural festivals around harvesting add both cultural and economic value. PDO quality and traditional ways of cultivating and processing of the peppers. They are harvested each season by hand and are considered to be one of the most exported peppers. The peppers grown in Florina are given the famous name to ensure that quality is maintained. The peppers are canned, dried, made into different suaces, relish, spreads and are also pickled. They are a part of the gastronomical heritage of the region and Greece. The peppers economic and culinary impact is celebrated in a festival each year. The fact that there are now more Florina peppers standardization units is associated with the increased demand observed, which is generally a high value-added commodity. The gourmet and culinary uses have increased exponentially and added to economic and cultural value to this mountainous region.","greece, florina, world, hand, relish, festival, year, fact, standardization, demand, commodity","http://www.wikidata.org/entity/Q41, http://www.wikidata.org/entity/Q202272, http://www.wikidata.org/entity/Q16502, http://www.wikidata.org/entity/Q33767, http://www.wikidata.org/entity/Q766777, http://www.wikidata.org/entity/Q132241, http://www.wikidata.org/entity/Q577, http://www.wikidata.org/entity/Q188572, http://www.wikidata.org/entity/Q369577, http://www.wikidata.org/entity/Q4402708, http://www.wikidata.org/entity/Q317088","21.40888888888889","40.78277777777778","23.0","38.5"
"Mountain landscape and reference chains","The reference mountain chain of this VC is Voras mountain. The reference mountain landscape of this VC is Agios Panteleimonas. Voras mountain range is situated in two states: Greece and North Macedonia. It hosts many ski resorts. It's highest peak is Kaimakchalan (2,524m). The peaks of Mount Vora are a protected habitat of the Natura 2000 network with code GR1240001 The vegetation includes wild cypresses, steppe grasslands, peatlands, beech forests, oak forests, chestnut forests, pine forests, etc. In the protected area of 400,000 acres there are 14 caves of paleo-ecological interest. The soil and climatic conditions in this landscape contribute to the uniqueness of the Red Peppers of Florina.","greece, north macedonia, reference, mountain, landscape, natura 2000, steppe, protected area, soil","http://www.wikidata.org/entity/Q41, http://www.wikidata.org/entity/Q221, http://www.wikidata.org/entity/Q121769, http://www.wikidata.org/entity/Q8502, http://www.wikidata.org/entity/Q107425, http://www.wikidata.org/entity/Q503021, http://www.wikidata.org/entity/Q123991, http://www.wikidata.org/entity/Q473972, http://www.wikidata.org/entity/Q36133","21.716669444444445","41.65","23.0","38.5"
"Key local assets","Culinary and farming traditions are maintained in the region. This has sustained the economy and the population of the villages. The Florina Peppers are cultivated and processed in the same region, PDO quality and name safergurding. About the LAU: LAU1 1702.","florina","http://www.wikidata.org/entity/Q202272","21.40888888888889","40.78277777777778","23.0","38.5"
"Challenges","The challenges for the Florina peppers include maintaining high levels of cultivation, procuction and authenticity. Competition for peppers that look like the Florina Pepper is also a challenge. Overall the type of challenge faced by this VC is Current and Predicted. This VC is classified as Traditional and Innovative.","florina","http://www.wikidata.org/entity/Q202272","21.40888888888889","40.78277777777778","23.0","38.5"
"Innovation","The type of innovation of this VC is Endogenous. Florina peppers are more recently being used in the production of new products such as relish and spreads, while unique products are created (moustopiperies, piperomelo) and combined with products such as honey, tomatoes, eggplants etc. E-commerce is also developing. The innovation is related to New products. The land use systems involved are Natural land. The local assets include Natural, social and cultural.","innovation, florina, relish, honey, e-commerce","http://www.wikidata.org/entity/Q174165, http://www.wikidata.org/entity/Q202272, http://www.wikidata.org/entity/Q766777, http://www.wikidata.org/entity/Q10987, http://www.wikidata.org/entity/Q484847","21.40888888888889","40.78277777777778","23.0","38.5"
"Geography and population","The size of the area (km2) is 827.6. The minimum altimetry of the LAU is 0. The maximum altimetry of the LAU is 2528. The total population (in thousand) is 49.153. The population density (Inhabitants/km2) in the LAU is 27.40. The population change rate of the LAU in the last 10 years (%) has been -0.05%. The overall regional population density (Inhabitants/km2) is 28.8. The regional population change rate in the last 10 years (%) has been -0.08%.","population density","http://www.wikidata.org/entity/Q22856","21.482681973472168","40.77714257421139","23.0","38.5"
"Income and gross value added","The average per capita income (EUR/year) [NUTS3] is 17100. The total Gross Value Added (GVA) (EUR million/year) [NUTS3] is 737.62. The primary sector share of total GVA/year [NUTS3] is 10.62%. The secondary sector share of total GVA/year [NUTS3] is 46.22%. The tertiary sector share of total GVA/year [NUTS3] is 43.16%. The per capita income (EUR/year) [NUTS2] is 15300. The total Gross Value Added (GVA) (EUR million/year) [NUTS2] is 3559.99. The primary sector share of total GVA/year [NUTS2] is 8.37%. The secondary sector share of total GVA/year [NUTS2] is 45.71%. The tertiary sector share of total GVA/year [NUTS2] is 45.92%.","gross value added, per capita income, year","http://www.wikidata.org/entity/Q994873, http://www.wikidata.org/entity/Q45918, http://www.wikidata.org/entity/Q577","21.373175612134748","40.77647673386822","23.0","38.5"
"Tourism","The total number of bed places (BPs) in tourist accommodations/year in the LAU is 252. The regional (NUTS2) share of total BPs/year is 0.186%. The number of agricultural holdings in the LAU is 5954. The nearest settlement with population over 100000 (km) is 130. In this region protected areas are present.","number, bed, year","http://www.wikidata.org/entity/Q11563, http://www.wikidata.org/entity/Q42177, http://www.wikidata.org/entity/Q577","21.407811317228543","40.81486856363343","23.0","38.5"
"Employment","The primary sector share of total employment/year [NUTS3] is 15.92%. The secondary sector share of total employment/year [NUTS3] is 17.66%. The tertiary sector share of total employment/year [NUTS3] is 66.37%. The primary sector share of total employment/year [NUTS2] is 17.23%. The secondary sector share of total employment/year [NUTS2] is 22.42%. The tertiary sector share of total employment/year [NUTS2] is 60.36%.","employment, year","http://www.wikidata.org/entity/Q656365, http://www.wikidata.org/entity/Q577","21.35477373819502","40.70288393386224","23.0","38.5"
"Concluding remarks","This PDO product is in this region, yet red peppers are cultivated in many other areas in Greece and in other European countries.","greece","http://www.wikidata.org/entity/Q41","23.0","38.5","23.0","38.5"
