title,description,objects,objectlinks,lon,lat,barycenter_lon,barycenter_lat
"Epirus Feta is PDO cheese made of sheep and goat milk in the Epirus region, Ammotopos Arta","The MOVING reference member state of this VC is GREECE. The reference MOVING Card ID of this VC is VC 19 GR. The actors in Ammotopos include: Small animal husbandry farmers where milk production is the main source of income. The company EPIRUS SA that operates in the region is one of the largest cheese-producing companies in Greece. The activities include: quality assurance, collection-transport of milk, quality control, milk processing, the maturing process and packaging. Milk processed and produced in state-of-the-art facilities and packaged in the Epirus region. Epirus Feta is marketed throughout the world. Yet, a decline in milk production has been reported in recent years. This is possibly linked to an ageing population. Moreiover this type of farming has become a subsistence activity and the lack of policies regarding pricing schemes add to the economic sustainability conerns,.","greece, reference, animal husbandry, milk, cheese, transport, art, feta, world","http://www.wikidata.org/entity/Q41, http://www.wikidata.org/entity/Q121769, http://www.wikidata.org/entity/Q80962, http://www.wikidata.org/entity/Q8495, http://www.wikidata.org/entity/Q10943, http://www.wikidata.org/entity/Q7590, http://www.wikidata.org/entity/Q735, http://www.wikidata.org/entity/Q182760, http://www.wikidata.org/entity/Q16502","23.0","38.5","23.0","38.5"
"Interest on this VC","Epirus Feta is a successful PDO product. It is the best-known Greek cheese. It has a territorial identity and traditional cheese production methods are applied. Sheep and goat farming is considered to be one of the most dynamic sectors of the rural economy of Ammotopos, both in terms of employment and overall income. Ammotopos is a mountainous disadvantaged area of Greece. The goat and sheep faming sector has a strong link with the land and the environment, with a recognised role in biodiversity and landscape conservation and in measures to combat forest fires. Epirus Feta is a PDO product. Ammotopos region as a whole is rugged and mountainous. Sheep and goat pastoralism have always been an important activity in the region (Epirus provides more than 45% of milkt to the Greek market) but there seems to be a decline in recent years. Hence, cheese production is a traditional and culturally relevant product. It is exported to many countries and has been granted several awards for taste and quality. The PDO status of the product, the fact that production takes place in the same area, maintains the animal husbandry customes of the culture and sustains the population of the region. Traditional cheese production methods are applied along with innovative changes in production.","greece, feta, cheese, sheep, goat, pastoralism, animal husbandry","http://www.wikidata.org/entity/Q41, http://www.wikidata.org/entity/Q182760, http://www.wikidata.org/entity/Q10943, http://www.wikidata.org/entity/Q7368, http://www.wikidata.org/entity/Q2934, http://www.wikidata.org/entity/Q9056738, http://www.wikidata.org/entity/Q80962","23.0","38.5","23.0","38.5"
"Mountain landscape and reference chains","The reference mountain chain of this VC is Xerovouni/ PINDOS MOUNBTAIN RANGE. The reference mountain landscape of this VC is Ammotopos. Epirus is a rugged and mountainous in northwestern Greece. The largest proportion of it's land is considered mountainous, with three main mountains: Tzoumerka (Athmanika), Xerovouni and Ori Valtou, all belonging to the Pindos Mountain Range. The Vikos-Aoos and Pindus National Parks are situated in the Ioannina Prefecture of the region. Both areas have a wide range of fauna and flora. The warm, alpine and dry climate of Xerovouni is important for the production of feta, since it permits the breeding of sheeps and goats. The vegetation in the area is composed mainly of coniferous species.","greece, reference, mountain, xerovouni, pindus, fauna, flora, climate, feta","http://www.wikidata.org/entity/Q41, http://www.wikidata.org/entity/Q121769, http://www.wikidata.org/entity/Q8502, http://www.wikidata.org/entity/Q3555829, http://www.wikidata.org/entity/Q201582, http://www.wikidata.org/entity/Q104021, http://www.wikidata.org/entity/Q131449, http://www.wikidata.org/entity/Q7937, http://www.wikidata.org/entity/Q182760","21.033333333333335","39.4","23.0","38.5"
"Key local assets","Greece ranks seventh in global goat milk production (5, 2%).The Epirus region has the highest milk production and it is known for its animal husbandry, milk and milk products These two sectors of animal production (sheep and goat) are of paramount importance for economic and social reasons, because they help sustain the social fabric of local society in Ammotopos. This is the case since Epirus is the region in Greece with the third lowest GDP per capita and one of the poorest regions in the EU. About the LAU: LAU1 1901.","greece, goat, milk, animal husbandry, sheep, importance, society, capita","http://www.wikidata.org/entity/Q41, http://www.wikidata.org/entity/Q2934, http://www.wikidata.org/entity/Q8495, http://www.wikidata.org/entity/Q80962, http://www.wikidata.org/entity/Q7368, http://www.wikidata.org/entity/Q16886469, http://www.wikidata.org/entity/Q8425, http://www.wikidata.org/entity/Q606013","23.0","38.5","23.0","38.5"
"Challenges","The Epirus Feta production system is semi-extensive one and is based on the exploitation of local natural resources in Ammotopos. This is a challenge since this mountainous region is characterised by small size farms with an excessive fragmentation and degradation of communal pastures and a high proportion of leased arable and pasture lands. The sustainability of this animal husbandry sector requires the implementation of policies that can improve the infrastructures in the mountain areas and to take support measures for low input farming systems. Ageing population of farmers, unfair competition and the misleading of consumers by imitation products are also challenges. Overall the type of challenge faced by this VC is Current. This VC is classified as Traditional and Innovative.","feta, pasture, animal husbandry, unfair competition","http://www.wikidata.org/entity/Q182760, http://www.wikidata.org/entity/Q30121, http://www.wikidata.org/entity/Q80962, http://www.wikidata.org/entity/Q693033","20.75","40.0","23.0","38.5"
"Innovation","The type of innovation of this VC is Endogenous and Exogenous. Innovation relates to production and distributing. Innovation includes the production of low sodium and low fat feta a change to meet today's consumer's needs. New market and packaging strategies and exporting pathways are also being devleloped. The innovation is related to New processes and New marketing strategies. The land use systems involved are Grassland, Forestry and Natural land. The local assets include Social and cultural.","social, innovation, sodium, feta, marketing, grassland","http://www.wikidata.org/entity/Q345367, http://www.wikidata.org/entity/Q174165, http://www.wikidata.org/entity/Q658, http://www.wikidata.org/entity/Q182760, http://www.wikidata.org/entity/Q39809, http://www.wikidata.org/entity/Q1006733","23.083131771666544","38.41498241161512","23.0","38.5"
"Geography and population","The size of the area (km2) is 920.3. The minimum altimetry of the LAU is 0. The maximum altimetry of the LAU is 2637. The total population (in thousand) is 120.146. The population density (Inhabitants/km2) in the LAU is 46.30. The population change rate of the LAU in the last 10 years (%) has been -0.07%. The overall regional population density (Inhabitants/km2) is 36.8. The regional population change rate in the last 10 years (%) has been -0.04%.","population density","http://www.wikidata.org/entity/Q22856","22.98246280277075","38.4598463826261","23.0","38.5"
"Income and gross value added","The average per capita income (EUR/year) [NUTS3] is 11700. The total Gross Value Added (GVA) (EUR million/year) [NUTS3] is 1229.49. The primary sector share of total GVA/year [NUTS3] is 13.34%. The secondary sector share of total GVA/year [NUTS3] is 14.50%. The tertiary sector share of total GVA/year [NUTS3] is 72.16%. The per capita income (EUR/year) [NUTS2] is 11800. The total Gross Value Added (GVA) (EUR million/year) [NUTS2] is 3409.2. The primary sector share of total GVA/year [NUTS2] is 9.37%. The secondary sector share of total GVA/year [NUTS2] is 14.04%. The tertiary sector share of total GVA/year [NUTS2] is 76.59%.","gross value added, per capita income, year","http://www.wikidata.org/entity/Q994873, http://www.wikidata.org/entity/Q45918, http://www.wikidata.org/entity/Q577","22.903990175117496","38.44745726517436","23.0","38.5"
"Tourism","The total number of bed places (BPs) in tourist accommodations/year in the LAU is 517. The regional (NUTS2) share of total BPs/year is 0.682%. The number of agricultural holdings in the LAU is 17269. The nearest settlement with population over 100000 (km) is 171. In this region protected areas are present.","number, bed, year","http://www.wikidata.org/entity/Q11563, http://www.wikidata.org/entity/Q42177, http://www.wikidata.org/entity/Q577","23.023241867858967","38.53334592429435","23.0","38.5"
"Employment","The primary sector share of total employment/year [NUTS3] is 27.70%. The secondary sector share of total employment/year [NUTS3] is 13.99%. The tertiary sector share of total employment/year [NUTS3] is 58.29%. The primary sector share of total employment/year [NUTS2] is 17.88%. The secondary sector share of total employment/year [NUTS2] is 14.45%. The tertiary sector share of total employment/year [NUTS2] is 67.67%.","employment, year","http://www.wikidata.org/entity/Q656365, http://www.wikidata.org/entity/Q577","23.069662963555633","38.49478896692627","23.0","38.5"
"Concluding remarks","This PDO cheese is produced only in Epirus. Nevertheless, feta in general is produced all over Greece and in other European countries.","greece, cheese, feta","http://www.wikidata.org/entity/Q41, http://www.wikidata.org/entity/Q10943, http://www.wikidata.org/entity/Q182760","23.0","38.5","23.0","38.5"
