title,description,objects,objectlinks,lon,lat,barycenter_lon,barycenter_lat
"Processing of milk and wheat for the production of traditional frumenty in the mountainous area of Anogeia","The MOVING reference member state of this VC is GREECE. The reference MOVING Card ID of this VC is VC 21 GR. Traditionally, the female members of the family are involved in the processing of the milk and the preparation of the wheat in order to produce ksinochondros. Still a widely home-made product in Crete, ksinochondros has become the output of a successful women's cooperative in the area of Gergeri. The activity interconnects to the sheep and goat breeding, the local festivities and the gastronomy.","crete, greece, gergeri","http://www.wikidata.org/entity/Q34374, http://www.wikidata.org/entity/Q41, http://www.wikidata.org/entity/Q3104044","24.949930555555554","35.13287777777778","23.0","38.5"
"Interest on this VC","In the Cretan delicatessen, Ksinochondros, the traditional frumeny, keeps an important role both in terms of taste and nutritional value. Ksinochondros combines the protein from milk and the unprocessed carbohydrates of wheat. In the past, wheat was grounded in a hand mill, an essential tool for every household. Sour milk is the product obtained by mixing sour milk and fat. Anogeia is located in north-eastern slopes of Psiloritis. The high reputation of ksinochondros in Crete makes the VC of high importance for the people in the wider areaAnogeia. The product is strongly connected to the area due to its land morphology and the high quality of milk (sheep and goats). Ksinochondros is a traditional product that was a key component of the household economy which in recent years due to their multiple-use has acquired business interest. For this reason today it is produced with modern methods and procedures by small dairy factories. Such a small diary factory in Anogeia contributes, distributes and promotes sour cream with significant social, cultural and economic benefit for the wider area. The product is distributed to a significant degree through the local networking and the reputation of the product all over Crete. New marketing strategies involve the promotion of the product through gastronomic events and TV shows.","crete, delicatessen, protein, milk, household, sour cream","http://www.wikidata.org/entity/Q34374, http://www.wikidata.org/entity/Q3231410, http://www.wikidata.org/entity/Q8054, http://www.wikidata.org/entity/Q8495, http://www.wikidata.org/entity/Q259059, http://www.wikidata.org/entity/Q840171","24.893333333333334","35.30972222222222","23.0","38.5"
"Mountain landscape and reference chains","The reference mountain chain of this VC is Psiloritis Mountain. The reference mountain landscape of this VC is Anogeia. Psiloritis (Ida) mountain is the highest maountain in Crete and among the highest in Greece, characterized as a Unesco Global Geopark. Phrygana and macchia vegetation dominate up to an altitude of 1,600 meters. The typical maquis vegetation of Psiloritis includes prinos, while scattered are piles of rough pine, cypresses and maples that form clusters up to a height of 1,800 meters. At higher altitudes the vegetation consists of bushes mainly of thorny plants, such as heather. Around Anogeia the shrubby vegetation is prevelant. Relatively close to the town there exist the Skinakas observatory and the Idaion Andron Cave, the cave that Zeus was born, according the Greek mythology.","crete, greece, reference, mountain, geopark, vegetation, zeus","http://www.wikidata.org/entity/Q34374, http://www.wikidata.org/entity/Q41, http://www.wikidata.org/entity/Q121769, http://www.wikidata.org/entity/Q8502, http://www.wikidata.org/entity/Q1324355, http://www.wikidata.org/entity/Q187997, http://www.wikidata.org/entity/Q34201","23.0","38.5","23.0","38.5"
"Key local assets","The land use for animal breeding (sheep and goats) is predominant in an area with close proximity to the forest of Rouvas. The SES of the area depends on a series of activites based on livestock, which interconect with the production of ksinochondros, an integral part of the diet of the mountaineers of Crete and a favourit igredient of the Cretan cuisine. About the LAU: LAU1 7405.","crete, sheep, forest, livestock","http://www.wikidata.org/entity/Q34374, http://www.wikidata.org/entity/Q7368, http://www.wikidata.org/entity/Q4421, http://www.wikidata.org/entity/Q103459","24.893333333333334","35.30972222222222","23.0","38.5"
"Challenges","Livestock in the wider area of Anogeia focuses mainly on dairy sheep and goats breeds, although the traditional sheep/goat breading has become economically unprofitable and heavily dependent on the European subcidies. Ksinochondros, a relatively high priced product, can give a prospect to the graziers. It is a traditional product, not well known in the new generation of consumers. The high quality of milk in combination with high quality of local wheat create a unique product which could be called as super food. Overall the type of challenge faced by this VC is Current and Predicted. This VC is classified as Traditional and Innovative.","livestock, dairy, sheep, goat, generation, milk, combination, food","http://www.wikidata.org/entity/Q103459, http://www.wikidata.org/entity/Q637776, http://www.wikidata.org/entity/Q7368, http://www.wikidata.org/entity/Q2934, http://www.wikidata.org/entity/Q213381, http://www.wikidata.org/entity/Q8495, http://www.wikidata.org/entity/Q202805, http://www.wikidata.org/entity/Q2095","24.84426828637197","35.38915854238231","23.0","38.5"
"Innovation","The type of innovation of this VC is Endogenous. The innovation refers to the characteristics of sour cream, a product with high shelf life, low production costs, high nutritional value from local resources. In addition to its close connection with local productions in the wider region and mainly in the economic impact of the product in the region. Lately ksinochondros has penetrated in the gastronomy of Greece as a traditional alternative to cereals in breakfast. The innovation is related to New products, New processes and New marketing strategies. The land use systems involved are Grassland, Forestry and Natural land. The local assets include Natural, social and cultural.","greece, innovation, sour cream, life, marketing, grassland","http://www.wikidata.org/entity/Q41, http://www.wikidata.org/entity/Q174165, http://www.wikidata.org/entity/Q840171, http://www.wikidata.org/entity/Q3, http://www.wikidata.org/entity/Q39809, http://www.wikidata.org/entity/Q1006733","23.0","38.5","23.0","38.5"
"Geography and population","The size of the area (km2) is 102.1. The minimum altimetry of the LAU is 680. The maximum altimetry of the LAU is 1250. The total population (in thousand) is 87.691. The population density (Inhabitants/km2) in the LAU is 58.80. The population change rate of the LAU in the last 10 years (%) has been 0.02%. The overall regional population density (Inhabitants/km2) is 76.5. The regional population change rate in the last 10 years (%) has been 0.01%.","population density","http://www.wikidata.org/entity/Q22856","24.92548185599463","35.363357612635674","23.0","38.5"
"Income and gross value added","The average per capita income (EUR/year) [NUTS3] is 13800. The total Gross Value Added (GVA) (EUR million/year) [NUTS3] is 1046.08. The primary sector share of total GVA/year [NUTS3] is 6.52%. The secondary sector share of total GVA/year [NUTS3] is 9.33%. The tertiary sector share of total GVA/year [NUTS3] is 84.16%. The per capita income (EUR/year) [NUTS2] is 14300. The total Gross Value Added (GVA) (EUR million/year) [NUTS2] is 7862.21. The primary sector share of total GVA/year [NUTS2] is 6.91%. The secondary sector share of total GVA/year [NUTS2] is 11.24%. The tertiary sector share of total GVA/year [NUTS2] is 81.85%.","gross value added, per capita income, year","http://www.wikidata.org/entity/Q994873, http://www.wikidata.org/entity/Q45918, http://www.wikidata.org/entity/Q577","24.98434238115936","35.30305927507358","23.0","38.5"
"Tourism","The total number of bed places (BPs) in tourist accommodations/year in the LAU is 50. The regional (NUTS2) share of total BPs/year is 0.001%. The number of agricultural holdings in the LAU is 13024. The nearest settlement with population over 100000 (km) is 39. In this region protected areas are present.","number, bed, year","http://www.wikidata.org/entity/Q11563, http://www.wikidata.org/entity/Q42177, http://www.wikidata.org/entity/Q577","24.887015101246124","35.31677647249347","23.0","38.5"
"Employment","The primary sector share of total employment/year [NUTS3] is 17.38%. The secondary sector share of total employment/year [NUTS3] is 11.83%. The tertiary sector share of total employment/year [NUTS3] is 70.79%. The primary sector share of total employment/year [NUTS2] is 16.20%. The secondary sector share of total employment/year [NUTS2] is 11.84%. The tertiary sector share of total employment/year [NUTS2] is 71.97%.","employment, year","http://www.wikidata.org/entity/Q656365, http://www.wikidata.org/entity/Q577","24.961801185288834","35.257657466104746","23.0","38.5"
"Concluding remarks","Xynochondros is produced in several places in Crete.","crete","http://www.wikidata.org/entity/Q34374","24.893333333333334","35.30972222222222","23.0","38.5"
