title,description,objects,objectlinks,lon,lat,barycenter_lon,barycenter_lat
"Nivegy-valley small family wineries","The MOVING reference member state of this VC is HUNGARY. The reference MOVING Card ID of this VC is VC 03 HU. A group of small family wineries (some organic) in a 500 ha pocket vine region making alliances, producing high quality wine, selling it increasingly through the Internet, direct sales and different networks. They have interesting, innovative and co-operative joint actions in the field of social organisation, marketing, logistics, etc. and involve local food producers, using their products (cheese, meat, etc.) on wine tastings and dinners.","hungary, pocket, wine, sales","http://www.wikidata.org/entity/Q28, http://www.wikidata.org/entity/Q321767, http://www.wikidata.org/entity/Q282, http://www.wikidata.org/entity/Q194189","19.0","47.0","19.0","47.0"
"Interest on this VC","Small family wineries (some organic) in a 500 ha pocket vine region. They are making alliances, joind actions (Kó-bor túra - vaga-wine tours) co-operate and produce high quality wine, selling through short chains but increasingly through the Internet. A group of winemakers organize events together and cooperate with each other, taking into account the common interests of the mini wine region. They also have a wine route that helps sellig their products. Their common marketing slogan is Nivegy Valley as a familiar wine region that they all use. They organise wine tastings/dinners, which they harmonise with each other.","pocket, wine, marketing, slogan, valley","http://www.wikidata.org/entity/Q321767, http://www.wikidata.org/entity/Q282, http://www.wikidata.org/entity/Q39809, http://www.wikidata.org/entity/Q30515, http://www.wikidata.org/entity/Q39816","18.083333333333332","47.166666666666664","19.0","47.0"
"Mountain landscape and reference chains","The reference mountain chain of this VC is Transdanubian mountains. The reference mountain landscape of this VC is Szentantalfa. Szentantalfa village is located in Veszprém county, in the Balatonfüred district. The nearest larger town (Veszprém) is 30 km away and the capital is 150 km away. There is a significant Nazarene community in the village. The age structure is very youngThe area is very favorable for wine production.","veszprém, transdanubian mountains, szentantalfa, village, veszprém county, balatonfüred, town, community","http://www.wikidata.org/entity/Q146317, http://www.wikidata.org/entity/Q911639, http://www.wikidata.org/entity/Q1089644, http://www.wikidata.org/entity/Q532, http://www.wikidata.org/entity/Q188890, http://www.wikidata.org/entity/Q680743, http://www.wikidata.org/entity/Q3957, http://www.wikidata.org/entity/Q177634","17.916666666666668","47.1","19.0","47.0"
"Key local assets","Not only their production, but also wine tours/wine tastings/dinners during the scenery. Cooperation and collaboration, local open winemakers contribute to the success of wineries. The wineries adapt to both the natural and cultural conditions of the area with viticulture and winemaking. About the LAU: 3568.","cooperation, collaboration, viticulture, winemaking","http://www.wikidata.org/entity/Q380962, http://www.wikidata.org/entity/Q1145523, http://www.wikidata.org/entity/Q253140, http://www.wikidata.org/entity/Q213376","17.674166666666668","46.91305555555556","19.0","47.0"
"Challenges","Climate change (warming, new pests, extreme weather conditions). Civilisation/urbanisation pressure on the Mountain landscape. Social distancing for COVID cancelled events. Difficulties in cooperation, collaboration and communication between the wineries. Overall the type of challenge faced by this VC is Current and Predicted. This VC is classified as Traditional and Innovative.","mountain, social distancing","http://www.wikidata.org/entity/Q8502, http://www.wikidata.org/entity/Q30314010","17.75","47.166666666666664","19.0","47.0"
"Innovation","The type of innovation of this VC is Endogenous and Exogenous. Nivegy Valley has a centuries-old tradition of viticulture and winemaking. Most of the winemakers here carry on the family traditions, but there are also some urban people bringing their knowledge from outside. Sales take place in short supply chains, or via the Internet, the design is in most cases special and demanding, most wines are made with modern technology (innovative). Co-opeation is also an innovative feature for wine-makers. The innovation is related to New marketing strategies and New governance systems. The land use systems involved are Cropland. The local assets include Natural, social and cultural.","innovation, viticulture, people, knowledge, sales, design, technology, wine, marketing, governance","http://www.wikidata.org/entity/Q174165, http://www.wikidata.org/entity/Q253140, http://www.wikidata.org/entity/Q2472587, http://www.wikidata.org/entity/Q9081, http://www.wikidata.org/entity/Q194189, http://www.wikidata.org/entity/Q82604, http://www.wikidata.org/entity/Q11016, http://www.wikidata.org/entity/Q282, http://www.wikidata.org/entity/Q39809, http://www.wikidata.org/entity/Q1553864","17.883333333333333","46.95","19.0","47.0"
"Geography and population","The size of the area (km2) is 7. The minimum altimetry of the LAU is 307. The maximum altimetry of the LAU is unspecified. The total population (in thousand) is 0.483. The population density (Inhabitants/km2) in the LAU is 69.00. The population change rate of the LAU in the last 10 years (%) has been 0.13%. The overall regional population density (Inhabitants/km2) is 95.45. The regional population change rate in the last 10 years (%) has been -0.04%.","population density","http://www.wikidata.org/entity/Q22856","19.058173794756065","46.93728987600331","19.0","47.0"
"Income and gross value added","The average per capita income (EUR/year) [NUTS3] is 3877. The total Gross Value Added (GVA) (EUR million/year) [NUTS3] is 3286. The primary sector share of total GVA/year [NUTS3] is 4.99%. The secondary sector share of total GVA/year [NUTS3] is 27.78%. The tertiary sector share of total GVA/year [NUTS3] is 67.22%. The per capita income (EUR/year) [NUTS2] is 14578. The total Gross Value Added (GVA) (EUR million/year) [NUTS2] is 12355. The primary sector share of total GVA/year [NUTS2] is 4.78%. The secondary sector share of total GVA/year [NUTS2] is 38.97%. The tertiary sector share of total GVA/year [NUTS2] is 56.24%.","gross value added, per capita income, year","http://www.wikidata.org/entity/Q994873, http://www.wikidata.org/entity/Q45918, http://www.wikidata.org/entity/Q577","18.903825586257167","46.97724864415755","19.0","47.0"
"Tourism","The total number of bed places (BPs) in tourist accommodations/year in the LAU is 0. The regional (NUTS2) share of total BPs/year is 10.03%. The number of agricultural holdings in the LAU is 74. The nearest settlement with population over 100000 (km) is 26. In this region protected areas are present.","number, bed, year","http://www.wikidata.org/entity/Q11563, http://www.wikidata.org/entity/Q42177, http://www.wikidata.org/entity/Q577","18.902157458637994","46.93931147964755","19.0","47.0"
"Employment","The primary sector share of total employment/year [NUTS3] is 4.47%. The secondary sector share of total employment/year [NUTS3] is 42.86%. The tertiary sector share of total employment/year [NUTS3] is 52.67%. The primary sector share of total employment/year [NUTS2] is 4.47%. The secondary sector share of total employment/year [NUTS2] is 42.86%. The tertiary sector share of total employment/year [NUTS2] is 52.67%.","employment, year","http://www.wikidata.org/entity/Q656365, http://www.wikidata.org/entity/Q577","19.053709907832737","46.93250183321215","19.0","47.0"
"Concluding remarks","","","","18.923552082268362","46.95552101664379","19.0","47.0"
