title,description,objects,objectlinks,lon,lat,barycenter_lon,barycenter_lat
"Lungauer Eachtling","The MOVING reference member state of this VC is AUSTRIA. The reference MOVING Card ID of this VC is VC 12 AT. The 'Lungauer Saatzucht- und Saatbauverein' markets two thirds of the edibles via food retailers and Salzburg Lagerhaus (a cooperative of RWA Raiffeisen Ware Austria AG that sells agricultural goods, building materials, construction and garden commodities). The rest is marketed directly by the members of the association. Also this association is important for the breeding and reproduction of the potato. The high cost of potato cultivation together with poor prices have caused the area under cultivation in the region to fall from 366 hectares in 1959 to 150 hectares in 2000. The Genussregion is thus of importance for the marketing. The Lungauer Eachtling is a quality product that is also sold in supermarkets. At present, about 150 hectares of potatoes are planted by 400 farmers, of which the Lungauer Saatzucht- und Saatbauverein manages about 40 hectares (representing 28 farmers). Around 60 percent of the acreage is cultivated according to organic standards. The harvest is used as seed potatoes (40 %), food potatoes (40 %) and fodder potatoes (20 %).","austria, salzburg, potato","http://www.wikidata.org/entity/Q40, http://www.wikidata.org/entity/Q34713, http://www.wikidata.org/entity/Q10998","13.047680555555555","47.7972","14.0","48.0"
"Interest on this VC","Lungauer Eachtlinge ( Eachtling is a dialect word from Salzburg for potato ) are produced in the central Alps of Austria in the federal state of Salzburg, where the potato grow very well. Lungauer Eachtling is regarded as traditional Austrian food. Different potato varieties have been cultivated there since the end of the 18th century. Since 2005 this VC is embedded in a 'Genussregion ( region of culinary delight : promoting local food specialities; quality standards set by the AgrarMarkt Austria). The Lungauer Eachtling is marketed as quality product which is connected to the Austrian quality food initiative Genussregion . Most producers are organic farmers. Transparency is also very important: The origin of Lungauer Eachtling must be traceable from the field to the retailer. To this end, every farmer is required to keep records of which potato varieties were grown on which areas and when they were harvested according to variety. In food retailing, the packaged goods are labelled with the name and address of the agricultural producer, variety, method of production (organic or conventional), quantity, delivery date, cooking type, and address of the seed growers' association.","alps, austria, salzburg, potato, food","http://www.wikidata.org/entity/Q1286, http://www.wikidata.org/entity/Q40, http://www.wikidata.org/entity/Q34713, http://www.wikidata.org/entity/Q10998, http://www.wikidata.org/entity/Q2095","10.0","46.0","14.0","48.0"
"Mountain landscape and reference chains","The reference mountain chain of this VC is RR 11, Austrian Alps. The reference mountain landscape of this VC is Tamsweg (No: 505 = NUTS 3: AT321: Lungau). The Lungau region is congruent with the district of Tamsweg in the southeast of the province of Salzburg, Austria. The Lungau in Salzburg is an inner alpine basin at over 1,000 meters above sea level, delimited by mountain ranges that influence the harsh climate and vegetation quite decisively. The region is also known as the 'Austrian cold pole'. The region is particularly sheltered from the wind and low in precipitation due to the surrounding mountains. The natural, humus-rich, sandy soils (primary rock weathered soils) found in the region are particularly well suited for potato cultivation. Optimal climate and soil conditions make the Lungau a potato health area with low pest pressure.","alps, salzburg, austria, reference, mountain, tamsweg, climate, humus, potato, soil","http://www.wikidata.org/entity/Q1286, http://www.wikidata.org/entity/Q34713, http://www.wikidata.org/entity/Q40, http://www.wikidata.org/entity/Q121769, http://www.wikidata.org/entity/Q8502, http://www.wikidata.org/entity/Q669681, http://www.wikidata.org/entity/Q7937, http://www.wikidata.org/entity/Q172645, http://www.wikidata.org/entity/Q10998, http://www.wikidata.org/entity/Q36133","13.8","47.11666666666667","14.0","48.0"
"Key local assets","The Lungauer Saatzucht- und Saatbauverein is the most important actor in this VC, because the association has been the bearer of traditional knowledge that is used to cultivate and breed the (different) potato (varieties). The 'isolated' location of the region is advantageous for potato cultivation (e.g., lower incidence of rot diseases). About the LAU: LAU 1 not used in Austria Scale therefore is District . In this case, district = NUTS3.","austria, actor, knowledge, potato","http://www.wikidata.org/entity/Q40, http://www.wikidata.org/entity/Q33999, http://www.wikidata.org/entity/Q9081, http://www.wikidata.org/entity/Q10998","14.0","48.0","14.0","48.0"
"Challenges","Due to the alpine climate conditions and the altitude of the cultivated areas at over 1,000 meters above sea level, the yields per hectare are rather modest. Therefore the Genussregion and niche markets are very important for the potato farmers. Overall the type of challenge faced by this VC is Current. This VC is classified as Innovative.","alpine climate, hectare","http://www.wikidata.org/entity/Q859654, http://www.wikidata.org/entity/Q35852","14.0162926403251","48.0493688000158","14.0","48.0"
"Innovation","The type of innovation of this VC is Endogenous. The Lungauer Eachtling is marketed as a quality product because the region allows for appropriately qualitative products, but large quantities cannot be produced. The work of the Lungauer Saatzucht- und Saatbauverein, which initiated the Genussregion, is highly relevant. The innovation is related to New products and New marketing strategies. The land use systems involved are Cropland. The local assets include Natural, social and cultural.","innovation, marketing","http://www.wikidata.org/entity/Q174165, http://www.wikidata.org/entity/Q39809","13.92368617820082","48.06168796741843","14.0","48.0"
"Geography and population","The size of the area (km2) is 1019.65. The minimum altimetry of the LAU is unspecified. The maximum altimetry of the LAU is unspecified. The total population (in thousand) is 20.251. The population density (Inhabitants/km2) in the LAU is 19.86. The population change rate of the LAU in the last 10 years (%) has been -2.77%. The overall regional population density (Inhabitants/km2) is 78.05. The regional population change rate in the last 10 years (%) has been 5.78%.","population density","http://www.wikidata.org/entity/Q22856","14.03793532366244","48.0292432721986","14.0","48.0"
"Income and gross value added","The average per capita income (EUR/year) [NUTS3] is 20216. The total Gross Value Added (GVA) (EUR million/year) [NUTS3] is 698. The primary sector share of total GVA/year [NUTS3] is 2.01%. The secondary sector share of total GVA/year [NUTS3] is 26.07%. The tertiary sector share of total GVA/year [NUTS3] is 71.92%. The per capita income (EUR/year) [NUTS2] is 20428. The total Gross Value Added (GVA) (EUR million/year) [NUTS2] is 25710. The primary sector share of total GVA/year [NUTS2] is 0.82%. The secondary sector share of total GVA/year [NUTS2] is 24.58%. The tertiary sector share of total GVA/year [NUTS2] is 74.61%.","gross value added, per capita income, year","http://www.wikidata.org/entity/Q994873, http://www.wikidata.org/entity/Q45918, http://www.wikidata.org/entity/Q577","14.07241980594306","48.07470952570306","14.0","48.0"
"Tourism","The total number of bed places (BPs) in tourist accommodations/year in the LAU is 16955. The regional (NUTS2) share of total BPs/year is 5.78%. The number of agricultural holdings in the LAU is 1079. The nearest settlement with population over 100000 (km) is 96. In this region protected areas are present.","number, bed, year","http://www.wikidata.org/entity/Q11563, http://www.wikidata.org/entity/Q42177, http://www.wikidata.org/entity/Q577","13.977235017157756","47.94135191112758","14.0","48.0"
"Employment","The primary sector share of total employment/year [NUTS3] is 10.20%. The secondary sector share of total employment/year [NUTS3] is 26.53%. The tertiary sector share of total employment/year [NUTS3] is 63.27%. The primary sector share of total employment/year [NUTS2] is 3.38%. The secondary sector share of total employment/year [NUTS2] is 19.77%. The tertiary sector share of total employment/year [NUTS2] is 76.85%.","employment, year","http://www.wikidata.org/entity/Q656365, http://www.wikidata.org/entity/Q577","13.968041885530203","47.9650481511637","14.0","48.0"
"Concluding remarks","The cultivation of potatoes for the mass markets happens in the flat lands in Eastern and Southern Austria. There are few other mountain regions where the potato is cultivated and marketed as quality products (also in supermarkets) such as Murbodner Erdäpfel (see other VC AT11).","austria, mountain, potato","http://www.wikidata.org/entity/Q40, http://www.wikidata.org/entity/Q8502, http://www.wikidata.org/entity/Q10998","14.0","48.0","14.0","48.0"
