title,description,objects,objectlinks,lon,lat,barycenter_lon,barycenter_lat
"Cosmetics, health products and herbal tea in Pannonhalma","The MOVING reference member state of this VC is HUNGARY. The reference MOVING Card ID of this VC is VC 08 HU. It is part of an exceptionally well designed high value added local products' cluster, run by a monastery, mixing thousand year tradition with modern design and marketing tools, selling history and culture (it is an UNESCO World Heritage site) as much as products. Chocolate and biscuits using locally produced herbs, honey, etc. processed, packaged and marketed with innovative design. Most of the production is organic. They use the profit made through local products for maintaining natural and cultural heritage and supporting social and religious aims.","hungary, monastery, year, tradition, design, marketing, history","http://www.wikidata.org/entity/Q28, http://www.wikidata.org/entity/Q44613, http://www.wikidata.org/entity/Q577, http://www.wikidata.org/entity/Q82821, http://www.wikidata.org/entity/Q82604, http://www.wikidata.org/entity/Q39809, http://www.wikidata.org/entity/Q309","19.0","47.0","19.0","47.0"
"Interest on this VC","It is part of an exceptionally well designed high value added local products' claster, run by a monastery, mixing thousand year tradition with modern design and marketing tools, selling history and culture (it is an UNESCO World Heritage site) as much as products. These particular products are innovative and special. One of the main ingredients in the products is lavender, which is grown in the garden of the abbey. Packaging and the presentation of the products is also really high quality and innovative. The marketing of the whole products' cluster is based on 'selling the 1000 year history' of the place, all products are made to appear a mixture of tradition and innovation. The UNESCO World heritage status of the monastery is also used effectively in marketing.","monastery, year, tradition, design, marketing, history, garden, abbey, presentation, mixture, innovation, world","http://www.wikidata.org/entity/Q44613, http://www.wikidata.org/entity/Q577, http://www.wikidata.org/entity/Q82821, http://www.wikidata.org/entity/Q82604, http://www.wikidata.org/entity/Q39809, http://www.wikidata.org/entity/Q309, http://www.wikidata.org/entity/Q1107656, http://www.wikidata.org/entity/Q160742, http://www.wikidata.org/entity/Q604733, http://www.wikidata.org/entity/Q169336, http://www.wikidata.org/entity/Q174165, http://www.wikidata.org/entity/Q16502","17.748333333333335","47.548611111111114","19.0","47.0"
"Mountain landscape and reference chains","The reference mountain chain of this VC is Transdanubian mountains. The reference mountain landscape of this VC is Pannonhalma. Pannonhalma is a small town of 3000 inhabitants, having a 1100 years old benedict monastery. It is a low mountain area, at the north of the Bakony mountains in the west of Hungary near the Austrian border.","hungary, reference, mountain, transdanubian mountains, landscape, pannonhalma, town, monastery, north, bakony, west, border","http://www.wikidata.org/entity/Q28, http://www.wikidata.org/entity/Q121769, http://www.wikidata.org/entity/Q8502, http://www.wikidata.org/entity/Q911639, http://www.wikidata.org/entity/Q107425, http://www.wikidata.org/entity/Q650015, http://www.wikidata.org/entity/Q3957, http://www.wikidata.org/entity/Q44613, http://www.wikidata.org/entity/Q659, http://www.wikidata.org/entity/Q695810, http://www.wikidata.org/entity/Q679, http://www.wikidata.org/entity/Q133346","18.083333333333332","47.166666666666664","19.0","47.0"
"Key local assets","The monastery has some 60 ha of land, including a herb garden. They have a well documented history of their own agricultural production (products, stories, etc.) for a 1000 years, this knowledge is used in production and marketing effectively. The managers of the different sections, products (the herb garden, winery, brewery, fruit and vegetable gardens, local shop, design, marketing, etc.) are normally having some strong ties to the monastery (e.g. monks, or graduated from the secondary school of the monastery, etc.) Staff is normally very committed, loyal and strongly identifies with the place and the community. Being a UNESCO World heritage site also helps. About the LAU: 24305.","monastery, herb, garden, history, marketing, winery, brewery, fruit, vegetable, design, school, community","http://www.wikidata.org/entity/Q44613, http://www.wikidata.org/entity/Q207123, http://www.wikidata.org/entity/Q1107656, http://www.wikidata.org/entity/Q309, http://www.wikidata.org/entity/Q39809, http://www.wikidata.org/entity/Q156362, http://www.wikidata.org/entity/Q131734, http://www.wikidata.org/entity/Q1364, http://www.wikidata.org/entity/Q11004, http://www.wikidata.org/entity/Q82604, http://www.wikidata.org/entity/Q3914, http://www.wikidata.org/entity/Q177634","17.75","47.3","19.0","47.0"
"Challenges","Providing income for the religious and educative activities of the monastery, based on very limited land (the monastery used to have thousands of hectares of land compared to some 50-60 ha today). Harmonising tradition and innovation, finding new ways of marketing, products, design, etc. Overall the type of challenge faced by this VC is Current and Predicted. This VC is classified as Traditional and Innovative.","","","19.010066023198284","46.963081230784276","19.0","47.0"
"Innovation","The type of innovation of this VC is Endogenous and Exogenous. These products are part of a complex claster, including many products, tourist attractions, etc. Cosmetics, oils, soaps, bath salts and teas using locally produced herbs, honey, etc. processed, packaged and marketed with innovative design. Handicraft products made in the herbal workshop of the Archabbey of Pannonhalma Officina Sancti Martini. The innovation is related to New products, New processes and New marketing strategies. The land use systems involved are Cropland and Forestry. The local assets include Natural, social and cultural.","innovation, bath salts, workshop, marketing","http://www.wikidata.org/entity/Q174165, http://www.wikidata.org/entity/Q798972, http://www.wikidata.org/entity/Q656720, http://www.wikidata.org/entity/Q39809","19.087760445152828","46.96998272465555","19.0","47.0"
"Geography and population","The size of the area (km2) is 30. The minimum altimetry of the LAU is 271. The maximum altimetry of the LAU is unspecified. The total population (in thousand) is 4.064. The population density (Inhabitants/km2) in the LAU is 135.47. The population change rate of the LAU in the last 10 years (%) has been 0.04%. The overall regional population density (Inhabitants/km2) is 95.45. The regional population change rate in the last 10 years (%) has been -0.04%.","population density","http://www.wikidata.org/entity/Q22856","19.056836381789758","47.06737436422115","19.0","47.0"
"Income and gross value added","The average per capita income (EUR/year) [NUTS3] is 3877. The total Gross Value Added (GVA) (EUR million/year) [NUTS3] is 3286. The primary sector share of total GVA/year [NUTS3] is 4.99%. The secondary sector share of total GVA/year [NUTS3] is 27.78%. The tertiary sector share of total GVA/year [NUTS3] is 67.22%. The per capita income (EUR/year) [NUTS2] is 14578. The total Gross Value Added (GVA) (EUR million/year) [NUTS2] is 12355. The primary sector share of total GVA/year [NUTS2] is 4.78%. The secondary sector share of total GVA/year [NUTS2] is 38.97%. The tertiary sector share of total GVA/year [NUTS2] is 56.24%.","gross value added, per capita income, year","http://www.wikidata.org/entity/Q994873, http://www.wikidata.org/entity/Q45918, http://www.wikidata.org/entity/Q577","18.922987338449783","47.04704143321544","19.0","47.0"
"Tourism","The total number of bed places (BPs) in tourist accommodations/year in the LAU is 125.1. The regional (NUTS2) share of total BPs/year is 10.03%. The number of agricultural holdings in the LAU is 115. The nearest settlement with population over 100000 (km) is 22. In this region protected areas are present.","number, bed, year","http://www.wikidata.org/entity/Q11563, http://www.wikidata.org/entity/Q42177, http://www.wikidata.org/entity/Q577","18.97104617788477","46.94213143174645","19.0","47.0"
"Employment","The primary sector share of total employment/year [NUTS3] is 4.47%. The secondary sector share of total employment/year [NUTS3] is 42.86%. The tertiary sector share of total employment/year [NUTS3] is 52.67%. The primary sector share of total employment/year [NUTS2] is 4.47%. The secondary sector share of total employment/year [NUTS2] is 42.86%. The tertiary sector share of total employment/year [NUTS2] is 52.67%.","employment, year","http://www.wikidata.org/entity/Q656365, http://www.wikidata.org/entity/Q577","19.02760512279896","47.058201568333075","19.0","47.0"
"Concluding remarks","An UNESCO world heritage site, where respect for traditional natural and cultural values is very succesfully coupled with modern design and marketing in the framework of a local products and tourism claster.","respect, design, marketing, tourism","http://www.wikidata.org/entity/Q28510, http://www.wikidata.org/entity/Q82604, http://www.wikidata.org/entity/Q39809, http://www.wikidata.org/entity/Q49389","18.90531600812304","47.07877548129745","19.0","47.0"
