title,description,objects,objectlinks,lon,lat,barycenter_lon,barycenter_lat
"Logging, timber production, afforestation, maintenance, leasure, sport","The MOVING reference member state of this VC is HUNGARY. The reference MOVING Card ID of this VC is VC 11 HU. Logging for firewood, sawmill and nearby thermal power plant. Replantation and maintenance of the forest. Typical and traditional mountain activity, complemented with building and maintaining tourist routes, resting places, watch towers, etc. Workers employed in forestry are often disadvantaged, poor people, not having other possibilities for income, thus forestry is important for social reasons. Well managed forest provides for biodiversity.","hungary, sawmill, replantation","http://www.wikidata.org/entity/Q28, http://www.wikidata.org/entity/Q505213, http://www.wikidata.org/entity/Q7314029","19.0","47.0","19.0","47.0"
"Interest on this VC","Logging for firewood, sawmill and nearby thermal power plant. Replantation and maintenance of the forest. Typical and traditional mountain activity, complemented with building and maintaining tourist routes, resting places, watch towers, etc. The use of modern machinery and the sale of wood to a nearby thermal power plant is innovative.","firewood, sawmill, plant, replantation, wood","http://www.wikidata.org/entity/Q35808, http://www.wikidata.org/entity/Q505213, http://www.wikidata.org/entity/Q756, http://www.wikidata.org/entity/Q7314029, http://www.wikidata.org/entity/Q287","18.083333333333332","47.166666666666664","19.0","47.0"
"Mountain landscape and reference chains","The reference mountain chain of this VC is Transdanubian mountains. The reference mountain landscape of this VC is Zirc. The town of Zirc in Veszprém county is the only town in the Zirc district and its center, the 'capital of the Bakony'. It is the highest town in Hungary (the 400-meter level line passes through the city center). Zirc has not only road but also rail access.","veszprém, hungary, reference, mountain, transdanubian mountains, landscape, zirc, town, veszprém county, bakony","http://www.wikidata.org/entity/Q146317, http://www.wikidata.org/entity/Q28, http://www.wikidata.org/entity/Q121769, http://www.wikidata.org/entity/Q8502, http://www.wikidata.org/entity/Q911639, http://www.wikidata.org/entity/Q107425, http://www.wikidata.org/entity/Q205607, http://www.wikidata.org/entity/Q3957, http://www.wikidata.org/entity/Q188890, http://www.wikidata.org/entity/Q695810","17.916666666666668","47.1","19.0","47.0"
"Key local assets","Forest management is a typical mountain activity and is also traditional locally, based entirely on traditional local knowledge. It uses the local forests and woods and infrastructure. About the LAU: 26499.","forest, management, mountain, knowledge, infrastructure","http://www.wikidata.org/entity/Q4421, http://www.wikidata.org/entity/Q2920921, http://www.wikidata.org/entity/Q8502, http://www.wikidata.org/entity/Q9081, http://www.wikidata.org/entity/Q121359","17.8725","47.263333333333335","19.0","47.0"
"Challenges","Climate change (warming, new pests, extreme weather conditions, draught, frost damages). Managing forest workers (often poor, excluded social groups.) Theft of wood, illegal activities. Wildl animals can also cause significant damage to new installations. Conflicts with forest users, littering, visitor pressure (hikers, motorcyclists, cyclists, mushroom pickers). Vandalism, damaging forest furniture, resting places, etc. Overall the type of challenge faced by this VC is Current and Predicted. This VC is classified as Traditional and Innovative.","forest, visitor, vandalism, furniture","http://www.wikidata.org/entity/Q4421, http://www.wikidata.org/entity/Q12644761, http://www.wikidata.org/entity/Q6160, http://www.wikidata.org/entity/Q14745","17.75","47.166666666666664","19.0","47.0"
"Innovation","The type of innovation of this VC is Endogenous. Forest management is a typical mountain activity and is also traditional locally, based entirely on traditional local knowledge. The use of modern machinery and the sale of wood to a nearby thermal power plant is innovative. Developing watch towers, tourist pathes in recent years is a 'traditional innovation' in this field. The innovation is related to The use of modern machinery and the sale of wood to a nearby thermal power plant is innovative. The land use systems involved are Forestry. The local assets include Natural and cultural.","innovation, wood, plant","http://www.wikidata.org/entity/Q174165, http://www.wikidata.org/entity/Q287, http://www.wikidata.org/entity/Q756","17.75","47.3","19.0","47.0"
"Geography and population","The size of the area (km2) is 37. The minimum altimetry of the LAU is 503. The maximum altimetry of the LAU is unspecified. The total population (in thousand) is 6.831. The population density (Inhabitants/km2) in the LAU is 184.62. The population change rate of the LAU in the last 10 years (%) has been -0.04%. The overall regional population density (Inhabitants/km2) is 95.45. The regional population change rate in the last 10 years (%) has been -0.04%.","population density","http://www.wikidata.org/entity/Q22856","18.970450562839883","47.088001169655385","19.0","47.0"
"Income and gross value added","The average per capita income (EUR/year) [NUTS3] is 3877. The total Gross Value Added (GVA) (EUR million/year) [NUTS3] is 3286. The primary sector share of total GVA/year [NUTS3] is 4.99%. The secondary sector share of total GVA/year [NUTS3] is 27.78%. The tertiary sector share of total GVA/year [NUTS3] is 67.22%. The per capita income (EUR/year) [NUTS2] is 14578. The total Gross Value Added (GVA) (EUR million/year) [NUTS2] is 12355. The primary sector share of total GVA/year [NUTS2] is 4.78%. The secondary sector share of total GVA/year [NUTS2] is 38.97%. The tertiary sector share of total GVA/year [NUTS2] is 56.24%.","gross value added, per capita income, year","http://www.wikidata.org/entity/Q994873, http://www.wikidata.org/entity/Q45918, http://www.wikidata.org/entity/Q577","19.084703403812238","47.04908935959434","19.0","47.0"
"Tourism","The total number of bed places (BPs) in tourist accommodations/year in the LAU is 350. The regional (NUTS2) share of total BPs/year is 10.03%. The number of agricultural holdings in the LAU is 29. The nearest settlement with population over 100000 (km) is 24. In this region protected areas are present.","number, bed, year","http://www.wikidata.org/entity/Q11563, http://www.wikidata.org/entity/Q42177, http://www.wikidata.org/entity/Q577","18.9328159736455","47.039787827172766","19.0","47.0"
"Employment","The primary sector share of total employment/year [NUTS3] is 4.47%. The secondary sector share of total employment/year [NUTS3] is 42.86%. The tertiary sector share of total employment/year [NUTS3] is 52.67%. The primary sector share of total employment/year [NUTS2] is 4.47%. The secondary sector share of total employment/year [NUTS2] is 42.86%. The tertiary sector share of total employment/year [NUTS2] is 52.67%.","employment, year","http://www.wikidata.org/entity/Q656365, http://www.wikidata.org/entity/Q577","18.900000856793703","47.06063492267725","19.0","47.0"
"Concluding remarks","","","","18.996070711275497","47.09508751049949","19.0","47.0"
