title,description,objects,objectlinks,lon,lat,barycenter_lon,barycenter_lat
"Forest adventure experience in Csesznek","The MOVING reference member state of this VC is HUNGARY. The reference MOVING Card ID of this VC is VC 12 HU. Active tourism, cycling, walking, climbing, via ferrata routes, adventure parks (new tourist attraction) combined with catering, accommodation, equipment rental and selling local products. Actors are local service providers, adventure tour associations and circles, forest managers. These activities allow for the spreading of knowledge about nature, for active and healthy tourism and can also generate income for local people. However, there are important conflicts too.","hungary, tourism, cycling, walking, via ferrata, providers, knowledge, nature, people","http://www.wikidata.org/entity/Q28, http://www.wikidata.org/entity/Q49389, http://www.wikidata.org/entity/Q53121, http://www.wikidata.org/entity/Q6537379, http://www.wikidata.org/entity/Q648116, http://www.wikidata.org/entity/Q7252538, http://www.wikidata.org/entity/Q9081, http://www.wikidata.org/entity/Q7860, http://www.wikidata.org/entity/Q2472587","18.083333333333332","47.166666666666664","19.0","47.0"
"Interest on this VC","Active tourism, cycling, walking, climbing, via ferrata routes, adventure parks (new tourist attraction) combined with catering, accommodation, equipment rental and selling local products. Via ferrata routes and the adventure park is an innovative initiative in this area. The connection of the via ferrata route and the excursion with catering, accommodation, equipment rental and selling local products is novel.","tourism, cycling, walking, via ferrata, park","http://www.wikidata.org/entity/Q49389, http://www.wikidata.org/entity/Q53121, http://www.wikidata.org/entity/Q6537379, http://www.wikidata.org/entity/Q648116, http://www.wikidata.org/entity/Q22698","17.88138888888889","47.35527777777778","19.0","47.0"
"Mountain landscape and reference chains","The reference mountain chain of this VC is Transdanubian mountains. The reference mountain landscape of this VC is Csesznek. Csesznek is a village in Veszprém County, Zirc district. It is located in the Bakony Mountains, 11 km north of Zirc. Csesznek is the pearl of the Bakony Mountains, where the visitors can choose active recreation or quiet relaxation in addition to the gastronomic eateries.","veszprém county, reference, mountain, transdanubian mountains, landscape, csesznek, village, bakony, north, zirc","http://www.wikidata.org/entity/Q188890, http://www.wikidata.org/entity/Q121769, http://www.wikidata.org/entity/Q8502, http://www.wikidata.org/entity/Q911639, http://www.wikidata.org/entity/Q107425, http://www.wikidata.org/entity/Q152389, http://www.wikidata.org/entity/Q532, http://www.wikidata.org/entity/Q695810, http://www.wikidata.org/entity/Q659, http://www.wikidata.org/entity/Q205607","17.75","47.166666666666664","19.0","47.0"
"Key local assets","Forested areas, rocks, mountains, caves, waterfals. Also, the built via ferratas and the equipment rental system. A traditional system of signed tourist routes in the mountains with the according maps. Local and regional associations of tourism. About the LAU: 24642.","system","http://www.wikidata.org/entity/Q58778","17.75","47.3","19.0","47.0"
"Challenges","Climate change (warming, new pests, extreme weather conditions) can make their services inaccessible. Overtourism and the crowds that show up on weekends, visitor pressure, littering and inappropriate forest use can ruin VC s resource base. Competing usage of forest (logging, tourism, hunting, forest products) causes conflicts between different actors. Social distancing due to COVID restriction can bankcrupt enterprises. Overall the type of challenge faced by this VC is Current and Predicted. This VC is classified as Traditional and Innovative.","weather, overtourism, visitor, forest, social distancing","http://www.wikidata.org/entity/Q11663, http://www.wikidata.org/entity/Q24899931, http://www.wikidata.org/entity/Q12644761, http://www.wikidata.org/entity/Q4421, http://www.wikidata.org/entity/Q30314010","17.8725","47.263333333333335","19.0","47.0"
"Innovation","The type of innovation of this VC is Exogenous. The area has a long tradition of hiking and trekking. Via ferrata routes are a very successful recent invention. The connection of the via ferrata route and the excursion with catering, accommodation, equipment rental and selling local products is also novel. The innovation is related to New products. The land use systems involved are Forestry. The local assets include Natural.","innovation, via ferrata, excursion","http://www.wikidata.org/entity/Q174165, http://www.wikidata.org/entity/Q648116, http://www.wikidata.org/entity/Q1156976","17.689831283250587","47.09672912555736","19.0","47.0"
"Geography and population","The size of the area (km2) is 24. The minimum altimetry of the LAU is 509. The maximum altimetry of the LAU is unspecified. The total population (in thousand) is 0.527. The population density (Inhabitants/km2) in the LAU is 21.96. The population change rate of the LAU in the last 10 years (%) has been 0.01%. The overall regional population density (Inhabitants/km2) is 95.45. The regional population change rate in the last 10 years (%) has been -0.04%.","population density","http://www.wikidata.org/entity/Q22856","17.654265344096004","47.15045993580411","19.0","47.0"
"Income and gross value added","The average per capita income (EUR/year) [NUTS3] is 3877. The total Gross Value Added (GVA) (EUR million/year) [NUTS3] is 3286. The primary sector share of total GVA/year [NUTS3] is 4.99%. The secondary sector share of total GVA/year [NUTS3] is 27.78%. The tertiary sector share of total GVA/year [NUTS3] is 67.22%. The per capita income (EUR/year) [NUTS2] is 14578. The total Gross Value Added (GVA) (EUR million/year) [NUTS2] is 12355. The primary sector share of total GVA/year [NUTS2] is 4.78%. The secondary sector share of total GVA/year [NUTS2] is 38.97%. The tertiary sector share of total GVA/year [NUTS2] is 56.24%.","gross value added, per capita income, year","http://www.wikidata.org/entity/Q994873, http://www.wikidata.org/entity/Q45918, http://www.wikidata.org/entity/Q577","17.732620422826816","47.26488426362961","19.0","47.0"
"Tourism","The total number of bed places (BPs) in tourist accommodations/year in the LAU is 0. The regional (NUTS2) share of total BPs/year is 10.03%. The number of agricultural holdings in the LAU is 29. The nearest settlement with population over 100000 (km) is 37. In this region protected areas are present.","number, bed, year","http://www.wikidata.org/entity/Q11563, http://www.wikidata.org/entity/Q42177, http://www.wikidata.org/entity/Q577","17.675463448648326","47.08055608751649","19.0","47.0"
"Employment","The primary sector share of total employment/year [NUTS3] is 4.47%. The secondary sector share of total employment/year [NUTS3] is 42.86%. The tertiary sector share of total employment/year [NUTS3] is 52.67%. The primary sector share of total employment/year [NUTS2] is 4.47%. The secondary sector share of total employment/year [NUTS2] is 42.86%. The tertiary sector share of total employment/year [NUTS2] is 52.67%.","employment, year","http://www.wikidata.org/entity/Q656365, http://www.wikidata.org/entity/Q577","17.821325277648015","47.2523738269297","19.0","47.0"
"Concluding remarks","","","","17.714682075673405","47.24326392897712","19.0","47.0"
