title,description,objects,objectlinks,lon,lat,barycenter_lon,barycenter_lat
"Organic garlic from Olaszfalu","The MOVING reference member state of this VC is HUNGARY. The reference MOVING Card ID of this VC is VC 15 HU. Organic garlic production, a joint enterprise of two small family businesses with modern machines purchased with the help of the local Leader LAG. High-quality garlic produced, cleaned, packaged and sold in a design package as Hungarian garlic through short supply chains. Members of European Territorial Quality Mark Bakonyi Local Brand trademark.","hungary","http://www.wikidata.org/entity/Q28","18.083333333333332","47.166666666666664","19.0","47.0"
"Interest on this VC","Organic garlic production, a joint enterprise of two small family businesses with modern machines purchased with the help of the local Leader LAG. High-quality garlic produced, cleaned, packaged and sold in a design package as Hungarian garlic through short supply chains. Members of European Territorial Quality Mark Bakonyi Local Brand trademark. Growing garlic in an organic way in the Bakony Mountains is a special, innovative idea. The product is sold through short supply chains, as Hungarian onions. They participate in a joint marketing system and are members of the European Territorial Quality Mark: Bakonyi Local Brand. It is also a quality assurance system and a marketing tool to promote products with a common logo. The trademark also creates cooperation between producers.","trademark, bakony, marketing, system","http://www.wikidata.org/entity/Q167270, http://www.wikidata.org/entity/Q695810, http://www.wikidata.org/entity/Q39809, http://www.wikidata.org/entity/Q58778","17.75","47.3","19.0","47.0"
"Mountain landscape and reference chains","The reference mountain chain of this VC is Transdanubian mountains. The reference mountain landscape of this VC is Olaszfalu. Olaszfalu is a small village (municipality), in Veszprém county, belonging to a small town Zirc, with reasonably good road and railway connections. It is situated in a valley with good alluvial soils, wet and cool weather, surrounded by large forested areas.","veszprém, reference, mountain, transdanubian mountains, landscape, olaszfalu, village, municipality, veszprém county, town, zirc","http://www.wikidata.org/entity/Q146317, http://www.wikidata.org/entity/Q121769, http://www.wikidata.org/entity/Q8502, http://www.wikidata.org/entity/Q911639, http://www.wikidata.org/entity/Q107425, http://www.wikidata.org/entity/Q1185627, http://www.wikidata.org/entity/Q532, http://www.wikidata.org/entity/Q15284, http://www.wikidata.org/entity/Q188890, http://www.wikidata.org/entity/Q3957, http://www.wikidata.org/entity/Q205607","17.916666666666668","47.1","19.0","47.0"
"Key local assets","VC uses locally available lands for organic garlic growing. Good co-operation with agricultural producers and good connections with the local LEADER LAG, organising marketing and community actions. About the LAU: 26514.","","","17.905277777777776","47.24333333333333","19.0","47.0"
"Challenges","Labor shortages are possible in this industry. Due to global trends, major changes are expected in the garlic market, Chinese competition is very strong. This is a new line of production in the arey (and for these particular businesses) made possible by climate change, there is some lack of knowledge and experience.. Overall the type of challenge faced by this VC is Current and Predicted. This VC is classified as Innovative.","","","17.75","47.166666666666664","19.0","47.0"
"Innovation","The type of innovation of this VC is Endogenous. Garlic is not a traditional product in the Bakony Mountains, also the special quality, the organic cultivation and the specialty of the packaging make VC innovative. An indigenous local producer manages this business with his son, the general agricultural production knowledge is endogenous. The innovation is related to New products, New processes and New marketing strategies. The land use systems involved are Cropland. The local assets include Natural, social and cultural.","innovation, bakony, business, son, knowledge, marketing","http://www.wikidata.org/entity/Q174165, http://www.wikidata.org/entity/Q695810, http://www.wikidata.org/entity/Q4830453, http://www.wikidata.org/entity/Q177232, http://www.wikidata.org/entity/Q9081, http://www.wikidata.org/entity/Q39809","17.75","47.3","19.0","47.0"
"Geography and population","The size of the area (km2) is 43. The minimum altimetry of the LAU is 486. The maximum altimetry of the LAU is unspecified. The total population (in thousand) is 1.053. The population density (Inhabitants/km2) in the LAU is 24.49. The population change rate of the LAU in the last 10 years (%) has been -0.06%. The overall regional population density (Inhabitants/km2) is 95.45. The regional population change rate in the last 10 years (%) has been -0.04%.","population density","http://www.wikidata.org/entity/Q22856","17.8725","47.263333333333335","19.0","47.0"
"Income and gross value added","The average per capita income (EUR/year) [NUTS3] is 3877. The total Gross Value Added (GVA) (EUR million/year) [NUTS3] is 3286. The primary sector share of total GVA/year [NUTS3] is 4.99%. The secondary sector share of total GVA/year [NUTS3] is 27.78%. The tertiary sector share of total GVA/year [NUTS3] is 67.22%. The per capita income (EUR/year) [NUTS2] is 14578. The total Gross Value Added (GVA) (EUR million/year) [NUTS2] is 12355. The primary sector share of total GVA/year [NUTS2] is 4.78%. The secondary sector share of total GVA/year [NUTS2] is 38.97%. The tertiary sector share of total GVA/year [NUTS2] is 56.24%.","gross value added, per capita income, year","http://www.wikidata.org/entity/Q994873, http://www.wikidata.org/entity/Q45918, http://www.wikidata.org/entity/Q577","17.74448462235996","47.36689671228981","19.0","47.0"
"Tourism","The total number of bed places (BPs) in tourist accommodations/year in the LAU is 47.2. The regional (NUTS2) share of total BPs/year is 10.03%. The number of agricultural holdings in the LAU is 125. The nearest settlement with population over 100000 (km) is 21. In this region protected areas are not present.","number, bed, year","http://www.wikidata.org/entity/Q11563, http://www.wikidata.org/entity/Q42177, http://www.wikidata.org/entity/Q577","17.812872958044437","47.22612418242782","19.0","47.0"
"Employment","The primary sector share of total employment/year [NUTS3] is 4.47%. The secondary sector share of total employment/year [NUTS3] is 42.86%. The tertiary sector share of total employment/year [NUTS3] is 52.67%. The primary sector share of total employment/year [NUTS2] is 4.47%. The secondary sector share of total employment/year [NUTS2] is 42.86%. The tertiary sector share of total employment/year [NUTS2] is 52.67%.","employment, year","http://www.wikidata.org/entity/Q656365, http://www.wikidata.org/entity/Q577","17.680622080479196","47.363265433493034","19.0","47.0"
"Concluding remarks","","","","17.77303544810838","47.32869527375852","19.0","47.0"
