title,description,objects,objectlinks,lon,lat,barycenter_lon,barycenter_lat
"Organic farming and wine production in Vadna","The MOVING reference member state of this VC is HUNGARY. The reference MOVING Card ID of this VC is VC 16 HU. The backbone of the business, launched in 2010, is a chemical engineer couple, who farm with the help of their children and their parents. They produce and sell wine (Chardonnay, Rajnai Riesling, Savingon Blanc, Pinot Nior and some traditional hungarian verieties). They have organic, bio vegetable and fruit garden, producing organic root vegetables. They also sell juice from home produced goods. They are professional in online communication, and they sell the products through internet, big distibutors, local and other restaurants and hotels.","hungary, chemical engineer, chardonnay, riesling","http://www.wikidata.org/entity/Q28, http://www.wikidata.org/entity/Q7888586, http://www.wikidata.org/entity/Q213332, http://www.wikidata.org/entity/Q456471","19.0","47.0","19.0","47.0"
"Interest on this VC","Small familiy organic winery, organic vegetable and fruit gardan. They work with the whole family together (3 generations), use social media extensively to promote their products and lifestyle. They sell directly to customers (webshop, facebook, etc.) or through short food chains. The products of this VC are nicely designed and well-marketed, they sell the wines in hotels and restaurants in the area and also in Budapest. They sell through short chains and they have their own webshop and distribution system too, that is quite uniqe in the areafor small producers. Their quality wines also win competitions.","budapest, winery, vegetable, fruit, gardan, facebook, nicely, system","http://www.wikidata.org/entity/Q1781, http://www.wikidata.org/entity/Q156362, http://www.wikidata.org/entity/Q11004, http://www.wikidata.org/entity/Q1364, http://www.wikidata.org/entity/Q5522154, http://www.wikidata.org/entity/Q355, http://www.wikidata.org/entity/Q37223759, http://www.wikidata.org/entity/Q58778","19.04083333333333","47.498333333333335","19.0","47.0"
"Mountain landscape and reference chains","The reference mountain chain of this VC is Northern Medium Mountains. The reference mountain landscape of this VC is Vadna. Vadna village is located in Borsod-Abaúj-Zemplén county, Kazincbarcika district, near the Slovak border. The nearest town, Miskolc, is 30 km away. The settlement is located in the Sajó Valley micro-region, it is an ancient settlement. It is on a major rail route, making it quite easily accessible.","vadna, village, county, kazincbarcika, border, miskolc, sajó, valley","http://www.wikidata.org/entity/Q941915, http://www.wikidata.org/entity/Q532, http://www.wikidata.org/entity/Q28575, http://www.wikidata.org/entity/Q214942, http://www.wikidata.org/entity/Q133346, http://www.wikidata.org/entity/Q102397, http://www.wikidata.org/entity/Q576032, http://www.wikidata.org/entity/Q39816","20.552777777777777","48.27305555555556","19.0","47.0"
"Key local assets","They use their vineyards and orchards and vegetable gardens, not only for production, but also as a venue for wine tastings and for their online communication. Carrying on the family tradition, they farm on the land of their parents, with whom they also work. They also pass on the love of farming and organic principles to their children. About the LAU: 7223.","vegetable, wine, communication, tradition, farm, love","http://www.wikidata.org/entity/Q11004, http://www.wikidata.org/entity/Q282, http://www.wikidata.org/entity/Q11024, http://www.wikidata.org/entity/Q82821, http://www.wikidata.org/entity/Q131596, http://www.wikidata.org/entity/Q316","20.645555555555557","48.253055555555555","19.0","47.0"
"Challenges","Climate change (warming, new pests, extreme weather conditions). It is a small business, and their development depends heavily on the available sources of external support. Some of their wines are sold in restaurants and hotels, nearby and in Budapest - loss of income due to Covid. Overall the type of challenge faced by this VC is Current and Predicted. This VC is classified as Traditional and Innovative.","budapest","http://www.wikidata.org/entity/Q1781","19.04083333333333","47.498333333333335","19.0","47.0"
"Innovation","The type of innovation of this VC is unspecified. Producing organic root vegetables is traditional to the area, organic wine and juice production here is innovative. The well-studied chemical engineer couple gained 'external knowledge', on the other hand, they 'went back' to their family estate and the whole production system is based on a joint family co-operation, including several generations. They adapt organic methods to local conditions. They are currently developing a small processing plant (for fruit and vegetables) supported by EU rural develpment project money. The innovation is related to New processes and New marketing strategies. The land use systems involved are Cropland. The local assets include Natural and social.","innovation, juice, chemical engineer, plant, fruit, project, money, marketing","http://www.wikidata.org/entity/Q174165, http://www.wikidata.org/entity/Q8492, http://www.wikidata.org/entity/Q7888586, http://www.wikidata.org/entity/Q756, http://www.wikidata.org/entity/Q1364, http://www.wikidata.org/entity/Q170584, http://www.wikidata.org/entity/Q1368, http://www.wikidata.org/entity/Q39809","20.783333333333335","48.1","19.0","47.0"
"Geography and population","The size of the area (km2) is 8. The minimum altimetry of the LAU is 357. The maximum altimetry of the LAU is unspecified. The total population (in thousand) is 0.666. The population density (Inhabitants/km2) in the LAU is 83.25. The population change rate of the LAU in the last 10 years (%) has been 0.08%. The overall regional population density (Inhabitants/km2) is 83.54. The regional population change rate in the last 10 years (%) has been -0.07%.","population density","http://www.wikidata.org/entity/Q22856","20.241595","48.83409611111111","19.0","47.0"
"Income and gross value added","The average per capita income (EUR/year) [NUTS3] is 6560. The total Gross Value Added (GVA) (EUR million/year) [NUTS3] is 5560. The primary sector share of total GVA/year [NUTS3] is 3.88%. The secondary sector share of total GVA/year [NUTS3] is 34.68%. The tertiary sector share of total GVA/year [NUTS3] is 61.44%. The per capita income (EUR/year) [NUTS2] is 11195. The total Gross Value Added (GVA) (EUR million/year) [NUTS2] is 9488. The primary sector share of total GVA/year [NUTS2] is 4.14%. The secondary sector share of total GVA/year [NUTS2] is 33.47%. The tertiary sector share of total GVA/year [NUTS2] is 62.38%.","gross value added, per capita income, year","http://www.wikidata.org/entity/Q994873, http://www.wikidata.org/entity/Q45918, http://www.wikidata.org/entity/Q577","18.96610675568953","47.46152351049758","19.0","47.0"
"Tourism","The total number of bed places (BPs) in tourist accommodations/year in the LAU is 0. The regional (NUTS2) share of total BPs/year is 8.64%. The number of agricultural holdings in the LAU is 7. The nearest settlement with population over 100000 (km) is 29. In this region protected areas are present.","number, bed, year","http://www.wikidata.org/entity/Q11563, http://www.wikidata.org/entity/Q42177, http://www.wikidata.org/entity/Q577","19.087046813300695","47.59786819677115","19.0","47.0"
"Employment","The primary sector share of total employment/year [NUTS3] is 3.89%. The secondary sector share of total employment/year [NUTS3] is 40.14%. The tertiary sector share of total employment/year [NUTS3] is 55.97%. The primary sector share of total employment/year [NUTS2] is 3.89%. The secondary sector share of total employment/year [NUTS2] is 40.14%. The tertiary sector share of total employment/year [NUTS2] is 55.97%.","employment, year","http://www.wikidata.org/entity/Q656365, http://www.wikidata.org/entity/Q577","19.045703207880933","47.54148866022189","19.0","47.0"
"Concluding remarks","","","","18.959785780419377","47.55522604643243","19.0","47.0"
