title,description,objects,objectlinks,lon,lat,barycenter_lon,barycenter_lat
"Mölltal-Glockner Lamm (engl. lamb)","The MOVING reference member state of this VC is AUSTRIA. The reference MOVING Card ID of this VC is VC 13 AT. About 94 sheep farmers are associated within the cooperative ARGE Glocknerlamm which was founded in 2003. This cooperative processes and sells the lamb products to private constumers retailers and the regional gastronomy. The Glocknerlamm-Fest tightly connected with tourism is a central event for the marketing of the lamb products. The extensive grazing of the sheep contributes to the stability of the vegetation cover as well as to the improvement of the water storage capacity.","austria, sheep, gastronomy, tourism, marketing, grazing, vegetation, improvement, water","http://www.wikidata.org/entity/Q40, http://www.wikidata.org/entity/Q7368, http://www.wikidata.org/entity/Q171141, http://www.wikidata.org/entity/Q49389, http://www.wikidata.org/entity/Q39809, http://www.wikidata.org/entity/Q3239189, http://www.wikidata.org/entity/Q187997, http://www.wikidata.org/entity/Q21255975, http://www.wikidata.org/entity/Q283","14.0","48.0","14.0","48.0"
"Interest on this VC","Sheep farming in this region has been a tradition for centuries. Due to the topography and high altimetry cattle farming was not an option. Since 2006 this VC is embedded in a 'Genussregion ( region of culinary delight : promoting local food specialities; quality standards set by the AgrarMarkt Austria). Glöckner Lamm is protected as word mark designation since 2005. The sheep plays a crucial role for the mountain farming in this region. Additionally, the maintainance of pasture farming is also important for the maintainance of the cultural landscapes which is important for hiking tourism. To secure the income the Genussregion and the marketing as a local speciality plays an important role for this VC.","sheep, tradition, topography, cattle, food, austria, word, role, mountain, pasture, tourism","http://www.wikidata.org/entity/Q7368, http://www.wikidata.org/entity/Q82821, http://www.wikidata.org/entity/Q134435, http://www.wikidata.org/entity/Q830, http://www.wikidata.org/entity/Q2095, http://www.wikidata.org/entity/Q40, http://www.wikidata.org/entity/Q8171, http://www.wikidata.org/entity/Q214339, http://www.wikidata.org/entity/Q8502, http://www.wikidata.org/entity/Q30121, http://www.wikidata.org/entity/Q49389","14.0","48.0","14.0","48.0"
"Mountain landscape and reference chains","The reference mountain chain of this VC is RR 11, Austrian Alps. The reference mountain landscape of this VC is Spittal an der Drau (No: 206). The Mölltal is an inner alpine dry area with a hygric continental climate due to its location in the lee of the Northern and Southern Limestone Alps. The annual precipitation is rather high, increasing with the altimetry. The sheeps graze up to 3000 m above sea level. The regional soil and climate conditions result in a mountain flora characterized by a diversity of alpine plants.","alps, reference, mountain, landscape, climate, southern limestone alps, soil, flora","http://www.wikidata.org/entity/Q1286, http://www.wikidata.org/entity/Q121769, http://www.wikidata.org/entity/Q8502, http://www.wikidata.org/entity/Q107425, http://www.wikidata.org/entity/Q7937, http://www.wikidata.org/entity/Q609634, http://www.wikidata.org/entity/Q36133, http://www.wikidata.org/entity/Q131449","10.0","46.0","14.0","48.0"
"Key local assets","Sheep farming has a tradition for centuries in this region. The cultural landscapes is important for the marketing strategy also the cultivated traditional sheep races. The lamb is the key product of the region. About the LAU: LAU 1 not used in Austria Scale therefore is District . In this case, district = NUTS3.","austria, sheep, tradition","http://www.wikidata.org/entity/Q40, http://www.wikidata.org/entity/Q7368, http://www.wikidata.org/entity/Q82821","14.0","48.0","14.0","48.0"
"Challenges","The region is situated within the highest mountains of Austria and the topography of the mountains doesn t allow for various farming practices. Sheep farming therefore is one of the few income possibilities for the mountain farmers. Climate change affects this region in regard to biodiversity loss and neophytes as well as a changing water balance. Overall the type of challenge faced by this VC is Current and Predicted. This VC is classified as Traditional and Innovative.","austria, topography, biodiversity, water","http://www.wikidata.org/entity/Q40, http://www.wikidata.org/entity/Q134435, http://www.wikidata.org/entity/Q47041, http://www.wikidata.org/entity/Q283","14.0","48.0","14.0","48.0"
"Innovation","The type of innovation of this VC is Endogenous. The knowledge regarding the husbandry is considered to be traditional - also the cultivated races. The marketing as local speciality can be characterized as innovative. The innovation is related to New marketing strategies. The land use systems involved are pasture farming. The local assets include Natural, social and cultural.","innovation, marketing","http://www.wikidata.org/entity/Q174165, http://www.wikidata.org/entity/Q39809","10.545","46.50888888888889","14.0","48.0"
"Geography and population","The size of the area (km2) is 2765. The minimum altimetry of the LAU is 512. The maximum altimetry of the LAU is 2143. The total population (in thousand) is 75.868. The population density (Inhabitants/km2) in the LAU is 27.44. The population change rate of the LAU in the last 10 years (%) has been -3.39%. The overall regional population density (Inhabitants/km2) is 58.86. The regional population change rate in the last 10 years (%) has been 0.82%.","population density","http://www.wikidata.org/entity/Q22856","13.90711014329655","48.00358386477062","14.0","48.0"
"Income and gross value added","The average per capita income (EUR/year) [NUTS3] is 19933.3. The total Gross Value Added (GVA) (EUR million/year) [NUTS3] is 3181. The primary sector share of total GVA/year [NUTS3] is 3.33%. The secondary sector share of total GVA/year [NUTS3] is 28.92%. The tertiary sector share of total GVA/year [NUTS3] is 67.75%. The per capita income (EUR/year) [NUTS2] is 21135. The total Gross Value Added (GVA) (EUR million/year) [NUTS2] is 18731. The primary sector share of total GVA/year [NUTS2] is 1.72%. The secondary sector share of total GVA/year [NUTS2] is 34.03%. The tertiary sector share of total GVA/year [NUTS2] is 64.25%.","gross value added, per capita income, year","http://www.wikidata.org/entity/Q994873, http://www.wikidata.org/entity/Q45918, http://www.wikidata.org/entity/Q577","14.096693846544795","47.90131350666724","14.0","48.0"
"Tourism","The total number of bed places (BPs) in tourist accommodations/year in the LAU is 42315. The regional (NUTS2) share of total BPs/year is 30.79%. The number of agricultural holdings in the LAU is 2228. The nearest settlement with population over 100000 (km) is 75. In this region protected areas are present.","number, bed, year","http://www.wikidata.org/entity/Q11563, http://www.wikidata.org/entity/Q42177, http://www.wikidata.org/entity/Q577","13.908722519024431","48.025570017907434","14.0","48.0"
"Employment","The primary sector share of total employment/year [NUTS3] is 8.85%. The secondary sector share of total employment/year [NUTS3] is 23.94%. The tertiary sector share of total employment/year [NUTS3] is 67.20%. The primary sector share of total employment/year [NUTS2] is 5.56%. The secondary sector share of total employment/year [NUTS2] is 22.81%. The tertiary sector share of total employment/year [NUTS2] is 71.62%.","employment, year","http://www.wikidata.org/entity/Q656365, http://www.wikidata.org/entity/Q577","14.063312902405459","48.03489335634669","14.0","48.0"
"Concluding remarks","Mountain sheep farming has also been traditional in 13 other regions in Austria (see VC AT 14 and 15) that are considered to have traditional sheep farming not all of them are mountainous regions.","austria, mountain, sheep","http://www.wikidata.org/entity/Q40, http://www.wikidata.org/entity/Q8502, http://www.wikidata.org/entity/Q7368","14.0","48.0","14.0","48.0"
