title,description,objects,objectlinks,lon,lat,barycenter_lon,barycenter_lat
"The tastes of Monostor","The MOVING reference member state of this VC is HUNGARY. The reference MOVING Card ID of this VC is VC 19 HU. The monastery of the Cistercian Sisters in Kismaros processes their own fruit, and they make processed products from purchased raw materials. They produca jams and syrups. They also have a small local product shop and also sell their products abroad (Austria and Germany) through contacts of the Cistercian Order. In addition to processing their own fruit, they make processed products from purchased raw materials. They make spacial products - with honey/without sugar/preservative free.","austria, germany, hungary, monastery, kismaros, fruit, addition, preservative","http://www.wikidata.org/entity/Q40, http://www.wikidata.org/entity/Q183, http://www.wikidata.org/entity/Q28, http://www.wikidata.org/entity/Q44613, http://www.wikidata.org/entity/Q1089453, http://www.wikidata.org/entity/Q1364, http://www.wikidata.org/entity/Q32043, http://www.wikidata.org/entity/Q274579","19.0","47.0","19.0","47.0"
"Interest on this VC","The monastery of the Cistercian Sisters in Kismaros processes their own fruit, and they make processed products from purchased raw materials. They produca jams and syrups. They also have a small local product shop and also sell their products abroad (Austria and Germany) through contacts of the Cistercian Order. They market through short food chains: Their own shop, speciality shops in Budapest, some farmers markets, and through their sister-monasteries also abroad. This latter means using their clerical connections for marketing purposes. The products are healthy and delicious, traditional products in new design, sophisticated packaging.","austria, germany, budapest, monastery, kismaros, fruit, food, sister, design","http://www.wikidata.org/entity/Q40, http://www.wikidata.org/entity/Q183, http://www.wikidata.org/entity/Q1781, http://www.wikidata.org/entity/Q44613, http://www.wikidata.org/entity/Q1089453, http://www.wikidata.org/entity/Q1364, http://www.wikidata.org/entity/Q2095, http://www.wikidata.org/entity/Q595094, http://www.wikidata.org/entity/Q82604","19.04083333333333","47.498333333333335","19.0","47.0"
"Mountain landscape and reference chains","The reference mountain chain of this VC is Börzsöny Mountain. The reference mountain landscape of this VC is Kismaros. Kismaros village is located in Pest county, in the Szobi district. It is a settlement on the left bank of the Danube, in the Danube Bend. The settlement has a good train connection,, it is possible to get to the capital very soon. It is located 55 km from Budapest, and the road connection is also excellent.","budapest, kismaros, village, pest county, danube bend, road","http://www.wikidata.org/entity/Q1781, http://www.wikidata.org/entity/Q1089453, http://www.wikidata.org/entity/Q532, http://www.wikidata.org/entity/Q188612, http://www.wikidata.org/entity/Q573498, http://www.wikidata.org/entity/Q34442","19.333333333333332","47.416666666666664","19.0","47.0"
"Key local assets","N/A. About the LAU: 33738.","","","10.0","51.0","19.0","47.0"
"Challenges","Challenges in connection with climate change (draughts, extreme weather events, etc.) and the potentially less yield. Logistics at the time of COVID to Austria and Germany, keeping international marketing channels, major reduction of tourism related sails. Overall the type of challenge faced by this VC is Current and Predicted. This VC is classified as Traditional and Innovative.","austria, germany, draughts","http://www.wikidata.org/entity/Q40, http://www.wikidata.org/entity/Q183, http://www.wikidata.org/entity/Q1293","14.0","48.0","19.0","47.0"
"Innovation","The type of innovation of this VC is Endogenous. The processing is immediate, the products do not contain artificial additives or preservatives. They preserve the products by heat treatment (traditional). Selling the products within short food chains and the beautiful design they have is innovative. The VC is based on local production knowledge of the Cistercian sisters. The innovation is related to New marketing strategies. The land use systems involved are N/A. The local assets include N/A.","innovation, knowledge, marketing","http://www.wikidata.org/entity/Q174165, http://www.wikidata.org/entity/Q9081, http://www.wikidata.org/entity/Q39809","19.004722222222224","47.83777777777778","19.0","47.0"
"Geography and population","The size of the area (km2) is 12. The minimum altimetry of the LAU is 243. The maximum altimetry of the LAU is unspecified. The total population (in thousand) is 2.367. The population density (Inhabitants/km2) in the LAU is 197.25. The population change rate of the LAU in the last 10 years (%) has been 0.12%. The overall regional population density (Inhabitants/km2) is 437.65. The regional population change rate in the last 10 years (%) has been 0.03%.","population density","http://www.wikidata.org/entity/Q22856","19.091666666666665","47.799166666666665","19.0","47.0"
"Income and gross value added","The average per capita income (EUR/year) [NUTS3] is 15339. The total Gross Value Added (GVA) (EUR million/year) [NUTS3] is 13000. The primary sector share of total GVA/year [NUTS3] is 2.34%. The secondary sector share of total GVA/year [NUTS3] is 21.60%. The tertiary sector share of total GVA/year [NUTS3] is 76.06%. The per capita income (EUR/year) [NUTS2] is 69432. The total Gross Value Added (GVA) (EUR million/year) [NUTS2] is 58846. The primary sector share of total GVA/year [NUTS2] is 0.66%. The secondary sector share of total GVA/year [NUTS2] is 11.87%. The tertiary sector share of total GVA/year [NUTS2] is 87.47%.","gross value added, per capita income, year","http://www.wikidata.org/entity/Q994873, http://www.wikidata.org/entity/Q45918, http://www.wikidata.org/entity/Q577","14.07503141173683","47.90489173145002","19.0","47.0"
"Tourism","The total number of bed places (BPs) in tourist accommodations/year in the LAU is 69.32. The regional (NUTS2) share of total BPs/year is 37.45%. The number of agricultural holdings in the LAU is 51. The nearest settlement with population over 100000 (km) is 12. In this region protected areas are present.","number, bed, year","http://www.wikidata.org/entity/Q11563, http://www.wikidata.org/entity/Q42177, http://www.wikidata.org/entity/Q577","14.077155834721626","48.022621891890836","19.0","47.0"
"Employment","The primary sector share of total employment/year [NUTS3] is 1.19%. The secondary sector share of total employment/year [NUTS3] is 22.01%. The tertiary sector share of total employment/year [NUTS3] is 76.80%. The primary sector share of total employment/year [NUTS2] is 1.19%. The secondary sector share of total employment/year [NUTS2] is 22.01%. The tertiary sector share of total employment/year [NUTS2] is 76.80%.","employment, year","http://www.wikidata.org/entity/Q656365, http://www.wikidata.org/entity/Q577","14.087760887239352","47.943459297016695","19.0","47.0"
"Concluding remarks","","","","13.97627411821706","48.093372211982","19.0","47.0"
