title,description,objects,objectlinks,lon,lat,barycenter_lon,barycenter_lat
"Ranger - truffle hunting","The MOVING reference member state of this VC is HUNGARY. The reference MOVING Card ID of this VC is VC 20 HU. The key activities of this VC are collecting truffles, making special processed products and organising truffle collecting tours. They use forest areas on an environmentally friendly, sustainable way, not interfering with other activities, and at the same time creating high value added products. As lifestyle entrepreneurs, they are connected to a local community, seeking sustainable lifestyles, through them they connect to short food chains and can contribute to developing and spreading knowledge about sustainability.","reference, hungary, truffle, tours","http://www.wikidata.org/entity/Q121769, http://www.wikidata.org/entity/Q28, http://www.wikidata.org/entity/Q2690965, http://www.wikidata.org/entity/Q288","19.0","47.0","19.0","47.0"
"Interest on this VC","A young couple - lifestyle entrepreneurs - moved to a village. They collect truffles with their dogs in the Balaton Uplands area. They sell processed products and organise guided truffle collecting tours. Truffle is a special product, and can only be found with dogs. The processed products, cheese stuffed with truffle, oil with truffle, salt with truffle are innovative products, not existed in the area before. Offering truffle hunting as an adventure is also innovative in Hungary.","hungary, truffle, tours, cheese, hunting","http://www.wikidata.org/entity/Q28, http://www.wikidata.org/entity/Q2690965, http://www.wikidata.org/entity/Q288, http://www.wikidata.org/entity/Q10943, http://www.wikidata.org/entity/Q36963","0.6883333333333332","47.39277777777778","19.0","47.0"
"Mountain landscape and reference chains","The reference mountain chain of this VC is Transdanubian mountains. The reference mountain landscape of this VC is Barnag. Barnag is a small village (municipality), in Veszprém county. The village belongs to the Balaton-Uplands area and is part of a National Park. The nearest city is Veszprém (20 km) and the nearest big city (Budapest) is 135 km away. Only one inferior route passes through the settlement.","veszprém, budapest, transdanubian mountains, barnag, village, municipality, veszprém county, park, city","http://www.wikidata.org/entity/Q146317, http://www.wikidata.org/entity/Q1781, http://www.wikidata.org/entity/Q911639, http://www.wikidata.org/entity/Q790678, http://www.wikidata.org/entity/Q532, http://www.wikidata.org/entity/Q15284, http://www.wikidata.org/entity/Q188890, http://www.wikidata.org/entity/Q22698, http://www.wikidata.org/entity/Q515","17.916666666666668","47.1","19.0","47.0"
"Key local assets","This VC uses the forests in the area to look for truffles, using dogs that is a method based on traditional culture and knowledge (though in this area it is innovative). Being part of a local immigrant community seeking sustainable lifestyles connects them to short food chains. About the LAU: 15778.","","","19.04083333333333","47.498333333333335","19.0","47.0"
"Challenges","Creating their processed products only from local ingredients (e.g. using local artesanal cheese would rise their prices too much). Uncertainty, whether they can continue to use forests to collect truffles. Marketing their truffle-adventure tours. Overall the type of challenge faced by this VC is Current and Predicted. This VC is classified as Innovative.","truffle","http://www.wikidata.org/entity/Q2690965","18.083333333333332","47.166666666666664","19.0","47.0"
"Innovation","The type of innovation of this VC is Exogenous. The processed products within this VC are special and innovative (truffle stuffed cheese, oil with truffle, salt with truffle). Looking for truffles is rare in the area, this VC is based on external knowledge. They are also in connection with a local community promoting sustainable lifestyles and creating and spreading knowledge in this field. The innovation is related to New products and New processes. The land use systems involved are Forestry. The local assets include Natural and cultural.","innovation, truffle, cheese, oil, knowledge, community","http://www.wikidata.org/entity/Q174165, http://www.wikidata.org/entity/Q2690965, http://www.wikidata.org/entity/Q10943, http://www.wikidata.org/entity/Q42962, http://www.wikidata.org/entity/Q9081, http://www.wikidata.org/entity/Q177634","17.74861111111111","46.98027777777778","19.0","47.0"
"Geography and population","The size of the area (km2) is 12.01. The minimum altimetry of the LAU is 344. The maximum altimetry of the LAU is unspecified. The total population (in thousand) is 0.125. The population density (Inhabitants/km2) in the LAU is 10.41. The population change rate of the LAU in the last 10 years (%) has been 8.70%. The overall regional population density (Inhabitants/km2) is 95.45. The regional population change rate in the last 10 years (%) has been -0.04%.","population density","http://www.wikidata.org/entity/Q22856","17.75","47.166666666666664","19.0","47.0"
"Income and gross value added","The average per capita income (EUR/year) [NUTS3] is 3877. The total Gross Value Added (GVA) (EUR million/year) [NUTS3] is 3286. The primary sector share of total GVA/year [NUTS3] is 4.99%. The secondary sector share of total GVA/year [NUTS3] is 27.78%. The tertiary sector share of total GVA/year [NUTS3] is 67.22%. The per capita income (EUR/year) [NUTS2] is 14578. The total Gross Value Added (GVA) (EUR million/year) [NUTS2] is 12355. The primary sector share of total GVA/year [NUTS2] is 4.78%. The secondary sector share of total GVA/year [NUTS2] is 38.97%. The tertiary sector share of total GVA/year [NUTS2] is 56.24%.","gross value added, per capita income, year","http://www.wikidata.org/entity/Q994873, http://www.wikidata.org/entity/Q45918, http://www.wikidata.org/entity/Q577","19.012771010156495","46.924548614161885","19.0","47.0"
"Tourism","The total number of bed places (BPs) in tourist accommodations/year in the LAU is 0. The regional (NUTS2) share of total BPs/year is 10.03%. The number of agricultural holdings in the LAU is 7. The nearest settlement with population over 100000 (km) is 14. In this region protected areas are present.","number, bed, year","http://www.wikidata.org/entity/Q11563, http://www.wikidata.org/entity/Q42177, http://www.wikidata.org/entity/Q577","18.955712873647784","46.971445742872056","19.0","47.0"
"Employment","The primary sector share of total employment/year [NUTS3] is 4.47%. The secondary sector share of total employment/year [NUTS3] is 42.86%. The tertiary sector share of total employment/year [NUTS3] is 52.67%. The primary sector share of total employment/year [NUTS2] is 4.47%. The secondary sector share of total employment/year [NUTS2] is 42.86%. The tertiary sector share of total employment/year [NUTS2] is 52.67%.","employment, year","http://www.wikidata.org/entity/Q656365, http://www.wikidata.org/entity/Q577","19.031137995575754","46.96354765015209","19.0","47.0"
"Concluding remarks","","","","18.94854982529609","47.06213253291335","19.0","47.0"
