title,description,objects,objectlinks,lon,lat,barycenter_lon,barycenter_lat
"Sustainable local food system project - Kóspallag","The MOVING reference member state of this VC is HUNGARY. The reference MOVING Card ID of this VC is VC 22 HU. In Kóspallag the local government has various initiatives to enhance local community and a sustainable food system. The goal is to provide sustainable local food for local people, to sell and get income from the remaining products and to save local verieties. There is a community garden (also providing employment for the local poor) and a cross-border co-operation programme on exploring and spreading local fruit and vegetable varieties in the area. They are supporting local organic producers with agricultural land and other assets owned by th local authority.They are currently developing a farmers' market/shop/and catering facility and a small processing plant for fruit and vegetables to be used by the whole community.","hungary, kóspallag, government, community, sustainable food system, food, people, garden, employment, cross, border, fruit, vegetable","http://www.wikidata.org/entity/Q28, http://www.wikidata.org/entity/Q1185508, http://www.wikidata.org/entity/Q7188, http://www.wikidata.org/entity/Q177634, http://www.wikidata.org/entity/Q76737185, http://www.wikidata.org/entity/Q2095, http://www.wikidata.org/entity/Q2472587, http://www.wikidata.org/entity/Q1107656, http://www.wikidata.org/entity/Q656365, http://www.wikidata.org/entity/Q40843, http://www.wikidata.org/entity/Q133346, http://www.wikidata.org/entity/Q1364, http://www.wikidata.org/entity/Q11004","19.0","47.0","19.0","47.0"
"Interest on this VC","The local government has various initiatives to enhance local community and a sustainable food system. The goal is to provide sustainable local food for local people, to sell and get income from the remaining products and to save local verieties. There is a community garden (also providing employment for the local poor) and a cross-border co-operation programme on exploring and spreading local fruit and vegetable varieties in the area. They are currently developing a farmers' market/shop/and catering facility and a small processing plant for fruit and vegetables to be used by the whole community. The VC considers a new process and new governance system, because the municipality initiate projects, which is not common. They try to create a sustainable village, which is also uniqe.","government, community, sustainable food system, food, people, garden, employment, cross, border, fruit, vegetable, catering, plant, governance, system, municipality, village","http://www.wikidata.org/entity/Q7188, http://www.wikidata.org/entity/Q177634, http://www.wikidata.org/entity/Q76737185, http://www.wikidata.org/entity/Q2095, http://www.wikidata.org/entity/Q2472587, http://www.wikidata.org/entity/Q1107656, http://www.wikidata.org/entity/Q656365, http://www.wikidata.org/entity/Q40843, http://www.wikidata.org/entity/Q133346, http://www.wikidata.org/entity/Q1364, http://www.wikidata.org/entity/Q11004, http://www.wikidata.org/entity/Q777754, http://www.wikidata.org/entity/Q756, http://www.wikidata.org/entity/Q1553864, http://www.wikidata.org/entity/Q58778, http://www.wikidata.org/entity/Q15284, http://www.wikidata.org/entity/Q532","18.933333333333334","47.88333333333333","19.0","47.0"
"Mountain landscape and reference chains","The reference mountain chain of this VC is Börzsöny Mountain. The reference mountain landscape of this VC is Kóspallag. The village of Kóspallag is located in the northern part of Pest county, in the Szobi district. The nearest larger town (Vác) is 23 km away and the capital is 65 km away. The settlement is located in Börzsöny, in the Kóspallag basin, surrounded by mountains. The area of the settlement belongs to the Danube-Ipoly National Park.","mountain, reference, landscape, kóspallag, village, pest county, vác","http://www.wikidata.org/entity/Q8502, http://www.wikidata.org/entity/Q121769, http://www.wikidata.org/entity/Q107425, http://www.wikidata.org/entity/Q1185508, http://www.wikidata.org/entity/Q532, http://www.wikidata.org/entity/Q188612, http://www.wikidata.org/entity/Q207408","19.333333333333332","47.416666666666664","19.0","47.0"
"Key local assets","The municipality creates and manages a community garden, supports local organic producers with agricultural land and other assets owned by th local authority. They run a transnational project for saving local fruit varieties and create a fruit garden. They turn an old public kitchen into a small fruit and vegetable processing plant open to be used by the local community, etc. About the LAU: 24679.","municipality, community, garden, project, fruit, kitchen, vegetable, plant","http://www.wikidata.org/entity/Q15284, http://www.wikidata.org/entity/Q177634, http://www.wikidata.org/entity/Q1107656, http://www.wikidata.org/entity/Q170584, http://www.wikidata.org/entity/Q1364, http://www.wikidata.org/entity/Q43164, http://www.wikidata.org/entity/Q11004, http://www.wikidata.org/entity/Q756","19.13111111111111","47.77527777777778","19.0","47.0"
"Challenges","Challenges in connection with climate change (draughts, extreme weather events, etc.). To find enough resources for the implementation of all projects (in Hungary, local governments do not have independent income, they rely on external sources). Located in a beautiful hilly area, overtourism, big investors and rising real estate prices and population change can be future a problem (these problems also show signs now). Overall the type of challenge faced by this VC is Current and Predicted. This VC is classified as Traditional and Innovative.","hungary, draughts, weather, overtourism, problem","http://www.wikidata.org/entity/Q28, http://www.wikidata.org/entity/Q1293, http://www.wikidata.org/entity/Q11663, http://www.wikidata.org/entity/Q24899931, http://www.wikidata.org/entity/Q621184","19.0","47.0","19.0","47.0"
"Innovation","The type of innovation of this VC is Endogenous and Exogenous. The VC is innovative, because all these initiatives are not obligations for a municipality, but extra commitments. We can count the VC traditional, since it relies on local conditions, local land and traditional verieties. The idea and knowledge comes from inside, from the local mayor and his team, but also from outside, because the mayor studied about sustainability on various universities. The innovation is related to New processes and New governance systems. The land use systems involved are Cropland. The local assets include Natural, social and cultural.","innovation, idea, knowledge, mayor, team, sustainability, governance","http://www.wikidata.org/entity/Q174165, http://www.wikidata.org/entity/Q131841, http://www.wikidata.org/entity/Q9081, http://www.wikidata.org/entity/Q30185, http://www.wikidata.org/entity/Q327245, http://www.wikidata.org/entity/Q219416, http://www.wikidata.org/entity/Q1553864","19.01702246084346","46.942365544279475","19.0","47.0"
"Geography and population","The size of the area (km2) is 13. The minimum altimetry of the LAU is 440. The maximum altimetry of the LAU is unspecified. The total population (in thousand) is 0.733. The population density (Inhabitants/km2) in the LAU is 56.38. The population change rate of the LAU in the last 10 years (%) has been -0.08%. The overall regional population density (Inhabitants/km2) is 437.65. The regional population change rate in the last 10 years (%) has been 0.03%.","population density","http://www.wikidata.org/entity/Q22856","19.043684479118184","46.94050899682479","19.0","47.0"
"Income and gross value added","The average per capita income (EUR/year) [NUTS3] is 15339. The total Gross Value Added (GVA) (EUR million/year) [NUTS3] is 13000. The primary sector share of total GVA/year [NUTS3] is 2.34%. The secondary sector share of total GVA/year [NUTS3] is 21.60%. The tertiary sector share of total GVA/year [NUTS3] is 76.06%. The per capita income (EUR/year) [NUTS2] is 69432. The total Gross Value Added (GVA) (EUR million/year) [NUTS2] is 58846. The primary sector share of total GVA/year [NUTS2] is 0.66%. The secondary sector share of total GVA/year [NUTS2] is 11.87%. The tertiary sector share of total GVA/year [NUTS2] is 87.47%.","gross value added, per capita income, year","http://www.wikidata.org/entity/Q994873, http://www.wikidata.org/entity/Q45918, http://www.wikidata.org/entity/Q577","18.994996951171967","47.00684878988468","19.0","47.0"
"Tourism","The total number of bed places (BPs) in tourist accommodations/year in the LAU is 29.1. The regional (NUTS2) share of total BPs/year is 37.45%. The number of agricultural holdings in the LAU is 78. The nearest settlement with population over 100000 (km) is 23. In this region protected areas are present.","number, bed, year","http://www.wikidata.org/entity/Q11563, http://www.wikidata.org/entity/Q42177, http://www.wikidata.org/entity/Q577","19.0147021871915","46.996826729657826","19.0","47.0"
"Employment","The primary sector share of total employment/year [NUTS3] is 1.19%. The secondary sector share of total employment/year [NUTS3] is 22.01%. The tertiary sector share of total employment/year [NUTS3] is 76.80%. The primary sector share of total employment/year [NUTS2] is 1.19%. The secondary sector share of total employment/year [NUTS2] is 22.01%. The tertiary sector share of total employment/year [NUTS2] is 76.80%.","employment, year","http://www.wikidata.org/entity/Q656365, http://www.wikidata.org/entity/Q577","19.038129117840864","46.984088387452466","19.0","47.0"
"Concluding remarks","","","","19.000859742898623","47.042628953367625","19.0","47.0"
