title,description,objects,objectlinks,lon,lat,barycenter_lon,barycenter_lat
"Nivegy-valley artisan chese makers","The MOVING reference member state of this VC is HUNGARY. The reference MOVING Card ID of this VC is VC 23 HU. Three different cheese producers in Nivegy-valley micro-region. They produce high quality artisan cheese and milk products. They keep animals (goat/cow) and their products are marketed in SFC-s, restaurants, farmers markets, on-farm-sales and webshop delivery. Animal husbandry are traditional in this area, however, cheese-making, especially high quality, beautiful packaging and short supply chains, sales via the internet are innovative. They all use innovative tools, small machinery, solar power, ICT for marketing, etc. They are using the possibilities provided by the fastly developing tourism of the area on reflexive, flexible and successful ways.","hungary, cheese, valley, milk, goat, farm, sales, animal husbandry, solar power","http://www.wikidata.org/entity/Q28, http://www.wikidata.org/entity/Q10943, http://www.wikidata.org/entity/Q39816, http://www.wikidata.org/entity/Q8495, http://www.wikidata.org/entity/Q2934, http://www.wikidata.org/entity/Q131596, http://www.wikidata.org/entity/Q194189, http://www.wikidata.org/entity/Q80962, http://www.wikidata.org/entity/Q1483757","19.0","47.0","19.0","47.0"
"Interest on this VC","Three different cheese producers in Nivegy-valley micro-region. They produce high quality artisan cheese and milk products. They keep animals (goat/cow) and their products are marketed in SFC-s, restaurants, farmers markets, on-farm-sales and webshop delivery. Quality local products in a micro-region. Special design, short supply chain sales. High adaptability. There is also a cheese maker who, in addition to his family of 8, can also employ 2 employees - successful model.","cheese, valley, milk, goat, farm, sales, design, adaptability","http://www.wikidata.org/entity/Q10943, http://www.wikidata.org/entity/Q39816, http://www.wikidata.org/entity/Q8495, http://www.wikidata.org/entity/Q2934, http://www.wikidata.org/entity/Q131596, http://www.wikidata.org/entity/Q194189, http://www.wikidata.org/entity/Q82604, http://www.wikidata.org/entity/Q5674297","18.083333333333332","47.166666666666664","19.0","47.0"
"Mountain landscape and reference chains","The reference mountain chain of this VC is Transdanubian mountains. The reference mountain landscape of this VC is Szentantalfa. Szentantalfa village is located in Veszprém county, in the Balatonfüred district. The nearest larger town (Veszprém) is 30 km away and the capital is 150 km away. There is a significant Nazarene community in the village. The age structure is very youngThe area is very favorable for wine production.","veszprém, transdanubian mountains, szentantalfa, village, veszprém county, balatonfüred, town, community","http://www.wikidata.org/entity/Q146317, http://www.wikidata.org/entity/Q911639, http://www.wikidata.org/entity/Q1089644, http://www.wikidata.org/entity/Q532, http://www.wikidata.org/entity/Q188890, http://www.wikidata.org/entity/Q680743, http://www.wikidata.org/entity/Q3957, http://www.wikidata.org/entity/Q177634","17.916666666666668","47.1","19.0","47.0"
"Key local assets","The cheese makers use local grasslands as a resource. Nearby the area (Lake Balaton, Káli Basin) there are a lot of tourists, which provides them good opportunity to sell their products. Some of them carry on the traditional animal husbandry activities of the area and the family in a modern way (marketing, new sales channels). They also have a good impact on the social environment, as they employ people. About the LAU: 3568.","lake balaton, animal husbandry, sales, people","http://www.wikidata.org/entity/Q6383, http://www.wikidata.org/entity/Q80962, http://www.wikidata.org/entity/Q194189, http://www.wikidata.org/entity/Q2472587","17.72","46.85","19.0","47.0"
"Challenges","Climate change (warming, new pests, extreme weather conditions). Civilisation/urbanisation pressure on the Mountain landscape. During COVID, they have problems to sell cheese (lack of tourists, no events, no restaurants, hotels). They have lots of other challenges characteristic to very small producers in Hungary. Overall the type of challenge faced by this VC is Current and Predicted. This VC is classified as Traditional and Innovative.","hungary","http://www.wikidata.org/entity/Q28","19.0","47.0","19.0","47.0"
"Innovation","The type of innovation of this VC is Endogenous and Exogenous. Animal husbandry are traditional in this area, however, cheese-making, especially high quality, beautiful packaging and short supply chains, sales via the internet are innovative. All the three cheese-makers started from no experience with cheese, however two od them are from traditional peasent families. The third is from a city with no agricultural past. They all use innovative tools, small machinery, solar power, ICT for marketing, etc. The innovation is related to the whole VC. The land use systems involved are Grassland. The local assets include Natural, social and cultural.","innovation, animal husbandry, cheese, sales, solar power, marketing, grassland","http://www.wikidata.org/entity/Q174165, http://www.wikidata.org/entity/Q80962, http://www.wikidata.org/entity/Q10943, http://www.wikidata.org/entity/Q194189, http://www.wikidata.org/entity/Q1483757, http://www.wikidata.org/entity/Q39809, http://www.wikidata.org/entity/Q1006733","17.674166666666668","46.91305555555556","19.0","47.0"
"Geography and population","The size of the area (km2) is 7. The minimum altimetry of the LAU is 307. The maximum altimetry of the LAU is unspecified. The total population (in thousand) is 0.483. The population density (Inhabitants/km2) in the LAU is 69.00. The population change rate of the LAU in the last 10 years (%) has been 0.13%. The overall regional population density (Inhabitants/km2) is 95.45. The regional population change rate in the last 10 years (%) has been -0.04%.","population density","http://www.wikidata.org/entity/Q22856","17.75","47.166666666666664","19.0","47.0"
"Income and gross value added","The average per capita income (EUR/year) [NUTS3] is 3877. The total Gross Value Added (GVA) (EUR million/year) [NUTS3] is 3286. The primary sector share of total GVA/year [NUTS3] is 4.99%. The secondary sector share of total GVA/year [NUTS3] is 27.78%. The tertiary sector share of total GVA/year [NUTS3] is 67.22%. The per capita income (EUR/year) [NUTS2] is 14578. The total Gross Value Added (GVA) (EUR million/year) [NUTS2] is 12355. The primary sector share of total GVA/year [NUTS2] is 4.78%. The secondary sector share of total GVA/year [NUTS2] is 38.97%. The tertiary sector share of total GVA/year [NUTS2] is 56.24%.","gross value added, per capita income, year","http://www.wikidata.org/entity/Q994873, http://www.wikidata.org/entity/Q45918, http://www.wikidata.org/entity/Q577","17.883333333333333","46.95","19.0","47.0"
"Tourism","The total number of bed places (BPs) in tourist accommodations/year in the LAU is 0. The regional (NUTS2) share of total BPs/year is 10.03%. The number of agricultural holdings in the LAU is 74. The nearest settlement with population over 100000 (km) is 26. In this region protected areas are present.","number, bed, year","http://www.wikidata.org/entity/Q11563, http://www.wikidata.org/entity/Q42177, http://www.wikidata.org/entity/Q577","19.071128168835916","46.929051704756965","19.0","47.0"
"Employment","The primary sector share of total employment/year [NUTS3] is 4.47%. The secondary sector share of total employment/year [NUTS3] is 42.86%. The tertiary sector share of total employment/year [NUTS3] is 52.67%. The primary sector share of total employment/year [NUTS2] is 4.47%. The secondary sector share of total employment/year [NUTS2] is 42.86%. The tertiary sector share of total employment/year [NUTS2] is 52.67%.","employment, year","http://www.wikidata.org/entity/Q656365, http://www.wikidata.org/entity/Q577","18.92880860085331","47.06567712269459","19.0","47.0"
"Concluding remarks","","","","19.07061004670646","47.044146160114394","19.0","47.0"
