title,description,objects,objectlinks,lon,lat,barycenter_lon,barycenter_lat
"DOP Honey and other bee products","The MOVING reference member state of this VC is ITALY UNIMOL and UNIPI. The reference MOVING Card ID of this VC is VC 03 IT. In this centre they have more than 1000 families of bees and hive products from BIO agriculture and become a specialized pole able to provide complex services to farmers; they produce honey, royal jelly, wax and propolis. In particular as regards chestnut and acacia honeys produced in Lunigiana,.","italy, royal jelly, propolis, acacia, lunigiana","http://www.wikidata.org/entity/Q38, http://www.wikidata.org/entity/Q202501, http://www.wikidata.org/entity/Q184398, http://www.wikidata.org/entity/Q81666, http://www.wikidata.org/entity/Q657832","12.5","42.5","12.5","42.5"
"Interest on this VC","Il Pungiglione is a highly specialized centre in beekeeping and all its sectors: honey production, wax production, carpentry. They obtained the DOP recognition from the European Union, and they were the first in Italy to obtain this certificate. Il Pungiglione it is also a real village that welcome all disadvantaged people that have had difficult lives.","italy, european union","http://www.wikidata.org/entity/Q38, http://www.wikidata.org/entity/Q458","12.5","42.5","12.5","42.5"
"Mountain landscape and reference chains","The reference mountain chain of this VC is Apuan Alps. The reference mountain landscape of this VC is Mulazzo. Mulazzo is a municipality in the Province of Massa-Carrara in Tuscany region, and found about 60 Km North of chief city Massa. The municipality is situated in a mountainous area.","alps, tuscany, reference, mountain, apuan alps, landscape, mulazzo, municipality, north, city","http://www.wikidata.org/entity/Q1286, http://www.wikidata.org/entity/Q1273, http://www.wikidata.org/entity/Q121769, http://www.wikidata.org/entity/Q8502, http://www.wikidata.org/entity/Q622309, http://www.wikidata.org/entity/Q107425, http://www.wikidata.org/entity/Q52238, http://www.wikidata.org/entity/Q15284, http://www.wikidata.org/entity/Q659, http://www.wikidata.org/entity/Q515","10.0","46.0","12.5","42.5"
"Key local assets","In Lunigiana, the low degree of industrialization, determines, an environment suitable for carrying out quality beekeeping. In the last ten years the POD Consortium have double the number of beekeeper in Lunigiana. Honey bees are crucial for maintaining biodiversity because they pollinate numerous plant species that require an obligatory pollinator for fertilisation and they are useful to maintain a diversificate landscape. The POD Honey production area done in a typically mountain landscape with a very varied vegetation with a particular diffusion acacia and chestnut. About the LAU: 45012.","lunigiana, consortium, number, beekeeper, honey, pollinator, landscape, mountain, vegetation, diffusion, acacia","http://www.wikidata.org/entity/Q657832, http://www.wikidata.org/entity/Q194166, http://www.wikidata.org/entity/Q11563, http://www.wikidata.org/entity/Q852389, http://www.wikidata.org/entity/Q10987, http://www.wikidata.org/entity/Q1141466, http://www.wikidata.org/entity/Q107425, http://www.wikidata.org/entity/Q8502, http://www.wikidata.org/entity/Q187997, http://www.wikidata.org/entity/Q163214, http://www.wikidata.org/entity/Q81666","9.91388888888889","44.18694444444444","12.5","42.5"
"Challenges","They have some occupational therapy laboratories were, following the BIO disciplinary, high quality honey products are made, in fact in 2004 they received the DOP recognition for some of them, and also they create occupational paths for people that have lived dramatic experiences like detention or slavery for prostitution, making this reality an important social cooperative. Overall the type of challenge faced by this VC is Current and Predicted. This VC is classified as Traditional and Innovative.","occupational therapy","http://www.wikidata.org/entity/Q380141","11.016666666666667","43.35","12.5","42.5"
"Innovation","The type of innovation of this VC is unspecified. Pungiglione is a social cooperative that works in the organic field all bees products. The innovation is related to New governance systems. The land use systems involved are All the land uses are used by bees to produce honey. The local assets include Natural and cultural.","innovation, governance, honey","http://www.wikidata.org/entity/Q174165, http://www.wikidata.org/entity/Q1553864, http://www.wikidata.org/entity/Q10987","10.216669444444445","43.95","12.5","42.5"
"Geography and population","The size of the area (km2) is 62.51. The minimum altimetry of the LAU is 76. The maximum altimetry of the LAU is 1112. The total population (in thousand) is 2.309. The population density (Inhabitants/km2) in the LAU is 36.93. The population change rate of the LAU in the last 10 years (%) has been -9.86%. The overall regional population density (Inhabitants/km2) is 160.64. The regional population change rate in the last 10 years (%) has been 0.48%.","population density","http://www.wikidata.org/entity/Q22856","9.890555555555556","44.316944444444445","12.5","42.5"
"Income and gross value added","The average per capita income (EUR/year) [NUTS3] is 24800. The total Gross Value Added (GVA) (EUR million/year) [NUTS3] is 4369.1. The primary sector share of total GVA/year [NUTS3] is 0.86%. The secondary sector share of total GVA/year [NUTS3] is 23.44%. The tertiary sector share of total GVA/year [NUTS3] is 75.70%. The per capita income (EUR/year) [NUTS2] is 31400. The total Gross Value Added (GVA) (EUR million/year) [NUTS2] is 105293.3. The primary sector share of total GVA/year [NUTS2] is 2.38%. The secondary sector share of total GVA/year [NUTS2] is 25.06%. The tertiary sector share of total GVA/year [NUTS2] is 72.56%.","gross value added, per capita income, year","http://www.wikidata.org/entity/Q994873, http://www.wikidata.org/entity/Q45918, http://www.wikidata.org/entity/Q577","12.52428647938408","42.56341293923739","12.5","42.5"
"Tourism","The total number of bed places (BPs) in tourist accommodations/year in the LAU is 314. The regional (NUTS2) share of total BPs/year is 0.05%. The number of agricultural holdings in the LAU is 96. The nearest settlement with population over 100000 (km) is 85. In this region protected areas are not present.","number, bed, year","http://www.wikidata.org/entity/Q11563, http://www.wikidata.org/entity/Q42177, http://www.wikidata.org/entity/Q577","12.57522226954995","42.419696796111346","12.5","42.5"
"Employment","The primary sector share of total employment/year [NUTS3] is 1.65%. The secondary sector share of total employment/year [NUTS3] is 22.72%. The tertiary sector share of total employment/year [NUTS3] is 75.63%. The primary sector share of total employment/year [NUTS2] is 3.03%. The secondary sector share of total employment/year [NUTS2] is 25.57%. The tertiary sector share of total employment/year [NUTS2] is 71.22%.","employment, year","http://www.wikidata.org/entity/Q656365, http://www.wikidata.org/entity/Q577","12.457684870201136","42.4593183836584","12.5","42.5"
"Concluding remarks","","","","12.409501151422244","42.59625541993454","12.5","42.5"
