title,description,objects,objectlinks,lon,lat,barycenter_lon,barycenter_lat
"This farm grows, processes and sells a local variety of pepper (peperone crusco)","The MOVING reference member state of this VC is ITALY UNIMOL and UNIPI. The reference MOVING Card ID of this VC is VC 12 IT. The VC is not dependent on other SES for its production process. The relevant actor is the farmer who produces and processes peppers. The products are labelled 'Mountain product ('Prodotto di Montagna'), and the farmer is a partner of some agriculture associations. It was the best 2020 Guardian Farmer ('contadino custode') of the Basilicata region.","mountain, basilicata, italy","http://www.wikidata.org/entity/Q8502, http://www.wikidata.org/entity/Q1452, http://www.wikidata.org/entity/Q38","12.5","42.5","12.5","42.5"
"Interest on this VC","This farm closes the production chain of a typical traditional local product ('pepperoni cruschi') with the processing and sale to the final consumer. The dried fried sweet peppers are the flagship product, but the farm also produces and sells other products, such as aubergines in oil, and there is a cattle farm. The farmer Arleo was nominated the best 2020 Guardian Farmer ( Contadino custode ) because its activities are oriented to preserve the local agro-biodiversity. The Masseria Casa Arleo products are also certified by Prodotti di montagna label (Mountain products). Processing, packaging and direct sale of local products also via digital platforms.","mountain, farm, pepperoni, oil, cattle, farmer, biodiversity","http://www.wikidata.org/entity/Q8502, http://www.wikidata.org/entity/Q131596, http://www.wikidata.org/entity/Q855131, http://www.wikidata.org/entity/Q42962, http://www.wikidata.org/entity/Q830, http://www.wikidata.org/entity/Q131512, http://www.wikidata.org/entity/Q47041","15.8","40.63333333333333","12.5","42.5"
"Mountain landscape and reference chains","The reference mountain chain of this VC is Southern Apennines - Basilicata. The reference mountain landscape of this VC is Senise. Senise is a mountain municipality located at 123 Kms Southern city of Potenza, the chief city of Basilicata region, in the South of Italy.","basilicata, italy, reference, mountain, landscape, senise, potenza","http://www.wikidata.org/entity/Q1452, http://www.wikidata.org/entity/Q38, http://www.wikidata.org/entity/Q121769, http://www.wikidata.org/entity/Q8502, http://www.wikidata.org/entity/Q107425, http://www.wikidata.org/entity/Q52676, http://www.wikidata.org/entity/Q3543","16.283333333333335","40.13333333333333","12.5","42.5"
"Key local assets","The dried fried sweet peppers ('peperoni cruschi') are a typical product of the Basilicata region's food culture that the farmer tries to exploit in an innovative way combining the preservation of the rural tradition and the enhancement of local excellence also using digital platforms to sell. About the LAU: 76085.","basilicata, food, farmer, tradition, excellence","http://www.wikidata.org/entity/Q1452, http://www.wikidata.org/entity/Q2095, http://www.wikidata.org/entity/Q131512, http://www.wikidata.org/entity/Q82821, http://www.wikidata.org/entity/Q5419420","16.5","40.5","12.5","42.5"
"Challenges","The VC is relatively tiny. Farmer is involved in regional farmer associationism, but its VC does not include other local farmers. The socio-environmental elements of the SES engaged in the VC are the farmer skills, traditional local vegetables and local culture. The farmer production seems not well market-oriented and not very connoted in term of both local culture and sustainable production. Overall the type of challenge faced by this VC is Current and Predicted. This VC is classified as Traditional.","farmer, associationism","http://www.wikidata.org/entity/Q131512, http://www.wikidata.org/entity/Q2144192","16.498839253630067","40.52263542186034","12.5","42.5"
"Innovation","The type of innovation of this VC is unspecified. In this case, the farmer closes the local product's production cycle, and he is personally involved in preserving the local food culture and biodiversity. The innovation is related to the whole VC. The land use systems involved are Cropland and Natural land. The local assets include Cultural.","innovation, farmer, food, biodiversity","http://www.wikidata.org/entity/Q174165, http://www.wikidata.org/entity/Q131512, http://www.wikidata.org/entity/Q2095, http://www.wikidata.org/entity/Q47041","16.568830316611347","40.48184434821101","12.5","42.5"
"Geography and population","The size of the area (km2) is 97.31. The minimum altimetry of the LAU is 172. The maximum altimetry of the LAU is 650. The total population (in thousand) is 6.798. The population density (Inhabitants/km2) in the LAU is 69.85. The population change rate of the LAU in the last 10 years (%) has been -6.28%. The overall regional population density (Inhabitants/km2) is 55.45. The regional population change rate in the last 10 years (%) has been -4.71%.","population density","http://www.wikidata.org/entity/Q22856","16.422180060617958","40.41833669197775","12.5","42.5"
"Income and gross value added","The average per capita income (EUR/year) [NUTS3] is 25300. The total Gross Value Added (GVA) (EUR million/year) [NUTS3] is 8327.3. The primary sector share of total GVA/year [NUTS3] is 3.58%. The secondary sector share of total GVA/year [NUTS3] is 39.12%. The tertiary sector share of total GVA/year [NUTS3] is 57.28%. The per capita income (EUR/year) [NUTS2] is 23100. The total Gross Value Added (GVA) (EUR million/year) [NUTS2] is 11738.5. The primary sector share of total GVA/year [NUTS2] is 4.99%. The secondary sector share of total GVA/year [NUTS2] is 33.86%. The tertiary sector share of total GVA/year [NUTS2] is 69.65%.","gross value added, per capita income, year","http://www.wikidata.org/entity/Q994873, http://www.wikidata.org/entity/Q45918, http://www.wikidata.org/entity/Q577","16.445952888982873","40.48447917709809","12.5","42.5"
"Tourism","The total number of bed places (BPs) in tourist accommodations/year in the LAU is 127. The regional (NUTS2) share of total BPs/year is 0.34%. The number of agricultural holdings in the LAU is 672. The nearest settlement with population over 100000 (km) is 117. In this region protected areas are present.","number, bed, year","http://www.wikidata.org/entity/Q11563, http://www.wikidata.org/entity/Q42177, http://www.wikidata.org/entity/Q577","16.471375195401116","40.55302350112985","12.5","42.5"
"Employment","The primary sector share of total employment/year [NUTS3] is 8.03%. The secondary sector share of total employment/year [NUTS3] is 25.37%. The tertiary sector share of total employment/year [NUTS3] is 66.59%. The primary sector share of total employment/year [NUTS2] is 10.25%. The secondary sector share of total employment/year [NUTS2] is 24.13%. The tertiary sector share of total employment/year [NUTS2] is 65.60%.","employment, year","http://www.wikidata.org/entity/Q656365, http://www.wikidata.org/entity/Q577","16.44866809719093","40.56704693951775","12.5","42.5"
"Concluding remarks","In its land is present a ZAC (dog training area) specifically for hunting dogs.","dog, training, hunting","http://www.wikidata.org/entity/Q144, http://www.wikidata.org/entity/Q918385, http://www.wikidata.org/entity/Q36963","16.5711903485081","40.50021676453284","12.5","42.5"
