title,description,objects,objectlinks,lon,lat,barycenter_lon,barycenter_lat
"This farm produces high quality certified milk and cheese in a mountain nature park","The MOVING reference member state of this VC is ITALY UNIMOL and UNIPI. The reference MOVING Card ID of this VC is VC 13 IT. The VC is not dependent on other SES for its production process. The relevant actor is the farmer who produces high quality milk and cheese. The company established good relations with farmer associations and local institutions. Their productions are certified with several label of quality like QM ( Qualità Marche ), Mountain product ('Prodotto di Montagna') and Sibillini Mountain ( Monti Sibillini ).","mountain, italy, marche","http://www.wikidata.org/entity/Q8502, http://www.wikidata.org/entity/Q38, http://www.wikidata.org/entity/Q1279","12.5","42.5","12.5","42.5"
"Interest on this VC","This livestock farm, with its dairy, produces high-quality milk and cheese following strictly quality production standards and animal well-being principles. Some certifications attest to the link between the farm and the local context. For example, the QM certification ( Qualità Marche ) warrants the regional origin of milk, the Prodotto di montagna and Monti Sibillini labels certified the link between the territorial context and their productions. Because the farm is located in the national natural park of Sibillini, the breeding management has to follow environmental quality standards. The farmer introduces a cattle breed that is not typical of the area, and he also produces cheeses that are not specific to the Sibillini mountains (such as mozzarella cheese). The farmer does not seem to emphasise the connection with the territory, the innovations adopted, or the animal welfare's attention and his participation to a innovation research project funded by the EU. Also, he does not adopt innovative marketing strategies.","farm, milk, cheese, certification, marche, farmer, sibillini mountains, mozzarella, innovation","http://www.wikidata.org/entity/Q131596, http://www.wikidata.org/entity/Q8495, http://www.wikidata.org/entity/Q10943, http://www.wikidata.org/entity/Q374814, http://www.wikidata.org/entity/Q1279, http://www.wikidata.org/entity/Q131512, http://www.wikidata.org/entity/Q691073, http://www.wikidata.org/entity/Q14088, http://www.wikidata.org/entity/Q174165","13.275555555555556","42.82388888888889","12.5","42.5"
"Mountain landscape and reference chains","The reference mountain chain of this VC is Central Apennines - Marche. The reference mountain landscape of this VC is Amandola. Amandola is a mediaeval town in the Province of Fermo (Marche region, Central Italy) in the Monti Sibillini natural park. This municipality is located between Tenna river and Bora stream, about 35 kilometres West of the chief city of Fermo. Amandola has numerous historical monuments and many culinary specialities. Here there is a tradition of craftsmanship in wrought iron and woodworking. The Italian Touring Club has also awarded the city the Bandiera arancione (the Orange Flag) for its historical and cultural beauty and significant landscape.","reference, mountain, marche, landscape, amandola, town, italy, park, municipality, river, stream, city, fermo, wrought iron","http://www.wikidata.org/entity/Q121769, http://www.wikidata.org/entity/Q8502, http://www.wikidata.org/entity/Q1279, http://www.wikidata.org/entity/Q107425, http://www.wikidata.org/entity/Q59110, http://www.wikidata.org/entity/Q3957, http://www.wikidata.org/entity/Q38, http://www.wikidata.org/entity/Q22698, http://www.wikidata.org/entity/Q15284, http://www.wikidata.org/entity/Q4022, http://www.wikidata.org/entity/Q47521, http://www.wikidata.org/entity/Q515, http://www.wikidata.org/entity/Q13139, http://www.wikidata.org/entity/Q860451","13.3575","42.9801","12.5","42.5"
"Key local assets","The Sibillini area belongs to the local culture as a place of traditions of the mountain and agricultural economy of the Marche region. The site is mentioned by the well-known romantic poet Giacomo Leopardi (who calls them the 'blue mountains'). Livestock production is typical of the area, as the share-cropping farm management (the 'mezzadria'). These SES elements are involved in the VC of the farm 'Angolo di Paradiso'. About the LAU: 109002.","giacomo leopardi, mountain, economy, marche, livestock, farm, management","http://www.wikidata.org/entity/Q172599, http://www.wikidata.org/entity/Q8502, http://www.wikidata.org/entity/Q159810, http://www.wikidata.org/entity/Q1279, http://www.wikidata.org/entity/Q103459, http://www.wikidata.org/entity/Q131596, http://www.wikidata.org/entity/Q2920921","13.0","43.31666666666667","12.5","42.5"
"Challenges","VC needs to focus on the quality and quantity of local production to compete in the high-quality and traditional cheese market. In this sense, the company participates in a European project to improve the production of dairy cows (called I-Milka 2 ). It is also necessary to guarantee good job skills and employment, especially after the 2016 earthquake in central Italy. For this reason, the company participates in funding promoted by the committee Comitato Sisma del Centro Italia for vocational training. Overall the type of challenge faced by this VC is Current and Predicted. This VC is classified as Traditional and Innovative.","italy, cheese, sense, project, dairy, milka, reason, funding, committee, del, training","http://www.wikidata.org/entity/Q38, http://www.wikidata.org/entity/Q10943, http://www.wikidata.org/entity/Q173253, http://www.wikidata.org/entity/Q170584, http://www.wikidata.org/entity/Q637776, http://www.wikidata.org/entity/Q757388, http://www.wikidata.org/entity/Q178354, http://www.wikidata.org/entity/Q6055890, http://www.wikidata.org/entity/Q865588, http://www.wikidata.org/entity/Q334508, http://www.wikidata.org/entity/Q918385","12.5","42.5","12.5","42.5"
"Innovation","The type of innovation of this VC is Endogenous and Exogenous. The livestock farm owner is of non-regional origin (Sicily), and he has dairy and livestock breeding skills acquired from traditional family background and school and vocational training. He introduces the 'red spotted' breed in a context characterised by meat breeds (e.g., Marche cattle breed). Products are sold both on the farm and at specific sales points, like little supermarkets, in the area. The innovation is related to New products, New processes, New marketing strategies and New governance systems. The land use systems involved are Cropland. The local assets include Natural.","sicily, innovation, livestock, farm, dairy, school, training, breed, meat, marche, cattle, sales, marketing, governance","http://www.wikidata.org/entity/Q1460, http://www.wikidata.org/entity/Q174165, http://www.wikidata.org/entity/Q103459, http://www.wikidata.org/entity/Q131596, http://www.wikidata.org/entity/Q637776, http://www.wikidata.org/entity/Q3914, http://www.wikidata.org/entity/Q918385, http://www.wikidata.org/entity/Q38829, http://www.wikidata.org/entity/Q10990, http://www.wikidata.org/entity/Q1279, http://www.wikidata.org/entity/Q830, http://www.wikidata.org/entity/Q194189, http://www.wikidata.org/entity/Q39809, http://www.wikidata.org/entity/Q1553864","13.0","43.31666666666667","12.5","42.5"
"Geography and population","The size of the area (km2) is 69.5. The minimum altimetry of the LAU is 305. The maximum altimetry of the LAU is 1887. The total population (in thousand) is 3.443. The population density (Inhabitants/km2) in the LAU is 49.53. The population change rate of the LAU in the last 10 years (%) has been -7.60%. The overall regional population density (Inhabitants/km2) is 199.05. The regional population change rate in the last 10 years (%) has been -1.37%.","population density","http://www.wikidata.org/entity/Q22856","13.7181","43.16041944444444","12.5","42.5"
"Income and gross value added","The average per capita income (EUR/year) [NUTS3] is 24800. The total Gross Value Added (GVA) (EUR million/year) [NUTS3] is 3876.6. The primary sector share of total GVA/year [NUTS3] is 2.16%. The secondary sector share of total GVA/year [NUTS3] is 36.09%. The tertiary sector share of total GVA/year [NUTS3] is 61.73%. The per capita income (EUR/year) [NUTS2] is 27600. The total Gross Value Added (GVA) (EUR million/year) [NUTS2] is 37874.7. The primary sector share of total GVA/year [NUTS2] is 1.86%. The secondary sector share of total GVA/year [NUTS2] is 30.26%. The tertiary sector share of total GVA/year [NUTS2] is 67.87%.","gross value added, per capita income, year","http://www.wikidata.org/entity/Q994873, http://www.wikidata.org/entity/Q45918, http://www.wikidata.org/entity/Q577","12.929181865928848","43.29378536890397","12.5","42.5"
"Tourism","The total number of bed places (BPs) in tourist accommodations/year in the LAU is 282. The regional (NUTS2) share of total BPs/year is 0.14%. The number of agricultural holdings in the LAU is 222. The nearest settlement with population over 100000 (km) is 118. In this region protected areas are present.","number, bed, year","http://www.wikidata.org/entity/Q11563, http://www.wikidata.org/entity/Q42177, http://www.wikidata.org/entity/Q577","12.928065820647973","43.23498156007891","12.5","42.5"
"Employment","The primary sector share of total employment/year [NUTS3] is 3.05%. The secondary sector share of total employment/year [NUTS3] is 41.19%. The tertiary sector share of total employment/year [NUTS3] is 55.75%. The primary sector share of total employment/year [NUTS2] is 2.97%. The secondary sector share of total employment/year [NUTS2] is 31.23%. The tertiary sector share of total employment/year [NUTS2] is 65.80%.","employment, year","http://www.wikidata.org/entity/Q656365, http://www.wikidata.org/entity/Q577","13.036496305175191","43.275879537404755","12.5","42.5"
"Concluding remarks","","","","12.97700377616936","43.25205803204726","12.5","42.5"
