title,description,objects,objectlinks,lon,lat,barycenter_lon,barycenter_lat
"Growing of organic chestnuts and processing of chestnuts (e.g. flour) by a historical family farm","The MOVING reference member state of this VC is ITALY UNIMOL and UNIPI. The reference MOVING Card ID of this VC is VC 15 IT. VC is partially dependent on other local VCs if we consider transformed products. For example, pasta and bread made from chestnut flour need to be mixed with wheat flour. The VC is also connected with the catering sector. Thus, the main actors are the farmers who cultivate the chestnut groves, the other actors in the processing and catering sectors, including the natural park authority, which define limits and opportunity for quality organic productions. Except for organic product certification, there is no certification of quality or origin of the products.","reference, italy, catering","http://www.wikidata.org/entity/Q121769, http://www.wikidata.org/entity/Q38, http://www.wikidata.org/entity/Q777754","12.5","42.5","12.5","42.5"
"Interest on this VC","This family farm enhances the value of a typical mountain product, the chestnut. The chestnut groves are cultivated organically. The farm owners follow the processing stages to offer customers both fresh and dried products and processed products such as pasta, flour, bread, jams and cakes with chestnut. Some of the processed products are made by local companies that use the Scalise farm's flour chestnut. The farm has a sales point in the town centre of Patilia Policastro. They also use other local products to enlarge their production, such as dessert sauce made by figs (called vincotto di fichi ). Innovation consists of re-proposing products that belong to the mountain tradition in a modern form. The farmer also diversifies the products obtained from processing chestnuts.","farm, mountain, pasta, flour, bread, scalise, sales, town, dessert, sauce, vincotto, innovation, tradition, farmer","http://www.wikidata.org/entity/Q131596, http://www.wikidata.org/entity/Q8502, http://www.wikidata.org/entity/Q178, http://www.wikidata.org/entity/Q36465, http://www.wikidata.org/entity/Q7802, http://www.wikidata.org/entity/Q1544550, http://www.wikidata.org/entity/Q194189, http://www.wikidata.org/entity/Q3957, http://www.wikidata.org/entity/Q182940, http://www.wikidata.org/entity/Q178359, http://www.wikidata.org/entity/Q1702733, http://www.wikidata.org/entity/Q174165, http://www.wikidata.org/entity/Q82821, http://www.wikidata.org/entity/Q131512","16.783333333333335","39.11666666666667","12.5","42.5"
"Mountain landscape and reference chains","The reference mountain chain of this VC is Southern Apennines - Calabria. The reference mountain landscape of this VC is Petilia Policastro. Petilia Policastro is a mountain municipality settled in the Byzantine era. It is located 46 km eastern to Crotone, one of the larger town of the Calabria region, Southern Italy. The town relies on the production of olive oil, wine, cereals, citruses, and the breeding of cattle. The municipality is located in the National Park of Sila mountain.","calabria, italy, reference, mountain, petilia policastro, municipality, crotone, olive oil","http://www.wikidata.org/entity/Q1458, http://www.wikidata.org/entity/Q38, http://www.wikidata.org/entity/Q121769, http://www.wikidata.org/entity/Q8502, http://www.wikidata.org/entity/Q54513, http://www.wikidata.org/entity/Q15284, http://www.wikidata.org/entity/Q6681, http://www.wikidata.org/entity/Q93165","16.5","39.0","12.5","42.5"
"Key local assets","Chestnut groves have always been and element of the landscape of the SES and they are cultivated in a sustainable way. The owner of the farm has innovated the family's agricultural activity by revitalising chestnut products in a modern way. Traditional products, partially forgotten, are proposed as an element of cultural heritage to valorize. About the LAU: 101017.","landscape, farm","http://www.wikidata.org/entity/Q107425, http://www.wikidata.org/entity/Q131596","17.116666666666667","39.083333333333336","12.5","42.5"
"Challenges","Chestnuts are a product with a not large market, and it is necessary to devise new ways to use them (or recovering old use of chestnuts) that the market can appreciate. This entails an increased market risk for the farm. It is also necessary to establish commercial collaboration with other local players, particularly for processing and sales business activities. Moreover, climate change may affect the quality production of chestnut trees. Furthermore, this VC has no peculiar certification to characterize it as a local and traditional high-quality production. Overall the type of challenge faced by this VC is Current and Predicted. This VC is classified as Traditional and Innovative.","market risk, collaboration, sales, business, certification","http://www.wikidata.org/entity/Q1164550, http://www.wikidata.org/entity/Q1145523, http://www.wikidata.org/entity/Q194189, http://www.wikidata.org/entity/Q4830453, http://www.wikidata.org/entity/Q374814","12.507718889087943","42.47472071748878","12.5","42.5"
"Innovation","The type of innovation of this VC is Endogenous. A traditional product with a reduced market, the chestnut, is cultivated organically and processed into flour, then used to prepare various products that belong to the mountain tradition (such as chestnut flour bread). The farm owner recovered these productions for a market that appreciates local food and wine traditions and environmental sustainability. Knowledge and skills used are developed locally by the family farm and belonging to the local tradition. The innovation is related to the whole VC. The land use systems involved are Cropland and Forestry. The local assets include Natural and cultural.","innovation, flour, mountain, tradition, bread, farm, food, wine, sustainability, knowledge","http://www.wikidata.org/entity/Q174165, http://www.wikidata.org/entity/Q36465, http://www.wikidata.org/entity/Q8502, http://www.wikidata.org/entity/Q82821, http://www.wikidata.org/entity/Q7802, http://www.wikidata.org/entity/Q131596, http://www.wikidata.org/entity/Q2095, http://www.wikidata.org/entity/Q282, http://www.wikidata.org/entity/Q219416, http://www.wikidata.org/entity/Q9081","12.497941996784858","42.55155849445354","12.5","42.5"
"Geography and population","The size of the area (km2) is 98.35. The minimum altimetry of the LAU is 39. The maximum altimetry of the LAU is 1714. The total population (in thousand) is 8.876. The population density (Inhabitants/km2) in the LAU is 90.24. The population change rate of the LAU in the last 10 years (%) has been -2.65%. The overall regional population density (Inhabitants/km2) is 124.43. The regional population change rate in the last 10 years (%) has been -3.37%.","population density","http://www.wikidata.org/entity/Q22856","12.532950343283316","42.51128045095121","12.5","42.5"
"Income and gross value added","The average per capita income (EUR/year) [NUTS3] is 17700. The total Gross Value Added (GVA) (EUR million/year) [NUTS3] is 2769.9. The primary sector share of total GVA/year [NUTS3] is 9.35%. The secondary sector share of total GVA/year [NUTS3] is 22.57%. The tertiary sector share of total GVA/year [NUTS3] is 68.07%. The per capita income (EUR/year) [NUTS2] is 17000. The total Gross Value Added (GVA) (EUR million/year) [NUTS2] is 29843.2. The primary sector share of total GVA/year [NUTS2] is 4.59%. The secondary sector share of total GVA/year [NUTS2] is 12.28%. The tertiary sector share of total GVA/year [NUTS2] is 83.13%.","gross value added, per capita income, year","http://www.wikidata.org/entity/Q994873, http://www.wikidata.org/entity/Q45918, http://www.wikidata.org/entity/Q577","12.447754323595788","42.57510226439463","12.5","42.5"
"Tourism","The total number of bed places (BPs) in tourist accommodations/year in the LAU is 55. The regional (NUTS2) share of total BPs/year is 0.02%. The number of agricultural holdings in the LAU is 1370. The nearest settlement with population over 100000 (km) is 73. In this region protected areas are present.","number, bed, year","http://www.wikidata.org/entity/Q11563, http://www.wikidata.org/entity/Q42177, http://www.wikidata.org/entity/Q577","12.534493237625588","42.46044972067409","12.5","42.5"
"Employment","The primary sector share of total employment/year [NUTS3] is 14.82%. The secondary sector share of total employment/year [NUTS3] is 16.51%. The tertiary sector share of total employment/year [NUTS3] is 68.67%. The primary sector share of total employment/year [NUTS2] is 13.50%. The secondary sector share of total employment/year [NUTS2] is 13.20%. The tertiary sector share of total employment/year [NUTS2] is 73.30%.","employment, year","http://www.wikidata.org/entity/Q656365, http://www.wikidata.org/entity/Q577","12.474950476945448","42.463610270925095","12.5","42.5"
"Concluding remarks","","","","12.468609990603937","42.567807884681734","12.5","42.5"
