title,description,objects,objectlinks,lon,lat,barycenter_lon,barycenter_lat
"Pontepietra is a small organic farm that cultivates medicinal and aromatic herbs and practices the collection of wild herbs","The MOVING reference member state of this VC is ITALY UNIMOL and UNIPI. The reference MOVING Card ID of this VC is VC 21 IT. An organic production of aromatic herbs and honey production. With this to simply products this small farm try to find an equilibrium between to be a small and produce very specific product as infusion herbs. They follow all the life cycle of the product from the seeds to the final infusion herbs box.","italy","http://www.wikidata.org/entity/Q38","12.5","42.5","12.5","42.5"
"Interest on this VC","Organic farm that use the label 'Mountain Product' (Reg.(UE) n.1151/2012 and Reg.(UE) n.665/2014). Pontepietra is a small organic farm that take care to communicate that the most of the work is done by hand without machinery, 'why the herbal teas and herb salt preserve the flavors and properties that nature has given them'. This small farm have undestood that their weakness point could be a strenght point with a good comunication strategy. Pontepietra want bring the: 'uncontaminated nature, the flavors and smells of the Apennines to the city, respecting the values of quality, genuineness and sustainability'.","farm, mountain, hand, herb, nature, strategy","http://www.wikidata.org/entity/Q131596, http://www.wikidata.org/entity/Q8502, http://www.wikidata.org/entity/Q33767, http://www.wikidata.org/entity/Q207123, http://www.wikidata.org/entity/Q7860, http://www.wikidata.org/entity/Q185451","12.055","43.541666944444444","12.5","42.5"
"Mountain landscape and reference chains","The reference mountain chain of this VC is Northern Apennines - Tuscan Emilian Apennines. The reference mountain landscape of this VC is Anghiari. Anghiari is a hill town and municipality of Arezzo Province, Tuscany Region - Italy. It is located about 30 Km East of Arezzo near the borders with Umbria region. Anghiari is considered as one of the most beautiful villages of Italy. It has a record of multiple typical products (agricultural and others).","tuscany, italy, reference, mountain, landscape, anghiari, hill, town, municipality, arezzo, province, east, umbria","http://www.wikidata.org/entity/Q1273, http://www.wikidata.org/entity/Q38, http://www.wikidata.org/entity/Q121769, http://www.wikidata.org/entity/Q8502, http://www.wikidata.org/entity/Q107425, http://www.wikidata.org/entity/Q52063, http://www.wikidata.org/entity/Q54050, http://www.wikidata.org/entity/Q3957, http://www.wikidata.org/entity/Q15284, http://www.wikidata.org/entity/Q13378, http://www.wikidata.org/entity/Q34876, http://www.wikidata.org/entity/Q684, http://www.wikidata.org/entity/Q1280","11.016666666666667","43.35","12.5","42.5"
"Key local assets","The brother Steinbruck want to see their hills bloom with a thousand different colors and scents thanks to the organic and natural cultivation of medicinal and aromatic herbs and make known the goodness of the wild herbs of the Apennines all over the world. About the LAU: 51001.","brother, world","http://www.wikidata.org/entity/Q10861465, http://www.wikidata.org/entity/Q16502","11.878055555555555","43.463055555555556","12.5","42.5"
"Challenges","The brother Steinbruck want to see their hills bloom with a thousand different colours and scents thanks to the organic and natural cultivation of medicinal and aromatic herbs and make known the goodness of the wild herbs of the Apennines all over the world. Overall the type of challenge faced by this VC is Current. This VC is classified as Innovative.","","","12.566666666666666","42.983333333333334","12.5","42.5"
"Innovation","The type of innovation of this VC is Endogenous and Exogenous. New products and a comunication based on: Nature, sostenibility and quality. The innovation is related to New products and New marketing strategies. The land use systems involved are Natural land and aromatic herbs. The local assets include Natural.","innovation, nature, marketing","http://www.wikidata.org/entity/Q174165, http://www.wikidata.org/entity/Q7860, http://www.wikidata.org/entity/Q39809","12.459423642664406","42.56311303944869","12.5","42.5"
"Geography and population","The size of the area (km2) is 130.92. The minimum altimetry of the LAU is 298. The maximum altimetry of the LAU is 1379. The total population (in thousand) is 5.484. The population density (Inhabitants/km2) in the LAU is 41.88. The population change rate of the LAU in the last 10 years (%) has been -6.09%. The overall regional population density (Inhabitants/km2) is 160.64. The regional population change rate in the last 10 years (%) has been 0.48%.","population density","http://www.wikidata.org/entity/Q22856","12.466709034881706","42.58542387907644","12.5","42.5"
"Income and gross value added","The average per capita income (EUR/year) [NUTS3] is 28600. The total Gross Value Added (GVA) (EUR million/year) [NUTS3] is 8824. The primary sector share of total GVA/year [NUTS3] is 3.50%. The secondary sector share of total GVA/year [NUTS3] is 33.77%. The tertiary sector share of total GVA/year [NUTS3] is 62.73%. The per capita income (EUR/year) [NUTS2] is 31400. The total Gross Value Added (GVA) (EUR million/year) [NUTS2] is 105293.3. The primary sector share of total GVA/year [NUTS2] is 2.38%. The secondary sector share of total GVA/year [NUTS2] is 25.06%. The tertiary sector share of total GVA/year [NUTS2] is 72.56%.","gross value added, per capita income, year","http://www.wikidata.org/entity/Q994873, http://www.wikidata.org/entity/Q45918, http://www.wikidata.org/entity/Q577","12.58335708616999","42.416565306080344","12.5","42.5"
"Tourism","The total number of bed places (BPs) in tourist accommodations/year in the LAU is 757. The regional (NUTS2) share of total BPs/year is 0.13%. The number of agricultural holdings in the LAU is 453. The nearest settlement with population over 100000 (km) is 75. In this region protected areas are present.","number, bed, year","http://www.wikidata.org/entity/Q11563, http://www.wikidata.org/entity/Q42177, http://www.wikidata.org/entity/Q577","12.571101493258759","42.403683431876146","12.5","42.5"
"Employment","The primary sector share of total employment/year [NUTS3] is 4.98%. The secondary sector share of total employment/year [NUTS3] is 34.41%. The tertiary sector share of total employment/year [NUTS3] is 60.61%. The primary sector share of total employment/year [NUTS2] is 3.03%. The secondary sector share of total employment/year [NUTS2] is 25.57%. The tertiary sector share of total employment/year [NUTS2] is 71.22%.","employment, year","http://www.wikidata.org/entity/Q656365, http://www.wikidata.org/entity/Q577","12.411388717792274","42.5922774797879","12.5","42.5"
"Concluding remarks","","","","12.402944697330195","42.51641101591892","12.5","42.5"
