title,description,objects,objectlinks,lon,lat,barycenter_lon,barycenter_lat
"Bio- Bakery","The MOVING reference member state of this VC is ITALY UNIMOL and UNIPI. The reference MOVING Card ID of this VC is VC 25 IT. Key activities and key actors, labelling, quality schemes in place, dependencies of VC on local SES and impacts (positive and negative ) of VC on regional SES.   .","reference, italy","http://www.wikidata.org/entity/Q121769, http://www.wikidata.org/entity/Q38","12.5","42.5","12.5","42.5"
"Interest on this VC","The farm took the opportunity offered by Reg.(UE) n.1151/2012 and Reg.(UE) n.665/2014 to use the label ' Mountain Product'. The innovation start to spread also in this very traditional value chain. The idea to close the supply chain was ,otiveted by the ruduction of quality agricoltural products.","value chain","http://www.wikidata.org/entity/Q646107","7.366666666666666","45.71666666666667","12.5","42.5"
"Mountain landscape and reference chains","The reference mountain chain of this VC is Euroregion Alps-Mediterranean. The reference mountain landscape of this VC is Saint-Pierre. Saint-Pierre is a town and municipality in the Aosta Valley region in north-west Italy. It is just 10 Km west of chief city Aosta and 110 Km North-West of Turin.","italy, reference, mountain, euroregion, alps, landscape, saint, town, municipality, aosta valley, aosta, turin","http://www.wikidata.org/entity/Q38, http://www.wikidata.org/entity/Q121769, http://www.wikidata.org/entity/Q8502, http://www.wikidata.org/entity/Q153026, http://www.wikidata.org/entity/Q1286, http://www.wikidata.org/entity/Q107425, http://www.wikidata.org/entity/Q43115, http://www.wikidata.org/entity/Q3957, http://www.wikidata.org/entity/Q15284, http://www.wikidata.org/entity/Q1222, http://www.wikidata.org/entity/Q3367, http://www.wikidata.org/entity/Q495","10.0","46.0","12.5","42.5"
"Key local assets","An organic production of cereals and a Bakery done following the dictates of bio-architecture, and using photovoltaics combined with a heat pump to produce the energy necessary for the process. About the LAU: 7063.","bakery, architecture, photovoltaics, heat pump, energy","http://www.wikidata.org/entity/Q274393, http://www.wikidata.org/entity/Q12271, http://www.wikidata.org/entity/Q192127, http://www.wikidata.org/entity/Q131313, http://www.wikidata.org/entity/Q11379","7.320555555555556","45.73722222222222","12.5","42.5"
"Challenges","From a classic bakery to a farm that have close the supply chain starting form the production of cereals to the processing of breads. Overall the type of challenge faced by this VC is Current. This VC is classified as Traditional and Innovative.","","","7.7","45.06666666666667","12.5","42.5"
"Innovation","The type of innovation of this VC is Exogenous. The production of bread is done mixing an innovative process with traditional products. To improve the innovative process the owner have visit different bakeries in France and Germany with the idea to produce bread with self made grains and sourdough. The innovation is related to New processes. The land use systems involved are Cropland. The local assets include Bioarchiteute, Sustainability, Organic farm, Quality.","france, germany, innovation, sourdough","http://www.wikidata.org/entity/Q142, http://www.wikidata.org/entity/Q183, http://www.wikidata.org/entity/Q174165, http://www.wikidata.org/entity/Q904889","10.0","51.0","12.5","42.5"
"Geography and population","The size of the area (km2) is 26.18. The minimum altimetry of the LAU is 617. The maximum altimetry of the LAU is 3061. The total population (in thousand) is 3.195. The population density (Inhabitants/km2) in the LAU is 122.03. The population change rate of the LAU in the last 10 years (%) has been 7.21%. The overall regional population density (Inhabitants/km2) is 38.53. The regional population change rate in the last 10 years (%) has been -0.68%.","population density","http://www.wikidata.org/entity/Q22856","12.567056505979775","42.565735531510704","12.5","42.5"
"Income and gross value added","The average per capita income (EUR/year) [NUTS3] is 38300. The total Gross Value Added (GVA) (EUR million/year) [NUTS3] is 4330.8. The primary sector share of total GVA/year [NUTS3] is 1.20%. The secondary sector share of total GVA/year [NUTS3] is 19.01%. The tertiary sector share of total GVA/year [NUTS3] is 79.79%. The per capita income (EUR/year) [NUTS2] is 38300. The total Gross Value Added (GVA) (EUR million/year) [NUTS2] is 4330.8. The primary sector share of total GVA/year [NUTS2] is 1.20%. The secondary sector share of total GVA/year [NUTS2] is 19.01%. The tertiary sector share of total GVA/year [NUTS2] is 79.79%.","gross value added, per capita income, year","http://www.wikidata.org/entity/Q994873, http://www.wikidata.org/entity/Q45918, http://www.wikidata.org/entity/Q577","12.485313433069873","42.41046837351657","12.5","42.5"
"Tourism","The total number of bed places (BPs) in tourist accommodations/year in the LAU is 315. The regional (NUTS2) share of total BPs/year is 0.54%. The number of agricultural holdings in the LAU is 106. The nearest settlement with population over 100000 (km) is 125. In this region protected areas are not present.","number, bed, year","http://www.wikidata.org/entity/Q11563, http://www.wikidata.org/entity/Q42177, http://www.wikidata.org/entity/Q577","12.479657660946225","42.48785648159063","12.5","42.5"
"Employment","The primary sector share of total employment/year [NUTS3] is 3.73%. The secondary sector share of total employment/year [NUTS3] is 17.72%. The tertiary sector share of total employment/year [NUTS3] is 78.55%. The primary sector share of total employment/year [NUTS2] is 3.73%. The secondary sector share of total employment/year [NUTS2] is 17.72%. The tertiary sector share of total employment/year [NUTS2] is 78.55%.","employment, year","http://www.wikidata.org/entity/Q656365, http://www.wikidata.org/entity/Q577","12.495453437728107","42.45630482087043","12.5","42.5"
"Concluding remarks","","","","12.404258083575288","42.490284667059676","12.5","42.5"
