title,description,objects,objectlinks,lon,lat,barycenter_lon,barycenter_lat
"Different varieties of potatos produce under specific rules","The MOVING reference member state of this VC is ITALY UNIMOL and UNIPI. The reference MOVING Card ID of this VC is VC 31 IT. The enhancement of the Montese potato was carried out through the redefinition of the organization of the production chain and the definition of a targeted promotion, as well as through an effective process of improving the quality and sustainability of the production process, the traceability and identifiability of the mountain product.","reference, italy, montese, identifiability","http://www.wikidata.org/entity/Q121769, http://www.wikidata.org/entity/Q38, http://www.wikidata.org/entity/Q100072, http://www.wikidata.org/entity/Q1656753","12.5","42.5","12.5","42.5"
"Interest on this VC","Emilia Romagna is the region with the hight production of potatos in Italy, following by Campania and Tuscany. The main production is done in flat and irrigated land but some producer have start to introduce some innovation also in mountain area help by specific PEI measure of Rural Development Programme (Regional) - Emilia Romagna. For many years potatos were considered as a commodity product with a basic price. Only the last years, to mitigate the reduction of per capita consuption, were introduce new marketing strategies based on the traciability of the product thanks to the valorisation of local productions. By improving the profitability conditions of mountain agri-food production it is possible to generate positive effects on the mountain territory by reducing its depopulation.","italy, campania, tuscany, innovation, mountain, romagna, commodity, capita, marketing","http://www.wikidata.org/entity/Q38, http://www.wikidata.org/entity/Q1438, http://www.wikidata.org/entity/Q1273, http://www.wikidata.org/entity/Q174165, http://www.wikidata.org/entity/Q8502, http://www.wikidata.org/entity/Q244482, http://www.wikidata.org/entity/Q317088, http://www.wikidata.org/entity/Q606013, http://www.wikidata.org/entity/Q39809","11.016666666666667","43.35","12.5","42.5"
"Mountain landscape and reference chains","The reference mountain chain of this VC is Northern Apennines - Tuscan-Emilian Apennines. The reference mountain landscape of this VC is Montese. Montese is a municipality in the province of Modena, Emilia-Romagna region - Italy. It is located about 55 Km South of chief city Modena and 60 km southwest of Bologna. Montese has many woods over its territory, particularly centuries-old chestnut woods, it is also rich in terms of forage areas and for the typical Montese potatoes production.","italy, reference, mountain, landscape, montese, municipality, modena, bologna","http://www.wikidata.org/entity/Q38, http://www.wikidata.org/entity/Q121769, http://www.wikidata.org/entity/Q8502, http://www.wikidata.org/entity/Q107425, http://www.wikidata.org/entity/Q100072, http://www.wikidata.org/entity/Q15284, http://www.wikidata.org/entity/Q279, http://www.wikidata.org/entity/Q1891","10.925719444444445","44.64581944444444","12.5","42.5"
"Key local assets","The research project, done under the RDP 4 , intends to provide the operators of the 'Montese Potato' value chain with some useful tools to improve the perceived value of their mountain product. In fact, with the adoption of the European brand 'Mountain Product' in conjunction with the 'Patata di Montese' brand, producers can improve the brand awareness of their customers and therefore the perceived value of their products. Furthermore, referring to the product packaging and distribution phase, the project aims to identify the packaging system and coordinate the collaboration with the distribution to increase the penetration of distribution in the points of sale and support producers in the development of appropriate marketing activities. About the LAU: 36026.","project, montese, value chain","http://www.wikidata.org/entity/Q170584, http://www.wikidata.org/entity/Q100072, http://www.wikidata.org/entity/Q646107","10.945833333333333","44.269444444444446","12.5","42.5"
"Challenges","The farm located in mountain area as: Azienda Agricola Terrasanta, Azienda Agricola Veranatura, Azienda Agricola Belvedere and Azienda Agricola Farini d'Olmo have start to introduce new marketing strategies , using the label 'Mountain Product' (Reg.(UE) n.1151/2012 and Reg.(UE) n.665/2014). Other as Azienda Agricola Palazzino have decide to use a specific label done by the local Chamber of Commerce 'Patata di montese' to valorise the product. Overall the type of challenge faced by this VC is Current. This VC is classified as Traditional and Innovative.","farm, mountain, marketing, commerce, montese","http://www.wikidata.org/entity/Q131596, http://www.wikidata.org/entity/Q8502, http://www.wikidata.org/entity/Q39809, http://www.wikidata.org/entity/Q26643, http://www.wikidata.org/entity/Q100072","10.945833333333333","44.269444444444446","12.5","42.5"
"Innovation","The type of innovation of this VC is Endogenous. The enhancement of the Montese potato was carried out through the redefinition of the organization of the production chain and the definition of a targeted promotion, as well as through an effective process of improving the quality and sustainability of the production process, the traceability and identification of the mountain products. The innovation is related to New marketing strategies. The land use systems involved are Cropland. The local assets include Social.","innovation, montese, marketing","http://www.wikidata.org/entity/Q174165, http://www.wikidata.org/entity/Q100072, http://www.wikidata.org/entity/Q39809","10.945833333333333","44.269444444444446","12.5","42.5"
"Geography and population","The size of the area (km2) is 81.01. The minimum altimetry of the LAU is 254. The maximum altimetry of the LAU is 1126. The total population (in thousand) is 3.275. The population density (Inhabitants/km2) in the LAU is 40.42. The population change rate of the LAU in the last 10 years (%) has been -2.55%. The overall regional population density (Inhabitants/km2) is 198.61. The regional population change rate in the last 10 years (%) has been 3.44%.","population density","http://www.wikidata.org/entity/Q22856","12.124788888888888","44.1774","12.5","42.5"
"Income and gross value added","The average per capita income (EUR/year) [NUTS3] is 39100. The total Gross Value Added (GVA) (EUR million/year) [NUTS3] is 24664.4. The primary sector share of total GVA/year [NUTS3] is 1.69%. The secondary sector share of total GVA/year [NUTS3] is 40.23%. The tertiary sector share of total GVA/year [NUTS3] is 58.07%. The per capita income (EUR/year) [NUTS2] is 36200. The total Gross Value Added (GVA) (EUR million/year) [NUTS2] is 144710. The primary sector share of total GVA/year [NUTS2] is 2.51%. The secondary sector share of total GVA/year [NUTS2] is 31.47%. The tertiary sector share of total GVA/year [NUTS2] is 66.02%.","gross value added, per capita income, year","http://www.wikidata.org/entity/Q994873, http://www.wikidata.org/entity/Q45918, http://www.wikidata.org/entity/Q577","11.342777777777778","44.49388888888889","12.5","42.5"
"Tourism","The total number of bed places (BPs) in tourist accommodations/year in the LAU is 523. The regional (NUTS2) share of total BPs/year is 0.11%. The number of agricultural holdings in the LAU is 305. The nearest settlement with population over 100000 (km) is 60. In this region protected areas are not present.","number, bed, year","http://www.wikidata.org/entity/Q11563, http://www.wikidata.org/entity/Q42177, http://www.wikidata.org/entity/Q577","10.989402960759588","44.30509227289358","12.5","42.5"
"Employment","The primary sector share of total employment/year [NUTS3] is 2.58%. The secondary sector share of total employment/year [NUTS3] is 34.75%. The tertiary sector share of total employment/year [NUTS3] is 62.67%. The primary sector share of total employment/year [NUTS2] is 3.06%. The secondary sector share of total employment/year [NUTS2] is 28.03%. The tertiary sector share of total employment/year [NUTS2] is 68.91%.","employment, year","http://www.wikidata.org/entity/Q656365, http://www.wikidata.org/entity/Q577","11.021178516809186","44.21418261724247","12.5","42.5"
"Concluding remarks","","","","11.035328497179885","44.364351453048535","12.5","42.5"
