title,description,objects,objectlinks,lon,lat,barycenter_lon,barycenter_lat
"Different varieties of hazel nuts ( Mortarella, San giovanni, Camponica, Giffoni)","The MOVING reference member state of this VC is ITALY UNIMOL and UNIPI. The reference MOVING Card ID of this VC is VC 32 IT. The increase interest in the hazel nuts are changing the traditional location of these plants, once a time cultived in mountain and in marginal area, the new implatation are made in flat irrigated land where it is possible have a mechanisation process. The mountain productions need to close the supply chain to be more competive and to give added value to an excellent product.","italy","http://www.wikidata.org/entity/Q38","12.5","42.5","12.5","42.5"
"Interest on this VC","Mortarella, Camponica and San Giovanni, are recognized by the Ministry of Agricultural Policies 'traditional Italian agri-food products', while 'Giffoni' have PGI certification. The production of hazel nuts in Campania has its origins in the mists of time. Nowaday these excellent productions are still less know compareted to the hazel nuts of other italian regions. The Campania hazel nut supply chain is very fragment but In the recent years are born some Organiser Producer group(OP) as 'Il Guscio OP of Visciano', in support of the hazelnut supply chain in Campania and for the benefit of the associated.","certification, campania, time, visciano, hazelnut","http://www.wikidata.org/entity/Q374814, http://www.wikidata.org/entity/Q1438, http://www.wikidata.org/entity/Q11471, http://www.wikidata.org/entity/Q72776, http://www.wikidata.org/entity/Q578307","14.582369444444444","40.9238","12.5","42.5"
"Mountain landscape and reference chains","The reference mountain chain of this VC is Southern Apennines - Campania. The reference mountain landscape of this VC is Pietrastornina. Pietrastornina is a municipality of Avellino province, Campania, southern Italy. Located 17 Km North to the chief city Avellino and 65 Km to the East of Naples. Its territery is found mainly on the Partenio regional park whci is a site of Community Importance.","italy, naples, reference, mountain, campania, landscape, pietrastornina, municipality, avellino, site of community importance","http://www.wikidata.org/entity/Q38, http://www.wikidata.org/entity/Q2634, http://www.wikidata.org/entity/Q121769, http://www.wikidata.org/entity/Q8502, http://www.wikidata.org/entity/Q1438, http://www.wikidata.org/entity/Q107425, http://www.wikidata.org/entity/Q55080, http://www.wikidata.org/entity/Q15284, http://www.wikidata.org/entity/Q13433, http://www.wikidata.org/entity/Q796174","14.25","40.833333333333336","12.5","42.5"
"Key local assets","The key local asset are mainly cultural. The cuisine of Irpinia makes great use of hazelnuts in some typical local first courses, made with fresh handmade pasta and durum wheat flour . About the LAU: 64073.","asset, irpinia, pasta, flour","http://www.wikidata.org/entity/Q46737, http://www.wikidata.org/entity/Q782189, http://www.wikidata.org/entity/Q178, http://www.wikidata.org/entity/Q36465","14.920555555555556","40.910555555555554","12.5","42.5"
"Challenges","The increase interest in the hazel nuts are changing the traditional location of these plants, once a time cultivated in mountain and in marginal area, the new implantation are made in flat irrigated land where it is possible have a mechanisation process. The mountain productions need to close the supply chain to be more competitive and to give added value to an excellent product. Overall the type of challenge faced by this VC is Predicted. This VC is classified as Traditional and Innovative.","interest, time, mountain","http://www.wikidata.org/entity/Q170924, http://www.wikidata.org/entity/Q11471, http://www.wikidata.org/entity/Q8502","14.733333333333333","41.0","12.5","42.5"
"Innovation","The type of innovation of this VC is Exogenous. Usually, in Irpinia the hazel nut are sold without a preliminary process, but in some case some farm ( Noccioro) have close the supply chain and the products obtained are: Toasted Hazelnuts, Hazelnut Grains, Hazelnut Flour, Hazelnut Paste and Spreadable Creams. They are marketed as raw material in the confectionery sector (pastry shops, ice cream shops, biscuit factories, etc.). The innovation is related to New governance systems. The land use systems involved are Forestry. The local assets include Cultural.","innovation, irpinia, hazelnut, governance","http://www.wikidata.org/entity/Q174165, http://www.wikidata.org/entity/Q782189, http://www.wikidata.org/entity/Q578307, http://www.wikidata.org/entity/Q1553864","14.789722222222222","40.915277777777774","12.5","42.5"
"Geography and population","The size of the area (km2) is 15.73. The minimum altimetry of the LAU is 223. The maximum altimetry of the LAU is 1550. The total population (in thousand) is 1.465. The population density (Inhabitants/km2) in the LAU is 93.13. The population change rate of the LAU in the last 10 years (%) has been -5.91%. The overall regional population density (Inhabitants/km2) is 417.83. The regional population change rate in the last 10 years (%) has been -0.90%.","population density","http://www.wikidata.org/entity/Q22856","12.551413719525614","42.44322295343789","12.5","42.5"
"Income and gross value added","The average per capita income (EUR/year) [NUTS3] is 18800. The total Gross Value Added (GVA) (EUR million/year) [NUTS3] is 7094. The primary sector share of total GVA/year [NUTS3] is 3.31%. The secondary sector share of total GVA/year [NUTS3] is 22.77%. The tertiary sector share of total GVA/year [NUTS3] is 73.92%. The per capita income (EUR/year) [NUTS2] is 18700. The total Gross Value Added (GVA) (EUR million/year) [NUTS2] is 97880.3. The primary sector share of total GVA/year [NUTS2] is 2.33%. The secondary sector share of total GVA/year [NUTS2] is 17.86%. The tertiary sector share of total GVA/year [NUTS2] is 79.81%.","gross value added, per capita income, year","http://www.wikidata.org/entity/Q994873, http://www.wikidata.org/entity/Q45918, http://www.wikidata.org/entity/Q577","12.560155547765813","42.57266096083673","12.5","42.5"
"Tourism","The total number of bed places (BPs) in tourist accommodations/year in the LAU is 70. The regional (NUTS2) share of total BPs/year is 0.03%. The number of agricultural holdings in the LAU is 111. The nearest settlement with population over 100000 (km) is 65. In this region protected areas are not present.","number, bed, year","http://www.wikidata.org/entity/Q11563, http://www.wikidata.org/entity/Q42177, http://www.wikidata.org/entity/Q577","12.491180550319227","42.50229523076325","12.5","42.5"
"Employment","The primary sector share of total employment/year [NUTS3] is 5.37%. The secondary sector share of total employment/year [NUTS3] is 24.33%. The tertiary sector share of total employment/year [NUTS3] is 70.30%. The primary sector share of total employment/year [NUTS2] is 3.74%. The secondary sector share of total employment/year [NUTS2] is 19.51%. The tertiary sector share of total employment/year [NUTS2] is 76.75%.","employment, year","http://www.wikidata.org/entity/Q656365, http://www.wikidata.org/entity/Q577","12.566414292649531","42.41683561392739","12.5","42.5"
"Concluding remarks","","","","12.55664265268118","42.51215266445534","12.5","42.5"
