title,description,objects,objectlinks,lon,lat,barycenter_lon,barycenter_lat
"Caciocavallo cheese form southern Dauni mountains","The MOVING reference member state of this VC is ITALY UNIMOL and UNIPI. The reference MOVING Card ID of this VC is VC 36 IT. The cheese is produced only with milk from the 'Podolica' cow which is a local breed. The processing relies on tranditional activities which are mostly performed at the farm. Thus, farmers are the main actors of the VC. The product is mainly sold on-farm or in local markets. 'Caciocavallo dei Monti Dauni' holds the label of 'Traditional Food Italian Product'. For such products a production specification scheme needs to be followed and it dictate that milk only from wilde and semi-wild breed Podolica cows must be use to produce the cheese only using traditional production techniques. For all these reasons, the product is considered an identity of the area.","reference, italy, cheese, milk, podolica, breed, farm, caciocavallo","http://www.wikidata.org/entity/Q121769, http://www.wikidata.org/entity/Q38, http://www.wikidata.org/entity/Q10943, http://www.wikidata.org/entity/Q8495, http://www.wikidata.org/entity/Q3393110, http://www.wikidata.org/entity/Q38829, http://www.wikidata.org/entity/Q131596, http://www.wikidata.org/entity/Q293037","12.5","42.5","12.5","42.5"
"Interest on this VC","The Caciocavallo cheese holds the national label of 'Traditional Food Italian Product' and it can be considered an territorial identity of the area. The product valorise a cow breeding ('Podolica') tipical of Southern Italy and it is produced valorizing local traditions and cultural know-how. The connection with the land use system is strong, since the cheese can only be produced by 'Podolica' cows bred through the wild or semi-wild systems. The amount of product available for the market is limited. Thus, besides the local makets and on-farm selling, producers started to exploit alternative marketing strategies to reach larger consumer communities such as e-commerce and on-farm selling connected with hosting activities.","caciocavallo, cheese, food, podolica, italy, system, e-commerce","http://www.wikidata.org/entity/Q293037, http://www.wikidata.org/entity/Q10943, http://www.wikidata.org/entity/Q2095, http://www.wikidata.org/entity/Q3393110, http://www.wikidata.org/entity/Q38, http://www.wikidata.org/entity/Q58778, http://www.wikidata.org/entity/Q484847","12.5","42.5","12.5","42.5"
"Mountain landscape and reference chains","The reference mountain chain of this VC is Southern Appennines. The reference mountain landscape of this VC is Monteleone di Puglia. Monteleone di Puglia is a hill municipality located in the Sub-Appenines Dauno, it is located in the province of Foggia (Puglia) in an area at the cross-border between Puglia, Basilicata and Campania. The town is located on top of the plateau of eastern 'Irpinia', a district of the Southern Italian Appennines.","reference, mountain, landscape, hill, municipality, cross, border, basilicata, campania, town, plateau, irpinia","http://www.wikidata.org/entity/Q121769, http://www.wikidata.org/entity/Q8502, http://www.wikidata.org/entity/Q107425, http://www.wikidata.org/entity/Q54050, http://www.wikidata.org/entity/Q15284, http://www.wikidata.org/entity/Q40843, http://www.wikidata.org/entity/Q133346, http://www.wikidata.org/entity/Q1452, http://www.wikidata.org/entity/Q1438, http://www.wikidata.org/entity/Q3957, http://www.wikidata.org/entity/Q75520, http://www.wikidata.org/entity/Q782189","16.5","40.5","12.5","42.5"
"Key local assets","The area is characterised by a higlhy mixed land use system, where forests and natural grassland the dominant land use systems in the interplay with agricultural land. The 'Podolica' cow breed is traditional asset of the Southern Italian regions, characterized by lower milk production compared with intensive cow breed (e.g., Frisona, Pezzata Rossa), but very much suited for breeding through in wild and semi-wilde systems. About the LAU: 71032.","system, grassland, podolica","http://www.wikidata.org/entity/Q58778, http://www.wikidata.org/entity/Q1006733, http://www.wikidata.org/entity/Q3393110","14.920555555555556","40.910555555555554","12.5","42.5"
"Challenges","The Caciocavallo cheese is produced in a very remote mountain area with a market trait of rurality which is affected by ageing population and depopulation. The remoteness of the area make it difficult for the active part of the population to share formal and informal knowledges and experiences that can promote the valorisation of local natural (busheses, woods, and natural grass land) and human (traditional know-how) resources . Additionaly, intensive agriculture production drastically reduced the areas dedicated to natural land, natural grassland, and thus, the activities connected with traditional livestock activities such as the 'transumanza'. Overall the type of challenge faced by this VC is Current and Predicted. This VC is classified as Traditional and Innovative.","caciocavallo, agriculture, grassland, livestock, transumanza","http://www.wikidata.org/entity/Q293037, http://www.wikidata.org/entity/Q11451, http://www.wikidata.org/entity/Q1006733, http://www.wikidata.org/entity/Q103459, http://www.wikidata.org/entity/Q17137969","12.598226258244443","42.42601129748522","12.5","42.5"
"Innovation","The type of innovation of this VC is Endogenous and Exogenous. The cheese is moinly produced on farm with very few number of larger processors in the territory and thus a limited amount of product available for the market. For these reasons, producers are exploring alternative marketing strategies besides local markets, such as e-commerce and on farm selling (usually coupled with agritourism actvities). The innovation is related to New marketing strategies. The land use systems involved are Grassland, Forestry and Natural land. The local assets include Natural and cultural.","innovation, farm, marketing, e-commerce, agritourism, grassland","http://www.wikidata.org/entity/Q174165, http://www.wikidata.org/entity/Q131596, http://www.wikidata.org/entity/Q39809, http://www.wikidata.org/entity/Q484847, http://www.wikidata.org/entity/Q1956672, http://www.wikidata.org/entity/Q1006733","12.516562297474687","42.59900733366454","12.5","42.5"
"Geography and population","The size of the area (km2) is 36.41. The minimum altimetry of the LAU is 496. The maximum altimetry of the LAU is 978. The total population (in thousand) is 0.993. The population density (Inhabitants/km2) in the LAU is 27.27272727. The population change rate of the LAU in the last 10 years (%) has been -21.85%. The overall regional population density (Inhabitants/km2) is 206.8. The regional population change rate in the last 10 years (%) has been -2.63%.","population density","http://www.wikidata.org/entity/Q22856","12.474212010814837","42.56452573205563","12.5","42.5"
"Income and gross value added","The average per capita income (EUR/year) [NUTS3] is 18200. The total Gross Value Added (GVA) (EUR million/year) [NUTS3] is 10181.4. The primary sector share of total GVA/year [NUTS3] is 9.71%. The secondary sector share of total GVA/year [NUTS3] is 16.77%. The tertiary sector share of total GVA/year [NUTS3] is 73.51%. The per capita income (EUR/year) [NUTS2] is 18900. The total Gross Value Added (GVA) (EUR million/year) [NUTS2] is 69423.2. The primary sector share of total GVA/year [NUTS2] is 4.06%. The secondary sector share of total GVA/year [NUTS2] is 18.58%. The tertiary sector share of total GVA/year [NUTS2] is 76.15%.","gross value added, per capita income, year","http://www.wikidata.org/entity/Q994873, http://www.wikidata.org/entity/Q45918, http://www.wikidata.org/entity/Q577","12.5567565051821","42.43396504126878","12.5","42.5"
"Tourism","The total number of bed places (BPs) in tourist accommodations/year in the LAU is 26. The regional (NUTS2) share of total BPs/year is 0.01%. The number of agricultural holdings in the LAU is 201. The nearest settlement with population over 100000 (km) is 59. In this region protected areas are not present.","number, bed, year","http://www.wikidata.org/entity/Q11563, http://www.wikidata.org/entity/Q42177, http://www.wikidata.org/entity/Q577","12.556263060206957","42.40591069016439","12.5","42.5"
"Employment","The primary sector share of total employment/year [NUTS3] is 14.47%. The secondary sector share of total employment/year [NUTS3] is 16.77%. The tertiary sector share of total employment/year [NUTS3] is 68.76%. The primary sector share of total employment/year [NUTS2] is 9.17%. The secondary sector share of total employment/year [NUTS2] is 19.64%. The tertiary sector share of total employment/year [NUTS2] is 71.19%.","employment, year","http://www.wikidata.org/entity/Q656365, http://www.wikidata.org/entity/Q577","12.594607983845643","42.45660767220347","12.5","42.5"
"Concluding remarks","The VC is present within the two mountain areas present in the Province of Foggia (NUTS3: ) ('Gargano' and 'Monti Dauni').","mountain","http://www.wikidata.org/entity/Q8502","12.570684698478438","42.58266910731222","12.5","42.5"
