title,description,objects,objectlinks,lon,lat,barycenter_lon,barycenter_lat
"apples and derivatives and other agricoltural products","The MOVING reference member state of this VC is ITALY UNIMOL and UNIPI. The reference MOVING Card ID of this VC is VC 39 IT. In the Natisone Valley the agricultural once a time was the main economic sector. The Specogna family farm was specilized in cattles breeding, but they converted the farm for the imposition give by the dairy produce quota, and other constrain connected to the dairy milk production. Today the company have the core business in the apple production but are also grown (potatoes, onions, courgettes, basil, tomatoes, aubergines ..), and cereals, and also other types of fruits such as walnuts, peanuts, plums, persimmons.","italy, natisone, farm, cattles, imposition, dairy, business, apple, basil","http://www.wikidata.org/entity/Q38, http://www.wikidata.org/entity/Q1969658, http://www.wikidata.org/entity/Q131596, http://www.wikidata.org/entity/Q5054117, http://www.wikidata.org/entity/Q779970, http://www.wikidata.org/entity/Q637776, http://www.wikidata.org/entity/Q4830453, http://www.wikidata.org/entity/Q89, http://www.wikidata.org/entity/Q38859","13.364722222222222","45.945277777777775","12.5","42.5"
"Interest on this VC","The farm is certificated as organic farm (ICEA) and take the opportunity offered by Reg.(UE) n.1151/2012 and Reg.(UE) n.665/2014 to use the label ' Mountain Product'. The new generation of this family farm have decide to stay in this mountain valley and to introduce some innovation to increase the income.","farm, generation, mountain, valley, innovation","http://www.wikidata.org/entity/Q131596, http://www.wikidata.org/entity/Q213381, http://www.wikidata.org/entity/Q8502, http://www.wikidata.org/entity/Q39816, http://www.wikidata.org/entity/Q174165","12.0","47.0","12.5","42.5"
"Mountain landscape and reference chains","The reference mountain chain of this VC is Eastern Alps - Julian Alps. The reference mountain landscape of this VC is Pulfero. Pulfero is a small municipality of Udine province It is located 36 Km from Udine and 6 Km from Slovenia.","alps, reference, mountain, eastern alps, julian alps, landscape, pulfero, slovenia","http://www.wikidata.org/entity/Q1286, http://www.wikidata.org/entity/Q121769, http://www.wikidata.org/entity/Q8502, http://www.wikidata.org/entity/Q63817, http://www.wikidata.org/entity/Q119206, http://www.wikidata.org/entity/Q107425, http://www.wikidata.org/entity/Q53321, http://www.wikidata.org/entity/Q215","10.0","46.0","12.5","42.5"
"Key local assets","The farm familyvalue. About the LAU: 30086.","farm","http://www.wikidata.org/entity/Q131596","13.816666666666666","46.36666666666667","12.5","42.5"
"Challenges","N/A. Overall the type of challenge faced by this VC is Current. This VC is classified as Traditional and Innovative.","","","13.484444444444444","46.17333333333333","12.5","42.5"
"Innovation","The type of innovation of this VC is Endogenous and Exogenous. This farm have decide to convert the production from dairy milk to ortofruit production. The main innovation is related to the processing of fuit and vegetable derivates (juice, dried and oiled products, jams and creams). The innovation is related to New processes. The land use systems involved are Orthofruit. The local assets include Social.","innovation, vegetable, juice","http://www.wikidata.org/entity/Q174165, http://www.wikidata.org/entity/Q11004, http://www.wikidata.org/entity/Q8492","15.0","46.0","12.5","42.5"
"Geography and population","The size of the area (km2) is 48.68. The minimum altimetry of the LAU is 170. The maximum altimetry of the LAU is 1641. The total population (in thousand) is 0.872. The population density (Inhabitants/km2) in the LAU is 17.91. The population change rate of the LAU in the last 10 years (%) has been -18.44%. The overall regional population density (Inhabitants/km2) is 152.22. The regional population change rate in the last 10 years (%) has been -1.17%.","population density","http://www.wikidata.org/entity/Q22856","13.298376279118248","46.010972783702336","12.5","42.5"
"Income and gross value added","The average per capita income (EUR/year) [NUTS3] is 31200. The total Gross Value Added (GVA) (EUR million/year) [NUTS3] is 14844.1. The primary sector share of total GVA/year [NUTS3] is 1.94%. The secondary sector share of total GVA/year [NUTS3] is 29.15%. The tertiary sector share of total GVA/year [NUTS3] is 68.91%. The per capita income (EUR/year) [NUTS2] is 31600. The total Gross Value Added (GVA) (EUR million/year) [NUTS2] is 34501. The primary sector share of total GVA/year [NUTS2] is 1.90%. The secondary sector share of total GVA/year [NUTS2] is 28.67%. The tertiary sector share of total GVA/year [NUTS2] is 69.43%.","gross value added, per capita income, year","http://www.wikidata.org/entity/Q994873, http://www.wikidata.org/entity/Q45918, http://www.wikidata.org/entity/Q577","13.336678410044595","45.949900887684244","12.5","42.5"
"Tourism","The total number of bed places (BPs) in tourist accommodations/year in the LAU is 178. The regional (NUTS2) share of total BPs/year is 0.11%. The number of agricultural holdings in the LAU is 40. The nearest settlement with population over 100000 (km) is 36. In this region protected areas are not present.","number, bed, year","http://www.wikidata.org/entity/Q11563, http://www.wikidata.org/entity/Q42177, http://www.wikidata.org/entity/Q577","13.395388942026635","45.85618337936136","12.5","42.5"
"Employment","The primary sector share of total employment/year [NUTS3] is 3.31%. The secondary sector share of total employment/year [NUTS3] is 26.54%. The tertiary sector share of total employment/year [NUTS3] is 70.15%. The primary sector share of total employment/year [NUTS2] is 2.82%. The secondary sector share of total employment/year [NUTS2] is 26.91%. The tertiary sector share of total employment/year [NUTS2] is 70.27%.","employment, year","http://www.wikidata.org/entity/Q656365, http://www.wikidata.org/entity/Q577","13.288074141573036","45.95391850173823","12.5","42.5"
"Concluding remarks","","","","13.448505713975019","45.99221535492732","12.5","42.5"
