title,description,objects,objectlinks,lon,lat,barycenter_lon,barycenter_lat
"Dairy industry","The MOVING reference member state of this VC is ITALY UNIMOL and UNIPI. The reference MOVING Card ID of this VC is VC 46 IT. A large family of 2,300 mountain farmers and 470 employees it s our mission to uphold the South Tyrolean dairy industry and produce high-quality products. A cooperative that is spead years after years from the 1962.","italy","http://www.wikidata.org/entity/Q38","12.5","42.5","12.5","42.5"
"Interest on this VC","Mila garantee a secured continuity of mountain farming, with quality products to the best possible milk price: the net profit of the cooperative is paid out to our farmers. Mila is a very important cooperative that take care to the producer of milk in mountain.","mountain, milk, cooperative","http://www.wikidata.org/entity/Q8502, http://www.wikidata.org/entity/Q8495, http://www.wikidata.org/entity/Q4539","12.0","47.0","12.5","42.5"
"Mountain landscape and reference chains","The reference mountain chain of this VC is Eastern Alps. The reference mountain landscape of this VC is Bolzano. Bolzano is an Italian municipality, capital of the autonomous province of the same name in Trentino-Alto Adige region in the extreme North of Italy. The town is surrounded by three mountains and crossed by a stream. Bolzano has a good industrial activity; in the countryside of the periphery there is a high quality agricultural activity (apples, grapes). In addition to tourism (cultural, business and excursion) which is also very important.","alps, italy, reference, mountain, eastern alps, landscape, bolzano, municipality, trentino, alto, adige, north","http://www.wikidata.org/entity/Q1286, http://www.wikidata.org/entity/Q38, http://www.wikidata.org/entity/Q121769, http://www.wikidata.org/entity/Q8502, http://www.wikidata.org/entity/Q63817, http://www.wikidata.org/entity/Q107425, http://www.wikidata.org/entity/Q6526, http://www.wikidata.org/entity/Q15284, http://www.wikidata.org/entity/Q16289, http://www.wikidata.org/entity/Q6983813, http://www.wikidata.org/entity/Q13696, http://www.wikidata.org/entity/Q659","10.0","46.0","12.5","42.5"
"Key local assets","Working in harmony with nature, the good of the animals and the considerate handling of resources is an important concern for Mila. About the LAU: 21008.","harmony, nature","http://www.wikidata.org/entity/Q184421, http://www.wikidata.org/entity/Q7860","11.35","46.5","12.5","42.5"
"Challenges","The market of dairy products is very competitive due to the presence of a wide number of producers. Product and process innovation is relevant for competitiveness. Overall the type of challenge faced by this VC is Current. This VC is classified as Innovative.","","","11.125760111111111","46.066422805555554","12.5","42.5"
"Innovation","The type of innovation of this VC is Exogenous. The cooperative Mila was the first producer of SKYR in Italy. The recipe for SKYR stems originally from Iceland. SKYR is a dairy specialty, made with selected ingredients and 100% hay milk from the South Tyrolean mountains, full of proteins and low in fat. The innovation is related to New products. The land use systems involved are Grassland. The local assets include Natural.","italy, skyr, innovation, recipe, iceland, dairy, hay, milk, fat, grassland","http://www.wikidata.org/entity/Q38, http://www.wikidata.org/entity/Q742127, http://www.wikidata.org/entity/Q174165, http://www.wikidata.org/entity/Q219239, http://www.wikidata.org/entity/Q189, http://www.wikidata.org/entity/Q637776, http://www.wikidata.org/entity/Q336989, http://www.wikidata.org/entity/Q8495, http://www.wikidata.org/entity/Q127980, http://www.wikidata.org/entity/Q1006733","12.5","42.5","12.5","42.5"
"Geography and population","The size of the area (km2) is 52.29. The minimum altimetry of the LAU is 232. The maximum altimetry of the LAU is 1616. The total population (in thousand) is 107.843. The population density (Inhabitants/km2) in the LAU is 2062.4. The population change rate of the LAU in the last 10 years (%) has been 6.44%. The overall regional population density (Inhabitants/km2) is 78.81. The regional population change rate in the last 10 years (%) has been 5.68%.","population density","http://www.wikidata.org/entity/Q22856","10.516194444444444","46.8345","12.5","42.5"
"Income and gross value added","The average per capita income (EUR/year) [NUTS3] is 47100. The total Gross Value Added (GVA) (EUR million/year) [NUTS3] is 22400.5. The primary sector share of total GVA/year [NUTS3] is 5.30%. The secondary sector share of total GVA/year [NUTS3] is 22.36%. The tertiary sector share of total GVA/year [NUTS3] is 72.34%. The per capita income (EUR/year) [NUTS2] is 47100. The total Gross Value Added (GVA) (EUR million/year) [NUTS2] is 22400.5. The primary sector share of total GVA/year [NUTS2] is 5.30%. The secondary sector share of total GVA/year [NUTS2] is 22.36%. The tertiary sector share of total GVA/year [NUTS2] is 72.34%.","gross value added, per capita income, year","http://www.wikidata.org/entity/Q994873, http://www.wikidata.org/entity/Q45918, http://www.wikidata.org/entity/Q577","12.501744369520951","42.58099959725043","12.5","42.5"
"Tourism","The total number of bed places (BPs) in tourist accommodations/year in the LAU is 3976. The regional (NUTS2) share of total BPs/year is 1.74%. The number of agricultural holdings in the LAU is 480. The nearest settlement with population over 100000 (km) is 0. In this region protected areas are not present.","number, bed, year","http://www.wikidata.org/entity/Q11563, http://www.wikidata.org/entity/Q42177, http://www.wikidata.org/entity/Q577","12.465880134725435","42.40444032939337","12.5","42.5"
"Employment","The primary sector share of total employment/year [NUTS3] is 6.72%. The secondary sector share of total employment/year [NUTS3] is 20.33%. The tertiary sector share of total employment/year [NUTS3] is 72.95%. The primary sector share of total employment/year [NUTS2] is 6.72%. The secondary sector share of total employment/year [NUTS2] is 20.33%. The tertiary sector share of total employment/year [NUTS2] is 72.95%.","employment, year","http://www.wikidata.org/entity/Q656365, http://www.wikidata.org/entity/Q577","12.535943723283848","42.59307855576835","12.5","42.5"
"Concluding remarks","","","","12.571417228974505","42.448569180982446","12.5","42.5"
