title,description,objects,objectlinks,lon,lat,barycenter_lon,barycenter_lat
"With a open-air grazing in a regional natural park, it is produced and processed high-quality milk","The MOVING reference member state of this VC is ITALY UNIMOL and UNIPI. The reference MOVING Card ID of this VC is VC 48 IT. The 'Latte del Parco' farm is strongly linked to the natural and cultural context of the mountains (i.e. the SES) for its natural resources (e.g. mountain pastures) and cultural aspects (mountain milk production, cheeses, etc.). VC intersects different sectors but not different SES. It has some certifications that attest to its mountain productions. The farmer collaborates with the nature park authority by being one of the Info Points for tourists. 'Latte del Parco' also has relations with schools in the area (educational workshops). The VC has positive impacts on the SES, but not collaboration with other breeders is reported.","reference, italy, latte, del, mountain","http://www.wikidata.org/entity/Q121769, http://www.wikidata.org/entity/Q38, http://www.wikidata.org/entity/Q841774, http://www.wikidata.org/entity/Q334508, http://www.wikidata.org/entity/Q8502","11.338716666666667","45.788108333333334","12.5","42.5"
"Interest on this VC","The farmer produces milk, dairy products (from cheese to yoghurt) and confectionery (e.g. parfaits and ice cream) in the 'Lessinia' regional park, in a mountainous area. Cows are for seven months in open-air grazing. The production is certificated 'mountain product' (MP) and labelled as 'Product in the Lessinia Regional Park'. In the farm shop, there is an area equipped with benches and a play area for children. The farm shop is also a tourist info point for the nature park. The farmer organizes educational workshops for schools. This VC is strictly linked to the natural settings of SES and its cultural dairy tradition. New productions related to the farm's milk are proposed (like ice creams) and information services on the park, too. The 'Latte del Parco' farm emphasises the authenticity, traditionality and naturalness of its products. However, this marketing strategy is not particularly stressed.","farmer, milk, dairy, ice, park, farm","http://www.wikidata.org/entity/Q131512, http://www.wikidata.org/entity/Q8495, http://www.wikidata.org/entity/Q637776, http://www.wikidata.org/entity/Q23392, http://www.wikidata.org/entity/Q22698, http://www.wikidata.org/entity/Q131596","12.331944444444444","45.43972222222222","12.5","42.5"
"Mountain landscape and reference chains","The reference mountain chain of this VC is Eastern Alps - Vicentine Alps. The reference mountain landscape of this VC is Bosco Chiesanuova. Bosco Chiesanuova is a municipality in Verona's Province in the Italian region Veneto, located about 140 Km West of Venice and about 31 Km North of chief city Verona to the borders with Trento province. It represents the first ski centre of the Lessinia plateau, where winter sports can be practised. Here is also spoken the Cimbrian language (German idiom).","alps, vicentine alps, venice, reference, mountain, eastern alps, landscape, bosco chiesanuova, municipality, province, veneto, west, north, city, verona, trento","http://www.wikidata.org/entity/Q1286, http://www.wikidata.org/entity/Q937540, http://www.wikidata.org/entity/Q641, http://www.wikidata.org/entity/Q121769, http://www.wikidata.org/entity/Q8502, http://www.wikidata.org/entity/Q63817, http://www.wikidata.org/entity/Q107425, http://www.wikidata.org/entity/Q46829, http://www.wikidata.org/entity/Q15284, http://www.wikidata.org/entity/Q34876, http://www.wikidata.org/entity/Q1243, http://www.wikidata.org/entity/Q679, http://www.wikidata.org/entity/Q659, http://www.wikidata.org/entity/Q515, http://www.wikidata.org/entity/Q2028, http://www.wikidata.org/entity/Q3376","10.0","46.0","12.5","42.5"
"Key local assets","The farm uses the pastureland in the park for seven months and uses the natural and cultural landscape to distinguishing its production. About the LAU: 23011.","farm, park, landscape","http://www.wikidata.org/entity/Q131596, http://www.wikidata.org/entity/Q22698, http://www.wikidata.org/entity/Q107425","12.0","47.0","12.5","42.5"
"Challenges","The VC intersects different sectors (i.e., confectionery) to enhance the milk and the naturalistic context. The complexity of productions and services could make the VC less competitive because milk and cheese are not certified as organic. More over, the production's territorial and historical identification is reported in a limited way. 'Latte del Parco' does not use all the potentialities of e-commerce. No links with other breeders are reported. Overall the type of challenge faced by this VC is Current and Predicted. This VC is classified as Traditional.","milk, complexity, cheese, e-commerce","http://www.wikidata.org/entity/Q8495, http://www.wikidata.org/entity/Q723897, http://www.wikidata.org/entity/Q10943, http://www.wikidata.org/entity/Q484847","11.033333333333333","45.61666666666667","12.5","42.5"
"Innovation","The type of innovation of this VC is unspecified. The VC includes several processed products beyond the local dairy tradition (such as ice creams and parfaits from farm milk), and the farmer offers informative tourist services. The innovation is related to the whole VC. The land use systems involved are Cropland, Grassland and Natural land. The local assets include Natural and cultural.","innovation, grassland","http://www.wikidata.org/entity/Q174165, http://www.wikidata.org/entity/Q1006733","11.85","45.733333333333334","12.5","42.5"
"Geography and population","The size of the area (km2) is 64.81. The minimum altimetry of the LAU is 419. The maximum altimetry of the LAU is 1865. The total population (in thousand) is 3.531. The population density (Inhabitants/km2) in the LAU is 54.48. The population change rate of the LAU in the last 10 years (%) has been -2.06%. The overall regional population density (Inhabitants/km2) is 265.96. The regional population change rate in the last 10 years (%) has been 0.82%.","population density","http://www.wikidata.org/entity/Q22856","10.992777777777778","45.43861111111111","12.5","42.5"
"Income and gross value added","The average per capita income (EUR/year) [NUTS3] is 34300. The total Gross Value Added (GVA) (EUR million/year) [NUTS3] is 28434.9. The primary sector share of total GVA/year [NUTS3] is 3.44%. The secondary sector share of total GVA/year [NUTS3] is 25.61%. The tertiary sector share of total GVA/year [NUTS3] is 70.95%. The per capita income (EUR/year) [NUTS2] is 33200. The total Gross Value Added (GVA) (EUR million/year) [NUTS2] is 146253.3. The primary sector share of total GVA/year [NUTS2] is 2.18%. The secondary sector share of total GVA/year [NUTS2] is 31.86%. The tertiary sector share of total GVA/year [NUTS2] is 65.96%.","gross value added, per capita income, year","http://www.wikidata.org/entity/Q994873, http://www.wikidata.org/entity/Q45918, http://www.wikidata.org/entity/Q577","11.133333333333333","46.1","12.5","42.5"
"Tourism","The total number of bed places (BPs) in tourist accommodations/year in the LAU is 1245. The regional (NUTS2) share of total BPs/year is 0.15%. The number of agricultural holdings in the LAU is 89. The nearest settlement with population over 100000 (km) is 31. In this region protected areas are present.","number, bed, year","http://www.wikidata.org/entity/Q11563, http://www.wikidata.org/entity/Q42177, http://www.wikidata.org/entity/Q577","9.95498492358029","45.969555687700336","12.5","42.5"
"Employment","The primary sector share of total employment/year [NUTS3] is 4.30%. The secondary sector share of total employment/year [NUTS3] is 25.30%. The tertiary sector share of total employment/year [NUTS3] is 70.40%. The primary sector share of total employment/year [NUTS2] is 3.00%. The secondary sector share of total employment/year [NUTS2] is 30.71%. The tertiary sector share of total employment/year [NUTS2] is 66.29%.","employment, year","http://www.wikidata.org/entity/Q656365, http://www.wikidata.org/entity/Q577","10.00844658718722","46.08355001347866","12.5","42.5"
"Concluding remarks","","","","9.903597146785778","46.04664069789752","12.5","42.5"
