title,description,objects,objectlinks,lon,lat,barycenter_lon,barycenter_lat
"Honey, including millefiori of alpine flora, and jams","The MOVING reference member state of this VC is ITALY UNIMOL and UNIPI. The reference MOVING Card ID of this VC is VC 53 IT. The farm has the following mountain products in production: honey from dandelion, acacia, lime and chestnut trees, wildflower and wildflower of alpine flora honey, which received the award Una goccia d oro for the category ' high mountain wildflower ; in addition to these, they produced propolis, royal jelly and jams from various fruits.","reference, italy, acacia, wildflower, propolis, royal jelly","http://www.wikidata.org/entity/Q121769, http://www.wikidata.org/entity/Q38, http://www.wikidata.org/entity/Q81666, http://www.wikidata.org/entity/Q3585615, http://www.wikidata.org/entity/Q184398, http://www.wikidata.org/entity/Q202501","12.5","42.5","12.5","42.5"
"Interest on this VC","The farm and its hives are located at high altitude, on the Maniva pass, where the bees produce many varieties of honey, also awarded in the competition Grandi mieli d Italia. The innovation start to spread also in this very traditional value chain.","farm, altitude, honey, innovation, value chain","http://www.wikidata.org/entity/Q131596, http://www.wikidata.org/entity/Q190200, http://www.wikidata.org/entity/Q10987, http://www.wikidata.org/entity/Q174165, http://www.wikidata.org/entity/Q646107","10.220277777777778","45.53888888888889","12.5","42.5"
"Mountain landscape and reference chains","The reference mountain chain of this VC is Southern Alps - Brescia Prealps. The reference mountain landscape of this VC is Muscoline. Muscoline is a municipality in the Italian province of Brescia, Lombardy. Located about 30 km East of chief city Brescia and 12 Km West of Garda lake.","alps, reference, mountain, brescia, landscape, muscoline, municipality, lombardy, city, west","http://www.wikidata.org/entity/Q1286, http://www.wikidata.org/entity/Q121769, http://www.wikidata.org/entity/Q8502, http://www.wikidata.org/entity/Q6221, http://www.wikidata.org/entity/Q107425, http://www.wikidata.org/entity/Q105295, http://www.wikidata.org/entity/Q15284, http://www.wikidata.org/entity/Q1210, http://www.wikidata.org/entity/Q515, http://www.wikidata.org/entity/Q679","10.0","46.0","12.5","42.5"
"Key local assets","The kye assets for this VC are the plant and tree species growing spontaneously in the area (chestnut tree, wildflowers etc) as well as the beekeepers knowledge. About the LAU: 17116.","plant, tree, species, knowledge","http://www.wikidata.org/entity/Q756, http://www.wikidata.org/entity/Q10884, http://www.wikidata.org/entity/Q7432, http://www.wikidata.org/entity/Q9081","10.466666666666667","45.56666666666667","12.5","42.5"
"Challenges","Today the farm has more than sixty hives with which characteristic honeys of the mountain area are produced, as well as a cultivation of small fruits with which it produces jams. Overall the type of challenge faced by this VC is Current. This VC is classified as Traditional.","","","9.95","45.65","12.5","42.5"
"Innovation","The type of innovation of this VC is unspecified. The innovation is related to the whole VC. The land use systems involved are Grassland and Natural land. The local assets include Natural.","innovation, grassland","http://www.wikidata.org/entity/Q174165, http://www.wikidata.org/entity/Q1006733","12.475214670659517","42.584853410102475","12.5","42.5"
"Geography and population","The size of the area (km2) is 10.08. The minimum altimetry of the LAU is 178. The maximum altimetry of the LAU is 356. The total population (in thousand) is 2.653. The population density (Inhabitants/km2) in the LAU is 263.19. The population change rate of the LAU in the last 10 years (%) has been 7.47%. The overall regional population density (Inhabitants/km2) is 419.79. The regional population change rate in the last 10 years (%) has been 4.06%.","population density","http://www.wikidata.org/entity/Q22856","12.50154949099262","42.561171552795265","12.5","42.5"
"Income and gross value added","The average per capita income (EUR/year) [NUTS3] is 34200. The total Gross Value Added (GVA) (EUR million/year) [NUTS3] is 38865.6. The primary sector share of total GVA/year [NUTS3] is 2.29%. The secondary sector share of total GVA/year [NUTS3] is 32.63%. The tertiary sector share of total GVA/year [NUTS3] is 65.08%. The per capita income (EUR/year) [NUTS2] is 39100. The total Gross Value Added (GVA) (EUR million/year) [NUTS2] is 352980.4. The primary sector share of total GVA/year [NUTS2] is 1.09%. The secondary sector share of total GVA/year [NUTS2] is 26.73%. The tertiary sector share of total GVA/year [NUTS2] is 72.18%.","gross value added, per capita income, year","http://www.wikidata.org/entity/Q994873, http://www.wikidata.org/entity/Q45918, http://www.wikidata.org/entity/Q577","12.401696849200887","42.49291605506743","12.5","42.5"
"Tourism","The total number of bed places (BPs) in tourist accommodations/year in the LAU is 45. The regional (NUTS2) share of total BPs/year is 0.01%. The number of agricultural holdings in the LAU is 87. The nearest settlement with population over 100000 (km) is 31. In this region protected areas are not present.","number, bed, year","http://www.wikidata.org/entity/Q11563, http://www.wikidata.org/entity/Q42177, http://www.wikidata.org/entity/Q577","12.599588399320233","42.46327382282432","12.5","42.5"
"Employment","The primary sector share of total employment/year [NUTS3] is 2.54%. The secondary sector share of total employment/year [NUTS3] is 34.79%. The tertiary sector share of total employment/year [NUTS3] is 62.67%. The primary sector share of total employment/year [NUTS2] is 1.27%. The secondary sector share of total employment/year [NUTS2] is 26.24%. The tertiary sector share of total employment/year [NUTS2] is 72.49%.","employment, year","http://www.wikidata.org/entity/Q656365, http://www.wikidata.org/entity/Q577","12.41814781577709","42.46707956219109","12.5","42.5"
"Concluding remarks","","","","12.583809337938227","42.44309810548506","12.5","42.5"
