title,description,objects,objectlinks,lon,lat,barycenter_lon,barycenter_lat
"Wines of Winningen, Mosel Valley","The MOVING reference member state of this VC is GERMANY VINIDEA. The reference MOVING Card ID of this VC is VC 01 DE. The planted vineyard area is around 89 ha and is cultivated by 44 wineries - so the structures are quite small. Like the Moselle in general, Winningen is known for white wine (about 90% of the vineyard area) and especially for Riesling. Unlike other sections of the growing region, many more dry wines are produced here. This is thanks to the village's most famous winegrower Heymann-Löwenstein, who has been producing mainly dry wines since the early 1980s and was thus one of the pioneers on the Moselle. In 2005, one of his wines was named best foreign wine in Paris. He also worked to ensure that the 'Uhlen' vineyard was the first one in Germany to receive three small appellations contrôlées within only one vineyard.","paris, germany, reference, vineyard, moselle, wine, riesling, 1980s","http://www.wikidata.org/entity/Q90, http://www.wikidata.org/entity/Q183, http://www.wikidata.org/entity/Q121769, http://www.wikidata.org/entity/Q22715, http://www.wikidata.org/entity/Q1667, http://www.wikidata.org/entity/Q282, http://www.wikidata.org/entity/Q456471, http://www.wikidata.org/entity/Q34644","2.3513888888888888","48.856944444444444","10.0","51.0"
"Interest on this VC","Wines from extremely steep, terraced vineyards (70% slope) with low yields and high quality. The vineyards are characterised by many small plots with their own microclimates and different slate formations (red, blue and grey slate) and are habitats for rare animals such as the Apollo butterfly. Due to climate change, the comparatively warm slopes are heating up. The careful work of the winegrowers enhances the reputation of the wines and ensures a clear and unique style. They are distinguished from the rest of the Moselle wines by their mix of opulence and delicacy.","slate","http://www.wikidata.org/entity/Q207079","7.606388888888889","50.3655","10.0","51.0"
"Mountain landscape and reference chains","The reference mountain chain of this VC is Rhenish Massif. The reference mountain landscape of this VC is Winningen. Winningen is located on the Lower Moselle only about 10 km from Koblenz, where the Moselle flows into the Rhine. Many years ago, terraces were built by hand in order to cultivate vines on the extremely steep slopes. The terroir is characterised by Devonian slate of various formations and is mainly known as the home of powerful Riesling wines, which in the 19th century were as expensive as the top crus from Bordeaux and Burgundy.","reference, mountain, rhenish massif, landscape, lower moselle, koblenz, moselle, rhine, terroir, devonian, slate, riesling, bordeaux, burgundy","http://www.wikidata.org/entity/Q121769, http://www.wikidata.org/entity/Q8502, http://www.wikidata.org/entity/Q313834, http://www.wikidata.org/entity/Q107425, http://www.wikidata.org/entity/Q1795588, http://www.wikidata.org/entity/Q3104, http://www.wikidata.org/entity/Q1667, http://www.wikidata.org/entity/Q584, http://www.wikidata.org/entity/Q627003, http://www.wikidata.org/entity/Q65955, http://www.wikidata.org/entity/Q207079, http://www.wikidata.org/entity/Q456471, http://www.wikidata.org/entity/Q1479, http://www.wikidata.org/entity/Q1173","7.6","50.36666666666667","10.0","51.0"
"Key local assets","Winningen is located in a nature reserve. This winegrowing municipality has won several awards, making it one of the most beautiful villages in Germany. It is famous for the 'Moselfest', the oldest wine festival in Germany. About the LAU: 7137230.","germany, municipality, wine, festival","http://www.wikidata.org/entity/Q183, http://www.wikidata.org/entity/Q15284, http://www.wikidata.org/entity/Q282, http://www.wikidata.org/entity/Q132241","10.0","51.0","10.0","51.0"
"Challenges","The vineyards cannot be mechanised. For many wines produced there, apart from a few well-known wineries, no adequate prices are achieved in relation to the production effort. Organic viticulture is therefore not or hardly possible. Overall the type of challenge faced by this VC is Current. This VC is classified as Traditional and Innovative.","","","7.597777777777778","50.359722222222224","10.0","51.0"
"Innovation","The type of innovation of this VC is unspecified. For some years now, the municipality has been receiving more attention through the activities of the young generation of winemakers. In 2020, a young winemaker from Winningen was named Rising Star of the Year by Germany's most important wine guide. The innovation is related to New processes and New marketing strategies. The land use systems involved are Cropland and Vineyard area. The local assets include Natural and Cultural.","innovation, marketing","http://www.wikidata.org/entity/Q174165, http://www.wikidata.org/entity/Q39809","4.093055555555556","51.98083333333334","10.0","51.0"
"Geography and population","The size of the area (km2) is 6.65. The minimum altimetry of the LAU is 75. The maximum altimetry of the LAU is 210. The total population (in thousand) is 2.421. The population density (Inhabitants/km2) in the LAU is 364. The population change rate of the LAU in the last 10 years (%) has been -1.80%. The overall regional population density (Inhabitants/km2) is 185.61. The regional population change rate in the last 10 years (%) has been 0.50%.","population density","http://www.wikidata.org/entity/Q22856","4.5","47.0","10.0","51.0"
"Income and gross value added","The average per capita income (EUR/year) [NUTS3] is 34600. The total Gross Value Added (GVA) (EUR million/year) [NUTS3] is 6043.8. The primary sector share of total GVA/year [NUTS3] is 0.76%. The secondary sector share of total GVA/year [NUTS3] is 36.27%. The tertiary sector share of total GVA/year [NUTS3] is 62.96%. The per capita income (EUR/year) [NUTS2] is 34600. The total Gross Value Added (GVA) (EUR million/year) [NUTS2] is 45321.94. The primary sector share of total GVA/year [NUTS2] is 0.88%. The secondary sector share of total GVA/year [NUTS2] is 31.73%. The tertiary sector share of total GVA/year [NUTS2] is 67.38%.","gross value added, per capita income, year","http://www.wikidata.org/entity/Q994873, http://www.wikidata.org/entity/Q45918, http://www.wikidata.org/entity/Q577","9.14062","48.690958888888886","10.0","51.0"
"Tourism","The total number of bed places (BPs) in tourist accommodations/year in the LAU is 254. The regional (NUTS2) share of total BPs/year is unspecified. The number of agricultural holdings in the LAU is 706. The nearest settlement with population over 100000 (km) is 10.2. In this region protected areas are present.","","","7.605555555555556","50.36416666666667","10.0","51.0"
"Employment","The primary sector share of total employment/year [NUTS3] is 1.24%. The secondary sector share of total employment/year [NUTS3] is 26.80%. The tertiary sector share of total employment/year [NUTS3] is 71.95%. The primary sector share of total employment/year [NUTS2] is 1.40%. The secondary sector share of total employment/year [NUTS2] is 26.28%. The tertiary sector share of total employment/year [NUTS2] is 72.33%.","employment, year","http://www.wikidata.org/entity/Q656365, http://www.wikidata.org/entity/Q577","7.574179205322903","50.275157903972065","10.0","51.0"
"Concluding remarks","Comparable terraced vineyards can be found in particular on the Moselle and its tributaries the Saar and Ruwer. The most famous example is certainly the 'Calmont' in the village of Bremm, which is the steepest vineyard in Europe. In addition, terraces have also been created in other mountainous regions such as Baden, Rheingau and the Middle Rhine.","bremm, europe, moselle, rheingau, middle rhine","http://www.wikidata.org/entity/Q113378, http://www.wikidata.org/entity/Q46, http://www.wikidata.org/entity/Q1667, http://www.wikidata.org/entity/Q212376, http://www.wikidata.org/entity/Q571607","7.1177777777777775","50.10138888888889","10.0","51.0"
