title,description,objects,objectlinks,lon,lat,barycenter_lon,barycenter_lat
"Savoi- the Reconquest of the winemakers","The MOVING reference member state of this VC is France VINIDEA. The reference MOVING Card ID of this VC is VC 01 FR. Wine growing is the 2nd largest agricultural activity of Savoyard agriculture, after milk production. In Jongieux are located 6 commercial wine producers, making wine under Vins de Savoie Jongieux cru and Rousette de Savoie Marestel cru denomination. 5% of wine is exported and this number is growing. From 1999 the Association Coteuax Jongieux et Marestel is helping wine growers to reconstruct historical vineyards on the higher altitudes. Jongieux is attractive for wine and gastronomic tourists, it is the part of official touristic itinerary Route des Vins de Savoie.","france, wine, agriculture, milk, jongieux, savoie, number","http://www.wikidata.org/entity/Q142, http://www.wikidata.org/entity/Q282, http://www.wikidata.org/entity/Q11451, http://www.wikidata.org/entity/Q8495, http://www.wikidata.org/entity/Q753785, http://www.wikidata.org/entity/Q12745, http://www.wikidata.org/entity/Q11563","2.0","47.0","2.0","47.0"
"Interest on this VC","During the 20th century the surface area of Savoyard vineyards was drastically reducted. In the 2000-s new generations of vine growers started the reconquest, with the reconstruction of vineyards that have disappeared in the mountains and on the steepest slopes.","century","http://www.wikidata.org/entity/Q578","5.798333333333334","45.73888888888889","2.0","47.0"
"Mountain landscape and reference chains","The reference mountain chain of this VC is Rhône-Alpes. The reference mountain landscape of this VC is Jongieux. Jongieux is a commune in the Savoie department in the Auvergne-Rhône-Alpes region in south-eastern France. It is also a named cru of the Vin de Savoie appellation.The village of Jongieux lies 12km east of the town of Belley, on the western slopes of the Mont du Chat mountain ridge, overlooking the Rhône river. The vineyards of the appellation stretch up the mountainside, reaching altitudes as high as 500m above sea level.","france, belley, reference, mountain, rhône, landscape, jongieux, commune, savoie, auvergne, appellation, village, town, ridge","http://www.wikidata.org/entity/Q142, http://www.wikidata.org/entity/Q188496, http://www.wikidata.org/entity/Q121769, http://www.wikidata.org/entity/Q8502, http://www.wikidata.org/entity/Q602, http://www.wikidata.org/entity/Q107425, http://www.wikidata.org/entity/Q753785, http://www.wikidata.org/entity/Q517760, http://www.wikidata.org/entity/Q12745, http://www.wikidata.org/entity/Q1152, http://www.wikidata.org/entity/Q2858704, http://www.wikidata.org/entity/Q532, http://www.wikidata.org/entity/Q3957, http://www.wikidata.org/entity/Q740445","5.688055555555556","45.759166666666665","2.0","47.0"
"Key local assets","The village high quality produces wines from Altesse (unique local variety existing only on this territory) which are sold under the Roussette de Savoie appellation (specifically under the Marestel cru title). The highest slopes of coteaux Marestel above the village have excellent soil characteristics and mesoclimate for the late-ripening, low-yielding Altesse variety. About the LAU: 73140.","village, altesse, territory, appellation, soil","http://www.wikidata.org/entity/Q532, http://www.wikidata.org/entity/Q439808, http://www.wikidata.org/entity/Q183366, http://www.wikidata.org/entity/Q2858704, http://www.wikidata.org/entity/Q36133","6.333333333333333","45.583333333333336","2.0","47.0"
"Challenges","The main challenge was to reconstruct from zero the 25 ha of vineyard on the steep slope (50-60%) of the coteaux Marestel, historically known as a good spot for high quality wine production, which was abandoned due to the demographic dynamics of the 20Th century and due to the difficulties connected to the mountain wine production (manual work, steep slopes). Overall the type of challenge faced by this VC is Predicted. This VC is classified as Traditional.","vineyard, wine, century, mountain","http://www.wikidata.org/entity/Q22715, http://www.wikidata.org/entity/Q282, http://www.wikidata.org/entity/Q578, http://www.wikidata.org/entity/Q8502","3.3","45.7","2.0","47.0"
"Innovation","The type of innovation of this VC is unspecified. The innovation is related to the whole VC. The land use systems involved are Cropland and vineyards. The local assets include Natural and cultural.","innovation","http://www.wikidata.org/entity/Q174165","2.0555644191632148","47.04066866860445","2.0","47.0"
"Geography and population","The size of the area (km2) is 6.43. The minimum altimetry of the LAU is 226. The maximum altimetry of the LAU is 1128. The total population (in thousand) is 0.3. The population density (Inhabitants/km2) in the LAU is 45.6. The population change rate of the LAU in the last 10 years (%) has been -2.30%. The overall regional population density (Inhabitants/km2) is 152. The regional population change rate in the last 10 years (%) has been 7.90%.","population density","http://www.wikidata.org/entity/Q22856","1.936514606030098","46.98074992355921","2.0","47.0"
"Income and gross value added","The average per capita income (EUR/year) [NUTS3] is 20508. The total Gross Value Added (GVA) (EUR million/year) [NUTS3] is 13489.48. The primary sector share of total GVA/year [NUTS3] is 0.70%. The secondary sector share of total GVA/year [NUTS3] is 30.07%. The tertiary sector share of total GVA/year [NUTS3] is 69.20%. The per capita income (EUR/year) [NUTS2] is 27153. The total Gross Value Added (GVA) (EUR million/year) [NUTS2] is 202065.11. The primary sector share of total GVA/year [NUTS2] is 1.00%. The secondary sector share of total GVA/year [NUTS2] is 24.50%. The tertiary sector share of total GVA/year [NUTS2] is 74.40%.","gross value added, per capita income, year","http://www.wikidata.org/entity/Q994873, http://www.wikidata.org/entity/Q45918, http://www.wikidata.org/entity/Q577","2.0587504371205365","47.02947426558612","2.0","47.0"
"Tourism","The total number of bed places (BPs) in tourist accommodations/year in the LAU is 194386. The regional (NUTS2) share of total BPs/year is 7.70%. The number of agricultural holdings in the LAU is 20. The nearest settlement with population over 100000 (km) is 83. In this region protected areas are present.","number, bed, year","http://www.wikidata.org/entity/Q11563, http://www.wikidata.org/entity/Q42177, http://www.wikidata.org/entity/Q577","1.9187232908800316","47.06929026157244","2.0","47.0"
"Employment","The primary sector share of total employment/year [NUTS3] is 1.60%. The secondary sector share of total employment/year [NUTS3] is 17.80%. The tertiary sector share of total employment/year [NUTS3] is 80.60%. The primary sector share of total employment/year [NUTS2] is 2.00%. The secondary sector share of total employment/year [NUTS2] is 21.30%. The tertiary sector share of total employment/year [NUTS2] is 76.70%.","employment, year","http://www.wikidata.org/entity/Q656365, http://www.wikidata.org/entity/Q577","2.0172408728583764","46.98632601749137","2.0","47.0"
"Concluding remarks","","","","1.9497553468573756","47.0063100487803","2.0","47.0"
