title,description,objects,objectlinks,lon,lat,barycenter_lon,barycenter_lat
"Island Wine from Lipari, Aeolian Islands","The MOVING reference member state of this VC is ITALY VINIDEA. The reference MOVING Card ID of this VC is VC 29 IT. The viticultural activity on the island is performed by a small number of individual wine producers mostly concentrated on the production of sweet wine. As this type of wine is not easy to commercialise, an innovative wine producer decides to amplify his production introducing high quality dry wines. At the same time he implements a new marketing strategy leaning on the huge touristic flow in the area offering a possibility to stay in a modern wine resort and numerous tailor-made tasting and gastronomic experiences. The wine is distributed in the folowing main channels: private clients (tourists), e-commerce and export.","italy, number, wine, time, marketing, strategy, resort, tailor, e-commerce, export","http://www.wikidata.org/entity/Q38, http://www.wikidata.org/entity/Q11563, http://www.wikidata.org/entity/Q282, http://www.wikidata.org/entity/Q11471, http://www.wikidata.org/entity/Q39809, http://www.wikidata.org/entity/Q185451, http://www.wikidata.org/entity/Q875157, http://www.wikidata.org/entity/Q242468, http://www.wikidata.org/entity/Q484847, http://www.wikidata.org/entity/Q182722","12.5","42.5","12.5","42.5"
"Interest on this VC","High quality wines, value creation from the recuperation of traditional varieties (Corinto Nero) and viticultural techniques (alberello pruning system), active engagement of tourists as main consumers and ambassadors of the product in Italy and abroad, successful implementation of e-commerce and active use of export channel. Traditional wine produced in the island under the denomination 'Malvasia delle Lipari' is a sweet dessert wine from the dried Malvasia grapes The main actor of the VC introduced a range of high quality dry wines using Corinto Nero variety with was on the verge of the extinction. He also implemented new marketing strategies adressed to massive touristic flow on the island.","italy, system, engagement, implementation, e-commerce, export, wine, island, malvasia, dessert wine, actor, nero, extinction","http://www.wikidata.org/entity/Q38, http://www.wikidata.org/entity/Q58778, http://www.wikidata.org/entity/Q157512, http://www.wikidata.org/entity/Q245962, http://www.wikidata.org/entity/Q484847, http://www.wikidata.org/entity/Q182722, http://www.wikidata.org/entity/Q282, http://www.wikidata.org/entity/Q23442, http://www.wikidata.org/entity/Q1165349, http://www.wikidata.org/entity/Q1200945, http://www.wikidata.org/entity/Q33999, http://www.wikidata.org/entity/Q1413, http://www.wikidata.org/entity/Q123509","12.5","42.5","12.5","42.5"
"Mountain landscape and reference chains","The reference mountain chain of this VC is Aeolian Islands. The reference mountain landscape of this VC is Lipari. Lipari is the largest of a chain of the Aeolian islands in a volcanic archipelago situated in between Vesuvius and Etna in the Tyrrhenian Sea off the northern coast of Sicily, southern Italy. As a result of its volcanic origin, the island is covered with pumice and obsidian. From April till October the area receives an important touristic flow.","aeolian islands, tyrrhenian sea, sicily, italy, reference, mountain, landscape, archipelago, coast, pumice, obsidian","http://www.wikidata.org/entity/Q179883, http://www.wikidata.org/entity/Q38882, http://www.wikidata.org/entity/Q1460, http://www.wikidata.org/entity/Q38, http://www.wikidata.org/entity/Q121769, http://www.wikidata.org/entity/Q8502, http://www.wikidata.org/entity/Q107425, http://www.wikidata.org/entity/Q33837, http://www.wikidata.org/entity/Q93352, http://www.wikidata.org/entity/Q180044, http://www.wikidata.org/entity/Q53754","14.9","38.53333333333333","12.5","42.5"
"Key local assets","Key local assets involve mainly specific lanscape and scenary, sea resorts and unique geological formations as Kaolin Quarries which are attractive for tourists from Italy and abroad. The main resources for the local viticulture are the autochnotous grape varieties (Malvasia and Corinto Nero) and volcanic soils, having specific characteristics valuable for wine production. About the LAU: 83041.","italy, sea, kaolin, viticulture, grape, malvasia, wine","http://www.wikidata.org/entity/Q38, http://www.wikidata.org/entity/Q165, http://www.wikidata.org/entity/Q908663, http://www.wikidata.org/entity/Q253140, http://www.wikidata.org/entity/Q10978, http://www.wikidata.org/entity/Q1165349, http://www.wikidata.org/entity/Q282","12.5","42.5","12.5","42.5"
"Challenges","A common challenge for small island viticulture is the isolation from the main land which causes extremely high cost of production. Steep slopes and traditional type of pruning makes mechanization impractical and requires a lot of manual operations. Overall the type of challenge faced by this VC is Predicted. This VC is classified as Traditional and Innovative.","island, viticulture, mechanization","http://www.wikidata.org/entity/Q23442, http://www.wikidata.org/entity/Q253140, http://www.wikidata.org/entity/Q1160362","12.0","40.0","12.5","42.5"
"Innovation","The type of innovation of this VC is Endogenous and Exogenous. First innovation of this VC is the return to using of an abandoned autochtonous variety from the area, recuperated thanks to mass and clonal selection. Second innovation is the implementation of a high-level wine resort in the middle of the vineyards and offering a wide range of tasting and gastronomic activities. The innovation is related to New products and New marketing strategies. The land use systems involved are Cropland, natural land and Vineyard and other cultures in the area as olive trees and cappers. The local assets include Natural.","innovation, implementation, wine, resort, marketing, vineyard","http://www.wikidata.org/entity/Q174165, http://www.wikidata.org/entity/Q245962, http://www.wikidata.org/entity/Q282, http://www.wikidata.org/entity/Q875157, http://www.wikidata.org/entity/Q39809, http://www.wikidata.org/entity/Q22715","14.015377777777777","37.59995833333333","12.5","42.5"
"Geography and population","The size of the area (km2) is 89.72. The minimum altimetry of the LAU is 0. The maximum altimetry of the LAU is 602. The total population (in thousand) is 12.5. The population density (Inhabitants/km2) in the LAU is 139.04. The population change rate of the LAU in the last 10 years (%) has been 1070%. The overall regional population density (Inhabitants/km2) is 189. The regional population change rate in the last 10 years (%) has been -3.30%.","population density","http://www.wikidata.org/entity/Q22856","12.573777117208763","42.46969140407611","12.5","42.5"
"Income and gross value added","The average per capita income (EUR/year) [NUTS3] is 9915. The total Gross Value Added (GVA) (EUR million/year) [NUTS3] is 10300.8. The primary sector share of total GVA/year [NUTS3] is 2.40%. The secondary sector share of total GVA/year [NUTS3] is 12.50%. The tertiary sector share of total GVA/year [NUTS3] is 85.10%. The per capita income (EUR/year) [NUTS2] is 9119. The total Gross Value Added (GVA) (EUR million/year) [NUTS2] is 80077.2. The primary sector share of total GVA/year [NUTS2] is 4.10%. The secondary sector share of total GVA/year [NUTS2] is 12.50%. The tertiary sector share of total GVA/year [NUTS2] is 83.40%.","gross value added, per capita income, year","http://www.wikidata.org/entity/Q994873, http://www.wikidata.org/entity/Q45918, http://www.wikidata.org/entity/Q577","12.4827454625303","42.4246139502354","12.5","42.5"
"Tourism","The total number of bed places (BPs) in tourist accommodations/year in the LAU is 6203. The regional (NUTS2) share of total BPs/year is 4.10%. The number of agricultural holdings in the LAU is 6129. The nearest settlement with population over 100000 (km) is 84. In this region protected areas are present.","number, bed, year","http://www.wikidata.org/entity/Q11563, http://www.wikidata.org/entity/Q42177, http://www.wikidata.org/entity/Q577","12.595065719838916","42.49172549521604","12.5","42.5"
"Employment","The primary sector share of total employment/year [NUTS3] is 5.70%. The secondary sector share of total employment/year [NUTS3] is 13.90%. The tertiary sector share of total employment/year [NUTS3] is 80.40%. The primary sector share of total employment/year [NUTS2] is 7.80%. The secondary sector share of total employment/year [NUTS2] is 13.70%. The tertiary sector share of total employment/year [NUTS2] is 78.50%.","employment, year","http://www.wikidata.org/entity/Q656365, http://www.wikidata.org/entity/Q577","12.563124899338089","42.5441322292967","12.5","42.5"
"Concluding remarks","","","","12.540317689961748","42.41225326476633","12.5","42.5"
