title,description,objects,objectlinks,lon,lat,barycenter_lon,barycenter_lat
"Volcanic Wine (Sicily-Etna)","The MOVING reference member state of this VC is ITALY VINIDEA. The reference MOVING Card ID of this VC is VC 30 IT. Local producers were able to add value to their products, selling most of their wines to tourists at cellar gate, and consituting a basket of products of the territory that are sold together in winery and local shops.","reference, italy","http://www.wikidata.org/entity/Q121769, http://www.wikidata.org/entity/Q38","12.5","42.5","12.5","42.5"
"Interest on this VC","very successful development of mountain viticulture (400-800 m.s.l.), value creation on traditional grape varieties (nerello Mascarese), strong appellation identity (Vini Etna DOC), integration with turism of the area. success story of mountain viticulture, complementary with other agriculture value chains (olive oil, saffron, pistachio), and very well integrated with turism of the area.","viticulture, nerello, olive oil","http://www.wikidata.org/entity/Q253140, http://www.wikidata.org/entity/Q17100699, http://www.wikidata.org/entity/Q93165","12.441436386014301","42.44146786428321","12.5","42.5"
"Mountain landscape and reference chains","The reference mountain chain of this VC is 0. The reference mountain landscape of this VC is CASTIGLIONE DI SICILIA. The municipality of Castiglione di Sicilia is the biggest of the Etna area, where are placed than 70% of the Etna wineries.","reference, mountain, landscape","http://www.wikidata.org/entity/Q121769, http://www.wikidata.org/entity/Q8502, http://www.wikidata.org/entity/Q107425","12.463699210662723","42.41189351595352","12.5","42.5"
"Key local assets","The 3500 altitude Etna volcan - sometimes in active eruption - attract great number of turists from all over the world. The local farmers were able to hook up on turism offering visitors a larger and more complete experience of discovery of the territory and its productions. About the LAU: 87014.","","","12.444844983142888","42.466123660201504","12.5","42.5"
"Challenges","In the '90ies several well established Sicilian wineries (Franchetti, Tasca d'Almerita, Donna Fugata, Planeta etc.) bought vineyard lots, started producing and promoting the Etna wines on the domestic and international market were they were already present. The increased value and reputation of Etna wines fostered several vinegrowers to produce commercial wine, and farmers to plant vineyard. Nowadays, Etna vineyard is composed by 1100 hectars cultivated by 140 wineries, and became an essetial component of the Etna economy. Overall the type of challenge faced by this VC is Current. This VC is classified as Traditional and Innovative.","vineyard, wine, plant, economy","http://www.wikidata.org/entity/Q22715, http://www.wikidata.org/entity/Q282, http://www.wikidata.org/entity/Q756, http://www.wikidata.org/entity/Q159810","12.509415705031394","42.46542462160982","12.5","42.5"
"Innovation","The type of innovation of this VC is Endogenous and Exogenous. The main original innovation was the deepen understand of the agronomical traits of the main local variety Nerello Mascarese, and its adaptation to volcanic soils and mountain climate, thanks to the knowledge brought by the experienced wineries from outside the region. Later, the use of oak wood casks for Nerello fining, was optimzing the intrinsec quality of the red wines. In the last 15 years took place an increasing adoption of organic, biodynamic, natural, and quantic standards for production. An active consortium Vini Etna DOC and an institutional Enoteca Regionale, respectively for control of origin and typicity and for promotion of the appalletion wine, synergically support the marketing activities of the private enterprises. The innovation is related to New processes, New marketing strategies and New governance systems. The land use systems involved are Natural land and olive trees (local variety biancolillo), hazelnut, pistachio, saffron. The local assets include Natural.","innovation, nerello, mountain, climate, knowledge, wood, adoption, enoteca, typicity, marketing, governance, hazelnut, saffron","http://www.wikidata.org/entity/Q174165, http://www.wikidata.org/entity/Q17100699, http://www.wikidata.org/entity/Q8502, http://www.wikidata.org/entity/Q7937, http://www.wikidata.org/entity/Q9081, http://www.wikidata.org/entity/Q287, http://www.wikidata.org/entity/Q180472, http://www.wikidata.org/entity/Q1343638, http://www.wikidata.org/entity/Q7861382, http://www.wikidata.org/entity/Q39809, http://www.wikidata.org/entity/Q1553864, http://www.wikidata.org/entity/Q578307, http://www.wikidata.org/entity/Q25434","12.57825371960362","42.41385151876488","12.5","42.5"
"Geography and population","The size of the area (km2) is 118.9. The minimum altimetry of the LAU is 65. The maximum altimetry of the LAU is 3319. The total population (in thousand) is 3.063. The population density (Inhabitants/km2) in the LAU is 25.76. The population change rate of the LAU in the last 10 years (%) has been -9.40%. The overall regional population density (Inhabitants/km2) is 188.73. The regional population change rate in the last 10 years (%) has been -3.30%.","population density","http://www.wikidata.org/entity/Q22856","12.479362810938321","42.51782301341885","12.5","42.5"
"Income and gross value added","The average per capita income (EUR/year) [NUTS3] is 7868. The total Gross Value Added (GVA) (EUR million/year) [NUTS3] is 18239. The primary sector share of total GVA/year [NUTS3] is 3.20%. The secondary sector share of total GVA/year [NUTS3] is 14.10%. The tertiary sector share of total GVA/year [NUTS3] is 82.70%. The per capita income (EUR/year) [NUTS2] is 9119. The total Gross Value Added (GVA) (EUR million/year) [NUTS2] is 80077. The primary sector share of total GVA/year [NUTS2] is 4.10%. The secondary sector share of total GVA/year [NUTS2] is 12.50%. The tertiary sector share of total GVA/year [NUTS2] is 83.42%.","gross value added, per capita income, year","http://www.wikidata.org/entity/Q994873, http://www.wikidata.org/entity/Q45918, http://www.wikidata.org/entity/Q577","12.452161737773993","42.46299425650399","12.5","42.5"
"Tourism","The total number of bed places (BPs) in tourist accommodations/year in the LAU is 12402. The regional (NUTS2) share of total BPs/year is 5.56%. The number of agricultural holdings in the LAU is 153503. The nearest settlement with population over 100000 (km) is 56. In this region protected areas are present.","number, bed, year","http://www.wikidata.org/entity/Q11563, http://www.wikidata.org/entity/Q42177, http://www.wikidata.org/entity/Q577","12.520419919868369","42.47526329298861","12.5","42.5"
"Employment","The primary sector share of total employment/year [NUTS3] is unspecified. The secondary sector share of total employment/year [NUTS3] is unspecified. The tertiary sector share of total employment/year [NUTS3] is unspecified. The primary sector share of total employment/year [NUTS2] is 11.03%. The secondary sector share of total employment/year [NUTS2] is 16.99%. The tertiary sector share of total employment/year [NUTS2] is 71.98%.","employment, year","http://www.wikidata.org/entity/Q656365, http://www.wikidata.org/entity/Q577","12.438080776590093","42.54132815781931","12.5","42.5"
"Concluding remarks","","","","12.519017822591195","42.567782764719276","12.5","42.5"
