title,description,objects,objectlinks,lon,lat,barycenter_lon,barycenter_lat
"Central Appenninian (Abruzzo)","The MOVING reference member state of this VC is ITALY VINIDEA. The reference MOVING Card ID of this VC is VC 37 IT.","reference, italy","http://www.wikidata.org/entity/Q121769, http://www.wikidata.org/entity/Q38","12.5","42.5","12.5","42.5"
"Interest on this VC","Viticulture was the principal culture of the mountain area in the past, then almost abandoned and presently we assist to a revival of the VC Climate change is giving this area some advantages, improving conditions for production of high quality grapes. Warmer average temperatures allow perfect maturation of the late harvest red varieties, but mountain environment keeps large temperature day-night excursion, for optimal aroma and color development. Together with one single producer who did not abandon the area, new vineyard settlements are observed, from investments of well established wine brands of the same region or from other sectors. Meanwhile, tourism in the region is increasing. The area is representative of many that had important viticulture lately almost abandoned but now rediscovered with retro-innovative solution.","viticulture, mountain, past, vineyard, wine","http://www.wikidata.org/entity/Q253140, http://www.wikidata.org/entity/Q8502, http://www.wikidata.org/entity/Q192630, http://www.wikidata.org/entity/Q22715, http://www.wikidata.org/entity/Q282","12.404762864297764","42.53634456631197","12.5","42.5"
"Mountain landscape and reference chains","The reference mountain chain of this VC is 0. The reference mountain landscape of this VC is OFENA. In the Ofena basin and the sorrounding areas (350-550 m altitude), some hundred hectars of vineyards were recently planted by prestigious wineries of the coastal region (i.e. Masciarelli, Pasetti, Marramiero, Chiusagrande), joining their production to the historical properties like Cataldi Madonna and Gentili (now InAlto owned by the De Cecco pasta manufacturer). The area is raising increasing attention by the local and specialized press.","ofena, madonna","http://www.wikidata.org/entity/Q50113, http://www.wikidata.org/entity/Q1744","13.759722222222223","42.32666666666667","12.5","42.5"
"Key local assets","the wine area is at the margin of Gran Sasso National Park and on the trekking path of Transumanza (tratturi), with a phenomenon of increasing turism. Together with wine, the region offers typical products like safron (di Navelli), the cheese Canestrato di Castel del Monte;. About the LAU: 66060.","wine, transumanza, phenomenon, navelli, cheese, canestrato","http://www.wikidata.org/entity/Q282, http://www.wikidata.org/entity/Q17137969, http://www.wikidata.org/entity/Q483247, http://www.wikidata.org/entity/Q50111, http://www.wikidata.org/entity/Q10943, http://www.wikidata.org/entity/Q3655317","13.729611111111112","42.23721111111111","12.5","42.5"
"Challenges","The only technical challenge is same water shortage in the summer, when daily temperatures can overcome 40 C. Some social issues linked to the scarcity of local workforce due to depopulation of the mountain region, brought the main wineries to make use of worker cooperatives, thus reducing the positive impact of the value chain on the local economy. Overall the type of challenge faced by this VC is Current. This VC is classified as Traditional and Innovative.","water, shortage, summer, value chain","http://www.wikidata.org/entity/Q283, http://www.wikidata.org/entity/Q1337691, http://www.wikidata.org/entity/Q1313, http://www.wikidata.org/entity/Q646107","12.493190394722077","42.59144628397169","12.5","42.5"
"Innovation","The type of innovation of this VC is unspecified. Alternate row spontaneous cover crop in the vineyard, and reductive winemaking are the main innovative techniques introduced upon the traditional processes. Important investments in visitor reception (wine shop at the winery open every day) and in initiative to increase interest and liability of clients (special events, dinners restricted to best clients ecc.) were able to increase sales at cellar gate to almost 30% for the winery Cataldi Madonna. The innovation is related to New processes and New marketing strategies. The land use systems involved are Grassland Natural land. The local assets include Natural.","innovation, cover crop, vineyard, winemaking, visitor, wine, winery, day, interest, sales, gate, madonna, marketing, grassland","http://www.wikidata.org/entity/Q174165, http://www.wikidata.org/entity/Q3001783, http://www.wikidata.org/entity/Q22715, http://www.wikidata.org/entity/Q213376, http://www.wikidata.org/entity/Q12644761, http://www.wikidata.org/entity/Q282, http://www.wikidata.org/entity/Q156362, http://www.wikidata.org/entity/Q573, http://www.wikidata.org/entity/Q170924, http://www.wikidata.org/entity/Q194189, http://www.wikidata.org/entity/Q53060, http://www.wikidata.org/entity/Q1744, http://www.wikidata.org/entity/Q39809, http://www.wikidata.org/entity/Q1006733","12.417491979509034","42.51299914634037","12.5","42.5"
"Geography and population","The size of the area (km2) is 36.9. The minimum altimetry of the LAU is 349. The maximum altimetry of the LAU is 1756. The total population (in thousand) is 0.438. The population density (Inhabitants/km2) in the LAU is 11.87. The population change rate of the LAU in the last 10 years (%) has been -24.00%. The overall regional population density (Inhabitants/km2) is 58.41. The regional population change rate in the last 10 years (%) has been -5.00%.","population density","http://www.wikidata.org/entity/Q22856","12.472523443150763","42.57090414818988","12.5","42.5"
"Income and gross value added","The average per capita income (EUR/year) [NUTS3] is 8142. The total Gross Value Added (GVA) (EUR million/year) [NUTS3] is 6767. The primary sector share of total GVA/year [NUTS3] is 16.60%. The secondary sector share of total GVA/year [NUTS3] is 16.66%. The tertiary sector share of total GVA/year [NUTS3] is 76.20%. The per capita income (EUR/year) [NUTS2] is 11955. The total Gross Value Added (GVA) (EUR million/year) [NUTS2] is 29687.6. The primary sector share of total GVA/year [NUTS2] is 3.00%. The secondary sector share of total GVA/year [NUTS2] is 25.80%. The tertiary sector share of total GVA/year [NUTS2] is 71.10%.","gross value added, per capita income, year","http://www.wikidata.org/entity/Q994873, http://www.wikidata.org/entity/Q45918, http://www.wikidata.org/entity/Q577","12.560904832271817","42.560544750674985","12.5","42.5"
"Tourism","The total number of bed places (BPs) in tourist accommodations/year in the LAU is 12097. The regional (NUTS2) share of total BPs/year is 2.22%. The number of agricultural holdings in the LAU is 43098. The nearest settlement with population over 100000 (km) is 48. In this region protected areas are present.","number, bed, year","http://www.wikidata.org/entity/Q11563, http://www.wikidata.org/entity/Q42177, http://www.wikidata.org/entity/Q577","12.572448170010983","42.428698008177044","12.5","42.5"
"Employment","The primary sector share of total employment/year [NUTS3] is 4.67%. The secondary sector share of total employment/year [NUTS3] is 22.90%. The tertiary sector share of total employment/year [NUTS3] is 72.30%. The primary sector share of total employment/year [NUTS2] is 4.10%. The secondary sector share of total employment/year [NUTS2] is 26.60%. The tertiary sector share of total employment/year [NUTS2] is 69.30%.","employment, year","http://www.wikidata.org/entity/Q656365, http://www.wikidata.org/entity/Q577","12.560774564949238","42.426177111517944","12.5","42.5"
"Concluding remarks","","","","12.59008091419947","42.585134985619995","12.5","42.5"
