title,description,objects,objectlinks,lon,lat,barycenter_lon,barycenter_lat
"Honey in Maleshevija (North Macedonia)","The MOVING reference member state of this VC is NMK. The reference MOVING Card ID of this VC is VC 02 NMK. Key actors dealing with honey in Maleshevija and the kew brands: a) Pcelarstvo Bobolibbksi b) Shumi Med c) Maleshevski Med d) Pcelarstvo Radinski. There is a big number of private individuals/families engaged in producing and selling honey, next to few businesses.","","","22.988368055555554","41.718275","21.716669444444445","41.65"
"Interest on this VC","High quality products, which are produced in a very cleaned environment, such as Maleshevija mountains. Beyond the traditional usage of honey, nowadays it is used in different final products, such as in pharmacy, cosmetics, consumer goods etc. As an ingredients as well as for taste/ flavor.","honey, pharmacy, cosmetics, goods","http://www.wikidata.org/entity/Q10987, http://www.wikidata.org/entity/Q614304, http://www.wikidata.org/entity/Q131207, http://www.wikidata.org/entity/Q28877","22.643055555555556","41.4375","21.716669444444445","41.65"
"Mountain landscape and reference chains","The reference mountain chain of this VC is Mountain Meleshevija. The reference mountain landscape of this VC is unspecified. Maleshevski mountains are located in the eastern part of the Republic of North Macedonia. The are covers the municipalities of Berovo and Pehchevo, and is characterized with the natural and cultural wealth. Two rivers cross the region, Bregalnica and Strumica. Forests covers 52% of the Maleshevija region, while pastures around 20%.","republic, berovo, bregalnica, strumica","http://www.wikidata.org/entity/Q7270, http://www.wikidata.org/entity/Q827047, http://www.wikidata.org/entity/Q849296, http://www.wikidata.org/entity/Q48814","22.85639","41.707835","21.716669444444445","41.65"
"Key local assets","The unique relief, landscape, flora and fauna in Maleshevija. The traditional way of life and culture in the region. LAU is unspecified","","","22.889374366837725","41.64677329266854","21.716669444444445","41.65"
"Challenges","Production of honey is very variable and depends mainly on climate change. Global climate change, environmental pollution, the decrease in natural lands under human pressure weaken the bees and make them more vulnerable to diseases. Chemicals used sometimes wrongly and needlessly, by farmers and beekeepers, excessive and unnecessary treatment of the hive/colony, are threating the honey in Maleshevija mountain. Overall the type of challenge faced by this VC is Current and Predicted. This VC is classified as Traditional and Innovative.","honey, climate, colony, mountain","http://www.wikidata.org/entity/Q10987, http://www.wikidata.org/entity/Q7937, http://www.wikidata.org/entity/Q133156, http://www.wikidata.org/entity/Q8502","22.91522193045127","41.70164177670973","21.716669444444445","41.65"
"Innovation","The type of innovation of this VC is Endogenous. Honey is used in different final innovative products (in diffret industries). The innovation is related to New products, New processes and New marketing strategies. The land use systems involved are Grassland, Forestry and Natural land. The local assets include Social and cultural.","innovation, honey, marketing, grassland","http://www.wikidata.org/entity/Q174165, http://www.wikidata.org/entity/Q10987, http://www.wikidata.org/entity/Q39809, http://www.wikidata.org/entity/Q1006733","22.917146475453315","41.62852340928812","21.716669444444445","41.65"
"Geography and population","The size of the area (km2) is 806. The minimum altimetry of the LAU is 660. The maximum altimetry of the LAU is 1932. The total population (in thousand) is 174.341. The population density (Inhabitants/km2) in the LAU is 49.3. The population change rate of the LAU in the last 10 years (%) has been -3.00%. The overall regional population density (Inhabitants/km2) is 83.4. The regional population change rate in the last 10 years (%) has been 1.20%.","population density","http://www.wikidata.org/entity/Q22856","22.75710384643398","41.704002931807416","21.716669444444445","41.65"
"Income and gross value added","The average per capita income (EUR/year) [NUTS3] is 5056. The total Gross Value Added (GVA) (EUR million/year) [NUTS3] is 769. The primary sector share of total GVA/year [NUTS3] is 9.80%. The secondary sector share of total GVA/year [NUTS3] is 45.60%. The tertiary sector share of total GVA/year [NUTS3] is 44.53%. The per capita income (EUR/year) [NUTS2] is 5175. The total Gross Value Added (GVA) (EUR million/year) [NUTS2] is 9332. The primary sector share of total GVA/year [NUTS2] is 9.75%. The secondary sector share of total GVA/year [NUTS2] is 27.70%. The tertiary sector share of total GVA/year [NUTS2] is 62.50%.","gross value added, per capita income, year","http://www.wikidata.org/entity/Q994873, http://www.wikidata.org/entity/Q45918, http://www.wikidata.org/entity/Q577","22.765925201814053","41.65579814570015","21.716669444444445","41.65"
"Tourism","The total number of bed places (BPs) in tourist accommodations/year in the LAU is 2088. The regional (NUTS2) share of total BPs/year is unspecified. The number of agricultural holdings in the LAU is 26003. The nearest settlement with population over 100000 (km) is unspecified. In this region protected areas are present.","number, bed, year","http://www.wikidata.org/entity/Q11563, http://www.wikidata.org/entity/Q42177, http://www.wikidata.org/entity/Q577","22.79932251224382","41.80271658835285","21.716669444444445","41.65"
"Employment","The primary sector share of total employment/year [NUTS3] is unspecified. The secondary sector share of total employment/year [NUTS3] is unspecified. The tertiary sector share of total employment/year [NUTS3] is unspecified. The primary sector share of total employment/year [NUTS2] is 16.20%. The secondary sector share of total employment/year [NUTS2] is 30.50%. The tertiary sector share of total employment/year [NUTS2] is 53.30%.","employment, year","http://www.wikidata.org/entity/Q656365, http://www.wikidata.org/entity/Q577","22.816802317472217","41.79456454666597","21.716669444444445","41.65"
"Concluding remarks","Given that honey is a usual product, it is also present in other Member States.","honey","http://www.wikidata.org/entity/Q10987","22.78489573518925","41.78713031788188","21.716669444444445","41.65"
