title,description,objects,objectlinks,lon,lat,barycenter_lon,barycenter_lat
"Berries - NTFP","The MOVING reference member state of this VC is NMK. The reference MOVING Card ID of this VC is VC 04 NMK. Key actors dealing with berrries in Maleshevija : a) Agro Maks b) Balivski c) Emilija Pehcheva d) Krstovski Gjorgji There are many private individuals/families leaving in the region of Maleshevija, who are engaged in producing and selling honey, next to few businesses.","reference","http://www.wikidata.org/entity/Q121769","22.988368055555554","41.718275","21.716669444444445","41.65"
"Interest on this VC","Berries, as a NTFP product, have a big potential in the region of Maleshevija. This product has a good potential to involve local collectors through clear tenured rights, better collection methods, capacity development, infrastructure and institutional support in near future. The Maleshevski mountain offers very good condition for further development of berries, including Jams and juices produced from different types of berries (wild strawberry; blue berry; red raspberry; black berry). Berries are natural, healthy and wild products with big potential in the Meleshevski mountains. Jams and juices are produced from different types of NTFP in the region of Maleshevija (wild strawberrry; blue berry; red raspberry; black berry, plum's jams) contributing thus to rural families in that region, who are involved in such activities.","potential, rights, infrastructure, future, mountain, raspberry","http://www.wikidata.org/entity/Q1202245, http://www.wikidata.org/entity/Q780687, http://www.wikidata.org/entity/Q121359, http://www.wikidata.org/entity/Q344, http://www.wikidata.org/entity/Q8502, http://www.wikidata.org/entity/Q13179","22.643055555555556","41.4375","21.716669444444445","41.65"
"Mountain landscape and reference chains","The reference mountain chain of this VC is Mountain Meleshevija. The reference mountain landscape of this VC is unspecified. Maleshevski mountains are located in the eastern part of the Republic of North Macedonia. The are covers the municipalities of Berovo and Pehchevo, and is characterized with the natural and cultural wealth. Two rivers cross the region, Bregalnica and Strumica. Forests covers 52% of the Maleshevija region, while pastures around 20%.","republic, berovo, bregalnica, strumica","http://www.wikidata.org/entity/Q7270, http://www.wikidata.org/entity/Q827047, http://www.wikidata.org/entity/Q849296, http://www.wikidata.org/entity/Q48814","22.85639","41.707835","21.716669444444445","41.65"
"Key local assets","In the mountain of Maleshevo there are identified more than 300 medicine herbs and forest berries. A very big potential offers Maleshevski Mountain for collecting berries. LAU is unspecified","mountain, medicine, forest, potential","http://www.wikidata.org/entity/Q8502, http://www.wikidata.org/entity/Q11190, http://www.wikidata.org/entity/Q4421, http://www.wikidata.org/entity/Q1202245","22.908412382371953","41.76533709330269","21.716669444444445","41.65"
"Challenges","Harvesting is often done in a non-sustainable manner, careless about the resource, one due to the lack of training, and second due to the competition among harvesters to get quantity over quality. Buyout values quantity and rarely quality. Buyout is often done via informal (illegal) buyout channels, thus it involves several middlemen. The buyout prices are generally low. The stakeholders are disorganized, though some efforts of organization exist. Overall the type of challenge faced by this VC is Current and Predicted. This VC is classified as Traditional and Innovative.","buyout","http://www.wikidata.org/entity/Q3647770","22.7920781734099","41.65644904185598","21.716669444444445","41.65"
"Innovation","The type of innovation of this VC is unspecified. The usage of new and high technology for processing this product. The innovation is related to the whole VC. The land use systems involved are Forestry and Natural land. The local assets include Natural, social and cultural.","innovation","http://www.wikidata.org/entity/Q174165","22.77550030563042","41.620461829211564","21.716669444444445","41.65"
"Geography and population","The size of the area (km2) is 806. The minimum altimetry of the LAU is 660. The maximum altimetry of the LAU is 1932. The total population (in thousand) is 174.341. The population density (Inhabitants/km2) in the LAU is 49.3. The population change rate of the LAU in the last 10 years (%) has been -3.00%. The overall regional population density (Inhabitants/km2) is 83.4. The regional population change rate in the last 10 years (%) has been 1.20%.","population density","http://www.wikidata.org/entity/Q22856","22.91548829808887","41.675676649417824","21.716669444444445","41.65"
"Income and gross value added","The average per capita income (EUR/year) [NUTS3] is 5056. The total Gross Value Added (GVA) (EUR million/year) [NUTS3] is 769. The primary sector share of total GVA/year [NUTS3] is 9.80%. The secondary sector share of total GVA/year [NUTS3] is 45.60%. The tertiary sector share of total GVA/year [NUTS3] is 44.53%. The per capita income (EUR/year) [NUTS2] is 5175. The total Gross Value Added (GVA) (EUR million/year) [NUTS2] is 9332. The primary sector share of total GVA/year [NUTS2] is 9.75%. The secondary sector share of total GVA/year [NUTS2] is 27.70%. The tertiary sector share of total GVA/year [NUTS2] is 62.50%.","gross value added, per capita income, year","http://www.wikidata.org/entity/Q994873, http://www.wikidata.org/entity/Q45918, http://www.wikidata.org/entity/Q577","22.778092320612732","41.61666207862929","21.716669444444445","41.65"
"Tourism","The total number of bed places (BPs) in tourist accommodations/year in the LAU is 2088. The regional (NUTS2) share of total BPs/year is unspecified. The number of agricultural holdings in the LAU is 26003. The nearest settlement with population over 100000 (km) is unspecified.","number, bed, year","http://www.wikidata.org/entity/Q11563, http://www.wikidata.org/entity/Q42177, http://www.wikidata.org/entity/Q577","22.934810909030396","41.71903086229293","21.716669444444445","41.65"
"Employment","The primary sector share of total employment/year [NUTS3] is unspecified. The secondary sector share of total employment/year [NUTS3] is unspecified. The tertiary sector share of total employment/year [NUTS3] is unspecified. The primary sector share of total employment/year [NUTS2] is 16.20%. The secondary sector share of total employment/year [NUTS2] is 30.50%. The tertiary sector share of total employment/year [NUTS2] is 53.30%.","employment, year","http://www.wikidata.org/entity/Q656365, http://www.wikidata.org/entity/Q577","22.84308655073992","41.744487385159914","21.716669444444445","41.65"
"Concluding remarks","The VC is also present in the Member States.","","","22.763933091376334","41.79433181496636","21.716669444444445","41.65"
