title,description,objects,objectlinks,lon,lat,barycenter_lon,barycenter_lat
"Bio vom Berg (translated: Organic products from mountain areas)","The MOVING reference member state of this VC is AUSTRIA. The reference MOVING Card ID of this VC is VC 19 AT. The cooperative provides an income basis for the mountain farmers which is also of importance regarding the multifunctionality of the mountain landscape, which has value for tourism and also for the identity (organic products from the region). At the same time there is an investment in the development of new products as well as the cultivation of unusual crops in regard to mountain regions (unusual regards the economic feasibility). Premium products are used to cross-finance less profitable products. The supermarket chain M-Preis is an exclusive partner for the marketing of the products of BioAlpin and has also an important role for the product development. All in all this VC helps to increase the resilience of the farmers and the associated SES.","austria, cooperative, mountain, importance, landscape, tourism, time, investment, finance, supermarket, marketing, role","http://www.wikidata.org/entity/Q40, http://www.wikidata.org/entity/Q4539, http://www.wikidata.org/entity/Q8502, http://www.wikidata.org/entity/Q16886469, http://www.wikidata.org/entity/Q107425, http://www.wikidata.org/entity/Q49389, http://www.wikidata.org/entity/Q11471, http://www.wikidata.org/entity/Q4290, http://www.wikidata.org/entity/Q43015, http://www.wikidata.org/entity/Q180846, http://www.wikidata.org/entity/Q39809, http://www.wikidata.org/entity/Q214339","14.0","48.0","14.0","48.0"
"Interest on this VC","Bio vom Berg is a Tyrolian brand owned by a cooperative (BioAlpin e.G.) of about 600 farmers and small-scale food processors (bakery, alpine dairy). The aim of the cooperative is to support small farmers and mountain farmers to run their farms in an economically decent way as well as to support organic farming and thus help to sustain the cultural landscape. Besides traditional products they provide premium products and products that are not typical to be produced in mountain regions. They have a close cooperation with the regional supermarket chain M-Preis. The aim of the cooperative is to support small farmers and mountain farmers to run their farms in an economically decent way as well as to support organic farming and thus help to sustain the cultural landscape. The farmers try to provide a complementary set of products in order to avoid over production and therefore decreases in prices. Another aim of these efforts is to increase the diversity of products. Revenue from premium products (like different sorts of cheese) are invested in the development of new products (such as beer) and in the development of for mountain regions untypical and unprofitable products (such as grain). They have a close partnership at eye level with the Tyrolian supermarket chain M-Preis that also invest in product development of BioAlpin.","cooperative, mountain, landscape","http://www.wikidata.org/entity/Q4539, http://www.wikidata.org/entity/Q8502, http://www.wikidata.org/entity/Q107425","14.05388713700669","47.95576082769759","14.0","48.0"
"Mountain landscape and reference chains","The reference mountain chain of this VC is RR 11, Austrian Alps. The reference mountain landscape of this VC is NUTS 2: AT 33. There s no single MRL, but several engaged in this initiative.","alps, reference, mountain, landscape","http://www.wikidata.org/entity/Q1286, http://www.wikidata.org/entity/Q121769, http://www.wikidata.org/entity/Q8502, http://www.wikidata.org/entity/Q107425","10.0","46.0","14.0","48.0"
"Key local assets","On the one side the cooperative BioAlpin helps that farmers from the cooperative having a better income and improved marketing options. On the other side the landscape and the small size of mountain farms is an important asset for BioAlpin to promote regional, organic products in Tyrol. The cooperation among farmers as well as the cooperation with M-Preis at eye-level allows knowledge transfer and innovation. Traditional knowledge as well as innovation plays a crucial role for BioAlpin. About the LAU: LAU 1 not used in Austria for this VC NUTS 3.","austria, cooperative, marketing, landscape, mountain, asset, cooperation, eye, knowledge, innovation, role","http://www.wikidata.org/entity/Q40, http://www.wikidata.org/entity/Q4539, http://www.wikidata.org/entity/Q39809, http://www.wikidata.org/entity/Q107425, http://www.wikidata.org/entity/Q8502, http://www.wikidata.org/entity/Q46737, http://www.wikidata.org/entity/Q380962, http://www.wikidata.org/entity/Q7364, http://www.wikidata.org/entity/Q9081, http://www.wikidata.org/entity/Q174165, http://www.wikidata.org/entity/Q214339","14.0","48.0","14.0","48.0"
"Challenges","Mountain farmers struggle having enough income for their produce the cooperative gives them a structure for a better marketing and income. Climate change is a challenge for vegetable/fruit farmers in regard the increasing heat (and heat waves) and thus for irrigation. For pasture farms climate change regards mostly biodiversity and is a logistically challenge because of the prolongation of the summer grazing period. Overall the type of challenge faced by this VC is Current and Predicted. This VC is classified as Traditional and Innovative.","vegetable, fruit, heat, irrigation, pasture, climate, biodiversity, prolongation, summer, grazing","http://www.wikidata.org/entity/Q11004, http://www.wikidata.org/entity/Q1364, http://www.wikidata.org/entity/Q44432, http://www.wikidata.org/entity/Q11453, http://www.wikidata.org/entity/Q30121, http://www.wikidata.org/entity/Q7937, http://www.wikidata.org/entity/Q47041, http://www.wikidata.org/entity/Q7249641, http://www.wikidata.org/entity/Q1313, http://www.wikidata.org/entity/Q3239189","14.004176838421746","47.90333603400689","14.0","48.0"
"Innovation","The type of innovation of this VC is Endogenous and Exogenous. Bio vom Berg exists since 2002 as a brand of the BioAlpin cooperative. This cooperative allows democratic decision making, coordination of the production and the development of new products in order to secure the income of the farmers. The innovation is related to New products, New processes, New marketing strategies and New governance systems. The land use systems involved are Cropland, Grassland, Forestry, Natural land and pasture farming. The local assets include Natural, social and cultural.","innovation, cooperative, marketing, governance, grassland","http://www.wikidata.org/entity/Q174165, http://www.wikidata.org/entity/Q4539, http://www.wikidata.org/entity/Q39809, http://www.wikidata.org/entity/Q1553864, http://www.wikidata.org/entity/Q1006733","13.993088037230601","47.968712530763916","14.0","48.0"
"Geography and population","The size of the area (km2) is 1236.67. The minimum altimetry of the LAU is 568. The maximum altimetry of the LAU is 3720. The total population (in thousand) is 32.838. The population density (Inhabitants/km2) in the LAU is 26.55. The population change rate of the LAU in the last 10 years (%) has been 3.42%. The overall regional population density (Inhabitants/km2) is 59.90. The regional population change rate in the last 10 years (%) has been 7.08%.","population density","http://www.wikidata.org/entity/Q22856","13.91828099186695","48.0261386001801","14.0","48.0"
"Income and gross value added","The average per capita income (EUR/year) [NUTS3] is 19960. The total Gross Value Added (GVA) (EUR million/year) [NUTS3] is 1432. The primary sector share of total GVA/year [NUTS3] is 0.77%. The secondary sector share of total GVA/year [NUTS3] is 39.25%. The tertiary sector share of total GVA/year [NUTS3] is 59.99%. The per capita income (EUR/year) [NUTS2] is 20038. The total Gross Value Added (GVA) (EUR million/year) [NUTS2] is 31258. The primary sector share of total GVA/year [NUTS2] is 0.73%. The secondary sector share of total GVA/year [NUTS2] is 28.41%. The tertiary sector share of total GVA/year [NUTS2] is 70.87%.","gross value added, per capita income, year","http://www.wikidata.org/entity/Q994873, http://www.wikidata.org/entity/Q45918, http://www.wikidata.org/entity/Q577","14.07222668040081","48.029432227399276","14.0","48.0"
"Tourism","The total number of bed places (BPs) in tourist accommodations/year in the LAU is 25884. The regional (NUTS2) share of total BPs/year is 7.82%. The number of agricultural holdings in the LAU is 1015. The nearest settlement with population over 100000 (km) is 96. In this region protected areas are present.","number, bed, year","http://www.wikidata.org/entity/Q11563, http://www.wikidata.org/entity/Q42177, http://www.wikidata.org/entity/Q577","14.065954231663934","48.04120413204394","14.0","48.0"
"Employment","The primary sector share of total employment/year [NUTS3] is 2.94%. The secondary sector share of total employment/year [NUTS3] is 28.24%. The tertiary sector share of total employment/year [NUTS3] is 68.82%. The primary sector share of total employment/year [NUTS2] is 3.48%. The secondary sector share of total employment/year [NUTS2] is 22.84%. The tertiary sector share of total employment/year [NUTS2] is 73.68%.","employment, year","http://www.wikidata.org/entity/Q656365, http://www.wikidata.org/entity/Q577","13.900375169678453","47.92555160375834","14.0","48.0"
"Concluding remarks","This VC is of special interest because of it s actors structure and governance of these structure. However, it doesn t meet the criteria in regard to the mountain landscapes system. That s why data in section 3 are provided at NUTS-2 level, since this VC also extends the boundaries of a NUTS-3 region. Interactions (positive and negative impact) with the SES are thus provided as general information.","interest, governance, data","http://www.wikidata.org/entity/Q170924, http://www.wikidata.org/entity/Q1553864, http://www.wikidata.org/entity/Q42848","13.963138069346098","47.926174949065896","14.0","48.0"
