title,description,objects,objectlinks,lon,lat,barycenter_lon,barycenter_lat
"Tea herbs - NTFP","The MOVING reference member state of this VC is NMK. The reference MOVING Card ID of this VC is VC 06 NMK. Key actors dealing with NTFP in Maleshevija : a) Agro Maks b) Balivski c) Emilija Pehcheva d) Krstovski Gjorgji . There are many private individuals/families leaving in the region of Maleshevija, who are engaged in collecting and selling this product.","","","22.988368055555554","41.718275","21.716669444444445","41.65"
"Interest on this VC","The large majority of the recorded plants are used in form of teas, and mainly for minor dysfunctions of the respiratory system, in a form of medicinal herbs. These herbs have a potential to involve local collectors , mainly individuals and families from the region of Maleshevija. With these efforts there is a potential to create employment opportunity thereby, helping in decreasing poverty and increasing empowerment of particularly women. The Maleshevski mountain offers very good condition for further development of tea herbs. Tea herbs, as NTFP, are natural, healthy and wild products with good potential in the Meleshevski mountains. Rural families in that region, are involved in such activities.","majority, respiratory system, potential, employment, poverty, empowerment, mountain, tea","http://www.wikidata.org/entity/Q7382648, http://www.wikidata.org/entity/Q7891, http://www.wikidata.org/entity/Q1202245, http://www.wikidata.org/entity/Q656365, http://www.wikidata.org/entity/Q10294, http://www.wikidata.org/entity/Q868575, http://www.wikidata.org/entity/Q8502, http://www.wikidata.org/entity/Q6097","22.643055555555556","41.4375","21.716669444444445","41.65"
"Mountain landscape and reference chains","The reference mountain chain of this VC is Mountain Meleshevija. The reference mountain landscape of this VC is unspecified. Maleshevski mountains are located in the eastern part of the Republic of North Macedonia. The are covers the municipalities of Berovo and Pehchevo, and is characterized with the natural and cultural wealth. Two rivers cross the region, Bregalnica and Strumica. Forests covers 52% of the Maleshevija region, while pastures around 20%.","republic, berovo, bregalnica, strumica","http://www.wikidata.org/entity/Q7270, http://www.wikidata.org/entity/Q827047, http://www.wikidata.org/entity/Q849296, http://www.wikidata.org/entity/Q48814","22.85639","41.707835","21.716669444444445","41.65"
"Key local assets","In the mountain of Maleshevo there are identified different tea herbs, with a good potential for further development. LAU is unspecified","mountain, tea, potential","http://www.wikidata.org/entity/Q8502, http://www.wikidata.org/entity/Q6097, http://www.wikidata.org/entity/Q1202245","22.760160471551785","41.78379206889291","21.716669444444445","41.65"
"Challenges","Harvesting is often done in a non-sustainable manner, careless about the resource, one due to the lack of training, and second due to the competition among harvesters to get quantity over quality. Buyout values quantity and rarely quality.A significant portion of study participants raised concerns regarding the possibility of over exploitation of a few species due to collecting practices serving both local and outside (pharmaceutical) markets. The stakeholders are disorganized, though some efforts of organization exist. Overall the type of challenge faced by this VC is Current and Predicted. This VC is classified as Traditional and Innovative.","","","22.851670076440087","41.66472201154743","21.716669444444445","41.65"
"Innovation","The type of innovation of this VC is unspecified. The new processes and the technology applied for producing this product. The innovation is related to the whole VC. The land use systems involved are Forestry and Natural land. The local assets include Natural, social and cultural.","innovation","http://www.wikidata.org/entity/Q174165","22.761969866477006","41.69714808627346","21.716669444444445","41.65"
"Geography and population","The size of the area (km2) is 806. The minimum altimetry of the LAU is 660. The maximum altimetry of the LAU is 1932. The total population (in thousand) is 174.341. The population density (Inhabitants/km2) in the LAU is 49.3. The population change rate of the LAU in the last 10 years (%) has been -3.00%. The overall regional population density (Inhabitants/km2) is 83.4. The regional population change rate in the last 10 years (%) has been 1.20%.","population density","http://www.wikidata.org/entity/Q22856","22.820941213281106","41.67602106669069","21.716669444444445","41.65"
"Income and gross value added","The average per capita income (EUR/year) [NUTS3] is 5056. The total Gross Value Added (GVA) (EUR million/year) [NUTS3] is 769. The primary sector share of total GVA/year [NUTS3] is 9.80%. The secondary sector share of total GVA/year [NUTS3] is 45.60%. The tertiary sector share of total GVA/year [NUTS3] is 44.53%. The per capita income (EUR/year) [NUTS2] is 5175. The total Gross Value Added (GVA) (EUR million/year) [NUTS2] is 9332. The primary sector share of total GVA/year [NUTS2] is 9.75%. The secondary sector share of total GVA/year [NUTS2] is 27.70%. The tertiary sector share of total GVA/year [NUTS2] is 62.50%.","gross value added, per capita income, year","http://www.wikidata.org/entity/Q994873, http://www.wikidata.org/entity/Q45918, http://www.wikidata.org/entity/Q577","22.928968179839448","41.7631540560149","21.716669444444445","41.65"
"Tourism","The total number of bed places (BPs) in tourist accommodations/year in the LAU is 2088. The regional (NUTS2) share of total BPs/year is unspecified. The number of agricultural holdings in the LAU is 26003. The nearest settlement with population over 100000 (km) is unspecified.","number, bed, year","http://www.wikidata.org/entity/Q11563, http://www.wikidata.org/entity/Q42177, http://www.wikidata.org/entity/Q577","22.852110433733763","41.682308728574554","21.716669444444445","41.65"
"Employment","The primary sector share of total employment/year [NUTS3] is unspecified. The secondary sector share of total employment/year [NUTS3] is unspecified. The tertiary sector share of total employment/year [NUTS3] is unspecified. The primary sector share of total employment/year [NUTS2] is 16.20%. The secondary sector share of total employment/year [NUTS2] is 30.50%. The tertiary sector share of total employment/year [NUTS2] is 53.30%.","employment, year","http://www.wikidata.org/entity/Q656365, http://www.wikidata.org/entity/Q577","22.811952067931298","41.785684371066836","21.716669444444445","41.65"
"Concluding remarks","The VC is also present in the Member States.","","","22.820733956264387","41.76357346451056","21.716669444444445","41.65"
