title,description,objects,objectlinks,lon,lat,barycenter_lon,barycenter_lat
"Plumbs - NTFP","The MOVING reference member state of this VC is NMK. The reference MOVING Card ID of this VC is VC 07 NMK. Key actors dealing with NTFP in Maleshevija : a) Agro Maks b) Balivski c) Emilija Pehcheva d) Krstovski Gjorgji There are many private individuals/families leaving in the region of Maleshevija, who are engaged in collecting and selling this product.","reference","http://www.wikidata.org/entity/Q121769","22.988368055555554","41.718275","21.716669444444445","41.65"
"Interest on this VC","Plumbs as NTFP have a tremendous potential to involve local collectors. With these efforts there is a potential to create employment opportunity thereby, helping in decreasing poverty and increasing empowerment of particularly women. The Maleshevski mountain offers very good condition for further development of NTFP, including Jams and juices produced from different types of plumbs. NTFP are natural, healthy and wild products with big potential in the Meleshevski mountains. Jams and juices are produced from plumbs, contributing economically thus to rural families in that region, who are involved in such activities.","potential, employment, poverty, empowerment, mountain","http://www.wikidata.org/entity/Q1202245, http://www.wikidata.org/entity/Q656365, http://www.wikidata.org/entity/Q10294, http://www.wikidata.org/entity/Q868575, http://www.wikidata.org/entity/Q8502","22.643055555555556","41.4375","21.716669444444445","41.65"
"Mountain landscape and reference chains","The reference mountain chain of this VC is Mountain Meleshevija. The reference mountain landscape of this VC is unspecified. Maleshevski mountains are located in the eastern part of the Republic of North Macedonia. The are covers the municipalities of Berovo and Pehchevo, and is characterized with the natural and cultural wealth. Two rivers cross the region, Bregalnica and Strumica. Forests covers 52% of the Maleshevija region, while pastures around 20%.","republic, berovo, bregalnica, strumica","http://www.wikidata.org/entity/Q7270, http://www.wikidata.org/entity/Q827047, http://www.wikidata.org/entity/Q849296, http://www.wikidata.org/entity/Q48814","22.85639","41.707835","21.716669444444445","41.65"
"Key local assets","In the mountain of Maleshevo there are good potentials for plumbs, with a good potential for further development. The environment, climate, and natural conditions are in the favor of this product. LAU is unspecified","","","22.916004349112765","41.64687349205951","21.716669444444445","41.65"
"Challenges","Harvesting is often done in a non-sustainable manner, careless about the resource, one due to the lack of training, and second due to the competition among harvesters to get quantity over quality. Buyout values quantity and rarely quality. Buyout is often done via informal (illegal) buyout channels, thus it involves several middlemen. The buyout prices are generally low. The stakeholders are disorganized, though some efforts of organization exist. Overall the type of challenge faced by this VC is Current and Predicted. This VC is classified as Traditional and Innovative.","buyout","http://www.wikidata.org/entity/Q3647770","22.85728423025748","41.650428405390656","21.716669444444445","41.65"
"Innovation","The type of innovation of this VC is unspecified. The new processes and the technology applied for producing this product. The innovation is related to the whole VC. The land use systems involved are Forestry and Natural land. The local assets include Natural, social and cultural.","innovation","http://www.wikidata.org/entity/Q174165","22.766682667869244","41.729289131331086","21.716669444444445","41.65"
"Geography and population","The size of the area (km2) is 806. The minimum altimetry of the LAU is 660. The maximum altimetry of the LAU is 1932. The total population (in thousand) is 174.341. The population density (Inhabitants/km2) in the LAU is 49.3. The population change rate of the LAU in the last 10 years (%) has been -3.00%. The overall regional population density (Inhabitants/km2) is 83.4. The regional population change rate in the last 10 years (%) has been 1.20%.","population density","http://www.wikidata.org/entity/Q22856","22.767622054996863","41.611939916580546","21.716669444444445","41.65"
"Income and gross value added","The average per capita income (EUR/year) [NUTS3] is 5056. The total Gross Value Added (GVA) (EUR million/year) [NUTS3] is 769. The primary sector share of total GVA/year [NUTS3] is 9.80%. The secondary sector share of total GVA/year [NUTS3] is 45.60%. The tertiary sector share of total GVA/year [NUTS3] is 44.53%. The per capita income (EUR/year) [NUTS2] is 5175. The total Gross Value Added (GVA) (EUR million/year) [NUTS2] is 9332. The primary sector share of total GVA/year [NUTS2] is 9.75%. The secondary sector share of total GVA/year [NUTS2] is 27.70%. The tertiary sector share of total GVA/year [NUTS2] is 62.50%.","gross value added, per capita income, year","http://www.wikidata.org/entity/Q994873, http://www.wikidata.org/entity/Q45918, http://www.wikidata.org/entity/Q577","22.915828394443107","41.702751717024526","21.716669444444445","41.65"
"Tourism","The total number of bed places (BPs) in tourist accommodations/year in the LAU is 2088. The regional (NUTS2) share of total BPs/year is unspecified. The number of agricultural holdings in the LAU is 26003. The nearest settlement with population over 100000 (km) is unspecified.","number, bed, year","http://www.wikidata.org/entity/Q11563, http://www.wikidata.org/entity/Q42177, http://www.wikidata.org/entity/Q577","22.867950262198573","41.803650938849316","21.716669444444445","41.65"
"Employment","The primary sector share of total employment/year [NUTS3] is unspecified. The secondary sector share of total employment/year [NUTS3] is unspecified. The tertiary sector share of total employment/year [NUTS3] is unspecified. The primary sector share of total employment/year [NUTS2] is 16.20%. The secondary sector share of total employment/year [NUTS2] is 30.50%. The tertiary sector share of total employment/year [NUTS2] is 53.30%.","employment, year","http://www.wikidata.org/entity/Q656365, http://www.wikidata.org/entity/Q577","22.815529221409044","41.6977635303366","21.716669444444445","41.65"
"Concluding remarks","The VC is also present in the Member States.","","","22.95585693194079","41.741639447375505","21.716669444444445","41.65"
