title,description,objects,objectlinks,lon,lat,barycenter_lon,barycenter_lat
"Firewood for households","The MOVING reference member state of this VC is NMK. The reference MOVING Card ID of this VC is VC 11 NMK. Mainly the state owne company (Makedonski Shumi) deals with the forestry and wood in the region of Maleshevija.","reference","http://www.wikidata.org/entity/Q121769","22.988368055555554","41.718275","21.716669444444445","41.65"
"Interest on this VC","The forests in the Maleshevija Mountain take place with around 52%. Mostly there are pine forest (f. Pinacae), oak forest (f. Quercacae) and the beech forest (f. Fugacae). The woAs many as 62 percent of the total number of Macedonian households use firewood as a primary source of energy, 29 percent use electricity, and only eight percent are connected to central heating, according to recent research. Heating with firewood is still the most economical, and that electricity is the most environmentally friendly optionod in all matters, is with a bog potential of this region. Wood, in all its forms is with high potential for development. Distributed to processing mills for further transformation. Wood is one of the main products in the Maleshevija mountains, which is used for different reasons, in different industries across the country.","mountain, wood","http://www.wikidata.org/entity/Q8502, http://www.wikidata.org/entity/Q287","22.643055555555556","41.4375","21.716669444444445","41.65"
"Mountain landscape and reference chains","The reference mountain chain of this VC is Mountain Meleshevija. The reference mountain landscape of this VC is unspecified. Maleshevski mountains are located in the eastern part of the Republic of North Macedonia. The are covers the municipalities of Berovo and Pehchevo, and is characterized with the natural and cultural wealth. Two rivers cross the region, Bregalnica and Strumica. Forests covers 52% of the Maleshevija region, while pastures around 20%.","republic, berovo, bregalnica, strumica","http://www.wikidata.org/entity/Q7270, http://www.wikidata.org/entity/Q827047, http://www.wikidata.org/entity/Q849296, http://www.wikidata.org/entity/Q48814","22.85639","41.707835","21.716669444444445","41.65"
"Key local assets","The uniqueness climate and natural resources in the region for wood development. LAU is unspecified","climate, wood","http://www.wikidata.org/entity/Q7937, http://www.wikidata.org/entity/Q287","22.77828328867145","41.7423646097509","21.716669444444445","41.65"
"Challenges","Most of the forest in Maleshevija, is state owned, and there is a Public Entity dealing with the wood and forest in general. The main challenge is also the illegitimate deforestation. Operational capacities to fight against forestry crimes with an integrated approach ia missing, as well as the raising awareness of new technologies and tools for detecting forestry crimes. Overall the type of challenge faced by this VC is Current and Predicted. This VC is classified as Traditional and Innovative.","deforestation","http://www.wikidata.org/entity/Q169940","22.816613538051318","41.77942064688975","21.716669444444445","41.65"
"Innovation","The type of innovation of this VC is unspecified. Using technology (high tech) for all involved stakeholders to improve the detection of forest crimes through remote monitoring and data consolidation; modelling and mapping the risk of forestry crimes in the regioon. . The innovation is related to New processes. The land use systems involved are Forestry. The local assets include Natural and cultural.","innovation, technology, detection, forest, data, risk, forestry","http://www.wikidata.org/entity/Q174165, http://www.wikidata.org/entity/Q11016, http://www.wikidata.org/entity/Q5720030, http://www.wikidata.org/entity/Q4421, http://www.wikidata.org/entity/Q42848, http://www.wikidata.org/entity/Q104493, http://www.wikidata.org/entity/Q38112","22.869954043017056","41.67133744085409","21.716669444444445","41.65"
"Geography and population","The size of the area (km2) is 806. The minimum altimetry of the LAU is 660. The maximum altimetry of the LAU is 1932. The total population (in thousand) is 174.341. The population density (Inhabitants/km2) in the LAU is 49.3. The population change rate of the LAU in the last 10 years (%) has been -3.00%. The overall regional population density (Inhabitants/km2) is 83.4. The regional population change rate in the last 10 years (%) has been 1.20%.","population density","http://www.wikidata.org/entity/Q22856","22.853224914992357","41.80288323917943","21.716669444444445","41.65"
"Income and gross value added","The average per capita income (EUR/year) [NUTS3] is 5056. The total Gross Value Added (GVA) (EUR million/year) [NUTS3] is 769. The primary sector share of total GVA/year [NUTS3] is 9.80%. The secondary sector share of total GVA/year [NUTS3] is 45.60%. The tertiary sector share of total GVA/year [NUTS3] is 44.53%. The per capita income (EUR/year) [NUTS2] is 5175. The total Gross Value Added (GVA) (EUR million/year) [NUTS2] is 9332. The primary sector share of total GVA/year [NUTS2] is 9.75%. The secondary sector share of total GVA/year [NUTS2] is 27.70%. The tertiary sector share of total GVA/year [NUTS2] is 62.50%.","gross value added, per capita income, year","http://www.wikidata.org/entity/Q994873, http://www.wikidata.org/entity/Q45918, http://www.wikidata.org/entity/Q577","22.92628044415935","41.786696418912086","21.716669444444445","41.65"
"Tourism","The total number of bed places (BPs) in tourist accommodations/year in the LAU is 2088. The regional (NUTS2) share of total BPs/year is unspecified. The number of agricultural holdings in the LAU is 26003. The nearest settlement with population over 100000 (km) is unspecified. In this region protected areas are present.","number, bed, year","http://www.wikidata.org/entity/Q11563, http://www.wikidata.org/entity/Q42177, http://www.wikidata.org/entity/Q577","22.889561855202587","41.61964659026281","21.716669444444445","41.65"
"Employment","The primary sector share of total employment/year [NUTS3] is unspecified. The secondary sector share of total employment/year [NUTS3] is unspecified. The tertiary sector share of total employment/year [NUTS3] is unspecified. The primary sector share of total employment/year [NUTS2] is 16.20%. The secondary sector share of total employment/year [NUTS2] is 30.50%. The tertiary sector share of total employment/year [NUTS2] is 53.30%.","employment, year","http://www.wikidata.org/entity/Q656365, http://www.wikidata.org/entity/Q577","22.90481189057014","41.71229828921433","21.716669444444445","41.65"
"Concluding remarks","It's present in other Member States as well.","present","http://www.wikidata.org/entity/Q193168","22.769452249515858","41.737971080271","21.716669444444445","41.65"
