title,description,objects,objectlinks,lon,lat,barycenter_lon,barycenter_lat
"Styria Beef","The MOVING reference member state of this VC is AUSTRIA. The reference MOVING Card ID of this VC is VC 20 AT. Styria beef is a premium beef product of organic farmers from Styria. Their homepage states that 'Styria beef' is only available on-farm, small food shops, high class gastronomy and online, but it's also available in certain supermarket. The BIO-BEEF GmbH is the main actor owning the brand. The company 'Karnerta' is named as a key player in the marketing of Styria beef to retailers, restaurants and the whole sale. The butcher 'Marcher' is one of the online shops of Styria Beef. The Styrian branch of the association 'Bio Austria', which is the main actor for organic certification, education and marketing in Austria, is an important promoter of Styria Beef.","austria, reference, styria, beef, farm, food, gastronomy, supermarket, actor, marketing, butcher, organic certification, education","http://www.wikidata.org/entity/Q40, http://www.wikidata.org/entity/Q121769, http://www.wikidata.org/entity/Q41358, http://www.wikidata.org/entity/Q192628, http://www.wikidata.org/entity/Q131596, http://www.wikidata.org/entity/Q2095, http://www.wikidata.org/entity/Q171141, http://www.wikidata.org/entity/Q180846, http://www.wikidata.org/entity/Q33999, http://www.wikidata.org/entity/Q39809, http://www.wikidata.org/entity/Q329737, http://www.wikidata.org/entity/Q11680670, http://www.wikidata.org/entity/Q8434","14.0","48.0","14.0","48.0"
"Interest on this VC","In the beginning, 30 years ago, 'Styria Beef' was supposed to be a brand for a quality beef product in order to improve the marketing of the products and increase/secure the income of the participating mountain farmers. 'Styria beef' then changed very quickly to a quality label for organic beef products in Styria. Meanwhile, there are about 700 farmers selling under the label Styria Beef. The distribution is diverse: direct selling, via supermarkets and restaurants. This VC covers the whole area of the federal state of Styria. Styria beef is one of the first initiative that introduced suckler cow husbandry. Due to the difficult beef market situation in the 1980s Styria Beef was founded as a quality beef brand that didn't to take long to become an organic brand. The marketing of the product using a set of channels: direct marketing, restaurants and supermarkets.","styria, beef, marketing, direct selling, direct marketing","http://www.wikidata.org/entity/Q41358, http://www.wikidata.org/entity/Q192628, http://www.wikidata.org/entity/Q39809, http://www.wikidata.org/entity/Q962382, http://www.wikidata.org/entity/Q677073","15.166666666666666","47.25","14.0","48.0"
"Mountain landscape and reference chains","The reference mountain chain of this VC is RR 11, Austrian Alps. The reference mountain landscape of this VC is NUTS 2: AT 22 Steiermark. Since this value chain covers the whole federal state no specific characteristics can be made. The districts in Upper Styria from the central Alps in the west (NUT3 AT 222, 226) to the east (AT 223) are characterized by mountains between 1.500 and 2700 m above sea level and a rather humid climate and short summers. The districts in the south (NUTS3 AT 225) and east (AT224) are rather hilly with an altimetry between 500 and 1500 m above sea level and are characterized by a panonian and mediterranean climate resulting in longer rather dry summers but with many thunderstorms especially in the summer months.","alps, upper styria, reference, mountain, value chain","http://www.wikidata.org/entity/Q1286, http://www.wikidata.org/entity/Q278042, http://www.wikidata.org/entity/Q121769, http://www.wikidata.org/entity/Q8502, http://www.wikidata.org/entity/Q646107","15.02","47.34","14.0","48.0"
"Key local assets","Since this VC extends throughout the federal state no specific answer can be given. However, Styria beef can be seen as a community since there is exchange among the farmers from the different regions. Further, the 'natural landscapes' are a key asset in the marketing of Styria beef. The feeding is used as argument for the special taste of the beef. About the LAU: LAU 1 not used in Austria for this VC NUTS 3.","austria, styria, beef, community, asset, marketing, argument, taste","http://www.wikidata.org/entity/Q40, http://www.wikidata.org/entity/Q41358, http://www.wikidata.org/entity/Q192628, http://www.wikidata.org/entity/Q177634, http://www.wikidata.org/entity/Q46737, http://www.wikidata.org/entity/Q39809, http://www.wikidata.org/entity/Q186619, http://www.wikidata.org/entity/Q124794","14.0","48.0","14.0","48.0"
"Challenges","Mountain farmers struggle having enough income for their produce Styria Beef provides in this regard a niche by producing and selling a premium product. Climate change is a challenge for pasture farms mostly in regard to biodiversity and logistically because of the prolongation of the summer grazing period. Some alpine pastures are used as ski slopes which is an overall challenge that might change in the course of climate change. An increasing artificial snow infrastructure is a challenge in regard to the 'beauty of the landscape. Overall the type of challenge faced by this VC is Current and Predicted. This VC is classified as Traditional and Innovative.","mountain, produce, styria, beef, pasture, biodiversity, prolongation, summer, grazing, climate, snow, infrastructure, beauty, landscape","http://www.wikidata.org/entity/Q8502, http://www.wikidata.org/entity/Q1913301, http://www.wikidata.org/entity/Q41358, http://www.wikidata.org/entity/Q192628, http://www.wikidata.org/entity/Q30121, http://www.wikidata.org/entity/Q47041, http://www.wikidata.org/entity/Q7249641, http://www.wikidata.org/entity/Q1313, http://www.wikidata.org/entity/Q3239189, http://www.wikidata.org/entity/Q7937, http://www.wikidata.org/entity/Q7561, http://www.wikidata.org/entity/Q121359, http://www.wikidata.org/entity/Q7242, http://www.wikidata.org/entity/Q107425","15.166666666666666","47.25","14.0","48.0"
"Innovation","The type of innovation of this VC is Endogenous and Exogenous. The invention of 'Styria Beef' was a reaction due to the lack of quality beef products in the late 1980s in Austria. Styria beef has not only been representing itself as a new brand, but has set new standards in regard to animal welfare (suckler cow husbandry) that are now common in mountain farming practices in Austria. The innovation is related to New product and New marketing strategies. The land use systems involved are pasture farming. The local assets include Natural and social.","austria, innovation, styria, beef, animal welfare, mountain, marketing, pasture","http://www.wikidata.org/entity/Q40, http://www.wikidata.org/entity/Q174165, http://www.wikidata.org/entity/Q41358, http://www.wikidata.org/entity/Q192628, http://www.wikidata.org/entity/Q459426, http://www.wikidata.org/entity/Q8502, http://www.wikidata.org/entity/Q39809, http://www.wikidata.org/entity/Q30121","14.0","48.0","14.0","48.0"
"Geography and population","The size of the area (km2) is 3318.7. The minimum altimetry of the LAU is 589. The maximum altimetry of the LAU is 2993. The total population (in thousand) is 79.652. The population density (Inhabitants/km2) in the LAU is 24.00. The population change rate of the LAU in the last 10 years (%) has been -0.94%. The overall regional population density (Inhabitants/km2) is 76.28. The regional population change rate in the last 10 years (%) has been 3.30%.","population density","http://www.wikidata.org/entity/Q22856","15.75","48.333333333333336","14.0","48.0"
"Income and gross value added","The average per capita income (EUR/year) [NUTS3] is 20610. The total Gross Value Added (GVA) (EUR million/year) [NUTS3] is 2733. The primary sector share of total GVA/year [NUTS3] is 3.66%. The secondary sector share of total GVA/year [NUTS3] is 28.14%. The tertiary sector share of total GVA/year [NUTS3] is 68.20%. The per capita income (EUR/year) [NUTS2] is 21539. The total Gross Value Added (GVA) (EUR million/year) [NUTS2] is 43050. The primary sector share of total GVA/year [NUTS2] is 0.84%. The secondary sector share of total GVA/year [NUTS2] is 35.12%. The tertiary sector share of total GVA/year [NUTS2] is 64.04%.","gross value added, per capita income, year","http://www.wikidata.org/entity/Q994873, http://www.wikidata.org/entity/Q45918, http://www.wikidata.org/entity/Q577","15.230985637178597","47.291207694670376","14.0","48.0"
"Tourism","The total number of bed places (BPs) in tourist accommodations/year in the LAU is 43972. The regional (NUTS2) share of total BPs/year is 28.28%. The number of agricultural holdings in the LAU is 2425. The nearest settlement with population over 100000 (km) is 108. In this region protected areas are present.","number, bed, year","http://www.wikidata.org/entity/Q11563, http://www.wikidata.org/entity/Q42177, http://www.wikidata.org/entity/Q577","15.24927723729472","47.33535492367237","14.0","48.0"
"Employment","The primary sector share of total employment/year [NUTS3] is 6.39%. The secondary sector share of total employment/year [NUTS3] is 25.83%. The tertiary sector share of total employment/year [NUTS3] is 67.77%. The primary sector share of total employment/year [NUTS2] is 5.55%. The secondary sector share of total employment/year [NUTS2] is 26.47%. The tertiary sector share of total employment/year [NUTS2] is 67.99%.","employment, year","http://www.wikidata.org/entity/Q656365, http://www.wikidata.org/entity/Q577","15.203730947996618","47.230397725058864","14.0","48.0"
"Concluding remarks","There are some farmers from the neighbouring federal states of Carinthia and Lower Austria supplying Styria beef.","carinthia, lower austria, styria, beef","http://www.wikidata.org/entity/Q37985, http://www.wikidata.org/entity/Q42497, http://www.wikidata.org/entity/Q41358, http://www.wikidata.org/entity/Q192628","13.861694444444444","46.7525","14.0","48.0"
