title,description,objects,objectlinks,lon,lat,barycenter_lon,barycenter_lat
"Kozhuvchanka - Drinking water produced from a spring in a Kozhuv Mountain","The MOVING reference member state of this VC is NMK. The reference MOVING Card ID of this VC is VC 16 NMK. The main actors in the bottled water in the region are Kozuvcanka, Pelisterka, Maya etc. They are private companies, but associated in a National Chamber of Commerce.","","","22.988368055555554","41.718275","21.716669444444445","41.65"
"Interest on this VC","The Vardar planning region has excellent climatic conditions for the development of commercial water. Water resources of the region are the lower reaches of the rivers Vardar, Crni Drim, Bregalnica, Babuna, Topolka and Otovica, which give the opportunity to build 6 hydro reservoirs, of which three have been raised so far, Tikvesh, Lices and Mladost. Kozuvcanka is a private commercial company in the region of Kavadarci (Tikvesh). The source of the mineral water is located at aj altitude of 900 meters, and the springs come from a depth of 85 meters, carrying with it a wealth of minerals.","vardar, planning, water, bregalnica, otovica, kavadarci, mineral water, altitude, wealth","http://www.wikidata.org/entity/Q189596, http://www.wikidata.org/entity/Q309100, http://www.wikidata.org/entity/Q283, http://www.wikidata.org/entity/Q849296, http://www.wikidata.org/entity/Q3135647, http://www.wikidata.org/entity/Q158088, http://www.wikidata.org/entity/Q178921, http://www.wikidata.org/entity/Q190200, http://www.wikidata.org/entity/Q200535","21.7778","41.7733","21.716669444444445","41.65"
"Mountain landscape and reference chains","The reference mountain chain of this VC is Mountain Meleshevija. The reference mountain landscape of this VC is unspecified. Maleshevski mountains are located in the eastern part of the Republic of North Macedonia. The are covers the municipalities of Berovo and Pehchevo, and is characterized with the natural and cultural wealth. Two rivers cross the region, Bregalnica and Strumica. Forests covers 52% of the Maleshevija region, while pastures around 20%.","republic, berovo, bregalnica, strumica","http://www.wikidata.org/entity/Q7270, http://www.wikidata.org/entity/Q827047, http://www.wikidata.org/entity/Q849296, http://www.wikidata.org/entity/Q48814","22.85639","41.707835","21.716669444444445","41.65"
"Key local assets","The uniqueness climate and natural resources in the region for producing cleaned and mineral water. LAU is unspecified","climate, mineral water","http://www.wikidata.org/entity/Q7937, http://www.wikidata.org/entity/Q178921","22.011666666666667","41.43277777777778","21.716669444444445","41.65"
"Challenges","Kozuvcanka is a private commercial company, producing mineral watter. The region of Maleshevski mountain is outside of the Vardarski region, where the brand Kozuvcanka is produced. A very limited Value Chain. The involvement and benefits from this Value Chain have not direct linkages with the population who are living in the region of Maleshevija (the reference region of the project). Overall the type of challenge faced by this VC is Current and Predicted. This VC is classified as Traditional and Innovative.","value chain, mountain, involvement, reference, project","http://www.wikidata.org/entity/Q646107, http://www.wikidata.org/entity/Q8502, http://www.wikidata.org/entity/Q16886557, http://www.wikidata.org/entity/Q121769, http://www.wikidata.org/entity/Q170584","22.643055555555556","41.4375","21.716669444444445","41.65"
"Innovation","The type of innovation of this VC is unspecified. The used technology on production and distribution. The innovation is related to New processes and New marketing strategies. The land use systems involved are Forestry and Natural land. The local assets include Natural, social and cultural.","innovation, marketing","http://www.wikidata.org/entity/Q174165, http://www.wikidata.org/entity/Q39809","22.91482926443893","41.67120100696597","21.716669444444445","41.65"
"Geography and population","The size of the area (km2) is 806. The minimum altimetry of the LAU is 660. The maximum altimetry of the LAU is 1932. The total population (in thousand) is 174.341. The population density (Inhabitants/km2) in the LAU is 49.3. The population change rate of the LAU in the last 10 years (%) has been -3.00%. The overall regional population density (Inhabitants/km2) is 83.4. The regional population change rate in the last 10 years (%) has been 1.20%.","population density","http://www.wikidata.org/entity/Q22856","23.04515056678345","41.64433869901661","21.716669444444445","41.65"
"Income and gross value added","The average per capita income (EUR/year) [NUTS3] is 5056. The total Gross Value Added (GVA) (EUR million/year) [NUTS3] is 769. The primary sector share of total GVA/year [NUTS3] is 9.80%. The secondary sector share of total GVA/year [NUTS3] is 45.60%. The tertiary sector share of total GVA/year [NUTS3] is 44.53%. The per capita income (EUR/year) [NUTS2] is 5175. The total Gross Value Added (GVA) (EUR million/year) [NUTS2] is 9332. The primary sector share of total GVA/year [NUTS2] is 9.75%. The secondary sector share of total GVA/year [NUTS2] is 27.70%. The tertiary sector share of total GVA/year [NUTS2] is 62.50%.","gross value added, per capita income, year","http://www.wikidata.org/entity/Q994873, http://www.wikidata.org/entity/Q45918, http://www.wikidata.org/entity/Q577","22.91023628209637","41.735620537396215","21.716669444444445","41.65"
"Tourism","The total number of bed places (BPs) in tourist accommodations/year in the LAU is 2088. The regional (NUTS2) share of total BPs/year is unspecified. The number of agricultural holdings in the LAU is 26003. The nearest settlement with population over 100000 (km) is unspecified. In this region protected areas are present.","number, bed, year","http://www.wikidata.org/entity/Q11563, http://www.wikidata.org/entity/Q42177, http://www.wikidata.org/entity/Q577","22.928593298604326","41.63824908628551","21.716669444444445","41.65"
"Employment","The primary sector share of total employment/year [NUTS3] is unspecified. The secondary sector share of total employment/year [NUTS3] is unspecified. The tertiary sector share of total employment/year [NUTS3] is unspecified. The primary sector share of total employment/year [NUTS2] is 16.20%. The secondary sector share of total employment/year [NUTS2] is 30.50%. The tertiary sector share of total employment/year [NUTS2] is 53.30%.","employment, year","http://www.wikidata.org/entity/Q656365, http://www.wikidata.org/entity/Q577","22.990738634701103","41.72791024433974","21.716669444444445","41.65"
"Concluding remarks","","","","23.019250931819425","41.70014163797425","21.716669444444445","41.65"
