title,description,objects,objectlinks,lon,lat,barycenter_lon,barycenter_lat
"Bee families in North Macedonia","The MOVING reference member state of this VC is NMK. The reference MOVING Card ID of this VC is VC 19 NMK. Key actors dealing with honey in Maleshevija and the kew brands: a) Pcelarstvo Bobolibbksi b) Shumi Med c) Maleshevski Med d) Pcelarstvo Radinski . At national level there are 2 national federations that are members of a larger umbrella organization called the Federation of Farmers of Republic of Macedonia that unites all farmers in the country. Organic beekeepers are each individually involved through the local associations of producers into the Macedonian Organic Producers Federation which represents exclusively the interests of organic producers.","","","22.988368055555554","41.718275","21.716669444444445","41.65"
"Interest on this VC","Because of the geographical location and the relief of Macedonia, the climate in the country is partly Mediterranean and Continental, and on the mountains with peaks over 2000 meters the climate is Mountainous and it offers a very good condition for the bee keepers across the country. Production of bee genetic material from Macedonian bee (Apis mellifera macedonica) is well recognized. The bees from the region are producing high quality honey, with a clear identity od the cleaned environment, such as Maleshevija. Beyond the traditional usage of honey, nowadays it is used in different final products, such as in pharmacy, cosmetics, consumer goods etc. As an ingredients as well as for taste/ flavor. Many families from Maleshevija are engaged with the bee keeping, while the region offers very good conditions for that. It is also important to mention that, due to the highly developed biodiversity of honey flora, 98% of the honey in the country is polyfloral. Some recent studies have shown that only 2% of the honey is monofloral and this honey is produced from white acacia (Ribinia pseudoacacia).","climate, material, honey, pharmacy, cosmetics, goods, taste, flavor, biodiversity, flora, acacia","http://www.wikidata.org/entity/Q7937, http://www.wikidata.org/entity/Q214609, http://www.wikidata.org/entity/Q10987, http://www.wikidata.org/entity/Q614304, http://www.wikidata.org/entity/Q131207, http://www.wikidata.org/entity/Q28877, http://www.wikidata.org/entity/Q124794, http://www.wikidata.org/entity/Q4173974, http://www.wikidata.org/entity/Q47041, http://www.wikidata.org/entity/Q131449, http://www.wikidata.org/entity/Q81666","22.643055555555556","41.4375","21.716669444444445","41.65"
"Mountain landscape and reference chains","The reference mountain chain of this VC is Mountain Meleshevija. The reference mountain landscape of this VC is unspecified. Maleshevski mountains are located in the eastern part of the Republic of North Macedonia. The are covers the municipalities of Berovo and Pehchevo, and is characterized with the natural and cultural wealth. Two rivers cross the region, Bregalnica and Strumica. Forests covers 52% of the Maleshevija region, while pastures around 20%.","republic, berovo, bregalnica, strumica","http://www.wikidata.org/entity/Q7270, http://www.wikidata.org/entity/Q827047, http://www.wikidata.org/entity/Q849296, http://www.wikidata.org/entity/Q48814","22.85639","41.707835","21.716669444444445","41.65"
"Key local assets","The unique relief, landscape, flora and fauna. The traditional way of life and culture in the region. LAU is unspecified","","","22.938110345316236","41.61816439506362","21.716669444444445","41.65"
"Challenges","Global climate change, environmental pollution, the decrease in natural lands under human pressure weaken the bees and make them more vulnerable to diseases. Chemicals used sometimes wrongly and needlessly, by farmers and beekeepers, excessive and unnecessary treatment of the hive/colony, are threating the honey in Maleshevija mountain. Overall the type of challenge faced by this VC is Current and Predicted. This VC is classified as Traditional and Innovative.","","","22.769007533245837","41.77670171762217","21.716669444444445","41.65"
"Innovation","The type of innovation of this VC is Endogenous. Honey is used in different final innovative products. The innovation is related to New processes. The land use systems involved are Grassland, Forestry and Natural land. The local assets include Natural, social and cultural.","innovation, grassland","http://www.wikidata.org/entity/Q174165, http://www.wikidata.org/entity/Q1006733","22.809781115316753","41.74258502127193","21.716669444444445","41.65"
"Geography and population","The size of the area (km2) is 806. The minimum altimetry of the LAU is 660. The maximum altimetry of the LAU is 1932. The total population (in thousand) is 174.341. The population density (Inhabitants/km2) in the LAU is 49.3. The population change rate of the LAU in the last 10 years (%) has been -3.00%. The overall regional population density (Inhabitants/km2) is 83.4. The regional population change rate in the last 10 years (%) has been 1.20%.","population density","http://www.wikidata.org/entity/Q22856","22.91489041309639","41.77360300622199","21.716669444444445","41.65"
"Income and gross value added","The average per capita income (EUR/year) [NUTS3] is 5056. The total Gross Value Added (GVA) (EUR million/year) [NUTS3] is 769. The primary sector share of total GVA/year [NUTS3] is 9.80%. The secondary sector share of total GVA/year [NUTS3] is 45.60%. The tertiary sector share of total GVA/year [NUTS3] is 44.53%. The per capita income (EUR/year) [NUTS2] is 5175. The total Gross Value Added (GVA) (EUR million/year) [NUTS2] is 9332. The primary sector share of total GVA/year [NUTS2] is 9.75%. The secondary sector share of total GVA/year [NUTS2] is 27.70%. The tertiary sector share of total GVA/year [NUTS2] is 62.50%.","gross value added, per capita income, year","http://www.wikidata.org/entity/Q994873, http://www.wikidata.org/entity/Q45918, http://www.wikidata.org/entity/Q577","22.835985603605714","41.66575024345568","21.716669444444445","41.65"
"Tourism","The total number of bed places (BPs) in tourist accommodations/year in the LAU is 2088. The regional (NUTS2) share of total BPs/year is unspecified. The number of agricultural holdings in the LAU is 26003. The nearest settlement with population over 100000 (km) is unspecified. In this region protected areas are present.","number, bed, year","http://www.wikidata.org/entity/Q11563, http://www.wikidata.org/entity/Q42177, http://www.wikidata.org/entity/Q577","22.893159123963144","41.68613638669599","21.716669444444445","41.65"
"Employment","The primary sector share of total employment/year [NUTS3] is unspecified. The secondary sector share of total employment/year [NUTS3] is unspecified. The tertiary sector share of total employment/year [NUTS3] is unspecified. The primary sector share of total employment/year [NUTS2] is 16.20%. The secondary sector share of total employment/year [NUTS2] is 30.50%. The tertiary sector share of total employment/year [NUTS2] is 53.30%.","employment, year","http://www.wikidata.org/entity/Q656365, http://www.wikidata.org/entity/Q577","22.80747315762125","41.655313165186364","21.716669444444445","41.65"
"Concluding remarks","Given that honey is a usual product, it is also present in other Member States.","honey","http://www.wikidata.org/entity/Q10987","22.890518788376077","41.78292294138345","21.716669444444445","41.65"
