title,description,objects,objectlinks,lon,lat,barycenter_lon,barycenter_lat
"Royal Jelly - Mixture of royal jelly, bee glue, polen and honey","The MOVING reference member state of this VC is NMK. The reference MOVING Card ID of this VC is VC 22 NMK. Key actors dealing with honey in Maleshevija and the kew brands: a) Pcelarstvo Bobolibbksi b) Shumi Med c) Maleshevski Med d) Pcelarstvo Radinski . At national level there are 2 national federations that are members of a larger umbrella organization called the Federation of Farmers of Republic of Macedonia that unites all farmers in the country. Organic beekeepers are each individually involved through the local associations of producers into the Macedonian Organic Producers Federation which represents exclusively the interests of organic producers.","","","22.988368055555554","41.718275","21.716669444444445","41.65"
"Interest on this VC","Because of the geographical location and the relief of Macedonia, the climate in the country is partly Mediterranean and Continental, and on the mountains with peaks over 2000 meters the climate is Mountainous and it offers a very good condition for the honey and honey products. Royal jelly, a white and viscous jelly-like substance, is a form of hypopharyngeal and mandibular gland secretion from the worker bees. It is also known as a superfood that is solely consumed by the queen bee. Royal jelly is widely used as a dietary nutritional complex to help combat various chronic health conditions. Furthermore, it is one of the profitable remedies for human beings in both traditional and modern medicine. Many pharmacological activities such as antibacterial, antitumor, antiallergy, anti-inflammatory, and immunomodulatory effects have also been attributed to it.","royal jelly, secretion, worker, superfood, queen bee, health","http://www.wikidata.org/entity/Q202501, http://www.wikidata.org/entity/Q84230, http://www.wikidata.org/entity/Q327055, http://www.wikidata.org/entity/Q3772675, http://www.wikidata.org/entity/Q816345, http://www.wikidata.org/entity/Q12147","22.643055555555556","41.4375","21.716669444444445","41.65"
"Mountain landscape and reference chains","The reference mountain chain of this VC is Mountain Meleshevija. The reference mountain landscape of this VC is unspecified. Maleshevski mountains are located in the eastern part of the Republic of North Macedonia. The are covers the municipalities of Berovo and Pehchevo, and is characterized with the natural and cultural wealth. Two rivers cross the region, Bregalnica and Strumica. Forests covers 52% of the Maleshevija region, while pastures around 20%.","republic, berovo, bregalnica, strumica","http://www.wikidata.org/entity/Q7270, http://www.wikidata.org/entity/Q827047, http://www.wikidata.org/entity/Q849296, http://www.wikidata.org/entity/Q48814","22.85639","41.707835","21.716669444444445","41.65"
"Key local assets","The unique relief, landscape, flora and fauna. The traditional way of life and culture in the region. LAU is unspecified","","","22.955294009251208","41.6153770182907","21.716669444444445","41.65"
"Challenges","Global climate change, environmental pollution, the decrease in natural lands under human pressure weaken the bees and make them more vulnerable to diseases. Chemicals used sometimes wrongly and needlessly, by farmers and beekeepers, excessive and unnecessary treatment of the hive/colony, are threating the honey across the country , including Maleshevija-Osogovski mountain. Overall the type of challenge faced by this VC is Current and Predicted. This VC is classified as Traditional and Innovative.","","","22.89898164487294","41.64999624839292","21.716669444444445","41.65"
"Innovation","The type of innovation of this VC is Endogenous. Royal Jelly is used in different final innovative products. Recent years have seen the fast application of bee products in both traditional and modern medicine. Currently, many studies are targeted toward investigating directed health benefits and pharmacological properties of bee products due to their efficacies including the Royal jelly. Royal jelly consists of water (50% 60%), proteins (18%), carbohydrates (15%), lipids (3% 6%), mineral salts (1.5%), and vitamins 16 . Based on modern spectrometric analysis, approximately 185 organic compounds have been detected in royal jelly. Royalactin is the most important protein present in royal jelly. The innovation is related to New processes. The land use systems involved are Grassland, Forestry and Natural land. The local assets include Social and cultural.","innovation, royal jelly, medicine, health, water, mineral, analysis, protein, present, grassland","http://www.wikidata.org/entity/Q174165, http://www.wikidata.org/entity/Q202501, http://www.wikidata.org/entity/Q11190, http://www.wikidata.org/entity/Q12147, http://www.wikidata.org/entity/Q283, http://www.wikidata.org/entity/Q7946, http://www.wikidata.org/entity/Q217602, http://www.wikidata.org/entity/Q8054, http://www.wikidata.org/entity/Q193168, http://www.wikidata.org/entity/Q1006733","22.778504944156822","41.791232033253415","21.716669444444445","41.65"
"Geography and population","The size of the area (km2) is 806. The minimum altimetry of the LAU is 660. The maximum altimetry of the LAU is 1932. The total population (in thousand) is 174.341. The population density (Inhabitants/km2) in the LAU is 49.3. The population change rate of the LAU in the last 10 years (%) has been -3.00%. The overall regional population density (Inhabitants/km2) is 83.4. The regional population change rate in the last 10 years (%) has been 1.20%.","population density","http://www.wikidata.org/entity/Q22856","22.810112771029203","41.726644724611546","21.716669444444445","41.65"
"Income and gross value added","The average per capita income (EUR/year) [NUTS3] is 5056. The total Gross Value Added (GVA) (EUR million/year) [NUTS3] is 769. The primary sector share of total GVA/year [NUTS3] is 9.80%. The secondary sector share of total GVA/year [NUTS3] is 45.60%. The tertiary sector share of total GVA/year [NUTS3] is 44.53%. The per capita income (EUR/year) [NUTS2] is 5175. The total Gross Value Added (GVA) (EUR million/year) [NUTS2] is 9332. The primary sector share of total GVA/year [NUTS2] is 9.75%. The secondary sector share of total GVA/year [NUTS2] is 27.70%. The tertiary sector share of total GVA/year [NUTS2] is 62.50%.","gross value added, per capita income, year","http://www.wikidata.org/entity/Q994873, http://www.wikidata.org/entity/Q45918, http://www.wikidata.org/entity/Q577","22.931061579848794","41.609718348250105","21.716669444444445","41.65"
"Tourism","The total number of bed places (BPs) in tourist accommodations/year in the LAU is 2088. The regional (NUTS2) share of total BPs/year is unspecified. The number of agricultural holdings in the LAU is 26003. The nearest settlement with population over 100000 (km) is unspecified. In this region protected areas are present.","number, bed, year","http://www.wikidata.org/entity/Q11563, http://www.wikidata.org/entity/Q42177, http://www.wikidata.org/entity/Q577","22.891161370187817","41.66220388747189","21.716669444444445","41.65"
"Employment","The primary sector share of total employment/year [NUTS3] is unspecified. The secondary sector share of total employment/year [NUTS3] is unspecified. The tertiary sector share of total employment/year [NUTS3] is unspecified. The primary sector share of total employment/year [NUTS2] is 16.20%. The secondary sector share of total employment/year [NUTS2] is 30.50%. The tertiary sector share of total employment/year [NUTS2] is 53.30%.","employment, year","http://www.wikidata.org/entity/Q656365, http://www.wikidata.org/entity/Q577","22.93575436903331","41.64526619841804","21.716669444444445","41.65"
"Concluding remarks","Given that honey with dried fruits is a usual product, it is also present in other Member States.","honey","http://www.wikidata.org/entity/Q10987","22.87049581556634","41.63738888853379","21.716669444444445","41.65"
