title,description,objects,objectlinks,lon,lat,barycenter_lon,barycenter_lat
"Rye Bread made from cereals grown at the mountain","The MOVING reference member state of this VC is PORTUGAL ESTRELA. The reference MOVING Card ID of this VC is VC 07 PT2. Rye is cultivated in the mountain area and, after harvesting, it is transformed into flour in the water mills that still in operation in the region. The rye flour is then used to produce the Rye Bread. Nowadays, there are small bakeries with wood ovens where the Rye Bread is cooked, imitating the community wood ovens of the past.","portugal, rye bread","http://www.wikidata.org/entity/Q45, http://www.wikidata.org/entity/Q3893120","-9.183333333333334","38.7","-9.183333333333334","38.7"
"Interest on this VC","Product connected to territorial identity. Rye was traditionally used to produce bread because it is more resistant than other cereal crops to the conditions of the mountain region, where the soils are poorer and thinner and the winter is very cold. Product highly characteristic of the MRL. Product highly connected to land use and landscape management.","landscape, management","http://www.wikidata.org/entity/Q107425, http://www.wikidata.org/entity/Q2920921","-7.70245","40.42203055555556","-9.183333333333334","38.7"
"Mountain landscape and reference chains","The reference mountain chain of this VC is Cordilheira Central (RR08). The reference mountain landscape of this VC is Manteigas. With stunning landscapes, Manteigas is a municipality with 4 parishes, in the district of Guarda in the Centre region of Portugal. Manteigas shares with the municipalities of Seia and Covilhã, the highest point in mainland Portugal at 1993 meters of altitude. The main village of Manteigas is located in the Zêzere Glacier Valley, which is a great example of landscape modeling by glaciers, with its 'U' shape. Historically, the most important economic activities in Manteigas are related to pastoralism, sheep's cheese production and wool industry.","portugal, reference, mountain, landscape, manteigas, municipality, seia, covilhã, altitude, village, glacier, valley, pastoralism, cheese, wool","http://www.wikidata.org/entity/Q45, http://www.wikidata.org/entity/Q121769, http://www.wikidata.org/entity/Q8502, http://www.wikidata.org/entity/Q107425, http://www.wikidata.org/entity/Q986093, http://www.wikidata.org/entity/Q15284, http://www.wikidata.org/entity/Q76017, http://www.wikidata.org/entity/Q849026, http://www.wikidata.org/entity/Q190200, http://www.wikidata.org/entity/Q532, http://www.wikidata.org/entity/Q35666, http://www.wikidata.org/entity/Q39816, http://www.wikidata.org/entity/Q9056738, http://www.wikidata.org/entity/Q10943, http://www.wikidata.org/entity/Q42329","-7.533333333333333","40.4","-9.183333333333334","38.7"
"Key local assets","Rye is a cereal grain used for flour and bread that grows well in poor soils and under very low temperatures. About the LAU: 908.","flour, bread","http://www.wikidata.org/entity/Q36465, http://www.wikidata.org/entity/Q7802","-7.5","40.28333333333333","-9.183333333333334","38.7"
"Challenges","Is land abandonment an issue to this value chain? Local production on Rye is diminishing. Can this VC be maintained or will Rye Bread production depend more and more on imported cereals?. Overall the type of challenge faced by this VC is Current and Predicted. This VC is classified as Traditional.","value chain, rye bread","http://www.wikidata.org/entity/Q646107, http://www.wikidata.org/entity/Q3893120","-9.143101512811215","38.66106507202912","-9.183333333333334","38.7"
"Innovation","The type of innovation of this VC is unspecified. The innovation is related to the whole VC. The land use systems involved are Cropland. The local assets include N/A.","innovation","http://www.wikidata.org/entity/Q174165","-9.211001123304262","38.753832251687","-9.183333333333334","38.7"
"Geography and population","The size of the area (km2) is 123.28. The minimum altimetry of the LAU is 496. The maximum altimetry of the LAU is 1993. The total population (in thousand) is 3.007. The population density (Inhabitants/km2) in the LAU is 24.7. The population change rate of the LAU in the last 10 years (%) has been -0.15%. The overall regional population density (Inhabitants/km2) is 78.6. The regional population change rate in the last 10 years (%) has been -0.05%.","population density","http://www.wikidata.org/entity/Q22856","-9.222917574132078","38.783096994104","-9.183333333333334","38.7"
"Income and gross value added","The average per capita income (EUR/year) [NUTS3] is 13122.59. The total Gross Value Added (GVA) (EUR million/year) [NUTS3] is 2534.72. The primary sector share of total GVA/year [NUTS3] is 3.67%. The secondary sector share of total GVA/year [NUTS3] is 24.16%. The tertiary sector share of total GVA/year [NUTS3] is 72.00%. The per capita income (EUR/year) [NUTS2] is 16576.33. The total Gross Value Added (GVA) (EUR million/year) [NUTS2] is 33268.83. The primary sector share of total GVA/year [NUTS2] is 3.44%. The secondary sector share of total GVA/year [NUTS2] is 30.35%. The tertiary sector share of total GVA/year [NUTS2] is 67.00%.","gross value added, per capita income, year","http://www.wikidata.org/entity/Q994873, http://www.wikidata.org/entity/Q45918, http://www.wikidata.org/entity/Q577","-9.169481690443106","38.680868877787915","-9.183333333333334","38.7"
"Tourism","The total number of bed places (BPs) in tourist accommodations/year in the LAU is 403. The regional (NUTS2) share of total BPs/year is 0.63%. The number of agricultural holdings in the LAU is 111. The nearest settlement with population over 100000 (km) is 77.2. In this region protected areas are present.","number, bed, year","http://www.wikidata.org/entity/Q11563, http://www.wikidata.org/entity/Q42177, http://www.wikidata.org/entity/Q577","-9.166539740318989","38.63438816530368","-9.183333333333334","38.7"
"Employment","The primary sector share of total employment/year [NUTS3] is 20.11%. The secondary sector share of total employment/year [NUTS3] is 34.59%. The tertiary sector share of total employment/year [NUTS3] is 45.30%. The primary sector share of total employment/year [NUTS2] is 13.25%. The secondary sector share of total employment/year [NUTS2] is 48.20%. The tertiary sector share of total employment/year [NUTS2] is 38.55%.","employment, year","http://www.wikidata.org/entity/Q656365, http://www.wikidata.org/entity/Q577","-9.164633427486276","38.6714432933629","-9.183333333333334","38.7"
"Concluding remarks","This product may be produced in different municipalities at Serra da Estrela.","","","-9.165432250498954","38.60028983994659","-9.183333333333334","38.7"
