title,description,objects,objectlinks,lon,lat,barycenter_lon,barycenter_lat
"Wine from Serra da Estrela, one of the subregions of Dão Demarcated Region","The MOVING reference member state of this VC is PORTUGAL ESTRELA. The reference MOVING Card ID of this VC is VC 11 PT2. In the Dão Demarcated Region the geographical conditions are excellent for the production of wines. At Serra da Estrela, there are several hectares of vineyards of different varieties and ages, that produce the grapes that originate Dão Wine PDO of Serra da Estrela Subregion. This wine is sold at national level.","reference, portugal, wine","http://www.wikidata.org/entity/Q121769, http://www.wikidata.org/entity/Q45, http://www.wikidata.org/entity/Q282","-9.183333333333334","38.7","-9.183333333333334","38.7"
"Interest on this VC","Product connected to territorial idendity. The Dão Demarcated Region was delimited in 1908, becoming the second demarcated wine region in Portugal. Particulary treathen land use system - Vineyards. Product with PDO certification. Product available through e-commerce. Product highly characteristic of the MRL. Product highly connected to land use and landscape management.","portugal, certification, e-commerce","http://www.wikidata.org/entity/Q45, http://www.wikidata.org/entity/Q374814, http://www.wikidata.org/entity/Q484847","-9.183333333333334","38.7","-9.183333333333334","38.7"
"Mountain landscape and reference chains","The reference mountain chain of this VC is Cordilheira Central (RR08). The reference mountain landscape of this VC is Seia. Located on the western slope of Serra da Estrela, Seia is a municipality with 21 parishes, in the district of Guarda in the Centre region of Portugal. Seia shares with the municipalities of Covilhã and Manteigas, the highest point in mainland Portugal at 1993 meters of altitude. Seia has a strong industrial tradition, mainly related to textiles and the distribution of electricity. The production of sheep's cheese is also a tradition.","portugal, reference, mountain, landscape, seia, municipality, covilhã, manteigas, altitude, tradition, electricity","http://www.wikidata.org/entity/Q45, http://www.wikidata.org/entity/Q121769, http://www.wikidata.org/entity/Q8502, http://www.wikidata.org/entity/Q107425, http://www.wikidata.org/entity/Q76017, http://www.wikidata.org/entity/Q15284, http://www.wikidata.org/entity/Q849026, http://www.wikidata.org/entity/Q986093, http://www.wikidata.org/entity/Q190200, http://www.wikidata.org/entity/Q82821, http://www.wikidata.org/entity/Q12725","-7.5","40.28333333333333","-9.183333333333334","38.7"
"Key local assets","Serra da Estrela subregion that extends over the munincipalities of Gouveia and Seia, along the west slope of the mountain, is one of the most distinctive terroirs in Dão. It has granitic soils and its climate is marked by cold, snowy, very rainy winters and hot, dry summers. The vineyards are located between 400 m and 700 m of altitude and the oldest ones are over 100 years old. Of the main grape varieties of the Dão Wine, the following stand out: Touriga Nacional, Encruzado, Alfrocheiro Preto and Jaen. About the LAU: 912.","seia, mountain, grape, wine, touriga nacional, encruzado, alfrocheiro preto","http://www.wikidata.org/entity/Q76017, http://www.wikidata.org/entity/Q8502, http://www.wikidata.org/entity/Q10978, http://www.wikidata.org/entity/Q282, http://www.wikidata.org/entity/Q1503069, http://www.wikidata.org/entity/Q1340115, http://www.wikidata.org/entity/Q588556","-7.70245","40.42203055555556","-9.183333333333334","38.7"
"Challenges","Land abandonment. Despite having enormous potential for the production of great red and white wines, it is also a region that has been destroying its heritage of old vineyards of native grape varieties, as vineyards are disappearing. Will climate change affect vineyards and wine quality?. Overall the type of challenge faced by this VC is Current and Predicted. This VC is classified as Traditional.","potential, grape, wine","http://www.wikidata.org/entity/Q1202245, http://www.wikidata.org/entity/Q10978, http://www.wikidata.org/entity/Q282","-7.533333333333333","40.4","-9.183333333333334","38.7"
"Innovation","The type of innovation of this VC is unspecified. The innovation is related to the whole VC. The land use systems involved are Cropland. The local assets include N/A.","innovation","http://www.wikidata.org/entity/Q174165","-9.152209808901821","38.62015054003932","-9.183333333333334","38.7"
"Geography and population","The size of the area (km2) is 435.41. The minimum altimetry of the LAU is 159. The maximum altimetry of the LAU is 1993. The total population (in thousand) is 22.234. The population density (Inhabitants/km2) in the LAU is 51. The population change rate of the LAU in the last 10 years (%) has been -0.11%. The overall regional population density (Inhabitants/km2) is 78.6. The regional population change rate in the last 10 years (%) has been -0.05%.","population density","http://www.wikidata.org/entity/Q22856","-9.282106817114345","38.6153051496344","-9.183333333333334","38.7"
"Income and gross value added","The average per capita income (EUR/year) [NUTS3] is 13122.59. The total Gross Value Added (GVA) (EUR million/year) [NUTS3] is 2534.72. The primary sector share of total GVA/year [NUTS3] is 3.67%. The secondary sector share of total GVA/year [NUTS3] is 24.16%. The tertiary sector share of total GVA/year [NUTS3] is 72.00%. The per capita income (EUR/year) [NUTS2] is 16576.33. The total Gross Value Added (GVA) (EUR million/year) [NUTS2] is 33268.83. The primary sector share of total GVA/year [NUTS2] is 3.44%. The secondary sector share of total GVA/year [NUTS2] is 30.35%. The tertiary sector share of total GVA/year [NUTS2] is 67.00%.","gross value added, per capita income, year","http://www.wikidata.org/entity/Q994873, http://www.wikidata.org/entity/Q45918, http://www.wikidata.org/entity/Q577","-9.148616476876384","38.671141515736856","-9.183333333333334","38.7"
"Tourism","The total number of bed places (BPs) in tourist accommodations/year in the LAU is 1245. The regional (NUTS2) share of total BPs/year is 1.96%. The number of agricultural holdings in the LAU is 1728. The nearest settlement with population over 100000 (km) is 64.2. In this region protected areas are present.","number, bed, year","http://www.wikidata.org/entity/Q11563, http://www.wikidata.org/entity/Q42177, http://www.wikidata.org/entity/Q577","-9.19070114081525","38.71645437576023","-9.183333333333334","38.7"
"Employment","The primary sector share of total employment/year [NUTS3] is 20.11%. The secondary sector share of total employment/year [NUTS3] is 34.59%. The tertiary sector share of total employment/year [NUTS3] is 45.30%. The primary sector share of total employment/year [NUTS2] is 13.25%. The secondary sector share of total employment/year [NUTS2] is 48.20%. The tertiary sector share of total employment/year [NUTS2] is 38.55%.","employment, year","http://www.wikidata.org/entity/Q656365, http://www.wikidata.org/entity/Q577","-9.168309625081081","38.798928951433105","-9.183333333333334","38.7"
"Concluding remarks","Dão Wine DOP - Serra da Estrela subregion can be produced at some parishes of the municipalities of Seia and Gouveia.","wine, seia","http://www.wikidata.org/entity/Q282, http://www.wikidata.org/entity/Q76017","-7.70245","40.42203055555556","-9.183333333333334","38.7"
