title,description,objects,objectlinks,lon,lat,barycenter_lon,barycenter_lat
"WILD COLLECTED MEDICINAL PLANTS","The MOVING reference member state of this VC is BULGARIA. The reference MOVING Card ID of this VC is VC 01 BG. To ensure the sustainable use of medicinal plant resources in the Central Balkan National Park (i.e. to keep them available for extraction without endangering their locations or depleting their stocks) specific rules and restrictions are enforced . Medicinal plants can be widely gathered for personal use within the Park provided that basic regulations and standards are observed, but commercial extraction is only allowed within a clearly defined 'Multifunctional Zone'.","central balkan national park, bulgaria, park","http://www.wikidata.org/entity/Q1887045, http://www.wikidata.org/entity/Q219, http://www.wikidata.org/entity/Q22698","24.781388888888888","42.72027777777778","25.5","42.75"
"Interest on this VC","Wild-growing medicinal plants are a major renewable resource of Bulgaria and they are an important traditional export product which is well placed on international markets. A special regime for the protection and use of wild medicinal plants has been in place for almost 30 years and the National Park Authorities play an important role in its implementation. This value chain is focused upon the Central Balkan National Park which is one of the most important collection areas in Bulgaria. The Park touches upon the territory of five provinces and is administered by the Park Directorate based in Gabrovo Municipality (GAB05) in Gabrovo Province (BG322).","bulgaria, gabrovo province, central balkan national park, renewable resource, export, regime, protection, park, role, implementation, value chain, territory, gabrovo municipality","http://www.wikidata.org/entity/Q219, http://www.wikidata.org/entity/Q1007272, http://www.wikidata.org/entity/Q1887045, http://www.wikidata.org/entity/Q1138571, http://www.wikidata.org/entity/Q182722, http://www.wikidata.org/entity/Q5589178, http://www.wikidata.org/entity/Q2251595, http://www.wikidata.org/entity/Q22698, http://www.wikidata.org/entity/Q214339, http://www.wikidata.org/entity/Q245962, http://www.wikidata.org/entity/Q646107, http://www.wikidata.org/entity/Q183366, http://www.wikidata.org/entity/Q2652942","25.25","42.916666666666664","25.5","42.75"
"Mountain landscape and reference chains","The reference mountain chain of this VC is Central Stara Planina (Balkan Mountains). The reference mountain landscape of this VC is Gabrovo Municipality in Gabrovo Province (BG322). Gabrovo Province (BG322) is a small province lying on the northern slopes of the Central Stara Planina mountain range with altitudes up to around 1,500 metres. The mountain landscape is open, rugged and very scenic - approximately 50% semi-natural and alpine grasslands and 50% broadleaf and mixed forest, including ancient beech, spruce, fir, oak and hornbeam.","balkan mountains, gabrovo province, reference, mountain, landscape, gabrovo municipality, gabrovo, province","http://www.wikidata.org/entity/Q170427, http://www.wikidata.org/entity/Q1007272, http://www.wikidata.org/entity/Q121769, http://www.wikidata.org/entity/Q8502, http://www.wikidata.org/entity/Q107425, http://www.wikidata.org/entity/Q2652942, http://www.wikidata.org/entity/Q180131, http://www.wikidata.org/entity/Q34876","25.0","42.7","25.5","42.75"
"Key local assets","Wild-growing medicinal plants are a major renewable resource of Bulgaria. A total of 166 medicinal plant species (12 are protected by law) have been identified in the Central Balkan National Park, representing three-fourths of all medicinal plants widely used in alternative medicine. Particularly common species include thyme, St. John s wort, raspberry, wild strawberry, eyebright, common speedwell, cowslip, and mouse-ear hawkweed. Hazelbush, ramsons, common geranium, and woodruff-asperule flourish in wooded areas. Mullein, broad- and narrow-leaf plantain, nettle, milfoil, common tansy, and common wormwood are found in high mountain pastures and along trails, chalets, lodges, shelters, and other areas of increased human presence. Siberian juniper, black and cranberry are common species in the subalpine zone. About the LAU: GAB05.","bulgaria, central balkan national park, renewable resource, species, law, alternative medicine, thyme, raspberry, geranium, leaf, mountain, black","http://www.wikidata.org/entity/Q219, http://www.wikidata.org/entity/Q1887045, http://www.wikidata.org/entity/Q1138571, http://www.wikidata.org/entity/Q7432, http://www.wikidata.org/entity/Q7748, http://www.wikidata.org/entity/Q188504, http://www.wikidata.org/entity/Q3215980, http://www.wikidata.org/entity/Q13179, http://www.wikidata.org/entity/Q157211, http://www.wikidata.org/entity/Q33971, http://www.wikidata.org/entity/Q8502, http://www.wikidata.org/entity/Q23445","25.5","42.75","25.5","42.75"
"Challenges","The main challenges with wild collected foods (herbs, berries or mushrooms), especially when working with large networks of (often untrained) collectors, are: a) correctly identifying the relevant species / type; b) avoiding contamination (e.g. with soil or other species); c) maintaining a consistent standard of quality, and; d) sustainable harvesting to ensure the continued viability of the harvested populations. Unsustainable harvesting and overexploitation of the most accessible sites is a major problem in Bulgaria and there have been several initiatives and communication campaigns to address this. Overall the type of challenge faced by this VC is Current. This VC is classified as Traditional.","bulgaria, species, soil, problem, communication","http://www.wikidata.org/entity/Q219, http://www.wikidata.org/entity/Q7432, http://www.wikidata.org/entity/Q36133, http://www.wikidata.org/entity/Q621184, http://www.wikidata.org/entity/Q11024","25.5","42.75","25.5","42.75"
"Innovation","The type of innovation of this VC is unspecified. The innovation is related to the whole VC. The land use systems involved are Grassland and Natural land. The local assets include Natural.","innovation, grassland","http://www.wikidata.org/entity/Q174165, http://www.wikidata.org/entity/Q1006733","25.283333333333335","42.88333333333333","25.5","42.75"
"Geography and population","The size of the area (km2) is 555.6. The minimum altimetry of the LAU is unspecified. The maximum altimetry of the LAU is unspecified. The total population (in thousand) is 57.625. The population density (Inhabitants/km2) in the LAU is 103.72. The population change rate of the LAU in the last 10 years (%) is unspecified. The overall regional population density (Inhabitants/km2) is 53.10. The regional population change rate in the last 10 years (%) has been -0.13%.","population density","http://www.wikidata.org/entity/Q22856","25.31784","42.87424194444444","25.5","42.75"
"Income and gross value added","The average per capita income (EUR/year) [NUTS3] is 6900. The total Gross Value Added (GVA) (EUR million/year) [NUTS3] is 655. The primary sector share of total GVA/year [NUTS3] is 4.40%. The secondary sector share of total GVA/year [NUTS3] is 46.80%. The tertiary sector share of total GVA/year [NUTS3] is 48.80%. The per capita income (EUR/year) [NUTS2] is 5400. The total Gross Value Added (GVA) (EUR million/year) [NUTS2] is 3730. The primary sector share of total GVA/year [NUTS2] is 8.00%. The secondary sector share of total GVA/year [NUTS2] is 33.80%. The tertiary sector share of total GVA/year [NUTS2] is 58.20%.","gross value added, per capita income, year","http://www.wikidata.org/entity/Q994873, http://www.wikidata.org/entity/Q45918, http://www.wikidata.org/entity/Q577","25.419015637592683","42.728740968136755","25.5","42.75"
"Tourism","The total number of bed places (BPs) in tourist accommodations/year in the LAU is 2895. The regional (NUTS2) share of total BPs/year is 29.00%. The number of agricultural holdings in the LAU is 6880. The nearest settlement with population over 100000 (km) is unspecified. In this region protected areas are present.","number, bed, year","http://www.wikidata.org/entity/Q11563, http://www.wikidata.org/entity/Q42177, http://www.wikidata.org/entity/Q577","25.503022818056053","42.661168752778686","25.5","42.75"
"Employment","The primary sector share of total employment/year [NUTS3] is 11.50%. The secondary sector share of total employment/year [NUTS3] is 46.10%. The tertiary sector share of total employment/year [NUTS3] is 42.40%. The primary sector share of total employment/year [NUTS2] is 25.50%. The secondary sector share of total employment/year [NUTS2] is 29.80%. The tertiary sector share of total employment/year [NUTS2] is 44.70%.","employment, year","http://www.wikidata.org/entity/Q656365, http://www.wikidata.org/entity/Q577","25.443492339257233","42.78983459952579","25.5","42.75"
"Concluding remarks","Bulgaria has adopted conditions and procedures for use of the optional quality term (OQT) 'Mountain Product' and a national logo has been approved. However uptake of the OQT is currently very low.","bulgaria, mountain, logo","http://www.wikidata.org/entity/Q219, http://www.wikidata.org/entity/Q8502, http://www.wikidata.org/entity/Q1886349","25.5","42.75","25.5","42.75"
