title,description,objects,objectlinks,lon,lat,barycenter_lon,barycenter_lat
"Liqueur from Sambucus nigra flower from Serra da Estrela","The MOVING reference member state of this VC is PORTUGAL ESTRELA. The reference MOVING Card ID of this VC is VC 13 PT2. Elderberry flowers are harvested at Serra da Estrela and used to produce Elderberry Flower Liqueur. This product is then sold at national and international levels.","reference, portugal, flower, liqueur","http://www.wikidata.org/entity/Q121769, http://www.wikidata.org/entity/Q45, http://www.wikidata.org/entity/Q506, http://www.wikidata.org/entity/Q178780","-9.183333333333334","38.7","-9.183333333333334","38.7"
"Interest on this VC","Internationally distinguished product. Elderberry Flower Liqueur is available through e-commerce. Innovative product. Product highly connected to local natural asset.","liqueur, e-commerce, asset","http://www.wikidata.org/entity/Q178780, http://www.wikidata.org/entity/Q484847, http://www.wikidata.org/entity/Q46737","-7.70245","40.42203055555556","-9.183333333333334","38.7"
"Mountain landscape and reference chains","The reference mountain chain of this VC is Cordilheira Central (RR08). The reference mountain landscape of this VC is Covilhã. Located on the southwest slope of Serra da Estrela, Covilhã is a municipality with 21 parishes, in the district of Guarda in the Centre region of Portugal. Covilhã shares with the municipalities of Seia and Manteigas, the highest point in mainland Portugal at 1993 meters of altitude. Nowadays, the city of Covilhã is one of the main European centers for wool production. Tradicional economic activities in Covilhã include wool industry and production of dairy products from sheep's milk.","portugal, reference, mountain, landscape, covilhã, municipality, seia, manteigas, altitude, wool, dairy","http://www.wikidata.org/entity/Q45, http://www.wikidata.org/entity/Q121769, http://www.wikidata.org/entity/Q8502, http://www.wikidata.org/entity/Q107425, http://www.wikidata.org/entity/Q849026, http://www.wikidata.org/entity/Q15284, http://www.wikidata.org/entity/Q76017, http://www.wikidata.org/entity/Q986093, http://www.wikidata.org/entity/Q190200, http://www.wikidata.org/entity/Q42329, http://www.wikidata.org/entity/Q637776","-7.5","40.28333333333333","-9.183333333333334","38.7"
"Key local assets","Elderberry is an autochthonous shrub, distributed mainly in the northern half of Portugal and that grows at Serra da Estrela above 800 m of altitude. It is a deciduous plant, from 2 m to 5 m in height, with white flowers and black berries. It is monoecious and flowering occurs from March to June. About the LAU: 503.","portugal","http://www.wikidata.org/entity/Q45","-9.183333333333334","38.7","-9.183333333333334","38.7"
"Challenges","Will climate change affect Elderberry distribution and quality?. Overall the type of challenge faced by this VC is Predicted. This VC is classified as Innovative.","","","-7.533333333333333","40.4","-9.183333333333334","38.7"
"Innovation","The type of innovation of this VC is Endogenous. Creation of a new type of liqueur from an autochthonous species. The innovation is related to New products. The land use systems involved are N/A. The local assets include Natural.","innovation, liqueur, species","http://www.wikidata.org/entity/Q174165, http://www.wikidata.org/entity/Q178780, http://www.wikidata.org/entity/Q7432","-9.138323213449889","38.74937639919835","-9.183333333333334","38.7"
"Geography and population","The size of the area (km2) is 554.26. The minimum altimetry of the LAU is 353. The maximum altimetry of the LAU is 1993. The total population (in thousand) is 46.787. The population density (Inhabitants/km2) in the LAU is 84.2. The population change rate of the LAU in the last 10 years (%) has been -0.10%. The overall regional population density (Inhabitants/km2) is 78.6. The regional population change rate in the last 10 years (%) has been -0.05%.","population density","http://www.wikidata.org/entity/Q22856","-9.152446614970177","38.74510965270973","-9.183333333333334","38.7"
"Income and gross value added","The average per capita income (EUR/year) [NUTS3] is 13122.59. The total Gross Value Added (GVA) (EUR million/year) [NUTS3] is 2534.72. The primary sector share of total GVA/year [NUTS3] is 3.67%. The secondary sector share of total GVA/year [NUTS3] is 24.16%. The tertiary sector share of total GVA/year [NUTS3] is 72.00%. The per capita income (EUR/year) [NUTS2] is 16576.33. The total Gross Value Added (GVA) (EUR million/year) [NUTS2] is 33268.83. The primary sector share of total GVA/year [NUTS2] is 3.44%. The secondary sector share of total GVA/year [NUTS2] is 30.35%. The tertiary sector share of total GVA/year [NUTS2] is 67.00%.","gross value added, per capita income, year","http://www.wikidata.org/entity/Q994873, http://www.wikidata.org/entity/Q45918, http://www.wikidata.org/entity/Q577","-9.180167527491488","38.66370675714953","-9.183333333333334","38.7"
"Tourism","The total number of bed places (BPs) in tourist accommodations/year in the LAU is 2167. The regional (NUTS2) share of total BPs/year is 3.40%. The number of agricultural holdings in the LAU is 1686. The nearest settlement with population over 100000 (km) is 77.6. In this region protected areas are present.","number, bed, year","http://www.wikidata.org/entity/Q11563, http://www.wikidata.org/entity/Q42177, http://www.wikidata.org/entity/Q577","-9.117618518375844","38.66978370564289","-9.183333333333334","38.7"
"Employment","The primary sector share of total employment/year [NUTS3] is 20.11%. The secondary sector share of total employment/year [NUTS3] is 34.59%. The tertiary sector share of total employment/year [NUTS3] is 45.30%. The primary sector share of total employment/year [NUTS2] is 13.25%. The secondary sector share of total employment/year [NUTS2] is 48.20%. The tertiary sector share of total employment/year [NUTS2] is 38.55%.","employment, year","http://www.wikidata.org/entity/Q656365, http://www.wikidata.org/entity/Q577","-9.130349488314122","38.62956978148582","-9.183333333333334","38.7"
"Concluding remarks","","","","-9.269444409221244","38.78416692380346","-9.183333333333334","38.7"
