title,description,objects,objectlinks,lon,lat,barycenter_lon,barycenter_lat
"Such as Hiking, Mountain Biking, Birdwatching and Fishing","The MOVING reference member state of this VC is PORTUGAL ESTRELA. The reference MOVING Card ID of this VC is VC 19 PT2. At Serra da Estrela, Nature Tourism activities include: - Hiking and Biking - There are hundreds of kilimeters of marked trails with various levels of difficulty; - Birdwatching - Serra da Estrela is home to some species characteristic of high altitude areas, such as Anthus campestris, Monticola saxatilis, Cinclus cinclus and Emberiza hortulana. Above 1000 meters of altitude, about 100 species are present during the annual cycle. - Fishing - In some places at Serra da Estrela fishing is allowed.","reference, portugal, nature, tourism, birdwatching, home, species, altitude","http://www.wikidata.org/entity/Q121769, http://www.wikidata.org/entity/Q45, http://www.wikidata.org/entity/Q7860, http://www.wikidata.org/entity/Q49389, http://www.wikidata.org/entity/Q685629, http://www.wikidata.org/entity/Q7743, http://www.wikidata.org/entity/Q7432, http://www.wikidata.org/entity/Q190200","-9.183333333333334","38.7","-9.183333333333334","38.7"
"Interest on this VC","Serra da Estrela is very popular among national and international nature tourists due to its outstanding natural and landscape beauty. Value chain highly characteristic of the MRL. Value chain highly connected to natural local assets. Value chain highly connected to land use and landscape management.","nature, landscape, beauty, value chain, management","http://www.wikidata.org/entity/Q7860, http://www.wikidata.org/entity/Q107425, http://www.wikidata.org/entity/Q7242, http://www.wikidata.org/entity/Q646107, http://www.wikidata.org/entity/Q2920921","-7.70245","40.42203055555556","-9.183333333333334","38.7"
"Mountain landscape and reference chains","The reference mountain chain of this VC is Cordilheira Central (RR08). The reference mountain landscape of this VC is Manteigas. With stunning landscapes, Manteigas is a municipality with 4 parishes, in the district of Guarda in the Centre region of Portugal. Manteigas shares with the municipalities of Seia and Covilhã, the highest point in mainland Portugal at 1993 meters of altitude. The main village of Manteigas is located in the Zêzere Glacier Valley, which is a great example of landscape modeling by glaciers, with its 'U' shape. Historically, the most important economic activities in Manteigas are related to pastoralism, sheep's cheese production and wool industry.","portugal, reference, mountain, landscape, manteigas, municipality, seia, covilhã, altitude, village, glacier, valley, pastoralism, cheese, wool","http://www.wikidata.org/entity/Q45, http://www.wikidata.org/entity/Q121769, http://www.wikidata.org/entity/Q8502, http://www.wikidata.org/entity/Q107425, http://www.wikidata.org/entity/Q986093, http://www.wikidata.org/entity/Q15284, http://www.wikidata.org/entity/Q76017, http://www.wikidata.org/entity/Q849026, http://www.wikidata.org/entity/Q190200, http://www.wikidata.org/entity/Q532, http://www.wikidata.org/entity/Q35666, http://www.wikidata.org/entity/Q39816, http://www.wikidata.org/entity/Q9056738, http://www.wikidata.org/entity/Q10943, http://www.wikidata.org/entity/Q42329","-7.533333333333333","40.4","-9.183333333333334","38.7"
"Key local assets","Stunning glacial valleys with more than 20 thousand years old, springs of important Portuguese rivers, fauna and flora biodiversity, several river beaches, lagoons and waterfalls, impressive mountain slopes and amazing natural rock formations are some of the most important attractions in this region. About the LAU: 908.","fauna, flora, biodiversity, river, mountain","http://www.wikidata.org/entity/Q104021, http://www.wikidata.org/entity/Q131449, http://www.wikidata.org/entity/Q47041, http://www.wikidata.org/entity/Q4022, http://www.wikidata.org/entity/Q8502","-7.5","40.28333333333333","-9.183333333333334","38.7"
"Challenges","Will climate change affect Serra da Estrela fauna and flora biodiversity, landscape dynamics and land use systems?. Overall the type of challenge faced by this VC is Predicted. This VC is classified as Traditional.","","","-9.107333934686864","38.780120055832874","-9.183333333333334","38.7"
"Innovation","The type of innovation of this VC is unspecified. The innovation is related to the whole VC. The land use systems involved are N/A. The local assets include Natural.","innovation","http://www.wikidata.org/entity/Q174165","-9.140619544768352","38.72752548445317","-9.183333333333334","38.7"
"Geography and population","The size of the area (km2) is 123.28. The minimum altimetry of the LAU is 496. The maximum altimetry of the LAU is 1993. The total population (in thousand) is 3.007. The population density (Inhabitants/km2) in the LAU is 24.7. The population change rate of the LAU in the last 10 years (%) has been -0.15%. The overall regional population density (Inhabitants/km2) is 78.6. The regional population change rate in the last 10 years (%) has been -0.05%.","population density","http://www.wikidata.org/entity/Q22856","-9.211651790142426","38.67263619863829","-9.183333333333334","38.7"
"Income and gross value added","The average per capita income (EUR/year) [NUTS3] is 13122.59. The total Gross Value Added (GVA) (EUR million/year) [NUTS3] is 2534.72. The primary sector share of total GVA/year [NUTS3] is 3.67%. The secondary sector share of total GVA/year [NUTS3] is 24.16%. The tertiary sector share of total GVA/year [NUTS3] is 72.00%. The per capita income (EUR/year) [NUTS2] is 16576.33. The total Gross Value Added (GVA) (EUR million/year) [NUTS2] is 33268.83. The primary sector share of total GVA/year [NUTS2] is 3.44%. The secondary sector share of total GVA/year [NUTS2] is 30.35%. The tertiary sector share of total GVA/year [NUTS2] is 67.00%.","gross value added, per capita income, year","http://www.wikidata.org/entity/Q994873, http://www.wikidata.org/entity/Q45918, http://www.wikidata.org/entity/Q577","-9.141488524669102","38.62901955517587","-9.183333333333334","38.7"
"Tourism","The total number of bed places (BPs) in tourist accommodations/year in the LAU is 403. The regional (NUTS2) share of total BPs/year is 0.63%. The number of agricultural holdings in the LAU is 111. The nearest settlement with population over 100000 (km) is 77.2. In this region protected areas are present.","number, bed, year","http://www.wikidata.org/entity/Q11563, http://www.wikidata.org/entity/Q42177, http://www.wikidata.org/entity/Q577","-9.242029069623124","38.693161613435635","-9.183333333333334","38.7"
"Employment","The primary sector share of total employment/year [NUTS3] is 20.11%. The secondary sector share of total employment/year [NUTS3] is 34.59%. The tertiary sector share of total employment/year [NUTS3] is 45.30%. The primary sector share of total employment/year [NUTS2] is 13.25%. The secondary sector share of total employment/year [NUTS2] is 48.20%. The tertiary sector share of total employment/year [NUTS2] is 38.55%.","employment, year","http://www.wikidata.org/entity/Q656365, http://www.wikidata.org/entity/Q577","-9.276041565367459","38.65416235841296","-9.183333333333334","38.7"
"Concluding remarks","Nature Tourism is available in different municipalities at Serra da Estrela.","nature, tourism","http://www.wikidata.org/entity/Q7860, http://www.wikidata.org/entity/Q49389","-9.279610728548231","38.79874988174689","-9.183333333333334","38.7"
