title,description,objects,objectlinks,lon,lat,barycenter_lon,barycenter_lat
"WILD COLLECTED MUSHROOMS","The MOVING reference member state of this VC is BULGARIA. The reference MOVING Card ID of this VC is VC 02 BG. Extensive network of collectors working in the mountain ranges closest to Sofia. Commercial collection of mushrooms is allowed in National Parks with a special permit issued by the Park Directorate. Wild collection provides an important source of income for local mountain communities, especially in more marginal areas with few other employment opportunities. Storage and processing facilities 50km from Sofia airport for quick and easy distribution by air to international customers.","bulgaria, mountain, sofia, employment, sofia airport","http://www.wikidata.org/entity/Q219, http://www.wikidata.org/entity/Q8502, http://www.wikidata.org/entity/Q472, http://www.wikidata.org/entity/Q656365, http://www.wikidata.org/entity/Q127951","23.408333333333335","42.695","25.5","42.75"
"Interest on this VC","Bulgarian-UK company established since 2003 that is collecting, processing and exporting a wide variety of wild (and some exotic) collected muchrooms (fresh, dried and frozen) for chefs and gourmets in Europe and further afield under the 'Mushrooms Bulgaria' brand.","europe, bulgaria","http://www.wikidata.org/entity/Q46, http://www.wikidata.org/entity/Q219","25.5","42.75","25.5","42.75"
"Mountain landscape and reference chains","The reference mountain chain of this VC is Western Stara Planina (Balkan Mountains). The reference mountain landscape of this VC is Stolichna Municipality in Sofia City Province (BG411). Sofia City Province (BG411) is predominantly urban and sits at the base of Vitosha Mountain and to the south of the Western Stara Planina. It contains one municipality (Stolichna) with it's administrative centre being the city of Sofia. Altitude is 500-700 metres. The province is a very important commercial centre and provides a hub for many value chains linked to the surrounding mountains.","balkan mountains, reference, mountain, sofia city province, sofia, city, province","http://www.wikidata.org/entity/Q170427, http://www.wikidata.org/entity/Q121769, http://www.wikidata.org/entity/Q8502, http://www.wikidata.org/entity/Q1585725, http://www.wikidata.org/entity/Q472, http://www.wikidata.org/entity/Q515, http://www.wikidata.org/entity/Q34876","25.0","42.7","25.5","42.75"
"Key local assets","Wild populations of mushrooms - depending upon the type of fungi these are usually found in a forest environment. The main types collected are: Black Trumpet, Chanterelle, Fairy Ring, Morel, Porcini, Saffron Milk Caps and St. George. About the LAU: SOF46.","fairy ring, trumpet","http://www.wikidata.org/entity/Q843581, http://www.wikidata.org/entity/Q8338","23.32172611111111","42.69788611111111","25.5","42.75"
"Challenges","The main challenges with wild collected foods (herbs, berries or mushrooms), especially when working with large networks of (often untrained) collectors, are: a) correctly identifying the relevant species / type; b) avoiding contamination (e.g. with soil or other species); c) maintaining a consistent standard of quality, and; d) sustainable harvesting to ensure the continued viability of the harvested populations. Unsustainable harvesting and overexploitation of the most accessible sites is a major problem in Bulgaria and there have been several initiatives and communication campaigns to address this. Overall the type of challenge faced by this VC is Current. This VC is classified as Traditional.","bulgaria, species, soil, problem, communication","http://www.wikidata.org/entity/Q219, http://www.wikidata.org/entity/Q7432, http://www.wikidata.org/entity/Q36133, http://www.wikidata.org/entity/Q621184, http://www.wikidata.org/entity/Q11024","25.5","42.75","25.5","42.75"
"Innovation","The type of innovation of this VC is unspecified. The innovation is related to the whole VC. The land use systems involved are Forestry. The local assets include Natural.","innovation","http://www.wikidata.org/entity/Q174165","23.333333333333332","42.7","25.5","42.75"
"Geography and population","The size of the area (km2) is 1348.9. The minimum altimetry of the LAU is unspecified. The maximum altimetry of the LAU is unspecified. The total population (in thousand) is 132.812. The population density (Inhabitants/km2) in the LAU is 98.46. The population change rate of the LAU in the last 10 years (%) is unspecified. The overall regional population density (Inhabitants/km2) is 103.70. The regional population change rate in the last 10 years (%) has been -0.01%.","population density","http://www.wikidata.org/entity/Q22856","25.54932075900793","42.74961587906373","25.5","42.75"
"Income and gross value added","The average per capita income (EUR/year) [NUTS3] is 17100. The total Gross Value Added (GVA) (EUR million/year) [NUTS3] is 19669. The primary sector share of total GVA/year [NUTS3] is 0.20%. The secondary sector share of total GVA/year [NUTS3] is 11.30%. The tertiary sector share of total GVA/year [NUTS3] is 88.60%. The per capita income (EUR/year) [NUTS2] is 12900. The total Gross Value Added (GVA) (EUR million/year) [NUTS2] is 23579. The primary sector share of total GVA/year [NUTS2] is 1.20%. The secondary sector share of total GVA/year [NUTS2] is 16.10%. The tertiary sector share of total GVA/year [NUTS2] is 82.60%.","gross value added, per capita income, year","http://www.wikidata.org/entity/Q994873, http://www.wikidata.org/entity/Q45918, http://www.wikidata.org/entity/Q577","25.44943215745172","42.838588996925154","25.5","42.75"
"Tourism","The total number of bed places (BPs) in tourist accommodations/year in the LAU is 12548. The regional (NUTS2) share of total BPs/year is 34.00%. The number of agricultural holdings in the LAU is 4690. The nearest settlement with population over 100000 (km) is unspecified. In this region protected areas are present.","number, bed, year","http://www.wikidata.org/entity/Q11563, http://www.wikidata.org/entity/Q42177, http://www.wikidata.org/entity/Q577","25.439619910315262","42.652822434440424","25.5","42.75"
"Employment","The primary sector share of total employment/year [NUTS3] is 1.50%. The secondary sector share of total employment/year [NUTS3] is 16.80%. The tertiary sector share of total employment/year [NUTS3] is 81.70%. The primary sector share of total employment/year [NUTS2] is 6.40%. The secondary sector share of total employment/year [NUTS2] is 21.10%. The tertiary sector share of total employment/year [NUTS2] is 72.50%.","employment, year","http://www.wikidata.org/entity/Q656365, http://www.wikidata.org/entity/Q577","25.461535921042064","42.82637216408434","25.5","42.75"
"Concluding remarks","Bulgaria has adopted conditions and procedures for use of the optional quality term (OQT) 'Mountain Product' and a national logo has been approved. However uptake of the OQT is currently very low.","bulgaria, mountain, logo","http://www.wikidata.org/entity/Q219, http://www.wikidata.org/entity/Q8502, http://www.wikidata.org/entity/Q1886349","25.5","42.75","25.5","42.75"
