title,description,objects,objectlinks,lon,lat,barycenter_lon,barycenter_lat
"HIGH NATURE VALUE (HNV) GRASSLANDS","The MOVING reference member state of this VC is ROMANIA. The reference MOVING Card ID of this VC is VC 07 RO.","reference, romania","http://www.wikidata.org/entity/Q121769, http://www.wikidata.org/entity/Q218","25.0","46.0","25.0","46.0"
"Interest on this VC","Provision of public goods through the traditional management of semi-natural grasslands (pastures and meadows) with high biodiversity and landscape value.","goods, management, biodiversity, landscape","http://www.wikidata.org/entity/Q28877, http://www.wikidata.org/entity/Q2920921, http://www.wikidata.org/entity/Q47041, http://www.wikidata.org/entity/Q107425","23.583333333333332","46.766666666666666","25.0","46.0"
"Mountain landscape and reference chains","The reference mountain chain of this VC is Southern Romanian Carpathian Mountains. The reference mountain landscape of this VC is Bra ov county. Bra ov county is a hilly mountainous region (500 - 2000 metres altitude) located in the south-eastern part of Transylvania. The relief is a diverse mix of mountainous (35%), hilly (50%) and lower altitude plain areas (15%) with an associated land use of forests (mainly in the mountain areas), permanent grasslands (mainly in the hilly areas), cultivated arable fields (in the hilly areas and lower altitude plains and hill areas) plus some urban, industrial and water surfaces (lakes and reservoirs).","carpathian mountains, reference, mountain, landscape, county, altitude, transylvania, hill, water","http://www.wikidata.org/entity/Q1288, http://www.wikidata.org/entity/Q121769, http://www.wikidata.org/entity/Q8502, http://www.wikidata.org/entity/Q107425, http://www.wikidata.org/entity/Q28575, http://www.wikidata.org/entity/Q190200, http://www.wikidata.org/entity/Q39473, http://www.wikidata.org/entity/Q54050, http://www.wikidata.org/entity/Q283","25.5","47.0","25.0","46.0"
"Key local assets","N/A. About the LAU: NUTS3 RO122.","","","25.054172288930733","45.96419553759169","25.0","46.0"
"Challenges","N/A. Overall the type of challenge faced by this VC is Current and Predicted. This VC is classified as Traditional and Innovative.","","","24.90176360099602","46.04480572726316","25.0","46.0"
"Innovation","The type of innovation of this VC is unspecified. The innovation is related to the whole VC. The land use systems involved are Grassland. The local assets include Natural.","innovation, grassland","http://www.wikidata.org/entity/Q174165, http://www.wikidata.org/entity/Q1006733","24.987410300884495","46.005216134269105","25.0","46.0"
"Geography and population","The size of the area (km2) is 5363. The minimum altimetry of the LAU is unspecified. The maximum altimetry of the LAU is unspecified. The total population (in thousand) is 552.193. The population density (Inhabitants/km2) in the LAU is 103.60. The population change rate of the LAU in the last 10 years (%) is unspecified. The overall regional population density (Inhabitants/km2) is 68.2. The regional population change rate in the last 10 years (%) has been -0.90%.","population density","http://www.wikidata.org/entity/Q22856","24.92706598157189","45.99269728100494","25.0","46.0"
"Income and gross value added","The average per capita income (EUR/year) [NUTS3] is 12600. The total Gross Value Added (GVA) (EUR million/year) [NUTS3] is 6259.84. The primary sector share of total GVA/year [NUTS3] is 2.40%. The secondary sector share of total GVA/year [NUTS3] is 35.80%. The tertiary sector share of total GVA/year [NUTS3] is 61.80%. The per capita income (EUR/year) [NUTS2] is 10000. The total Gross Value Added (GVA) (EUR million/year) [NUTS2] is 21007.63. The primary sector share of total GVA/year [NUTS2] is 4.40%. The secondary sector share of total GVA/year [NUTS2] is 38.20%. The tertiary sector share of total GVA/year [NUTS2] is 57.40%.","gross value added, per capita income, year","http://www.wikidata.org/entity/Q994873, http://www.wikidata.org/entity/Q45918, http://www.wikidata.org/entity/Q577","24.937552084740798","46.01919235162158","25.0","46.0"
"Tourism","The total number of bed places (BPs) in tourist accommodations/year in the LAU is 17795. The regional (NUTS2) share of total BPs/year is 39.20%. The number of agricultural holdings in the LAU is 47980. The nearest settlement with population over 100000 (km) is unspecified. In this region protected areas are present.","number, bed, year","http://www.wikidata.org/entity/Q11563, http://www.wikidata.org/entity/Q42177, http://www.wikidata.org/entity/Q577","25.072022017867926","46.05824931550004","25.0","46.0"
"Employment","The primary sector share of total employment/year [NUTS3] is 8.80%. The secondary sector share of total employment/year [NUTS3] is 40.30%. The tertiary sector share of total employment/year [NUTS3] is 51.20%. The primary sector share of total employment/year [NUTS2] is 9.90%. The secondary sector share of total employment/year [NUTS2] is 42.20%. The tertiary sector share of total employment/year [NUTS2] is 48.00%.","employment, year","http://www.wikidata.org/entity/Q656365, http://www.wikidata.org/entity/Q577","24.978488471723995","45.95528142806569","25.0","46.0"
"Concluding remarks","","","","25.08405018222237","46.060230692368435","25.0","46.0"
