title,description,objects,objectlinks,lon,lat,barycenter_lon,barycenter_lat
"LIVE SHEEP and LAMBS FOR SLAUGHTER","The MOVING reference member state of this VC is ROMANIA. The reference MOVING Card ID of this VC is VC 08 RO. Specialist trading companies such as 'Seradria' have a network of partners managing collection points in the main sheep producing regions in Romania. 'Seradria' has annual capacity to expert up to 150,000 live animals per year (including cattle and bulls for breeding). Collection points include 'Agratransilvania' in the commune of Ca a in Bra ov county (https://agratransilvania.ro). There is a clear distinction between the value chains for sheep and those for lambs. Most sheep are exported to the Middle East (Libya and Jordan) with a particular focus upon the Islamic ritual called Eid al-Adha (the 'Festival of the Sacrifice'). Exports of live lambs are targetted more at EU countries - notably Greece and Italy. For more information see here: https://seradria.com/blog/romania-europes-largest-live-sheep-exporter-who-buys-most-of-our-sheep.html Exports are authorised by the Romanian sanitary veterinary authorities who aim to ensure that: All livestock accomodation is in accordance with EU welfare standards; Sanitary and veterinary certificates are available, and; Effective traceability systems are in place.","romania, middle east, libya, greece, italy, jordan, reference, sheep, expert, year, cattle, commune, county, ritual, information, blog","http://www.wikidata.org/entity/Q218, http://www.wikidata.org/entity/Q7204, http://www.wikidata.org/entity/Q1016, http://www.wikidata.org/entity/Q41, http://www.wikidata.org/entity/Q38, http://www.wikidata.org/entity/Q810, http://www.wikidata.org/entity/Q121769, http://www.wikidata.org/entity/Q7368, http://www.wikidata.org/entity/Q381160, http://www.wikidata.org/entity/Q577, http://www.wikidata.org/entity/Q830, http://www.wikidata.org/entity/Q517760, http://www.wikidata.org/entity/Q28575, http://www.wikidata.org/entity/Q189819, http://www.wikidata.org/entity/Q11028, http://www.wikidata.org/entity/Q30849","45.0","28.0","25.0","46.0"
"Interest on this VC","Romania is Europe's largest exporter of live sheep and lambs for slaughter with an estimated market value of 175 million EUR / year. This is an important value chain for sheep farmers in the Carpathians, especially for supporting the finacial viability of many small farms and thereby ensuring their continued existence and contribution to the maintenance of the traditional farming practices that are important for biodiversity conservation and the valued mountain landscapes.","romania, sheep, year, value chain, existence, biodiversity, mountain","http://www.wikidata.org/entity/Q218, http://www.wikidata.org/entity/Q7368, http://www.wikidata.org/entity/Q577, http://www.wikidata.org/entity/Q646107, http://www.wikidata.org/entity/Q468777, http://www.wikidata.org/entity/Q47041, http://www.wikidata.org/entity/Q8502","25.0","46.0","25.0","46.0"
"Mountain landscape and reference chains","The reference mountain chain of this VC is Southern Romanian Carpathian Mountains. The reference mountain landscape of this VC is Ca a commune in Bra ov County (RO122). Bra ov county is a hilly mountainous region (500 - 2000 metres altitude) located in the south-eastern part of Transylvania. The relief is a diverse mix of mountainous (35%), hilly (50%) and lower altitude plain areas (15%) with an associated land use of forests (mainly in the mountain areas), permanent grasslands (mainly in the hilly areas), cultivated arable fields (in the hilly areas and lower altitude plains and hill areas) plus some urban, industrial and water surfaces (lakes and reservoirs).","carpathian mountains, reference, mountain, landscape, commune, county, altitude, transylvania, hill, water","http://www.wikidata.org/entity/Q1288, http://www.wikidata.org/entity/Q121769, http://www.wikidata.org/entity/Q8502, http://www.wikidata.org/entity/Q107425, http://www.wikidata.org/entity/Q517760, http://www.wikidata.org/entity/Q28575, http://www.wikidata.org/entity/Q190200, http://www.wikidata.org/entity/Q39473, http://www.wikidata.org/entity/Q54050, http://www.wikidata.org/entity/Q283","25.5","47.0","25.0","46.0"
"Key local assets","The live sheep and lambs collected from local farms for export are usually from the most two common breeds found in the Carpathians - the Tsurcana breed (a traditional indigenous breed that was favoured by Romanian transhumance shepherds and is still very popular in mountain villages) and the Tsigai breed (a more recently introduced breed that is more common in the hilly sub-mountainous areas of the Carpathians). About the LAU: 40768.","sheep, export, breed, transhumance, mountain, tsigai","http://www.wikidata.org/entity/Q7368, http://www.wikidata.org/entity/Q182722, http://www.wikidata.org/entity/Q38829, http://www.wikidata.org/entity/Q4657754, http://www.wikidata.org/entity/Q8502, http://www.wikidata.org/entity/Q867253","17.0","27.0","25.0","46.0"
"Challenges","The live export of sheep and lambs is highly controversial because of the animal welfare issues associated with transporting live animals over long distances. This tragically was brought to the attention of the global media in November 2019 when a cargo ship carrying almost 15,000 sheep capsized in the Black Sea shortly after leaving Romania for Saudi Arabia - for more details see here: https://www.nytimes.com/2019/11/24/world/europe/romanian-sheep-cargo-ship.html. Overall the type of challenge faced by this VC is Current. This VC is classified as Traditional.","black sea, romania, saudi arabia, sheep, animal welfare, attention, november, cargo ship, world, europe, cargo, ship","http://www.wikidata.org/entity/Q166, http://www.wikidata.org/entity/Q218, http://www.wikidata.org/entity/Q851, http://www.wikidata.org/entity/Q7368, http://www.wikidata.org/entity/Q459426, http://www.wikidata.org/entity/Q6501338, http://www.wikidata.org/entity/Q125, http://www.wikidata.org/entity/Q105999, http://www.wikidata.org/entity/Q16502, http://www.wikidata.org/entity/Q46, http://www.wikidata.org/entity/Q319224, http://www.wikidata.org/entity/Q11446","35.0","44.0","25.0","46.0"
"Innovation","The type of innovation of this VC is unspecified. The innovation is related to the whole VC. The land use systems involved are Grassland. The local assets include Live sheep and lambs collected from local farms.","innovation, grassland","http://www.wikidata.org/entity/Q174165, http://www.wikidata.org/entity/Q1006733","23.0","38.5","25.0","46.0"
"Geography and population","The size of the area (km2) is 119.7. The minimum altimetry of the LAU is unspecified. The maximum altimetry of the LAU is unspecified. The total population (in thousand) is 2.767. The population density (Inhabitants/km2) in the LAU is 23.12. The population change rate of the LAU in the last 10 years (%) is unspecified. The overall regional population density (Inhabitants/km2) is 68.2. The regional population change rate in the last 10 years (%) has been -0.90%.","population density","http://www.wikidata.org/entity/Q22856","12.5","42.5","25.0","46.0"
"Income and gross value added","The average per capita income (EUR/year) [NUTS3] is 12600. The total Gross Value Added (GVA) (EUR million/year) [NUTS3] is 6259.84. The primary sector share of total GVA/year [NUTS3] is 2.40%. The secondary sector share of total GVA/year [NUTS3] is 35.80%. The tertiary sector share of total GVA/year [NUTS3] is 61.80%. The per capita income (EUR/year) [NUTS2] is 10000. The total Gross Value Added (GVA) (EUR million/year) [NUTS2] is 21007.63. The primary sector share of total GVA/year [NUTS2] is 4.40%. The secondary sector share of total GVA/year [NUTS2] is 38.20%. The tertiary sector share of total GVA/year [NUTS2] is 57.40%.","gross value added, per capita income, year","http://www.wikidata.org/entity/Q994873, http://www.wikidata.org/entity/Q45918, http://www.wikidata.org/entity/Q577","36.5","31.2","25.0","46.0"
"Tourism","The total number of bed places (BPs) in tourist accommodations/year in the LAU is 17795. The regional (NUTS2) share of total BPs/year is 39.20%. The number of agricultural holdings in the LAU is 47980. The nearest settlement with population over 100000 (km) is unspecified. In this region protected areas are present.","number, bed, year","http://www.wikidata.org/entity/Q11563, http://www.wikidata.org/entity/Q42177, http://www.wikidata.org/entity/Q577","23.583333333333332","46.766666666666666","25.0","46.0"
"Employment","The primary sector share of total employment/year [NUTS3] is 8.80%. The secondary sector share of total employment/year [NUTS3] is 40.30%. The tertiary sector share of total employment/year [NUTS3] is 51.20%. The primary sector share of total employment/year [NUTS2] is 9.90%. The secondary sector share of total employment/year [NUTS2] is 42.20%. The tertiary sector share of total employment/year [NUTS2] is 48.00%.","employment, year","http://www.wikidata.org/entity/Q656365, http://www.wikidata.org/entity/Q577","44.11666944444445","23.716669444444445","25.0","46.0"
"Concluding remarks","","","","9.14062","48.690958888888886","25.0","46.0"
