title,description,objects,objectlinks,lon,lat,barycenter_lon,barycenter_lat
"ECO-FERTILISER (WOOL PELLETS)","The MOVING reference member state of this VC is ROMANIA. The reference MOVING Card ID of this VC is VC 09 RO. The processing unit is in the commune of Sura Mica close to the regional city of Sibiu. Wool is purchased from sheep farmers in the surrounding area, including those grazing communal flocks in the nearby mountain pastures of the South Romanian Carpathians. The processing equipment (converting wool to pellets) is purchased from Germany and when fully operational will have a capacity of up to 50 tonnes of pellets per month. The fertilizer is targeted at a range of potential end-users from gardeners to commercial vegetable growers. The pellets are therefore sold in packs of 450g, 1 kg, 5 kg, 15 kg, 25 kg or a Big Bag of 500 kg.","germany, romania, commune, city, sibiu, wool, month, fertilizer, big bag","http://www.wikidata.org/entity/Q183, http://www.wikidata.org/entity/Q218, http://www.wikidata.org/entity/Q517760, http://www.wikidata.org/entity/Q515, http://www.wikidata.org/entity/Q83324, http://www.wikidata.org/entity/Q42329, http://www.wikidata.org/entity/Q5151, http://www.wikidata.org/entity/Q83323, http://www.wikidata.org/entity/Q4904985","25.0","46.0","25.0","46.0"
"Interest on this VC","Very innovative use of a low value by-product (wool) from sheep production in the South Romanian Carpathians. This new product could help to maintain the productivity of traditional shepherding systems in the region, especially those in the more marginal mountain areas which are most prone to abandonment. Great example of entrepreneurship and innovation in a very traditional agricultural sector for Romania.","romania, wool, sheep, south, productivity, mountain","http://www.wikidata.org/entity/Q218, http://www.wikidata.org/entity/Q42329, http://www.wikidata.org/entity/Q7368, http://www.wikidata.org/entity/Q667, http://www.wikidata.org/entity/Q2111958, http://www.wikidata.org/entity/Q8502","25.0","46.0","25.0","46.0"
"Mountain landscape and reference chains","The reference mountain chain of this VC is Southern Romanian Carpathian Mountains. The reference mountain landscape of this VC is Sura Mica commune in Sibiu County (RO126). Sura Mica commune is located near the city of Sibiu, but wool is collected from the whole of Sibiu county (RO126). Sibiu County is covered by almost equal proportions of forest (35%) and open, semi-natural grasslands (34%) - plus some 20% of relatively low input arable The area supports a remarkable species richness (including many endemic species and medicinal plants), consequently most of the grasslands are considered as High Nature Value (HNV). For a fuller description of the landscape and associated farming systems see here: http://www.efncp.org/download/Sibiu HNVFreport Final.pdf.","carpathian mountains, sibiu county, sibiu, reference, mountain, landscape, commune, mica, wool, county, forest, species, nature, description, download","http://www.wikidata.org/entity/Q1288, http://www.wikidata.org/entity/Q184797, http://www.wikidata.org/entity/Q83324, http://www.wikidata.org/entity/Q121769, http://www.wikidata.org/entity/Q8502, http://www.wikidata.org/entity/Q107425, http://www.wikidata.org/entity/Q517760, http://www.wikidata.org/entity/Q114675, http://www.wikidata.org/entity/Q42329, http://www.wikidata.org/entity/Q28575, http://www.wikidata.org/entity/Q4421, http://www.wikidata.org/entity/Q7432, http://www.wikidata.org/entity/Q7860, http://www.wikidata.org/entity/Q1200750, http://www.wikidata.org/entity/Q7126717","25.5","47.0","25.0","46.0"
"Key local assets","Sibiu is historically an important centre for transhumance in south-east Europe and the area developed a specific farming system based on mixed sheep and cattle grazing and mowing, plus mobile pastoralism on long or short distances. The political changes in late 19th century forced the shepherds to restrain long-distance movements within the boundaries of the Carpathians. This led to early deforestation of the region and the creation of mountain grasslands with their own biodiversity value - what is now commonly known as High Nature Value (HNV) grasslands. The conservation of the biodiversity value of these HNV grassalnds is dependant upon the maintenance of traditional patterns of sheep grazing and hay-making. About the LAU: 145792.","europe, sibiu, transhumance, system, sheep, cattle, grazing, pastoralism, deforestation, biodiversity, hay","http://www.wikidata.org/entity/Q46, http://www.wikidata.org/entity/Q83324, http://www.wikidata.org/entity/Q4657754, http://www.wikidata.org/entity/Q58778, http://www.wikidata.org/entity/Q7368, http://www.wikidata.org/entity/Q830, http://www.wikidata.org/entity/Q3239189, http://www.wikidata.org/entity/Q9056738, http://www.wikidata.org/entity/Q169940, http://www.wikidata.org/entity/Q47041, http://www.wikidata.org/entity/Q336989","24.15","45.8","25.0","46.0"
"Challenges","The main challenge is developing the brand ('Naked Sheep') and establishing a functional value chain for this new product, especially since it is so unusual and different. However the business has received a lot of attention in the local and national media which is very encouraging for them - see here: https://www.nakedsheep.ro/aparitii-in-mass-media/ The Covid crisis has inevitably slowed the initial growth of the business with a limit on current production capacity because the necessary installaton engineers were not able to travel to Romania. Overall the type of challenge faced by this VC is Current. This VC is classified as Innovative.","romania, sheep, value chain, business, attention, crisis","http://www.wikidata.org/entity/Q218, http://www.wikidata.org/entity/Q7368, http://www.wikidata.org/entity/Q646107, http://www.wikidata.org/entity/Q4830453, http://www.wikidata.org/entity/Q6501338, http://www.wikidata.org/entity/Q381072","25.0","46.0","25.0","46.0"
"Innovation","The type of innovation of this VC is Exogenous. 'Naked Sheep' is a start-up company (opened in February 2020) that is buying wool from local sheep farmers and making the wool into pellets that are sold as an organic fertilizer. This is sold online mainly for vegetable growers - the website is here: https://www.nakedsheep.ro/. The innovation is related to New products. The land use systems involved are Grassland and Natural land. The local assets include Natural.","innovation, sheep, february, wool, organic fertilizer, grassland","http://www.wikidata.org/entity/Q174165, http://www.wikidata.org/entity/Q7368, http://www.wikidata.org/entity/Q109, http://www.wikidata.org/entity/Q42329, http://www.wikidata.org/entity/Q539815, http://www.wikidata.org/entity/Q1006733","24.23","45.87","25.0","46.0"
"Geography and population","The size of the area (km2) is 49.45. The minimum altimetry of the LAU is unspecified. The maximum altimetry of the LAU is unspecified. The total population (in thousand) is 3.184. The population density (Inhabitants/km2) in the LAU is 64.39. The population change rate of the LAU in the last 10 years (%) is unspecified. The overall regional population density (Inhabitants/km2) is 68.2. The regional population change rate in the last 10 years (%) has been -0.90%.","population density","http://www.wikidata.org/entity/Q22856","24.910718119105315","46.07427908213449","25.0","46.0"
"Income and gross value added","The average per capita income (EUR/year) [NUTS3] is 11400. The total Gross Value Added (GVA) (EUR million/year) [NUTS3] is 4120.76. The primary sector share of total GVA/year [NUTS3] is 2.80%. The secondary sector share of total GVA/year [NUTS3] is 42.80%. The tertiary sector share of total GVA/year [NUTS3] is 54.40%. The per capita income (EUR/year) [NUTS2] is 10000. The total Gross Value Added (GVA) (EUR million/year) [NUTS2] is 21007.63. The primary sector share of total GVA/year [NUTS2] is 4.40%. The secondary sector share of total GVA/year [NUTS2] is 38.20%. The tertiary sector share of total GVA/year [NUTS2] is 57.40%.","gross value added, per capita income, year","http://www.wikidata.org/entity/Q994873, http://www.wikidata.org/entity/Q45918, http://www.wikidata.org/entity/Q577","25.066392838626992","45.95305614142788","25.0","46.0"
"Tourism","The total number of bed places (BPs) in tourist accommodations/year in the LAU is 6065. The regional (NUTS2) share of total BPs/year is 13.40%. The number of agricultural holdings in the LAU is 51620. The nearest settlement with population over 100000 (km) is unspecified. In this region protected areas are present.","number, bed, year","http://www.wikidata.org/entity/Q11563, http://www.wikidata.org/entity/Q42177, http://www.wikidata.org/entity/Q577","24.917735012149805","46.005494320620045","25.0","46.0"
"Employment","The primary sector share of total employment/year [NUTS3] is 6.30%. The secondary sector share of total employment/year [NUTS3] is 48.20%. The tertiary sector share of total employment/year [NUTS3] is 45.50%. The primary sector share of total employment/year [NUTS2] is 9.90%. The secondary sector share of total employment/year [NUTS2] is 42.20%. The tertiary sector share of total employment/year [NUTS2] is 48.00%.","employment, year","http://www.wikidata.org/entity/Q656365, http://www.wikidata.org/entity/Q577","24.90648053825039","46.084246264930634","25.0","46.0"
"Concluding remarks","","","","24.974742277301946","46.09321914693242","25.0","46.0"
