title,description,objects,objectlinks,lon,lat,barycenter_lon,barycenter_lat
"'SALAM MONTAN ANGUS'","The MOVING reference member state of this VC is ROMANIA. The reference MOVING Card ID of this VC is VC 15 RO. The Aberdeen Angus cattle breed was first introduced into Romania in the 1960s, but has become increasingly popular in the Carpathians because of its suitability for the pedoclimatic conditions and extensive breeding systems that exist in the mountains. As the cattle breed has become more established the range of processing meat products has become more diverse and this salami is the most recent new products to appear on the market. This new Aberdeen Angus Salami is a 'raw-dried' salami - this is the most popular type of salami in Romania because of its high % content of meat and ingredients used.","romania, reference, breed, 1960s, cattle, salami","http://www.wikidata.org/entity/Q218, http://www.wikidata.org/entity/Q121769, http://www.wikidata.org/entity/Q38829, http://www.wikidata.org/entity/Q35724, http://www.wikidata.org/entity/Q830, http://www.wikidata.org/entity/Q188655","25.0","46.0","25.0","46.0"
"Interest on this VC","The production of this Aberdeen Angus Salami in the Schela commune (81987) in Gorj County (RO412) is very innovative for the Romanian charcuterie market. Combined with its image and registration as a 'Mountain Product' (https://produse.produsmontan.ro/produs/salam-montan-angus/) this creates a strong brand image with potential to be very profitable value chain and thereby help ensure the continued maintenance of the valuable semi-natural (HNV) grasslands being grazed by Aberdeen Angus cattle in the Southern Romanian Carpathians. Salami is very popular in Romania and accounts for the majority (40%) of all processed meat products consumed, followed by sausages.","gorj county, romania, salami, commune, charcuterie, mountain, montan, value chain","http://www.wikidata.org/entity/Q190406, http://www.wikidata.org/entity/Q218, http://www.wikidata.org/entity/Q188655, http://www.wikidata.org/entity/Q517760, http://www.wikidata.org/entity/Q260568, http://www.wikidata.org/entity/Q8502, http://www.wikidata.org/entity/Q432997, http://www.wikidata.org/entity/Q646107","23.3","45.04","25.0","46.0"
"Mountain landscape and reference chains","The reference mountain chain of this VC is Southern Romanian Carpathian Mountains. The reference mountain landscape of this VC is Schela commune in Gorj County (RO412). Brief description of the main characteristics of the Mountain Reference Landscape.","carpathian mountains, gorj county, mountain, reference, landscape, commune","http://www.wikidata.org/entity/Q1288, http://www.wikidata.org/entity/Q190406, http://www.wikidata.org/entity/Q8502, http://www.wikidata.org/entity/Q121769, http://www.wikidata.org/entity/Q107425, http://www.wikidata.org/entity/Q517760","25.5","47.0","25.0","46.0"
"Key local assets","The natural asset used for producing Angus beef and beef products, such as 'Salam Montan Angus', is the semi-natural and alpine grasslands (private meadows for hay-making and common pastures for communal grazing) in the mountain areas of Gorj County (RO412). Many of the communal pastures used for grazing sheep and cattle are high in the mountains and only grazed in the summer months. About the LAU: 81987.","gorj county, asset, beef, montan, hay, grazing, mountain, sheep, cattle, summer","http://www.wikidata.org/entity/Q190406, http://www.wikidata.org/entity/Q46737, http://www.wikidata.org/entity/Q192628, http://www.wikidata.org/entity/Q432997, http://www.wikidata.org/entity/Q336989, http://www.wikidata.org/entity/Q3239189, http://www.wikidata.org/entity/Q8502, http://www.wikidata.org/entity/Q7368, http://www.wikidata.org/entity/Q830, http://www.wikidata.org/entity/Q1313","23.3","45.04","25.0","46.0"
"Challenges","With good branding and marketing an innovative and high quality product such as this has much potential in the rapidly growing market for 'raw-dried' salami, but it also inevitably faces much competition. For example, 'Salam de Sibiu' from the neighbouring country of Sibiu is an emblematic Romanian product with PGI status and unprecedented popularity (over 50% market share) based on 100 years of market presence. On the other hand, there are also many other cheaper (lower quality) brands which dominate the remaining proportion of the market. Overall the type of challenge faced by this VC is Current. This VC is classified as Innovative.","salami, sibiu, popularity, hand","http://www.wikidata.org/entity/Q188655, http://www.wikidata.org/entity/Q83324, http://www.wikidata.org/entity/Q1357284, http://www.wikidata.org/entity/Q33767","24.15","45.8","25.0","46.0"
"Innovation","The type of innovation of this VC is Exogenous. Pork meat and pork meat products are most popular in Romania, followed by chicken. Beef is increasing in popularity, but mainly as fresh cuts. It is very unusual to find processed beef products, especially a beef salami. The innovation is related to New products. The land use systems involved are Grassland. The local assets include Natural.","romania, innovation, meat, chicken, beef, popularity, salami, grassland","http://www.wikidata.org/entity/Q218, http://www.wikidata.org/entity/Q174165, http://www.wikidata.org/entity/Q10990, http://www.wikidata.org/entity/Q780, http://www.wikidata.org/entity/Q192628, http://www.wikidata.org/entity/Q1357284, http://www.wikidata.org/entity/Q188655, http://www.wikidata.org/entity/Q1006733","25.0","46.0","25.0","46.0"
"Geography and population","The size of the area (km2) is 87.1. The minimum altimetry of the LAU is unspecified. The maximum altimetry of the LAU is unspecified. The total population (in thousand) is 1.708. The population density (Inhabitants/km2) in the LAU is 19.61. The population change rate of the LAU in the last 10 years (%) is unspecified. The overall regional population density (Inhabitants/km2) is 66.9. The regional population change rate in the last 10 years (%) has been -0.17%.","population density","http://www.wikidata.org/entity/Q22856","24.989159275482304","45.90147638675147","25.0","46.0"
"Income and gross value added","The average per capita income (EUR/year) [NUTS3] is 10500. The total Gross Value Added (GVA) (EUR million/year) [NUTS3] is 3010. The primary sector share of total GVA/year [NUTS3] is 4.40%. The secondary sector share of total GVA/year [NUTS3] is 45.50%. The tertiary sector share of total GVA/year [NUTS3] is 50.10%. The per capita income (EUR/year) [NUTS2] is 8100. The total Gross Value Added (GVA) (EUR million/year) [NUTS2] is 14241.21. The primary sector share of total GVA/year [NUTS2] is 7.40%. The secondary sector share of total GVA/year [NUTS2] is 38.00%. The tertiary sector share of total GVA/year [NUTS2] is 54.70%.","gross value added, per capita income, year","http://www.wikidata.org/entity/Q994873, http://www.wikidata.org/entity/Q45918, http://www.wikidata.org/entity/Q577","24.919958574698793","45.99998196496336","25.0","46.0"
"Tourism","The total number of bed places (BPs) in tourist accommodations/year in the LAU is 2255. The regional (NUTS2) share of total BPs/year is 12.30%. The number of agricultural holdings in the LAU is 95790. The nearest settlement with population over 100000 (km) is unspecified. In this region protected areas are present.","number, bed, year","http://www.wikidata.org/entity/Q11563, http://www.wikidata.org/entity/Q42177, http://www.wikidata.org/entity/Q577","25.007058585030382","46.07082244957803","25.0","46.0"
"Employment","The primary sector share of total employment/year [NUTS3] is 29.00%. The secondary sector share of total employment/year [NUTS3] is 36.40%. The tertiary sector share of total employment/year [NUTS3] is 34.60%. The primary sector share of total employment/year [NUTS2] is 38.70%. The secondary sector share of total employment/year [NUTS2] is 26.80%. The tertiary sector share of total employment/year [NUTS2] is 34.50%.","employment, year","http://www.wikidata.org/entity/Q656365, http://www.wikidata.org/entity/Q577","25.051911531503197","45.99922160019832","25.0","46.0"
"Concluding remarks","Romania has been one of the most active Member States in developing and adopting the Optional Quality Term (OQT) for products from its mountain areas. It is also currently the only country that has decided not to use any derogation for the registration of 'Mountain Products' - thereby strictly requiring that products originate from within a designated mountain area (reducing the distance to 0km). The National Mountain Area Agency (part of the Ministry of Agriculture and Rural Development) has overall responsibility for co-ordination of the OQT, including maintenance of the National Registry of Mountain Products (https://produse.produsmontan.ro/). Processing and approval of requests to use the OQT and associated 'Mountain products' logo is undertaken locally by 30 Mountain Development Offices located in mountain communes. The National Consumers Protection Authority is responsible for regulating the market in 'Mountain Products' and checks if producers have been granted the authorisation to use the OQT and if the labelling is in compliance with the national regulation.","romania, rural development, mountain, derogation, responsibility, logo","http://www.wikidata.org/entity/Q218, http://www.wikidata.org/entity/Q3773637, http://www.wikidata.org/entity/Q8502, http://www.wikidata.org/entity/Q1200314, http://www.wikidata.org/entity/Q1274115, http://www.wikidata.org/entity/Q1886349","25.0","46.0","25.0","46.0"
