title,description,objects,objectlinks,lon,lat,barycenter_lon,barycenter_lat
"HOREZU' CERAMICS","The MOVING reference member state of this VC is ROMANIA. The reference MOVING Card ID of this VC is VC 16 RO. Production is divided between men and women with everyone involved respecting the specific sequence of operations. The men are the potters. They select and dig the earth they clean, water, knead, trample and mix to transform it into into the 'clay' from which they produce a red pottery with distinctive shape. Each potter has his/her own method of shaping the clay using traditional tools: a potter s wheel and comb for shaping, a hollowed-out bull s horn and a fine wire-tipped stick for decoration, and a wood-burning stove for firing. Women then decorate the fired pots using specific techniques and tools to draw traditional motifs. Their skill in combining decoration and colour defines the personality and uniqueness of these ceramics. The colours are vivid shades of dark brown, red, green, blue and Horezu ivory . This craft is transmitted through families, in workshops from master to apprentice, and at fairs and exhibitions.","romania, sequence, earth, water, clay, pottery, comb, bull, wire, wood-burning stove, blue, horezu, ivory","http://www.wikidata.org/entity/Q218, http://www.wikidata.org/entity/Q133250, http://www.wikidata.org/entity/Q2, http://www.wikidata.org/entity/Q283, http://www.wikidata.org/entity/Q42302, http://www.wikidata.org/entity/Q11642, http://www.wikidata.org/entity/Q23834, http://www.wikidata.org/entity/Q693690, http://www.wikidata.org/entity/Q551997, http://www.wikidata.org/entity/Q1370219, http://www.wikidata.org/entity/Q1088, http://www.wikidata.org/entity/Q899461, http://www.wikidata.org/entity/Q82001","25.0","46.0","25.0","46.0"
"Interest on this VC","A unique type of Romanian pottery (painted clay pots and plates) that is traditionally produced by hand around the town of Horezu (168041) in Vâlcea County (RO415). Horezu is the only centre of ceramic production in Romania in which this trade remains the main source of income for a significant number of local families.","vâlcea county, romania, pottery, clay, hand, town, horezu, county, trade, number","http://www.wikidata.org/entity/Q186838, http://www.wikidata.org/entity/Q218, http://www.wikidata.org/entity/Q11642, http://www.wikidata.org/entity/Q42302, http://www.wikidata.org/entity/Q33767, http://www.wikidata.org/entity/Q3957, http://www.wikidata.org/entity/Q899461, http://www.wikidata.org/entity/Q28575, http://www.wikidata.org/entity/Q601401, http://www.wikidata.org/entity/Q11563","24.11","45.08","25.0","46.0"
"Mountain landscape and reference chains","The reference mountain chain of this VC is Southern Romanian Carpathian Mountains. The reference mountain landscape of this VC is Ora Horezu in Vâlcea County (RO415). The relief of Vâlcea County (RO415) is around one-third mountain area in the north of the county with a mixed land cover of forest and semi-natural grasslands. Two mountain groups dominate the region - the F g ra Mountains in the east with heights over 2,200 m and the Lotru Mountains in the west with heights over 2,000 m. These are separated by the Olt River valley (one of the most accessible routes through the Southern Carpathians), along which there are smaller groups of mountains - the most spectacular being the Cozia Mountains. The central region of the county is sub-mountainous hilly area with a diverse mosaic landscape of fruit orchards, vineyards and semi-natural grasslands - and in the south there is high plain area cultivated with cereals and vegetables.","carpathian mountains, vâlcea county, lotru mountains, reference, mountain, landscape, horezu, county, southern carpathians","http://www.wikidata.org/entity/Q1288, http://www.wikidata.org/entity/Q186838, http://www.wikidata.org/entity/Q3506640, http://www.wikidata.org/entity/Q121769, http://www.wikidata.org/entity/Q8502, http://www.wikidata.org/entity/Q107425, http://www.wikidata.org/entity/Q899461, http://www.wikidata.org/entity/Q28575, http://www.wikidata.org/entity/Q217202","25.5","47.0","25.0","46.0"
"Key local assets","The traditional knowledge and craftsmanship associated with the pottery have been inscribed on the UNESCO list of 'Intangible Cultural Heritage' since 2012 (https://ich.unesco.org/en/RL/craftsmanship-of-horezu-ceramics-00610) thereby indicating the existence of a craft-based cultural value chain in addition to the product value chain. This cultural value chain also gives the community a sense of identity, while also providing a day-to-day social function. About the LAU: 168041.","cultural heritage, knowledge, pottery, existence, value chain, addition, community, sense, day","http://www.wikidata.org/entity/Q210272, http://www.wikidata.org/entity/Q9081, http://www.wikidata.org/entity/Q11642, http://www.wikidata.org/entity/Q468777, http://www.wikidata.org/entity/Q646107, http://www.wikidata.org/entity/Q32043, http://www.wikidata.org/entity/Q177634, http://www.wikidata.org/entity/Q173253, http://www.wikidata.org/entity/Q573","23.991666666666667","45.14333333333333","25.0","46.0"
"Challenges","Most of the ceramics are sold locally in the galleries of individual families. Tourists and day-trippers are the main customers and for many years have provided a stable demand for the local ceramics and a guarenteed source of income. However, the covid crisis has highlighted that this traditional method of direct sales can be severly interrupted / disrupted by external factors beyond the control of the pottery families. The challenge now is to develop more robust value chains for marketing these very traditional mountain products and there is growing interest in online sales, plus the possibility of some form of cooperation between families to access better established and more resilient value chains. Overall the type of challenge faced by this VC is Current. This VC is classified as Traditional.","crisis, sales, pottery, mountain, interest, cooperation","http://www.wikidata.org/entity/Q381072, http://www.wikidata.org/entity/Q194189, http://www.wikidata.org/entity/Q11642, http://www.wikidata.org/entity/Q8502, http://www.wikidata.org/entity/Q170924, http://www.wikidata.org/entity/Q380962","23.866669444444444","45.5","25.0","46.0"
"Innovation","The type of innovation of this VC is unspecified. The innovation is related to the whole VC. The land use systems involved are The digging of earth to make the potters 'clay' used for the ceramics is not associated with any specific land use system. The local assets include Social and cultural.","innovation","http://www.wikidata.org/entity/Q174165","24.733333333333334","45.6","25.0","46.0"
"Geography and population","The size of the area (km2) is 116.3. The minimum altimetry of the LAU is unspecified. The maximum altimetry of the LAU is unspecified. The total population (in thousand) is 6.951. The population density (Inhabitants/km2) in the LAU is 59.77. The population change rate of the LAU in the last 10 years (%) is unspecified. The overall regional population density (Inhabitants/km2) is 66.9. The regional population change rate in the last 10 years (%) has been -0.17%.","population density","http://www.wikidata.org/entity/Q22856","24.01675668824821","45.218310162408336","25.0","46.0"
"Income and gross value added","The average per capita income (EUR/year) [NUTS3] is 8300. The total Gross Value Added (GVA) (EUR million/year) [NUTS3] is 2652.3. The primary sector share of total GVA/year [NUTS3] is 5.50%. The secondary sector share of total GVA/year [NUTS3] is 38.40%. The tertiary sector share of total GVA/year [NUTS3] is 56.20%. The per capita income (EUR/year) [NUTS2] is 8100. The total Gross Value Added (GVA) (EUR million/year) [NUTS2] is 14241.21. The primary sector share of total GVA/year [NUTS2] is 7.40%. The secondary sector share of total GVA/year [NUTS2] is 38.00%. The tertiary sector share of total GVA/year [NUTS2] is 54.70%.","gross value added, per capita income, year","http://www.wikidata.org/entity/Q994873, http://www.wikidata.org/entity/Q45918, http://www.wikidata.org/entity/Q577","23.945236181661144","45.1921594931687","25.0","46.0"
"Tourism","The total number of bed places (BPs) in tourist accommodations/year in the LAU is 11526. The regional (NUTS2) share of total BPs/year is 63.10%. The number of agricultural holdings in the LAU is 119190. The nearest settlement with population over 100000 (km) is unspecified. In this region protected areas are present.","number, bed, year","http://www.wikidata.org/entity/Q11563, http://www.wikidata.org/entity/Q42177, http://www.wikidata.org/entity/Q577","24.07252568125908","45.11593236093342","25.0","46.0"
"Employment","The primary sector share of total employment/year [NUTS3] is 34.60%. The secondary sector share of total employment/year [NUTS3] is 28.70%. The tertiary sector share of total employment/year [NUTS3] is 36.70%. The primary sector share of total employment/year [NUTS2] is 38.70%. The secondary sector share of total employment/year [NUTS2] is 26.80%. The tertiary sector share of total employment/year [NUTS2] is 34.50%.","employment, year","http://www.wikidata.org/entity/Q656365, http://www.wikidata.org/entity/Q577","24.04785176311246","45.062312504122715","25.0","46.0"
"Concluding remarks","","","","23.936363696057303","45.058827798571684","25.0","46.0"
