title,description,objects,objectlinks,lon,lat,barycenter_lon,barycenter_lat
"'DULCEA '","The MOVING reference member state of this VC is ROMANIA. The reference MOVING Card ID of this VC is VC 17 RO. The Dulcea made in the Valea Doftanei commune is an artisanal product manufactured on a small-scale by a single household business. All ingredients are grown or hand-picked locally according to the season. The Dulcea is sold in small 200 - 350 gramme jars that are labelled in full accordance with national legislation, including prominent display of the 'Mountain Product' logo. Sales of the Dulcea are the primary source of household income for the producer and also contribute positively to the local village economy.","romania, valea doftanei, commune, household, business, accordance, legislation, mountain, logo, sales, village, economy","http://www.wikidata.org/entity/Q218, http://www.wikidata.org/entity/Q2465515, http://www.wikidata.org/entity/Q517760, http://www.wikidata.org/entity/Q259059, http://www.wikidata.org/entity/Q4830453, http://www.wikidata.org/entity/Q339415, http://www.wikidata.org/entity/Q49371, http://www.wikidata.org/entity/Q8502, http://www.wikidata.org/entity/Q1886349, http://www.wikidata.org/entity/Q194189, http://www.wikidata.org/entity/Q532, http://www.wikidata.org/entity/Q159810","25.0","46.0","25.0","46.0"
"Interest on this VC","A traditional homemade 'jam' made from various fruits, flowers and vegetables. Production is commonly small-scale (artisanal), but some larger-scale commercial processing may also be found. Very popular and very diverse. There are three types of Dulcea (Sweet Chilli, Elderberry and Raspberry) produced in the Valea Doftanei commune (136107) in Prahova County that are registered as 'Mountain Products' under Romania's adoption of the Optional Quality Term (OQT) - see below.","prahova county, homemade jam, valea doftanei, commune","http://www.wikidata.org/entity/Q188665, http://www.wikidata.org/entity/Q5889709, http://www.wikidata.org/entity/Q2465515, http://www.wikidata.org/entity/Q517760","26.02","45.1","25.0","46.0"
"Mountain landscape and reference chains","The reference mountain chain of this VC is Southern Romanian Carpathian Mountains. The reference mountain landscape of this VC is Valea Doftanei commune in Prahova County (RO316). The relief of Prahova County (RO316) is split equally between mountains / hills in the north and and plain in the south. The mountainous zone is characterised by a deep forested valley (the Prahova River Valley) that transects the so-called Carpathian Bend and divides the southern end of the Eastern Carpathians eastern end of the Southern Carpathians. The landscape of the Prahova Valley is dominated by the steep rocky slopes of the Bucegi mountains which rise to 2,505 metres. The Prahova valley is 1.5 hours north of the capital city of Bucharest and is an important tourist destination with popular ski resorts at Sinaiai and Busteni. There are also important cultural locations such as Peles and Cantacuzino Castles.","prahova county, reference, mountain, carpathian mountains, landscape, valea doftanei, commune, county, valley, eastern carpathians, southern carpathians, prahova valley, bucegi mountains, bucharest","http://www.wikidata.org/entity/Q188665, http://www.wikidata.org/entity/Q121769, http://www.wikidata.org/entity/Q8502, http://www.wikidata.org/entity/Q1288, http://www.wikidata.org/entity/Q107425, http://www.wikidata.org/entity/Q2465515, http://www.wikidata.org/entity/Q517760, http://www.wikidata.org/entity/Q28575, http://www.wikidata.org/entity/Q39816, http://www.wikidata.org/entity/Q776842, http://www.wikidata.org/entity/Q217202, http://www.wikidata.org/entity/Q7237732, http://www.wikidata.org/entity/Q841691, http://www.wikidata.org/entity/Q19660","25.5","47.0","25.0","46.0"
"Key local assets","Cultivated fruits (and some vegetables), plus wild collected flowers and berries are the main natural assets. The traditional recipes, knowledge and techniques that are used to make the Dulcea can also be considered as cultural assets. About the LAU: 136107.","knowledge","http://www.wikidata.org/entity/Q9081","24.733333333333334","45.6","25.0","46.0"
"Challenges","Value chains for artisanal products such as the Dulcea produced in the Valea Doftanei commune are vulnerable since they command a premium price and there are many lower quality / 'counterfeit' products on the market that undermine their sales. Registration as a 'Mountain Product' helps greatly to promote the product and ensure consumer confidence, but such products still rely heavily upon direct sales which can be interrupted / disrupted by external factors beyond the control of the producers (e.g. covid). This vulnerability could be overcome to a great extent by inclusion into better established value chains (e.g. there are now many supermarkets in Romania with sections selling local products), but this also brings additional challenges for small-scale businesses. Overall the type of challenge faced by this VC is Current and Predicted. This VC is classified as Traditional.","romania, valea doftanei, commune, sales, mountain, confidence","http://www.wikidata.org/entity/Q218, http://www.wikidata.org/entity/Q2465515, http://www.wikidata.org/entity/Q517760, http://www.wikidata.org/entity/Q194189, http://www.wikidata.org/entity/Q8502, http://www.wikidata.org/entity/Q4116378","25.7","45.3","25.0","46.0"
"Innovation","The type of innovation of this VC is unspecified. The innovation is related to the whole VC. The land use systems involved are Forestry and Natural land. The local assets include Natural and cultural.","innovation","http://www.wikidata.org/entity/Q174165","26.470555555555556","44.71527777777778","25.0","46.0"
"Geography and population","The size of the area (km2) is 285.9. The minimum altimetry of the LAU is unspecified. The maximum altimetry of the LAU is unspecified. The total population (in thousand) is 6.586. The population density (Inhabitants/km2) in the LAU is 23.04. The population change rate of the LAU in the last 10 years (%) is unspecified. The overall regional population density (Inhabitants/km2) is 86.1. The regional population change rate in the last 10 years (%) has been -0.12%.","population density","http://www.wikidata.org/entity/Q22856","25.456525","45.445619444444446","25.0","46.0"
"Income and gross value added","The average per capita income (EUR/year) [NUTS3] is 10900. The total Gross Value Added (GVA) (EUR million/year) [NUTS3] is 7119. The primary sector share of total GVA/year [NUTS3] is 2.30%. The secondary sector share of total GVA/year [NUTS3] is 51.80%. The tertiary sector share of total GVA/year [NUTS3] is 45.90%. The per capita income (EUR/year) [NUTS2] is 8200. The total Gross Value Added (GVA) (EUR million/year) [NUTS2] is 21787. The primary sector share of total GVA/year [NUTS2] is 7.40%. The secondary sector share of total GVA/year [NUTS2] is 41.40%. The tertiary sector share of total GVA/year [NUTS2] is 51.20%.","gross value added, per capita income, year","http://www.wikidata.org/entity/Q994873, http://www.wikidata.org/entity/Q45918, http://www.wikidata.org/entity/Q577","26.083333333333332","44.4","25.0","46.0"
"Tourism","The total number of bed places (BPs) in tourist accommodations/year in the LAU is 10339. The regional (NUTS2) share of total BPs/year is 42.80%. The number of agricultural holdings in the LAU is 156790. The nearest settlement with population over 100000 (km) is unspecified. In this region protected areas are present.","number, bed, year","http://www.wikidata.org/entity/Q11563, http://www.wikidata.org/entity/Q42177, http://www.wikidata.org/entity/Q577","25.785574292184325","45.30873341542249","25.0","46.0"
"Employment","The primary sector share of total employment/year [NUTS3] is 14.40%. The secondary sector share of total employment/year [NUTS3] is 37.50%. The tertiary sector share of total employment/year [NUTS3] is 48.20%. The primary sector share of total employment/year [NUTS2] is 27.90%. The secondary sector share of total employment/year [NUTS2] is 30.70%. The tertiary sector share of total employment/year [NUTS2] is 41.30%.","employment, year","http://www.wikidata.org/entity/Q656365, http://www.wikidata.org/entity/Q577","25.6587664193224","45.32950663313209","25.0","46.0"
"Concluding remarks","Romania has been one of the most active Member States in developing and adopting the Optional Quality Term (OQT) for products from its mountain areas. It is also currently the only country that has decided not to use any derogation for the registration of 'Mountain Products' - thereby strictly requiring that products originate from within a designated mountain area (reducing the distance to 0km). The National Mountain Area Agency (part of the Ministry of Agriculture and Rural Development) has overall responsibility for co-ordination of the OQT, including maintenance of the National Registry of Mountain Products (https://produse.produsmontan.ro/). Processing and approval of requests to use the OQT and associated 'Mountain products' logo is undertaken locally by 30 Mountain Development Offices located in mountain communes. The National Consumers Protection Authority is responsible for regulating the market in 'Mountain Products' and checks if producers have been granted the authorisation to use the OQT and if the labelling is in compliance with the national regulation.","romania, rural development, mountain, derogation, responsibility, logo","http://www.wikidata.org/entity/Q218, http://www.wikidata.org/entity/Q3773637, http://www.wikidata.org/entity/Q8502, http://www.wikidata.org/entity/Q1200314, http://www.wikidata.org/entity/Q1274115, http://www.wikidata.org/entity/Q1886349","25.0","46.0","25.0","46.0"
