title,description,objects,objectlinks,lon,lat,barycenter_lon,barycenter_lat
"Mountain region hard white cows milk cheese with PGI from Caerphillly LAU1 region within Wales","The MOVING reference member state of this VC is SCOTLAND HUTTON. The reference MOVING Card ID of this VC is VC 02 UK. Traditional Welsh artisinal Caerphilly cheese is protected with Euopean Protected Georgaphical Indication (PGI) stuatus. PGI status is for English and Welsh spellings.","scotland","http://www.wikidata.org/entity/Q22","-1.9166666666666665","51.333333333333336","-5.0","57.0"
"Interest on this VC","Caerphilly cheese was first made in Caerphilly in 1830.Caerphilly cheese is mass produced in English counties of Somerset and Wiltshire, however Castle Dairies began to make the cheese once again in Caerphilly using pre-war production techniques (i.e., by hand). Caerphilly town hosts an annual three-day festival to celebrate the cheese (The Big Cheese). This attracts 80,000 visitors annually. Variants of Caerphilly cheese (i.e., Gorwydd) have won gold awards at the International Cheese Awards. Important for territorial identity (festival, culture in Caerphilly itself). New (in the form of old and traditional pre-war) processes are made to create local Caerphilly cheese. There is also a greater link and ties made to the area of Caerphilly (i.e., with the festival and PGI).","somerset, international cheese awards, caerphilly, cheese, wiltshire, castle, war, town, day, festival","http://www.wikidata.org/entity/Q23157, http://www.wikidata.org/entity/Q6049165, http://www.wikidata.org/entity/Q909119, http://www.wikidata.org/entity/Q10943, http://www.wikidata.org/entity/Q23183, http://www.wikidata.org/entity/Q23413, http://www.wikidata.org/entity/Q198, http://www.wikidata.org/entity/Q3957, http://www.wikidata.org/entity/Q573, http://www.wikidata.org/entity/Q132241","-2.5421","53.0688","-5.0","57.0"
"Mountain landscape and reference chains","The reference mountain chain of this VC is West Wales (NUTS 2). The reference mountain landscape of this VC is Caerphilly. Caerphilly is in the south of Wales and is a densely populated area of steep-sided valleys, situated close to Cardiff and Newport. Historically it is an industrial and mining region, and although the area has lost its traditional industries, the secondary sector remains a key part of the economy. The area is not a traditional tourist destination (in the way that other parts of Wales are) and has suffered from periods of high unemployment in the past.","west wales, wales, reference, mountain, west, landscape, caerphilly, south","http://www.wikidata.org/entity/Q3094812, http://www.wikidata.org/entity/Q25, http://www.wikidata.org/entity/Q121769, http://www.wikidata.org/entity/Q8502, http://www.wikidata.org/entity/Q679, http://www.wikidata.org/entity/Q107425, http://www.wikidata.org/entity/Q909119, http://www.wikidata.org/entity/Q667","-4.275","52.43388888888889","-5.0","57.0"
"Key local assets","Relies on/ creates natural, social and cultural local assets. In terms of natural assets Caerphilly cheese relies on land that is suitable for dairy cattle. There are also connections to natural scenery assets as a base for the tourism from the annual Big Cheese festival. In terms of social assets, the Big Cheese fetival relies on strong community relations within caerphilly. For cultural assests, there is a reliance on local and traditional knowledge for undertaking tradional (but innovative) processing of Caerphilly cheese. There is also a lot of cultural heritage tied into the brand, even from those made in England. There are links to the cultural history of Caerphilyl as the cheese was orignally made for local coal minres. PGI status also for Welsh spelling of the term linking again to cultural assets. About the LAU: W06000018.","england, dairy, cattle, tourism, festival, cheese, caerphilly, knowledge, history, coal","http://www.wikidata.org/entity/Q21, http://www.wikidata.org/entity/Q637776, http://www.wikidata.org/entity/Q830, http://www.wikidata.org/entity/Q49389, http://www.wikidata.org/entity/Q132241, http://www.wikidata.org/entity/Q10943, http://www.wikidata.org/entity/Q909119, http://www.wikidata.org/entity/Q9081, http://www.wikidata.org/entity/Q309, http://www.wikidata.org/entity/Q24489","-1.0","53.0","-5.0","57.0"
"Challenges","Relies partly on tourism to areas, so difficult during COVID. Lots of the cheese is now made in England so threat to territorial identity if the local Caerphilly producers cannot compete/ continue. Pre-war techniques of local Cerphilly producers more expensive that mass production methods. Overall the type of challenge faced by this VC is Current and predicted. This VC is classified as Traditional and Innovative.","england, cheese, threat, caerphilly, war","http://www.wikidata.org/entity/Q21, http://www.wikidata.org/entity/Q10943, http://www.wikidata.org/entity/Q707125, http://www.wikidata.org/entity/Q909119, http://www.wikidata.org/entity/Q198","-3.2180555555555554","51.57805555555556","-5.0","57.0"
"Innovation","The type of innovation of this VC is Endogenous. Most non-local Caerphilly cheese is made using factory and machine-based methods. However, the innovative aspect of locally-based Caerphilly cheese is actually the re-engagement with traditional pre-war cheesemaking processes in which the cheese is made by hand. It is also innovative in its return to making the cheese within the town and surronding area of Caerphilly. The innovation is related to New processes and New marketing strategies. The land use systems involved are Grassland. The local assets include Natural, Social and Cultural.","innovation, factory, machine, caerphilly, cheese, engagement, war, cheesemaking, hand, town, marketing, grassland","http://www.wikidata.org/entity/Q174165, http://www.wikidata.org/entity/Q83405, http://www.wikidata.org/entity/Q11019, http://www.wikidata.org/entity/Q909119, http://www.wikidata.org/entity/Q10943, http://www.wikidata.org/entity/Q157512, http://www.wikidata.org/entity/Q198, http://www.wikidata.org/entity/Q1281188, http://www.wikidata.org/entity/Q33767, http://www.wikidata.org/entity/Q3957, http://www.wikidata.org/entity/Q39809, http://www.wikidata.org/entity/Q1006733","-3.2180555555555554","51.57805555555556","-5.0","57.0"
"Geography and population","The size of the area (km2) is 277.38782. The minimum altimetry of the LAU is 0. The maximum altimetry of the LAU is 535. The total population (in thousand) is 181.075. The population density (Inhabitants/km2) in the LAU is 652.79. The population change rate of the LAU in the last 10 years (%) has been 1.28%. The overall regional population density (Inhabitants/km2) is 150.68. The regional population change rate in the last 10 years (%) has been 2.33%.","population density","http://www.wikidata.org/entity/Q22856","-3.6333333333333333","52.35","-5.0","57.0"
"Income and gross value added","The average per capita income (EUR/year) [NUTS3] is 17614.57. The total Gross Value Added (GVA) (EUR million/year) [NUTS3] is 6037.01. The primary sector share of total GVA/year [NUTS3] is 0.07%. The secondary sector share of total GVA/year [NUTS3] is 36.00%. The tertiary sector share of total GVA/year [NUTS3] is 63.92%. The per capita income (EUR/year) [NUTS2] is 18518.64. The total Gross Value Added (GVA) (EUR million/year) [NUTS2] is 40269.69. The primary sector share of total GVA/year [NUTS2] is 1.25%. The secondary sector share of total GVA/year [NUTS2] is 27.14%. The tertiary sector share of total GVA/year [NUTS2] is 71.61%.","gross value added, per capita income, year","http://www.wikidata.org/entity/Q994873, http://www.wikidata.org/entity/Q45918, http://www.wikidata.org/entity/Q577","-3.2217061618947187","51.6248574399458","-5.0","57.0"
"Tourism","The total number of bed places (BPs) in tourist accommodations/year in the LAU is 2577. The regional (NUTS2) share of total BPs/year is 0.66%. The number of agricultural holdings in the LAU is 330. The nearest settlement with population over 100000 (km) is 36.3. In this region protected areas are present.","number, bed, year","http://www.wikidata.org/entity/Q11563, http://www.wikidata.org/entity/Q42177, http://www.wikidata.org/entity/Q577","-3.1278954224695825","51.6497978627964","-5.0","57.0"
"Employment","The primary sector share of total employment/year [NUTS3] is 0.91%. The secondary sector share of total employment/year [NUTS3] is 29.09%. The tertiary sector share of total employment/year [NUTS3] is 70.00%. The primary sector share of total employment/year [NUTS2] is 3.13%. The secondary sector share of total employment/year [NUTS2] is 20.10%. The tertiary sector share of total employment/year [NUTS2] is 76.76%.","employment, year","http://www.wikidata.org/entity/Q656365, http://www.wikidata.org/entity/Q577","-3.1994589075113407","51.51993790269593","-5.0","57.0"
"Concluding remarks","caerphilly cheese is also made in Somerset (e.g. South Somerset LAU1) and Wiltshire LAU1 in England.","somerset, england, wiltshire","http://www.wikidata.org/entity/Q23157, http://www.wikidata.org/entity/Q21, http://www.wikidata.org/entity/Q23183","-3.0","51.3","-5.0","57.0"
