title,description,objects,objectlinks,lon,lat,barycenter_lon,barycenter_lat
"Highland cows - bred for genes and cultural status not necessarily for meat/dairy- Lochaber","The MOVING reference member state of this VC is SCOTLAND HUTTON. The reference MOVING Card ID of this VC is VC 14 UK. Highland cattle are very symbolic of Scotland and a great cultural asset to Scotland. They are kept as both a cultural asset and due to their good genetics (i.e., they produce leaner meat and birth more calves than other breeds of cows). Their milk also has a high butterfat content so they are frequently kept as house cows.Highland cow are also used to help crop the grass to the right conditions to encourage wildflowers and butterflies. They are well suited to the cold Scottish climate as they are hardy and can survive also in mountainous terrain. In multiple Locahber villages highland cattle roam freely highlighting both their importance to those areas, but also the potential for conflicts.","highland, scotland, asset, genetics, milk, butterfat, house, cattle, importance, potential","http://www.wikidata.org/entity/Q878223, http://www.wikidata.org/entity/Q22, http://www.wikidata.org/entity/Q46737, http://www.wikidata.org/entity/Q7162, http://www.wikidata.org/entity/Q8495, http://www.wikidata.org/entity/Q909729, http://www.wikidata.org/entity/Q3947, http://www.wikidata.org/entity/Q830, http://www.wikidata.org/entity/Q16886469, http://www.wikidata.org/entity/Q1202245","-5.0","57.0","-5.0","57.0"
"Interest on this VC","Highland cows are synonymous with Scotland (and mountainous and rural land) due to their long hair and friendly nature. They are hardy and able to survive (and even improve the quality of the) mountainous terrain of the Highlands and Islands region. In Lochaber they are often able to roam free in the common grazings of the villages. They are helpful at encouraging wildflowers and butterflies to areas. They are kept partly for meat, but also more and more commonly as a tourist attraction and a symbol of territorial (i.e. Highland) identity. Highland Cattle as a cultural icon is an innovative new 'product' to be produced from Highland Cattle. They offer an additional attraction to Scottish Highland and Island areas and often are located next to Whisky distilleries or forest parks etc, to offer an additional local attraction. They are also now widely used in marketing processes (i.e. through Visit Scotland, Highland Cow Safaris etc.) as a way to attract new visitors to Scotland.","scotland, highland, hair, nature, meat, symbol, cultural icon, cattle, island, whisky, forest, marketing","http://www.wikidata.org/entity/Q22, http://www.wikidata.org/entity/Q878223, http://www.wikidata.org/entity/Q28472, http://www.wikidata.org/entity/Q7860, http://www.wikidata.org/entity/Q10990, http://www.wikidata.org/entity/Q80071, http://www.wikidata.org/entity/Q3139104, http://www.wikidata.org/entity/Q830, http://www.wikidata.org/entity/Q23442, http://www.wikidata.org/entity/Q281, http://www.wikidata.org/entity/Q4421, http://www.wikidata.org/entity/Q39809","-5.0","57.0","-5.0","57.0"
"Mountain landscape and reference chains","The reference mountain chain of this VC is Highlands and Islands (RR9); Highlands and Islands (NUTS2). The reference mountain landscape of this VC is Lochaber. Lochaber is a region in the west of Scotland which features spectacular scenery, including the highest mountain in the UK, Ben Nevis, coastal areas and valleys. The area is a major destination for tourism and outdoor recreation. The largest town, Fort William, has a population of 10,340, which is slightly over half of the population of the LAU1 mountain reference landscape: the population density is very low in rural parts of the region.","scotland, ben nevis, reference, mountain, landscape, population density","http://www.wikidata.org/entity/Q22, http://www.wikidata.org/entity/Q104674, http://www.wikidata.org/entity/Q121769, http://www.wikidata.org/entity/Q8502, http://www.wikidata.org/entity/Q107425, http://www.wikidata.org/entity/Q22856","-5.003675","56.79689111111111","-5.0","57.0"
"Key local assets","They can happily live on the poor mountainous terrain throughout Lochaber LAU1, and they are also able to assist with conservation of the area (butterflies and wildfloers). They also add to the scenery of the area due to their attractvie and iconic status. They are an important cultural asset as they help create a cultural link between Scotland and its land. They have also been breed and kept in Scotland for centuries, relying on local and traditional knowledge. In terms of social assets, having highland cows in an area necessitates good relations with the land/ highland cattle owner and the local community and tourism ventures to ensure that the draw of tourists to an area to see the highland cattle is a positive experience for all involved. About the LAU: S30000037.","scotland, terrain, asset, breed, knowledge, highland, community, tourism, cattle, experience","http://www.wikidata.org/entity/Q22, http://www.wikidata.org/entity/Q186131, http://www.wikidata.org/entity/Q46737, http://www.wikidata.org/entity/Q38829, http://www.wikidata.org/entity/Q9081, http://www.wikidata.org/entity/Q878223, http://www.wikidata.org/entity/Q177634, http://www.wikidata.org/entity/Q49389, http://www.wikidata.org/entity/Q830, http://www.wikidata.org/entity/Q164359","-5.0","57.0","-5.0","57.0"
"Challenges","Challenges in terms of tourists getting too close to the cattle to get a 'good selfie'. Challenges if their meat/ genetics become less favourable because of restricted market. They may become more difficult/ less important to keep if Scotland becomes less attractive to tourists, or more impacted by climate changes (i.e., then the climate may no longer suit the cattle). Overall the type of challenge faced by this VC is Current and predicted. This VC is classified as Traditional and Innovative.","scotland, cattle, selfie, climate","http://www.wikidata.org/entity/Q22, http://www.wikidata.org/entity/Q830, http://www.wikidata.org/entity/Q12068677, http://www.wikidata.org/entity/Q7937","-5.0","57.0","-5.0","57.0"
"Innovation","The type of innovation of this VC is Endogenous and Exogenous. The keeping of highland cows for meat/ genetics is traditional, but their role as a territorial/ cultural identity symbol is new and innovative. The innovation is related to New products and New marketing strategies. The land use systems involved are Grassland, Forestry and Natural land. The local assets include Natural, social and cultural.","innovation, highland, meat, genetics, role, symbol, marketing, grassland","http://www.wikidata.org/entity/Q174165, http://www.wikidata.org/entity/Q878223, http://www.wikidata.org/entity/Q10990, http://www.wikidata.org/entity/Q7162, http://www.wikidata.org/entity/Q214339, http://www.wikidata.org/entity/Q80071, http://www.wikidata.org/entity/Q39809, http://www.wikidata.org/entity/Q1006733","9.14062","48.690958888888886","-5.0","57.0"
"Geography and population","The size of the area (km2) is 4654.827692. The minimum altimetry of the LAU is -1. The maximum altimetry of the LAU is 1346. The total population (in thousand) is 19.805. The population density (Inhabitants/km2) in the LAU is 4.25. The population change rate of the LAU in the last 10 years (%) has been 0.50%. The overall regional population density (Inhabitants/km2) is 11.44. The regional population change rate in the last 10 years (%) has been 1.52%.","population density","http://www.wikidata.org/entity/Q22856","-4.972980485872475","57.039034934283826","-5.0","57.0"
"Income and gross value added","The average per capita income (EUR/year) [NUTS3] is 21200.32. The total Gross Value Added (GVA) (EUR million/year) [NUTS3] is 2790.74. The primary sector share of total GVA/year [NUTS3] is 5.43%. The secondary sector share of total GVA/year [NUTS3] is 22.07%. The tertiary sector share of total GVA/year [NUTS3] is 72.50%. The per capita income (EUR/year) [NUTS2] is 21856.90. The total Gross Value Added (GVA) (EUR million/year) [NUTS2] is 13770.61. The primary sector share of total GVA/year [NUTS2] is 4.03%. The secondary sector share of total GVA/year [NUTS2] is 27.20%. The tertiary sector share of total GVA/year [NUTS2] is 68.77%.","gross value added, per capita income, year","http://www.wikidata.org/entity/Q994873, http://www.wikidata.org/entity/Q45918, http://www.wikidata.org/entity/Q577","-4.972143250871924","56.9995851215037","-5.0","57.0"
"Tourism","The total number of bed places (BPs) in tourist accommodations/year in the LAU is 29913. The regional (NUTS2) share of total BPs/year is 49.78%. The number of agricultural holdings in the LAU is 10230. The nearest settlement with population over 100000 (km) is 161. In this region protected areas are present.","number, bed, year","http://www.wikidata.org/entity/Q11563, http://www.wikidata.org/entity/Q42177, http://www.wikidata.org/entity/Q577","-5.013164271454581","56.92418269708724","-5.0","57.0"
"Employment","The primary sector share of total employment/year [NUTS3] is 6.25%. The secondary sector share of total employment/year [NUTS3] is 16.67%. The tertiary sector share of total employment/year [NUTS3] is 77.08%. The primary sector share of total employment/year [NUTS2] is 9.29%. The secondary sector share of total employment/year [NUTS2] is 17.26%. The tertiary sector share of total employment/year [NUTS2] is 73.45%.","employment, year","http://www.wikidata.org/entity/Q656365, http://www.wikidata.org/entity/Q577","-5.036049733048754","56.93375486279215","-5.0","57.0"
"Concluding remarks","Highland cattle are found across the RR9 and also in lowland areas, with the main stockists close to cities (Aberdeenshire, Central belt near Edinburgh). Breeders are found all over the world including in South America, USA, Australia and the rest of Europe.","edinburgh, south america, australia, europe, world","http://www.wikidata.org/entity/Q23436, http://www.wikidata.org/entity/Q18, http://www.wikidata.org/entity/Q408, http://www.wikidata.org/entity/Q46, http://www.wikidata.org/entity/Q16502","-3.198888888888889","55.95","-5.0","57.0"
