title,description,objects,objectlinks,lon,lat,barycenter_lon,barycenter_lat
"Jewellery made from heather (Perth and Kinross LAU1)","The MOVING reference member state of this VC is SCOTLAND HUTTON. The reference MOVING Card ID of this VC is VC 15 UK. Just as Scottish heather can be used to make honey, it is also used in jewellery making. The woody stems of heather provide no nutriional value for wildlife and so by using it in jewellery as a comodity this is also a small way of regenerating the landscape. Heathergems in Perth and Kinross is the main producer/prossesor or heather jewellery. It is cut, cleaned and dyed and compressed and soaked with resin to then cut into shapes for jewellery. One main manufacturer but mutiple online stockists. Mountainous natural land is needed to provide the heather in the first place. Heathergems has 37 employees and its holding company is worth £3.3 million (net assets).","scotland, honey, wildlife, landscape, resin","http://www.wikidata.org/entity/Q22, http://www.wikidata.org/entity/Q10987, http://www.wikidata.org/entity/Q241741, http://www.wikidata.org/entity/Q107425, http://www.wikidata.org/entity/Q145205","-5.0","57.0","-5.0","57.0"
"Interest on this VC","heather jewellery (i.e. heather gems producer) is unique to Perth and Kinross but sold globally online. Their products are of high reputation due to the connection with the land and the traditional processes for turning the heather into jewellery. It is important for moving given that the heather is produced in mountainous areas but simultaneously the removal of the heather helps with regeneration of the mountainous areas (as heather has no nutritional value to wildlife). Heather gems (www.heathergems.com) is the main producer - based in Pitlochry within Perth and Kinross LAU1. Heather processing (i.e., from cutting to finished product) is innovative through its use of very traditional methods for processing. Although they are not new processes, the decision to maintain old processes is somewhat innovative. Also, heathergems sell their products online through a number of stockists - opening up a global market.","pitlochry, perth","http://www.wikidata.org/entity/Q1011665, http://www.wikidata.org/entity/Q3183","-3.7330555555555556","56.705","-5.0","57.0"
"Mountain landscape and reference chains","The reference mountain chain of this VC is Highlands and Islands (RR9); Eastern Scotland (NUTS2). The reference mountain landscape of this VC is Perth and Kinross. Most of Perth and Kinross is an sparsely populated upland landscape of mountains, lochs and forests, including major rivers (Tay, Earn). The south contains high quality agricultural land and major road and rail links, and the largest settlement of Perth. Like many other parts of the Highlands, this region is popular for tourism and outdoor recreation: it is a relatively accessible area for residents of Scotland's central belt.","scotland, reference, mountain, landscape, perth, south, road, central belt","http://www.wikidata.org/entity/Q22, http://www.wikidata.org/entity/Q121769, http://www.wikidata.org/entity/Q8502, http://www.wikidata.org/entity/Q107425, http://www.wikidata.org/entity/Q3183, http://www.wikidata.org/entity/Q667, http://www.wikidata.org/entity/Q34442, http://www.wikidata.org/entity/Q1053720","-3.8630555555555555","55.95111111111111","-5.0","57.0"
"Key local assets","Natural assets - product (heather) is directly taken from mountainous areas. Cultural assets - processes for heathergem jewellery making goes back 50+ years so relies on traditional knowledge. Also an interest in the scottish landscape/ Scottish culture is needed to ensure there is a viable market for selling heather jewellery. Social assets - requires good relatinoship with the land/ estate managers where the heather is picked from. About the LAU: S30000010.","knowledge, interest, landscape","http://www.wikidata.org/entity/Q9081, http://www.wikidata.org/entity/Q170924, http://www.wikidata.org/entity/Q107425","-4.9607214710273375","57.025598068682015","-5.0","57.0"
"Challenges","Relies on production of heather in mountainous area for initial product so important to have strong working relationships with the landowneres (i.e., so they do not decide to use the land for another purpose). Sell online so potentially less restricted by Brexit/ COVID impacts, but cannot compete with larger producers if others start to sell similar products. Overall the type of challenge faced by this VC is Current and predicted. This VC is classified as Innovative.","brexit","http://www.wikidata.org/entity/Q7888194","-5.017734713732666","57.06831215831831","-5.0","57.0"
"Innovation","The type of innovation of this VC is Endogenous and Exogenous. innovative through the continues use of traditional processes for heather jewellery making and new means of selling (i.e., online stores, etsy etc.). The innovation is related to New marketing strategies. The land use systems involved are Natural land. The local assets include Natural, social and cultural.","innovation, etsy, marketing","http://www.wikidata.org/entity/Q174165, http://www.wikidata.org/entity/Q1353939, http://www.wikidata.org/entity/Q39809","-5.026259006851047","57.02470526540009","-5.0","57.0"
"Geography and population","The size of the area (km2) is 5383.724292. The minimum altimetry of the LAU is 8. The maximum altimetry of the LAU is 1084. The total population (in thousand) is 151.95. The population density (Inhabitants/km2) in the LAU is 28.22. The population change rate of the LAU in the last 10 years (%) has been 5.25%. The overall regional population density (Inhabitants/km2) is 149.76. The regional population change rate in the last 10 years (%) has been 6.86%.","population density","http://www.wikidata.org/entity/Q22856","-4.928378081820771","56.96236326460288","-5.0","57.0"
"Income and gross value added","The average per capita income (EUR/year) [NUTS3] is 24365.68. The total Gross Value Added (GVA) (EUR million/year) [NUTS3] is 7894.11. The primary sector share of total GVA/year [NUTS3] is 3.06%. The secondary sector share of total GVA/year [NUTS3] is 30.77%. The tertiary sector share of total GVA/year [NUTS3] is 66.17%. The per capita income (EUR/year) [NUTS2] is 23107.90. The total Gross Value Added (GVA) (EUR million/year) [NUTS2] is 65311.8. The primary sector share of total GVA/year [NUTS2] is 1.23%. The secondary sector share of total GVA/year [NUTS2] is 18.06%. The tertiary sector share of total GVA/year [NUTS2] is 80.72%.","gross value added, per capita income, year","http://www.wikidata.org/entity/Q994873, http://www.wikidata.org/entity/Q45918, http://www.wikidata.org/entity/Q577","-5.0447968317250815","56.92782708407587","-5.0","57.0"
"Tourism","The total number of bed places (BPs) in tourist accommodations/year in the LAU is 21499. The regional (NUTS2) share of total BPs/year is 26.29%. The number of agricultural holdings in the LAU is 3635. The nearest settlement with population over 100000 (km) is 35.2. In this region protected areas are present.","number, bed, year","http://www.wikidata.org/entity/Q11563, http://www.wikidata.org/entity/Q42177, http://www.wikidata.org/entity/Q577","-5.0238144416867145","57.075611524615795","-5.0","57.0"
"Employment","The primary sector share of total employment/year [NUTS3] is 4.46%. The secondary sector share of total employment/year [NUTS3] is 16.96%. The tertiary sector share of total employment/year [NUTS3] is 78.57%. The primary sector share of total employment/year [NUTS2] is 1.65%. The secondary sector share of total employment/year [NUTS2] is 14.49%. The tertiary sector share of total employment/year [NUTS2] is 83.86%.","employment, year","http://www.wikidata.org/entity/Q656365, http://www.wikidata.org/entity/Q577","-4.92230491600907","56.95790147031408","-5.0","57.0"
"Concluding remarks","Could not find other examples of heather jewellery making in other MRLs, but there are examples of pressed flower jewellery (i.e. flower enclosed in a necklace) throughout the UK by small producers on etsy.","etsy","http://www.wikidata.org/entity/Q1353939","-4.919964855772694","56.98358445454099","-5.0","57.0"
