title,description,objects,objectlinks,lon,lat,barycenter_lon,barycenter_lat
"Mountain wool for Harris tweed - Western Isles (LAU1)","The MOVING reference member state of this VC is SCOTLAND HUTTON. The reference MOVING Card ID of this VC is VC 16 UK. Harris tweed is produced solely on the LAU1 of Western Isles (or Na h-Eileanan Siar in Gaelic). Harris Tweed is a spun wool cloth used to make specialised clothing, shoes and carpets (for exmaple). According to the Harris Tweed Act, 1993, the cloth must be woven, finished and made in and from wool derived from the Outer Hebrides (western Isles LAU1). This Act has saefugarded Harris Tweeds name, quality and reputation. Harris Twweed is hand stamped with an Orb mark (of the Harris Tweed Authority). Three mills operate on the Western Isles. Most wool is grown on the UK mainland bt Harris wool is also used to create the mix. Strong links between VC and local cultural identity and boost for tourism in the LAU1, as well as a market for Western Isles' sheep farmers. Harris Tweed's annual output of £1-1.5 m supports employment of 220 weavers and 160 jobs in the wider industry.","harris tweed, reference, scotland, tweed, wool, outer hebrides","http://www.wikidata.org/entity/Q1306943, http://www.wikidata.org/entity/Q121769, http://www.wikidata.org/entity/Q22, http://www.wikidata.org/entity/Q40601, http://www.wikidata.org/entity/Q42329, http://www.wikidata.org/entity/Q80967","-7.02","57.76","-5.0","57.0"
"Interest on this VC","Harris tweed is important for territorial identity of Western Isles. It is a highly reputable product with a legal act behind it. Strong connection to the natural asset - the land in the Western Isles.","harris tweed, asset","http://www.wikidata.org/entity/Q1306943, http://www.wikidata.org/entity/Q46737","-5.0","57.0","-5.0","57.0"
"Mountain landscape and reference chains","The reference mountain chain of this VC is Highlands and Islands (RR9); Highlands and Islands (NUTS2). The reference mountain landscape of this VC is Na h-Eileanan Siar. The Western Isles is a remote island group off the north-west of Scotland, which relies on ferry and air links to the mainland. Aside from the main town, Stornoway, the region has a very low population density and has suffered population loss over the last 10 years. The area has a Gaelic language and crofting heritage.","scotland, stornoway, population density, crofting","http://www.wikidata.org/entity/Q22, http://www.wikidata.org/entity/Q165845, http://www.wikidata.org/entity/Q22856, http://www.wikidata.org/entity/Q15094780","-6.3869444444444445","58.208888888888886","-5.0","57.0"
"Key local assets","Harris tweed relies on maintaining the mountainous landscape so that sheep can continue to be kept on this land. Also natural assets such as scenery are also important for drawing visitors to the Western Isles. Cultural assets are important as tweed production relies on long-standing traditional methods of production, for both the wool sheering and the production of tweed. Also given that Harris tweed can only be produced on the Western Isles, this represents its importance as a cultural and social asset. Other Social assets include good relations with local farmers and processors of harris tweed. About the LAU: S30000039.","harris tweed, landscape, sheep, tweed, wool, sheering, importance, asset, social","http://www.wikidata.org/entity/Q1306943, http://www.wikidata.org/entity/Q107425, http://www.wikidata.org/entity/Q7368, http://www.wikidata.org/entity/Q40601, http://www.wikidata.org/entity/Q42329, http://www.wikidata.org/entity/Q1822579, http://www.wikidata.org/entity/Q16886469, http://www.wikidata.org/entity/Q46737, http://www.wikidata.org/entity/Q345367","0.18444444444444444","51.80444444444444","-5.0","57.0"
"Challenges","Although the majority of the wool for harris tweed comes from the UK mainland, maintenance of mountainous land mass in Wetern Isles for the additional harris wool into the mix is important. Thus maintaining land use important. Threats to exports and tourism due to Brexit and COVID. Threats of cheaper fraudulent copies of Harris Tweed being produced more cheaply. It is considered a sustainable industry due to its localised production methods and environmentally friendly methods too. Overall the type of challenge faced by this VC is Current and predicted. This VC is classified as Traditional.","tweed, majority, wool, harris tweed, mainland, tourism, brexit","http://www.wikidata.org/entity/Q40601, http://www.wikidata.org/entity/Q7382648, http://www.wikidata.org/entity/Q42329, http://www.wikidata.org/entity/Q1306943, http://www.wikidata.org/entity/Q1140140, http://www.wikidata.org/entity/Q49389, http://www.wikidata.org/entity/Q7888194","-4.9671872087197","56.97015372926112","-5.0","57.0"
"Innovation","The type of innovation of this VC is unspecified. This is a traditional VC as it uses long-standing traditions for gathering, making and processing the tweed. The innovation is related to the whole VC. The land use systems involved are Natural land. The local assets include Natural, social and cultural.","innovation","http://www.wikidata.org/entity/Q174165","-5.005188347446783","56.91012007293711","-5.0","57.0"
"Geography and population","The size of the area (km2) is 3092.097685. The minimum altimetry of the LAU is -6. The maximum altimetry of the LAU is 728. The total population (in thousand) is 26720. The population density (Inhabitants/km2) in the LAU is 8.64. The population change rate of the LAU in the last 10 years (%) has been -2.55%. The overall regional population density (Inhabitants/km2) is 11.44. The regional population change rate in the last 10 years (%) has been 1.52%.","population density","http://www.wikidata.org/entity/Q22856","-5.051391533378631","56.97865694413793","-5.0","57.0"
"Income and gross value added","The average per capita income (EUR/year) [NUTS3] is 20263.48. The total Gross Value Added (GVA) (EUR million/year) [NUTS3] is 640.89. The primary sector share of total GVA/year [NUTS3] is 4.59%. The secondary sector share of total GVA/year [NUTS3] is 14.11%. The tertiary sector share of total GVA/year [NUTS3] is 81.31%. The per capita income (EUR/year) [NUTS2] is 21856.90. The total Gross Value Added (GVA) (EUR million/year) [NUTS2] is 13770.61. The primary sector share of total GVA/year [NUTS2] is 4.03%. The secondary sector share of total GVA/year [NUTS2] is 27.20%. The tertiary sector share of total GVA/year [NUTS2] is 68.77%.","gross value added, per capita income, year","http://www.wikidata.org/entity/Q994873, http://www.wikidata.org/entity/Q45918, http://www.wikidata.org/entity/Q577","-4.9488367244263305","57.04672525333749","-5.0","57.0"
"Tourism","The total number of bed places (BPs) in tourist accommodations/year in the LAU is 2407. The regional (NUTS2) share of total BPs/year is 4.01%. The number of agricultural holdings in the LAU is 6293. The nearest settlement with population over 100000 (km) is 342. In this region protected areas are present.","number, bed, year","http://www.wikidata.org/entity/Q11563, http://www.wikidata.org/entity/Q42177, http://www.wikidata.org/entity/Q577","-4.977670906740359","56.93614840350779","-5.0","57.0"
"Employment","The primary sector share of total employment/year [NUTS3] is 21.43%. The secondary sector share of total employment/year [NUTS3] is 14.29%. The tertiary sector share of total employment/year [NUTS3] is 64.29%. The primary sector share of total employment/year [NUTS2] is 9.29%. The secondary sector share of total employment/year [NUTS2] is 17.26%. The tertiary sector share of total employment/year [NUTS2] is 73.45%.","employment, year","http://www.wikidata.org/entity/Q656365, http://www.wikidata.org/entity/Q577","-5.075738011132205","56.91718484669209","-5.0","57.0"
"Concluding remarks","Harris tweed is unique to Western isles - it legally cannot be made elsewhere. Similar uses of wool are undertaken/ processed throughout the Member State including tartan production (another wool product) used for a range of items including kilts. Tartan is produced across the Highlands and Islands. Wool from Shetland (LAU1) has a PDO.","harris tweed, wool, tartan","http://www.wikidata.org/entity/Q1306943, http://www.wikidata.org/entity/Q42329, http://www.wikidata.org/entity/Q216797","-4.928929520813186","56.95514012170673","-5.0","57.0"
