title,description,objects,objectlinks,lon,lat,barycenter_lon,barycenter_lat
"Hydropower - upland river lakes for renewable energy through pumped storage (Electric mountain)","The MOVING reference member state of this VC is SCOTLAND HUTTON. The reference MOVING Card ID of this VC is VC 17 UK. Dinorwig power station (or Electric Mountain) is a pumped-storage hydroelectric scheme in Snowdonia National Park (Gwynedd LAU1). Water is stored in an upland lake/reservoir on the mountain and sent through the turbines to create hydro-electric power when needed. It can provide power for up to six hours from full and has an energy storage capacity of 9.1 (GWh). It is also designed to support the National Grid restart in instances of power outage. Electric mountain is also a tourist attraction with 132,000 visitors annually, to the visitor centre and opporturnity to tour the power station. The benefits of pumped hydro-electric power are not always clearly recognised given the high initial construction costs.","scotland, dinorwig power station, gwynedd, water, lake, reservoir, mountain, energy, power outage, visitor","http://www.wikidata.org/entity/Q22, http://www.wikidata.org/entity/Q1146238, http://www.wikidata.org/entity/Q109128, http://www.wikidata.org/entity/Q283, http://www.wikidata.org/entity/Q23397, http://www.wikidata.org/entity/Q131681, http://www.wikidata.org/entity/Q8502, http://www.wikidata.org/entity/Q11379, http://www.wikidata.org/entity/Q828827, http://www.wikidata.org/entity/Q12644761","-4.1073418055555555","53.11784261111111","-5.0","57.0"
"Interest on this VC","There are still only four pumped storage hydropwer projects in the UK but they have potential in generating 2800MW. These are located in Scotland and Wales and are an important renewable energy source. Electric Mountain in located in Gwynedd LAU1 and is the largest scheme. It also is home to many rare bird spieces including perregrine falcons. Also its dual purpose as a tourist attraction and source of renewable energy production and the impacts on the surrounding scenery (although attempts have been made to minimse these impacts). Dinorwig/ Electric Mountain has been referred to as 'the UK's largest battery' and it is the largest scheme of its kind in Europe.","scotland, gwynedd, europe, wales, renewable energy, energy, dinorwig, mountain","http://www.wikidata.org/entity/Q22, http://www.wikidata.org/entity/Q109128, http://www.wikidata.org/entity/Q46, http://www.wikidata.org/entity/Q25, http://www.wikidata.org/entity/Q12705, http://www.wikidata.org/entity/Q11379, http://www.wikidata.org/entity/Q5278615, http://www.wikidata.org/entity/Q8502","-4.104694444444444","53.13280555555556","-5.0","57.0"
"Mountain landscape and reference chains","The reference mountain chain of this VC is West Wales (NUTS2). The reference mountain landscape of this VC is Gwynedd. Gwynedd, in north west Wales, is most known for its spectacular mountain, lake and forest scenery, which features Snowdonia National Park and the highest mountain in Wales. The area is relatively isolated but is well-connected to north Wales and north west England by road and rail. The largest settlement, Bangor, is a small university city.","wales, reference, mountain, west, landscape, north, lake, forest, north west england, road","http://www.wikidata.org/entity/Q25, http://www.wikidata.org/entity/Q121769, http://www.wikidata.org/entity/Q8502, http://www.wikidata.org/entity/Q679, http://www.wikidata.org/entity/Q107425, http://www.wikidata.org/entity/Q659, http://www.wikidata.org/entity/Q23397, http://www.wikidata.org/entity/Q4421, http://www.wikidata.org/entity/Q47967, http://www.wikidata.org/entity/Q34442","-2.6333333333333333","54.016666666666666","-5.0","57.0"
"Key local assets","Key local assets are natural and social. Natural assets are the necessity of water/ rainfall for the energy to be produced. Also important is the power station having minimal impact on the surroudnign scenery and landscape given it is built within Snowdonia National Park. Social assets are the need for good working and community relationships between and across staff, community memebrs, national park officials, farmers and other land managers and local community members to ensure good cooperation. Electric Mountain have also set up and sponsored multiple local groups such as a slare Museum and a hiking trail. They also sponsor local events including the Snowdonia Marathon. About the LAU: W06000002.","museum, water, energy, landscape, need, community, park, cooperation, trail, snowdonia marathon","http://www.wikidata.org/entity/Q33506, http://www.wikidata.org/entity/Q283, http://www.wikidata.org/entity/Q11379, http://www.wikidata.org/entity/Q107425, http://www.wikidata.org/entity/Q190258, http://www.wikidata.org/entity/Q177634, http://www.wikidata.org/entity/Q22698, http://www.wikidata.org/entity/Q380962, http://www.wikidata.org/entity/Q628179, http://www.wikidata.org/entity/Q7548598","-5.0","57.0","-5.0","57.0"
"Challenges","Electric mountain faced challenges in how to ensure protection of a local rare fish (Welsh Arctic Charr). These fish were subsequently moved. Impacts if climate change imapcts on the amount of water gathered in the reservoir to make hydro-electric power. The surrounding land is also open access leading to necessary good relations between hikers etc and Electric Mountain staff. It is also built within Snowdonia National Park and so there are potential challenges between conflicting interests of the land/ scenery. Finanacial justification of pumped hydro-electric schemes can be hard to justify, especially with moved to cleaber ebergy production. The visitor centre/ tour are currently closed due to renovation representing a reduced income from tourism. Overall the type of challenge faced by this VC is Current and predicted. This VC is classified as Traditional.","protection, fish, water, reservoir, open access, mountain","http://www.wikidata.org/entity/Q2251595, http://www.wikidata.org/entity/Q152, http://www.wikidata.org/entity/Q283, http://www.wikidata.org/entity/Q131681, http://www.wikidata.org/entity/Q232932, http://www.wikidata.org/entity/Q8502","-3.9166666666666665","52.833333333333336","-5.0","57.0"
"Innovation","The type of innovation of this VC is unspecified. traditional as pumped hydro-electric is not a new activity. The innovation is related to the whole VC. The land use systems involved are Natural land and upland mountainous lakes. The local assets include Natural and social.","innovation","http://www.wikidata.org/entity/Q174165","-3.6333333333333333","52.35","-5.0","57.0"
"Geography and population","The size of the area (km2) is 2548.075142. The minimum altimetry of the LAU is 0. The maximum altimetry of the LAU is 1085. The total population (in thousand) is 124.56. The population density (Inhabitants/km2) in the LAU is 48.88. The population change rate of the LAU in the last 10 years (%) has been 2.50%. The overall regional population density (Inhabitants/km2) is 150.68. The regional population change rate in the last 10 years (%) has been 2.33%.","population density","http://www.wikidata.org/entity/Q22856","-4.494694444444445","57.25388888888889","-5.0","57.0"
"Income and gross value added","The average per capita income (EUR/year) [NUTS3] is 18362.69. The total Gross Value Added (GVA) (EUR million/year) [NUTS3] is 2990.81. The primary sector share of total GVA/year [NUTS3] is 1.36%. The secondary sector share of total GVA/year [NUTS3] is 30.76%. The tertiary sector share of total GVA/year [NUTS3] is 67.88%. The per capita income (EUR/year) [NUTS2] is 18518.64. The total Gross Value Added (GVA) (EUR million/year) [NUTS2] is 40269.69. The primary sector share of total GVA/year [NUTS2] is 1.25%. The secondary sector share of total GVA/year [NUTS2] is 27.14%. The tertiary sector share of total GVA/year [NUTS2] is 71.61%.","gross value added, per capita income, year","http://www.wikidata.org/entity/Q994873, http://www.wikidata.org/entity/Q45918, http://www.wikidata.org/entity/Q577","-4.225833333333333","57.48388888888889","-5.0","57.0"
"Tourism","The total number of bed places (BPs) in tourist accommodations/year in the LAU is 125126. The regional (NUTS2) share of total BPs/year is 32.01%. The number of agricultural holdings in the LAU is 2171. The nearest settlement with population over 100000 (km) is 110. In this region protected areas are present.","number, bed, year","http://www.wikidata.org/entity/Q11563, http://www.wikidata.org/entity/Q42177, http://www.wikidata.org/entity/Q577","-3.8666666666666667","57.583333333333336","-5.0","57.0"
"Employment","The primary sector share of total employment/year [NUTS3] is 5.08%. The secondary sector share of total employment/year [NUTS3] is 13.56%. The tertiary sector share of total employment/year [NUTS3] is 81.36%. The primary sector share of total employment/year [NUTS2] is 3.13%. The secondary sector share of total employment/year [NUTS2] is 20.10%. The tertiary sector share of total employment/year [NUTS2] is 76.76%.","employment, year","http://www.wikidata.org/entity/Q656365, http://www.wikidata.org/entity/Q577","-3.9012904797833436","52.74047960206062","-5.0","57.0"
"Concluding remarks","Although Electric mountain is the largest pumped hydroelectric scheme in the UK, others do exist including Ffestiniog Station (also in Gwynedd LAU1), Cruachan (Argyll and Bute, LAU1), Foyers (Inverness and Nairn, LAU1). Others are currently proposed or being built including in Lochaber LAU1 and Badenoch and Strathspey.","ffestiniog, gwynedd, foyers, inverness, nairn","http://www.wikidata.org/entity/Q3757704, http://www.wikidata.org/entity/Q109128, http://www.wikidata.org/entity/Q787611, http://www.wikidata.org/entity/Q160493, http://www.wikidata.org/entity/Q980084","-3.9299999999999997","52.99","-5.0","57.0"
