title,description,objects,objectlinks,lon,lat,barycenter_lon,barycenter_lat
"Scotch whisky (PDO) which rely on clean water, peat and barley. Also an important tourist attraction","The MOVING reference member state of this VC is SCOTLAND HUTTON. The reference MOVING Card ID of this VC is VC 19 UK. There are over 130 distilleries producing whisky across Scotland. Scotch Whisky is a PDO, in which 'Scotch' has to be distilled and matured in Scotland. There are many distilleries within Badenoch and Strathspey LAU1. Whisky production is dependent on clean water, peat and barley. More recently the whisky industry has become intertwinned with tourism, for instance, within Badenoch and Strathspey there is the Malt Whisky Trail on which 14 distilleries can be reached. Official tours can also be undertaken within and between distilleries. There are also new tourism ventures such as Whisky Festcials (i.e., Speyside).","scotland, whisky, peat, tourism, badenoch","http://www.wikidata.org/entity/Q22, http://www.wikidata.org/entity/Q281, http://www.wikidata.org/entity/Q184624, http://www.wikidata.org/entity/Q49389, http://www.wikidata.org/entity/Q45850","-3.83","57.19","-5.0","57.0"
"Interest on this VC","Scotch Whisky has PDO status and is highly regarded around the world. Exports are worth £4.9 billion and accounted for 75% of all Scottish food and drink exports for 2019. the industry provides £5.5billion GVA to the UK economy and directly employs more than 10,000 people and indirectly more than 40,000 people. Iconic for territorial identity and Scotland's high reputation for food and drink tourism. Scotch Whisky assocation have also committed to net-zero emmissions by 2040 through its new sustainability strategy. The tourism experience connected to whisky distilleries is innovatvie in terms of new products (a visit to a distillery/ whisky trail) and new marketing strategies (i.e. whisky experience holidays and food and drink tourism).","food, drink, tourism, whisky, experience","http://www.wikidata.org/entity/Q2095, http://www.wikidata.org/entity/Q40050, http://www.wikidata.org/entity/Q49389, http://www.wikidata.org/entity/Q281, http://www.wikidata.org/entity/Q164359","-3.8230555555555554","57.193888888888885","-5.0","57.0"
"Mountain landscape and reference chains","The reference mountain chain of this VC is Highlands and Islands (RR9); Highlands and Islands (NUTS2). The reference mountain landscape of this VC is Badenoch and Strathspey. Badenoch and Strathspey is a highly scenic area which is valued for outdoor recreation and wildlife, and contains large forests, the upper River Spey and parts of the Cairngorm mountains. The population is concentrated in Aviemore and other small settlements: most of the region is remote and is regularly affected by snow in the winter. The A9 road and railway line form key transport links to central Scotland and Inverness. It is included in Cairngorms National Park.","river, scotland, river spey, aviemore, inverness, cairngorms national park","http://www.wikidata.org/entity/Q4022, http://www.wikidata.org/entity/Q22, http://www.wikidata.org/entity/Q19720, http://www.wikidata.org/entity/Q790938, http://www.wikidata.org/entity/Q160493, http://www.wikidata.org/entity/Q1025953","-4.618888888888889","57.01130555555556","-5.0","57.0"
"Key local assets","Natural assets are clean water, peat and barley. Also important is the land for scenery (important for promoting the whisky distilleries to wider tourist market). Social assets are good relationships across the value chain including distillery workers, farmers, land owners, local communities and tourists. Cultural assets are the cultural heritage intertwinned with the whisky industry (i.e. whisky is iconic for Scotland), and also traditional knowledge for distilling practices. About the LAU: S30000031.","scotland, water, peat, whisky, value chain, knowledge","http://www.wikidata.org/entity/Q22, http://www.wikidata.org/entity/Q283, http://www.wikidata.org/entity/Q184624, http://www.wikidata.org/entity/Q281, http://www.wikidata.org/entity/Q646107, http://www.wikidata.org/entity/Q9081","-5.0","57.0","-5.0","57.0"
"Challenges","Relies on climate than produces clean water, and good quality peat and barley - so may be impacted by climate change. Also BREXIT and COVID can and may impact on the export market and the tourism revenue. Negative impacts of whisky industry (i.e. alcoholism). It may also be a challenge to achieve net-zero by 2040. Overall the type of challenge faced by this VC is Current and predicted. This VC is classified as Traditional and Innovative.","climate, water, peat, brexit, export, tourism, revenue, alcoholism","http://www.wikidata.org/entity/Q7937, http://www.wikidata.org/entity/Q283, http://www.wikidata.org/entity/Q184624, http://www.wikidata.org/entity/Q7888194, http://www.wikidata.org/entity/Q182722, http://www.wikidata.org/entity/Q49389, http://www.wikidata.org/entity/Q850210, http://www.wikidata.org/entity/Q15326","-4.225833333333333","57.48388888888889","-5.0","57.0"
"Innovation","The type of innovation of this VC is Endogenous and Exogenous. whisky production itself is not innovative, but the tourism connection/ experience is new and innovative. The innovation is related to New products. The land use systems involved are Cropland, Natural land and clean water. The local assets include Natural, social and cultural.","innovation, whisky, tourism, experience","http://www.wikidata.org/entity/Q174165, http://www.wikidata.org/entity/Q281, http://www.wikidata.org/entity/Q49389, http://www.wikidata.org/entity/Q164359","-3.6666944444444445","57.083305555555555","-5.0","57.0"
"Geography and population","The size of the area (km2) is 2369.81324. The minimum altimetry of the LAU is 148. The maximum altimetry of the LAU is 1281. The total population (in thousand) is 13.985. The population density (Inhabitants/km2) in the LAU is 5.90. The population change rate of the LAU in the last 10 years (%) has been 6.53%. The overall regional population density (Inhabitants/km2) is 11.44. The regional population change rate in the last 10 years (%) has been 1.52%.","population density","http://www.wikidata.org/entity/Q22856","-6.523194444444444","55.203694444444444","-5.0","57.0"
"Income and gross value added","The average per capita income (EUR/year) [NUTS3] is 22078.39. The total Gross Value Added (GVA) (EUR million/year) [NUTS3] is 6416.79. The primary sector share of total GVA/year [NUTS3] is 1.37%. The secondary sector share of total GVA/year [NUTS3] is 35.00%. The tertiary sector share of total GVA/year [NUTS3] is 63.63%. The per capita income (EUR/year) [NUTS2] is 21856.90. The total Gross Value Added (GVA) (EUR million/year) [NUTS2] is 13770.61. The primary sector share of total GVA/year [NUTS2] is 4.03%. The secondary sector share of total GVA/year [NUTS2] is 27.20%. The tertiary sector share of total GVA/year [NUTS2] is 68.77%.","gross value added, per capita income, year","http://www.wikidata.org/entity/Q994873, http://www.wikidata.org/entity/Q45918, http://www.wikidata.org/entity/Q577","-4.912712619258326","56.936890937286975","-5.0","57.0"
"Tourism","The total number of bed places (BPs) in tourist accommodations/year in the LAU is 15574. The regional (NUTS2) share of total BPs/year is 25.92%. The number of agricultural holdings in the LAU is 10230. The nearest settlement with population over 100000 (km) is 141. In this region protected areas are present.","number, bed, year","http://www.wikidata.org/entity/Q11563, http://www.wikidata.org/entity/Q42177, http://www.wikidata.org/entity/Q577","-5.033494057028101","57.05315980646545","-5.0","57.0"
"Employment","The primary sector share of total employment/year [NUTS3] is 6.82%. The secondary sector share of total employment/year [NUTS3] is 20.45%. The tertiary sector share of total employment/year [NUTS3] is 72.73%. The primary sector share of total employment/year [NUTS2] is 9.29%. The secondary sector share of total employment/year [NUTS2] is 17.26%. The tertiary sector share of total employment/year [NUTS2] is 73.45%.","employment, year","http://www.wikidata.org/entity/Q656365, http://www.wikidata.org/entity/Q577","-4.979122972378672","56.93588640902528","-5.0","57.0"
"Concluding remarks","Whisky VCs can interact with many other tourism/ experience VCs e.g. highland cattle, hillwalking, agritousim, but also produce, water and peat VCs. Many whisky distilleries are also venturing into gin production in addition. Scotch Whisky is produced all across Scotland including Skye and Lochalsh, West Moray and Argyll and Bute Islands LAU1 areas. Whisky is produced in Northern Ireland too (Bushmills Whiskey) but this is not within a mountain area.","scotland, northern ireland, whisky, tourism, experience, hillwalking, water, peat, gin, addition, west, moray, bushmills, mountain","http://www.wikidata.org/entity/Q22, http://www.wikidata.org/entity/Q26, http://www.wikidata.org/entity/Q281, http://www.wikidata.org/entity/Q49389, http://www.wikidata.org/entity/Q164359, http://www.wikidata.org/entity/Q1762646, http://www.wikidata.org/entity/Q283, http://www.wikidata.org/entity/Q184624, http://www.wikidata.org/entity/Q959362, http://www.wikidata.org/entity/Q32043, http://www.wikidata.org/entity/Q679, http://www.wikidata.org/entity/Q211106, http://www.wikidata.org/entity/Q611570, http://www.wikidata.org/entity/Q8502","-3.25","57.416666666666664","-5.0","57.0"
