title,description,objects,objectlinks,lon,lat,barycenter_lon,barycenter_lat
"Climbing or walking of popular/accesible peaks","The MOVING reference member state of this VC is SCOTLAND HUTTON. The reference MOVING Card ID of this VC is VC 22 UK. As the most southerly 'Munro', Ben Lomond presents an accesible entry point to cultural challenge of 'Munro Bagging' (named after the mountaineer who first surveyed and catalogued Scottish Mountians above 3,000ft/914.4m in 1891). Managed by the National Trust for Scotland, in association with the Loch Lomond and Trossachs National Park Authority and Forestry Commission, balancing environmental objectives with responsible access is at the core of this value chain, including provision and maintenance of facilities (paths, parking, etc.), and interpretation of the landscape and culture (inc rangers and guides). Engaging local people and groups in activites (e.g. through charities such as the John Muir Trust and the Outdoor Access Trust for Scotland) extends the societal value of Ben Lomond as a destination beyond the tourism economy.","scotland, national trust, john muir trust, reference, mountaineer, loch lomond, trossachs, park, forestry commission, value chain, parking, destination beyond","http://www.wikidata.org/entity/Q22, http://www.wikidata.org/entity/Q333515, http://www.wikidata.org/entity/Q3182134, http://www.wikidata.org/entity/Q121769, http://www.wikidata.org/entity/Q9149093, http://www.wikidata.org/entity/Q208926, http://www.wikidata.org/entity/Q4117, http://www.wikidata.org/entity/Q22698, http://www.wikidata.org/entity/Q1437242, http://www.wikidata.org/entity/Q646107, http://www.wikidata.org/entity/Q267917, http://www.wikidata.org/entity/Q5265122","-4.421111111111111","56.230555555555554","-5.0","57.0"
"Interest on this VC","Scotland is renouned for walking opportunities and 'Munro Bagging' (climbing peaks over 914.4m) ascribes value Scottish mountains as cultural and economic assets. Overlooking iconic Loch Lomond and located close the country's cities, Ben Lomond (974m) is one the most climbed mountains in the country (30,000 climbers in 2010). Mountain climbing is pursued by locals and visitors from a range of societal groups, including serious climbers and recreationalists. It is associated with positive (mental and physical) health benefits. Peaks close to cities and tourism hotspots (such as Ben Lomond) face the greatest opportunities (inc well-being) and challenges (e.g. erosion, wildlife disturbance) associated with access. While mounmtain climbing/hillwalking is a traditional activity, it is increasingly supported by new technologies (equipment, clothing, IT) and underpinning online communities of interest (websites, blogs, social media).","scotland, loch lomond, tourism, hillwalking","http://www.wikidata.org/entity/Q22, http://www.wikidata.org/entity/Q208926, http://www.wikidata.org/entity/Q49389, http://www.wikidata.org/entity/Q1762646","-4.6515","56.14819444444444","-5.0","57.0"
"Mountain landscape and reference chains","The reference mountain chain of this VC is Highlands and Islands (RR9); West Central Scotland (NUTS2). The reference mountain landscape of this VC is Helensburgh and Lomond. Helensburgh and Lomond is situated just to the north west of Glasgow and includes the renowned beauty spot of Loch Lomond, as well as surrounding mountains and parts of the northern shore of the Firth of Clyde and Loch Long. Parts of the area are within the Loch Lomond and the Trossachs National Park, and it is a highly accessible area for recreation for residents of Glasgow and its northern commuter towns.","scotland, reference, mountain, helensburgh, glasgow, loch","http://www.wikidata.org/entity/Q22, http://www.wikidata.org/entity/Q121769, http://www.wikidata.org/entity/Q8502, http://www.wikidata.org/entity/Q1007088, http://www.wikidata.org/entity/Q4093, http://www.wikidata.org/entity/Q1172903","-4.7318","56.00701111111111","-5.0","57.0"
"Key local assets","Overlooking iconic Scottish Loch (lake) Lomond, Ben (mountain) Lomond is a natural asset that is valued in ecolocgical (SSSI habitat for black grouse, ptarmigan, upland waders, eagle, pine marten, etc.), societal (accesible from key population centres), cultural (iconic landscape and scenery, most popular 'Munro'), and economic (tourism and hospitality) terms. The average daily spend of the 'long walk' market in Scotland is £19 per day (2015), increasing by approx 4x when accomodation is included (based on 2003 figures). The hill and long distance walking sector in the Loch Lomond and Trossachs National Park was valued at £3.5m in 2011, after costs. About the LAU: S30000013.","scotland, loch, mountain, asset, black grouse, average, day, hill, distance, loch lomond, trossachs, park","http://www.wikidata.org/entity/Q22, http://www.wikidata.org/entity/Q1172903, http://www.wikidata.org/entity/Q8502, http://www.wikidata.org/entity/Q46737, http://www.wikidata.org/entity/Q155878, http://www.wikidata.org/entity/Q202785, http://www.wikidata.org/entity/Q573, http://www.wikidata.org/entity/Q54050, http://www.wikidata.org/entity/Q126017, http://www.wikidata.org/entity/Q208926, http://www.wikidata.org/entity/Q4117, http://www.wikidata.org/entity/Q22698","-5.0","57.0","-5.0","57.0"
"Challenges","Balance of environmental protection (including SSSI species) and visitor access objectives, including erosion from footfall and wildlife disturbance (e.g from drones). Overall the type of challenge faced by this VC is Current and predicted. This VC is classified as Traditional and Innovative.","","","-4.25","55.861111111111114","-5.0","57.0"
"Innovation","The type of innovation of this VC is Endogenous and Exogenous. Projects based on enhanced mental health and wellbeing and/or re-skilling based on activities such as green exercise and repairing damage associated with visitor access. Online communities (inclduing Munro society, and other hill walking and mountaineering groups) providing information and exhange relating to routes, tips, sharing photography, etc. The innovation is related to New processes and New governance systems. The land use systems involved are Forestry and Natural land. The local assets include Natural, social and cultural.","innovation, governance","http://www.wikidata.org/entity/Q174165, http://www.wikidata.org/entity/Q1553864","-4.220833333333333","56.54555555555555","-5.0","57.0"
"Geography and population","The size of the area (km2) is 381.116187. The minimum altimetry of the LAU is 9. The maximum altimetry of the LAU is 942. The total population (in thousand) is 25.821. The population density (Inhabitants/km2) in the LAU is 67.75. The population change rate of the LAU in the last 10 years (%) has been -1.89%. The overall regional population density (Inhabitants/km2) is 0.00. The regional population change rate in the last 10 years (%) has been 0.00%.","population density","http://www.wikidata.org/entity/Q22856","-4.100083333333333","56.666805555555555","-5.0","57.0"
"Income and gross value added","The average per capita income (EUR/year) [NUTS3] is 23565.58. The total Gross Value Added (GVA) (EUR million/year) [NUTS3] is 4014.87. The primary sector share of total GVA/year [NUTS3] is 0.17%. The secondary sector share of total GVA/year [NUTS3] is 21.34%. The tertiary sector share of total GVA/year [NUTS3] is 78.49%. The per capita income (EUR/year) [NUTS2] is 20747.16. The total Gross Value Added (GVA) (EUR million/year) [NUTS2] is 42723.6. The primary sector share of total GVA/year [NUTS2] is 0.10%. The secondary sector share of total GVA/year [NUTS2] is 19.34%. The tertiary sector share of total GVA/year [NUTS2] is 80.57%.","gross value added, per capita income, year","http://www.wikidata.org/entity/Q994873, http://www.wikidata.org/entity/Q45918, http://www.wikidata.org/entity/Q577","-2.9","56.96666666666667","-5.0","57.0"
"Tourism","The total number of bed places (BPs) in tourist accommodations/year in the LAU is 2660. The regional (NUTS2) share of total BPs/year is 5.10%. The number of agricultural holdings in the LAU is 1944. The nearest settlement with population over 100000 (km) is 43.4. In this region protected areas are not present.","number, bed, year","http://www.wikidata.org/entity/Q11563, http://www.wikidata.org/entity/Q42177, http://www.wikidata.org/entity/Q577","-3.1966666666666668","56.848055555555554","-5.0","57.0"
"Employment","The primary sector share of total employment/year [NUTS3] is 1.45%. The secondary sector share of total employment/year [NUTS3] is 15.94%. The tertiary sector share of total employment/year [NUTS3] is 82.61%. The primary sector share of total employment/year [NUTS2] is 0.27%. The secondary sector share of total employment/year [NUTS2] is 14.91%. The tertiary sector share of total employment/year [NUTS2] is 84.82%.","employment, year","http://www.wikidata.org/entity/Q656365, http://www.wikidata.org/entity/Q577","-3.9166666666666665","52.833333333333336","-5.0","57.0"
"Concluding remarks","Other accessible Munros include Ben Chonzie, Ben Lawers and Schiehallion in Perth and Kinross (LAU1), Mount Keen in Aberdeenshire (LAU1), and Driesh and Mayar in Angus (LAU1). The value chains surrounding each mountain as a walking destination is different, depending on aspects such as land use and ownership along access routes, and distance to towns and cities and other tourism hotspots. Stakeholders include mountaineering clubs, local communities, and online guides and enthusiasts. Mount Snowdon in Gwynedd (LAU1) is the third most visted attraction in Wales, and located in the Snowdonia National Park and faces similar challenges to Ben Lomond in terms of safeguarding the natural environment in the context of access pressures.","ben chonzie, ben lawers, wales, schiehallion, mount keen, aberdeenshire, driesh, mountain, ownership, distance, tourism, mountaineering, gwynedd","http://www.wikidata.org/entity/Q3397984, http://www.wikidata.org/entity/Q603956, http://www.wikidata.org/entity/Q25, http://www.wikidata.org/entity/Q948061, http://www.wikidata.org/entity/Q1638167, http://www.wikidata.org/entity/Q189912, http://www.wikidata.org/entity/Q3397180, http://www.wikidata.org/entity/Q8502, http://www.wikidata.org/entity/Q6498684, http://www.wikidata.org/entity/Q126017, http://www.wikidata.org/entity/Q49389, http://www.wikidata.org/entity/Q36908, http://www.wikidata.org/entity/Q109128","-3.9920569444444443","56.45385111111111","-5.0","57.0"
