title,description,objects,objectlinks,lon,lat,barycenter_lon,barycenter_lat
"Winter sports (downhill sking and snowboarding) within the Lecht ski resort - reliant on landscape for the slope and snow for skiing. Uses a wind power to run tehir snow making factory to supplement their natural snow cover. Use of the area in summer as a result of the winter sports is also of interest. The Lecht ski resort lies within Aberdeenshire LAU1","The MOVING reference member state of this VC is SCOTLAND HUTTON. The reference MOVING Card ID of this VC is VC 23 UK. Winters sports, in this instance Lecht ski resort depend on maintenance of the land in the area (i.e., ensuring it is releatively undisturbed in summer) so that it can be utilised for winter sports in the winter time from roughly Decemeber to April. The Lecht ski centre directly employs 15.5 seasonal staff, but other jobs have been created / maintained through provision of local tourist accomodation in Tomintoul - 6 miles from the Lecht and even further afield within the rest of the Aberdeenshire and Aberdeen City LAU1 areas. Also, throughout Aberdeenshire and Aberdeen city there is also job provision from equipment hire shops (to serve the Lecht and other nearby ski slopes. It can link to other local tourism opportuntities (i.e. Tomintoul whisky distillery in the nearly Badendoch and Strathspey LAU1 region). No figures could be found on the economic value of the ski centre.","scotland, ski resort, winter, lecht ski centre, tomintoul, aberdeenshire, job, ski","http://www.wikidata.org/entity/Q22, http://www.wikidata.org/entity/Q130003, http://www.wikidata.org/entity/Q1311, http://www.wikidata.org/entity/Q6511661, http://www.wikidata.org/entity/Q1236329, http://www.wikidata.org/entity/Q189912, http://www.wikidata.org/entity/Q192581, http://www.wikidata.org/entity/Q172226","-3.2315","57.16811111111111","-5.0","57.0"
"Interest on this VC","For example: successful registration of a quality scheme, high quality product(s), high reputation product(s), prevalence of the connected land use system(s) in the area, particulary treathen land use system(s) or natural asset(s), territorial idendity, e-commerce. The wind-powered snow factory represents both a new product (snow factory) and new process (powered through renewable energy).","system, e-commerce, snow, factory, renewable energy","http://www.wikidata.org/entity/Q58778, http://www.wikidata.org/entity/Q484847, http://www.wikidata.org/entity/Q7561, http://www.wikidata.org/entity/Q83405, http://www.wikidata.org/entity/Q12705","-3.378111111111111","57.25080555555556","-5.0","57.0"
"Mountain landscape and reference chains","The reference mountain chain of this VC is Highlands and Islands (RR9); North Eastern Scotland (NUTS2). The reference mountain landscape of this VC is Aberdeenshire. Aberdeenshire is in the north-east of Scotland and is a highly diverse landscape, with a long coastline, lowland agricultural areas, large rivers and the mountains and valleys of the Cairngorms. It surrounds the city of Aberdeen and contains several towns, including six settlements with a population of over 10,000. The oil and gas industry is a key economic sector, with land-based industries and tourism more important in the rural parts of the region.","scotland, reference, mountain, north, landscape, aberdeenshire, cairngorms","http://www.wikidata.org/entity/Q22, http://www.wikidata.org/entity/Q121769, http://www.wikidata.org/entity/Q8502, http://www.wikidata.org/entity/Q659, http://www.wikidata.org/entity/Q107425, http://www.wikidata.org/entity/Q189912, http://www.wikidata.org/entity/Q747064","-5.0","57.0","-5.0","57.0"
"Key local assets","Lecht ski resort depend on a range of natural, cultural and social assets. In terms of natural assets in relies on the attractive landscape to both provide the basis for the skiing, but also the pleasant surroundings (which encourage visitors to come). They also depend on good snowfall to ensure they can open for as long a season as possible (also to enable artifical snow-making). In terms of social assets, cairngorms ski resort are dependent on good community realtions both with the Cairngorms National Park Authortiy, the land owners and the local tourism operators and residents of the local village Tomintoul. Without their support the ski resort would likely fail. In terms of cultural assets there is a reliance on local traditional knowledge for Lecht-specific ski knowledge and as an important part of local childhood. Also there Lecht is dependent on local Braemar Mountain Rescue team www.braemarmountainrescue.org.uk who voluntarily serve the surrounding mountains if hillwalkers/ Skiiers/snowboarders injure themselves whilst on the mountains. These volunteers are required to live locally and need long-term experiences with the local area. About the LAU: S30000027.","ski resort, landscape, skiing, surroundings, snow, cairngorms, ski, resort, community, cairngorms national park, tourism, village, tomintoul, knowledge, childhood, mountain, rescue, team","http://www.wikidata.org/entity/Q130003, http://www.wikidata.org/entity/Q107425, http://www.wikidata.org/entity/Q130949, http://www.wikidata.org/entity/Q16968816, http://www.wikidata.org/entity/Q7561, http://www.wikidata.org/entity/Q747064, http://www.wikidata.org/entity/Q172226, http://www.wikidata.org/entity/Q875157, http://www.wikidata.org/entity/Q177634, http://www.wikidata.org/entity/Q1025953, http://www.wikidata.org/entity/Q49389, http://www.wikidata.org/entity/Q532, http://www.wikidata.org/entity/Q1236329, http://www.wikidata.org/entity/Q9081, http://www.wikidata.org/entity/Q276258, http://www.wikidata.org/entity/Q8502, http://www.wikidata.org/entity/Q1341429, http://www.wikidata.org/entity/Q327245","-3.6666944444444445","57.083305555555555","-5.0","57.0"
"Challenges","Future issues concern lack of snowsports possiblity due to climate change impacts, and current closures from COVID - potential for land to be used for more specifically land-connected activities but these may not be so profitable or helpful for resilience (i.e. in terms of wider jobs and tourism). There is also tension betwen habitat designations on the plateau and the ski slopes providing access to these areas (and infrastrcuture e.g. car parks, cafes). The tension between tourism and conservation is at the heart of the reason why the National park was designated. Overall the type of challenge faced by this VC is Current and predicted. This VC is classified as Traditional and Innovative.","potential, tourism, plateau, ski, heart, reason, park","http://www.wikidata.org/entity/Q1202245, http://www.wikidata.org/entity/Q49389, http://www.wikidata.org/entity/Q75520, http://www.wikidata.org/entity/Q172226, http://www.wikidata.org/entity/Q1072, http://www.wikidata.org/entity/Q178354, http://www.wikidata.org/entity/Q22698","-2.1230555555555557","57.15111111111111","-5.0","57.0"
"Innovation","The type of innovation of this VC is Endogenous. The use of the wind turbine to power the snow factory is innovative as it both extends the season for skiing and improves its reliability (and thus economic sustainability), but also is drawing on renewable energy. Nowhere else in the UK powers their snowmaking through such innovative means, however there is existing use of renewable energy sources within ski resorts, thus the innovation is exogenous. The Cairngorms resort is currently reviewing plans to power its snowmaking through sustainably produced HVO (hydrotreated vegetable oil) to reduce its reliance on diesel for their snow cannons. The innovation is related to the whole VC. The land use systems involved are Natural land. The local assets include natural land but it is managed to an extent -i.e. no trees, not too much heather etc to encourage snowfall retention on the slopes.","innovation, wind turbine, snow, factory, skiing, sustainability, renewable energy, energy, cairngorms, vegetable oil","http://www.wikidata.org/entity/Q174165, http://www.wikidata.org/entity/Q49833, http://www.wikidata.org/entity/Q7561, http://www.wikidata.org/entity/Q83405, http://www.wikidata.org/entity/Q130949, http://www.wikidata.org/entity/Q219416, http://www.wikidata.org/entity/Q12705, http://www.wikidata.org/entity/Q11379, http://www.wikidata.org/entity/Q747064, http://www.wikidata.org/entity/Q4739805","-3.6666666666666665","57.083333333333336","-5.0","57.0"
"Geography and population","The size of the area (km2) is 6317.996. The minimum altimetry of the LAU is -3. The maximum altimetry of the LAU is 1307. The total population (in thousand) is 261.21. The population density (Inhabitants/km2) in the LAU is 41.34. The population change rate of the LAU in the last 10 years (%) has been 4.90%. The overall regional population density (Inhabitants/km2) is 75.32. The regional population change rate in the last 10 years (%) has been 5.12%.","population density","http://www.wikidata.org/entity/Q22856","-3.016111111111111","54.52722222222222","-5.0","57.0"
"Income and gross value added","The average per capita income (EUR/year) [NUTS3] is 24463.99. The total Gross Value Added (GVA) (EUR million/year) [NUTS3] is 20611.27. The primary sector share of total GVA/year [NUTS3] is 2.46%. The secondary sector share of total GVA/year [NUTS3] is 28.09%. The tertiary sector share of total GVA/year [NUTS3] is 69.45%. The per capita income (EUR/year) [NUTS2] is 24463.99. The total Gross Value Added (GVA) (EUR million/year) [NUTS2] is 20611.27. The primary sector share of total GVA/year [NUTS2] is 2.46%. The secondary sector share of total GVA/year [NUTS2] is 28.09%. The tertiary sector share of total GVA/year [NUTS2] is 69.45%.","gross value added, per capita income, year","http://www.wikidata.org/entity/Q994873, http://www.wikidata.org/entity/Q45918, http://www.wikidata.org/entity/Q577","-1.925","54.71611111111111","-5.0","57.0"
"Tourism","The total number of bed places (BPs) in tourist accommodations/year in the LAU is 14233. The regional (NUTS2) share of total BPs/year is 100.00%. The number of agricultural holdings in the LAU is 8612. The nearest settlement with population over 100000 (km) is 51.7. In this region protected areas are present.","number, bed, year","http://www.wikidata.org/entity/Q11563, http://www.wikidata.org/entity/Q42177, http://www.wikidata.org/entity/Q577","-1.8333333333333335","54.666666666666664","-5.0","57.0"
"Employment","The primary sector share of total employment/year [NUTS3] is 3.30%. The secondary sector share of total employment/year [NUTS3] is 23.08%. The tertiary sector share of total employment/year [NUTS3] is 73.63%. The primary sector share of total employment/year [NUTS2] is 3.30%. The secondary sector share of total employment/year [NUTS2] is 23.08%. The tertiary sector share of total employment/year [NUTS2] is 73.63%.","employment, year","http://www.wikidata.org/entity/Q656365, http://www.wikidata.org/entity/Q577","-3.721779865486545","57.102135841587696","-5.0","57.0"
"Concluding remarks","The cairngorms ski resort www.cairngormmountain.co.uk and Glenshee www.ski-glenshee.co.uk are within the Cairngorms national park too. Glenshee is also on the edge of Aberdeenshire. There are two other ski resorts across Scotland (Nevis range and Glencoe) and cross-country skiing in Huntly (Aberdeenshire LAU1) and several smaller ski fields in England (i.e., Helvellyn in Lake District - LAU1 Eden and Weardale in LAU1 County Durham. Sledging is also possible at several of these sites and there are indoor and 'dry' (aritficial) ski slopes throughout the UK.","scotland, england, lake district, cairngorms, ski resort, ski, cairngorms national park, aberdeenshire, helvellyn, weardale, county durham","http://www.wikidata.org/entity/Q22, http://www.wikidata.org/entity/Q21, http://www.wikidata.org/entity/Q211778, http://www.wikidata.org/entity/Q747064, http://www.wikidata.org/entity/Q130003, http://www.wikidata.org/entity/Q172226, http://www.wikidata.org/entity/Q1025953, http://www.wikidata.org/entity/Q189912, http://www.wikidata.org/entity/Q427283, http://www.wikidata.org/entity/Q7978137, http://www.wikidata.org/entity/Q23082","-3.1666666666666665","54.5","-5.0","57.0"
