title,description,objects,objectlinks,lon,lat,barycenter_lon,barycenter_lat
"Venison - Farmed and wild deer - Lochaber LAU1","The MOVING reference member state of this VC is SCOTLAND HUTTON. The reference MOVING Card ID of this VC is VC 25 UK. Scotland is the UK's largest venison producer, of 3500 tonnes of wild venison and 70 tonnes of farmed venison. As of 2020 there were 97 deer farms in Scotland. As there are no natural predators for deers they are managed (through culling to maintain a healthy herd). Venison is a highy reputable product and the SQWV (Scottish Quality Wild Venison) scheme workd to ensure humane and proper standards are followed. Farmed and wild deer thrive in the mountainous landscapes of Scotland and several producers are based in Lochaber including Great Glen Charcuterie. They turn venison into charcuterie meats and they are great taste award winners (2020). Whilst Jahama Highland Estate sell wild venison butchery products (mince, burgers, steaks). The farmed and wild vension VC is very reliant on wider SES in terms of good relations with landowners, gamekeepers and tourist ventures and ensuring deer management practices are upheld sustainably. The UK venison market is estimated at £100million and deer management supports 25200 FTE jobs.","scotland, reference, venison, deer, great glen, charcuterie","http://www.wikidata.org/entity/Q22, http://www.wikidata.org/entity/Q121769, http://www.wikidata.org/entity/Q2296872, http://www.wikidata.org/entity/Q23390, http://www.wikidata.org/entity/Q403657, http://www.wikidata.org/entity/Q260568","-4.45","57.3","-5.0","57.0"
"Interest on this VC","Venison (both farmed and wild deer meat) is a highly reputable product. The vension industry has the Scottish Quality Wild Venison safeguard for ensuring humane and sustaianble practices from 'hill to plate' (for wild venison). Deer are synonymous with Scotland's mountainous areas and due to a lack of larger predators are thus managed for better land management. 50 Deer Management groups exist in Scotland made up of multiple landowners, gamekeepers etc. The venison VC interacts with the sporting game VC. New products (charcuterie meats) are created through new processes (i.e. drying and curring the venison) adopted from outside of Scotland. Furthermore, Great Glen Charcuterie use 100% venison meat (and nothing else) in their products. They also now sell their produce at delis, restaurants and farm shops across Scotland.","scotland, venison, deer, meat, hill, management, game, charcuterie, great glen, nothing, produce, farm","http://www.wikidata.org/entity/Q22, http://www.wikidata.org/entity/Q2296872, http://www.wikidata.org/entity/Q23390, http://www.wikidata.org/entity/Q10990, http://www.wikidata.org/entity/Q54050, http://www.wikidata.org/entity/Q2920921, http://www.wikidata.org/entity/Q11410, http://www.wikidata.org/entity/Q260568, http://www.wikidata.org/entity/Q403657, http://www.wikidata.org/entity/Q154242, http://www.wikidata.org/entity/Q1913301, http://www.wikidata.org/entity/Q131596","-5.0","57.0","-5.0","57.0"
"Mountain landscape and reference chains","The reference mountain chain of this VC is Highlands and Islands (RR9); Highlands and Islands (NUTS2). The reference mountain landscape of this VC is Lochaber. Lochaber is a region in the west of Scotland which features spectacular scenery, including the highest mountain in the UK, Ben Nevis, coastal areas and valleys. The area is a major destination for tourism and outdoor recreation. The largest town, Fort William, has a population of 10,340, which is slightly over half of the population of the LAU1 mountain reference landscape: the population density is very low in rural parts of the region.","scotland, ben nevis, reference, mountain, landscape, population density","http://www.wikidata.org/entity/Q22, http://www.wikidata.org/entity/Q104674, http://www.wikidata.org/entity/Q121769, http://www.wikidata.org/entity/Q8502, http://www.wikidata.org/entity/Q107425, http://www.wikidata.org/entity/Q22856","-5.003675","56.79689111111111","-5.0","57.0"
"Key local assets","Natural: venison requires mountainous and 'wild' terrain for venison production as well as attractive landscape and scenery to add to the 'venison brand' (i.e. iconic views of Scotland). Vension production/ deer management requires a lot of cooperation across land owners, gamekeepers, tourist ventures, local communities, conservation groups etc. There are around 50 Deer Management groups in Scotland established for this cooperation. Cultural assets are the reliance on traditional knowledge for culling and processing practices. Also to maintain a link with Scotland's heritage -i.e. the deer are 'the monarch of the glen'. About the LAU: S30000037.","scotland, venison, deer, management, cooperation","http://www.wikidata.org/entity/Q22, http://www.wikidata.org/entity/Q2296872, http://www.wikidata.org/entity/Q23390, http://www.wikidata.org/entity/Q2920921, http://www.wikidata.org/entity/Q380962","-5.0","57.0","-5.0","57.0"
"Challenges","Relies on good communication and strong relations across the value chain and any associated Deer Management group - negative imapcts may occur if such relationships break down. Relies on strong export market which could be imapcted by BREXIT/ COVID. Farmed venison takes two years to make a return on investment meaning is a difficult business to start. Overgrazing or overculling may be other challenges. Challenges related to climate change may mean the deer framing/ production could become too costly or the terrain/ climate may no longer be suitable. Overall the type of challenge faced by this VC is Current and predicted. This VC is classified as Traditional and Innovative.","communication, value chain, deer, management, brexit, venison, return on investment, overgrazing, terrain, climate","http://www.wikidata.org/entity/Q11024, http://www.wikidata.org/entity/Q646107, http://www.wikidata.org/entity/Q23390, http://www.wikidata.org/entity/Q2920921, http://www.wikidata.org/entity/Q7888194, http://www.wikidata.org/entity/Q2296872, http://www.wikidata.org/entity/Q939134, http://www.wikidata.org/entity/Q334487, http://www.wikidata.org/entity/Q186131, http://www.wikidata.org/entity/Q7937","-5.085400698391567","57.067961312660245","-5.0","57.0"
"Innovation","The type of innovation of this VC is Exogenous. venison production is traditional, but production as charcuterie is innovative. The innovation is related to New products and New processes. The land use systems involved are Grassland, Natural land and other (for farmed deer). The local assets include Natural, social and cultural.","innovation, venison, charcuterie, grassland","http://www.wikidata.org/entity/Q174165, http://www.wikidata.org/entity/Q2296872, http://www.wikidata.org/entity/Q260568, http://www.wikidata.org/entity/Q1006733","-4.987895456738883","56.95947542116763","-5.0","57.0"
"Geography and population","The size of the area (km2) is 4654.827692. The minimum altimetry of the LAU is -1. The maximum altimetry of the LAU is 1346. The total population (in thousand) is 19.805. The population density (Inhabitants/km2) in the LAU is 4.25. The population change rate of the LAU in the last 10 years (%) has been 0.50%. The overall regional population density (Inhabitants/km2) is 11.44. The regional population change rate in the last 10 years (%) has been 1.52%.","population density","http://www.wikidata.org/entity/Q22856","-5.053128459193185","56.9525799100468","-5.0","57.0"
"Income and gross value added","The average per capita income (EUR/year) [NUTS3] is 21200.32. The total Gross Value Added (GVA) (EUR million/year) [NUTS3] is 2790.74. The primary sector share of total GVA/year [NUTS3] is 5.43%. The secondary sector share of total GVA/year [NUTS3] is 22.07%. The tertiary sector share of total GVA/year [NUTS3] is 72.50%. The per capita income (EUR/year) [NUTS2] is 21856.90. The total Gross Value Added (GVA) (EUR million/year) [NUTS2] is 13770.61. The primary sector share of total GVA/year [NUTS2] is 4.03%. The secondary sector share of total GVA/year [NUTS2] is 27.20%. The tertiary sector share of total GVA/year [NUTS2] is 68.77%.","gross value added, per capita income, year","http://www.wikidata.org/entity/Q994873, http://www.wikidata.org/entity/Q45918, http://www.wikidata.org/entity/Q577","-5.033966948722825","57.0007351963492","-5.0","57.0"
"Tourism","The total number of bed places (BPs) in tourist accommodations/year in the LAU is 29913. The regional (NUTS2) share of total BPs/year is 49.78%. The number of agricultural holdings in the LAU is 10230. The nearest settlement with population over 100000 (km) is 161. In this region protected areas are present.","number, bed, year","http://www.wikidata.org/entity/Q11563, http://www.wikidata.org/entity/Q42177, http://www.wikidata.org/entity/Q577","-4.949409505267794","56.98264455001293","-5.0","57.0"
"Employment","The primary sector share of total employment/year [NUTS3] is 6.25%. The secondary sector share of total employment/year [NUTS3] is 16.67%. The tertiary sector share of total employment/year [NUTS3] is 77.08%. The primary sector share of total employment/year [NUTS2] is 9.29%. The secondary sector share of total employment/year [NUTS2] is 17.26%. The tertiary sector share of total employment/year [NUTS2] is 73.45%.","employment, year","http://www.wikidata.org/entity/Q656365, http://www.wikidata.org/entity/Q577","-4.979901223385199","56.9818189306528","-5.0","57.0"
"Concluding remarks","Wild and farmed venison is common across Scotland (i.e. Badenoch and Strathspey) and also links to the VC for game hunting. Farmed venison is also found within Newy and Mourne (LAU1 in Northern Ireland).","scotland, northern ireland, venison","http://www.wikidata.org/entity/Q22, http://www.wikidata.org/entity/Q26, http://www.wikidata.org/entity/Q2296872","-5.0","57.0","-5.0","57.0"
