title,description,objects,objectlinks,lon,lat,barycenter_lon,barycenter_lat
"Breakfast puddings (e.g. Haggis, black pudding, white pudding) (Eilean Siar/ Western Isles LAU1)","The MOVING reference member state of this VC is SCOTLAND HUTTON. The reference MOVING Card ID of this VC is VC 28 UK. Breakfast puddings including haggis and Stornoway black pudding are an important Scottish food and export commodity. Haggis has an export value of £8.8 million over the last ten years. Stornoway Black pudding has PGI status and is a world renowned Scottish product. Charles MacLeod (original Stornoway Black pudding producers) are worth around £2 million. Pudding production links multiple actors in a value chain including crofters/farmers, butchers, tourism providers and tourists themselves.","scotland, breakfast, haggis, food, export, commodity, stornoway, black, pudding, world, value chain, tourism, providers","http://www.wikidata.org/entity/Q22, http://www.wikidata.org/entity/Q80973, http://www.wikidata.org/entity/Q209500, http://www.wikidata.org/entity/Q2095, http://www.wikidata.org/entity/Q182722, http://www.wikidata.org/entity/Q317088, http://www.wikidata.org/entity/Q165845, http://www.wikidata.org/entity/Q23445, http://www.wikidata.org/entity/Q9053, http://www.wikidata.org/entity/Q16502, http://www.wikidata.org/entity/Q646107, http://www.wikidata.org/entity/Q49389, http://www.wikidata.org/entity/Q7252538","-6.3869444444444445","58.208888888888886","-5.0","57.0"
"Interest on this VC","Scottish breakfasts (mainly served in tourist cafes and accomodation i.e. BandBs) always contain at least one type of 'pudding' based on oatmeal, barley, beef fat and beef or sheep offal, traditionally served in a sheeps' stomach. They are often associated with remote rural agricultural areas and regions. Haggis, especially, has cultural connections to territorial identity, being frequently eaten across Scotland (and beyond) within a 'Burns Supper' to celebrate Scottish poet Robbie Burns. Black pudding from Stornoway (Western Isles LAU1) has PGI status. Such puddings need to be made on the Isle of Lewis to a specific recipe. Charles MacLeod (original producers of Stornoway Black pudding) has won multiple awards including six Great Taste Awards.","scotland, pudding, oatmeal, beef, fat, sheep, offal, stomach, haggis, poet, black, taste","http://www.wikidata.org/entity/Q22, http://www.wikidata.org/entity/Q9053, http://www.wikidata.org/entity/Q2089240, http://www.wikidata.org/entity/Q192628, http://www.wikidata.org/entity/Q127980, http://www.wikidata.org/entity/Q7368, http://www.wikidata.org/entity/Q157484, http://www.wikidata.org/entity/Q1029907, http://www.wikidata.org/entity/Q209500, http://www.wikidata.org/entity/Q49757, http://www.wikidata.org/entity/Q23445, http://www.wikidata.org/entity/Q124794","-5.0","57.0","-5.0","57.0"
"Mountain landscape and reference chains","The reference mountain chain of this VC is Highlands and Islands (RR9); Highlands and Islands (NUTS2). The reference mountain landscape of this VC is Na h-Eileanan Siar. The Western Isles is a remote island group off the north-west of Scotland, which relies on ferry and air links to the mainland. Aside from the main town, Stornoway, the region has a very low population density and has suffered population loss over the last 10 years. The area has a Gaelic language and crofting heritage.","scotland, stornoway, population density, crofting","http://www.wikidata.org/entity/Q22, http://www.wikidata.org/entity/Q165845, http://www.wikidata.org/entity/Q22856, http://www.wikidata.org/entity/Q15094780","-6.3869444444444445","58.208888888888886","-5.0","57.0"
"Key local assets","Natural assets: relies on land use for livestock farming, also landscape/ scenery to link to tourism ventures (i.e. scottish breakfast puddings often served in tourist accomodation). Social assets: strong links throughout the VC including between farmer/crofter, butcher and touism provider. Cultural assets: Links to traditional knowledge for pudding production, but also crofting and livestock farming practices. Haggis and black pudding are also important cultural icons for Scottish food industry. About the LAU: S30000039.","livestock, landscape, tourism, farmer, butcher, knowledge, pudding, crofting, haggis, black pudding, food","http://www.wikidata.org/entity/Q103459, http://www.wikidata.org/entity/Q107425, http://www.wikidata.org/entity/Q49389, http://www.wikidata.org/entity/Q131512, http://www.wikidata.org/entity/Q329737, http://www.wikidata.org/entity/Q9081, http://www.wikidata.org/entity/Q9053, http://www.wikidata.org/entity/Q15094780, http://www.wikidata.org/entity/Q209500, http://www.wikidata.org/entity/Q15462145, http://www.wikidata.org/entity/Q2095","-4.956899743793458","57.068802165125696","-5.0","57.0"
"Challenges","relies on tourism for a good market for selling produce (potential challenges from BREXIT/ COVID). Relies on good relations across the VC (i.e. farmers, pudding producers, tourism ventures, tourists). Relies on maintaining land use/ climate so it can be suitable for livestock farming - potential imapcts from climate change may alter this. Only Stornoway black pudding has PGI status, other pudding may be at risk from 'imposters'. Black pudding is also made in Lancaster LAU1. Overall the type of challenge faced by this VC is Current and predicted. This VC is classified as Traditional.","tourism, brexit, pudding, climate, livestock, risk","http://www.wikidata.org/entity/Q49389, http://www.wikidata.org/entity/Q7888194, http://www.wikidata.org/entity/Q9053, http://www.wikidata.org/entity/Q7937, http://www.wikidata.org/entity/Q103459, http://www.wikidata.org/entity/Q104493","-4.970813276386518","57.096939095875385","-5.0","57.0"
"Innovation","The type of innovation of this VC is unspecified. traditional as have been created and sold in these areas for many years. The innovation is related to the whole VC. The land use systems involved are Grassland and Natural land. The local assets include Natural, social and cultural.","innovation, grassland","http://www.wikidata.org/entity/Q174165, http://www.wikidata.org/entity/Q1006733","-4.994153773637401","56.95494797484049","-5.0","57.0"
"Geography and population","The size of the area (km2) is 3092.097685. The minimum altimetry of the LAU is -6. The maximum altimetry of the LAU is 728. The total population (in thousand) is 26720. The population density (Inhabitants/km2) in the LAU is 8.64. The population change rate of the LAU in the last 10 years (%) has been -2.55%. The overall regional population density (Inhabitants/km2) is 11.44. The regional population change rate in the last 10 years (%) has been 1.52%.","population density","http://www.wikidata.org/entity/Q22856","-5.026942388059318","57.03694096003899","-5.0","57.0"
"Income and gross value added","The average per capita income (EUR/year) [NUTS3] is 20263.48. The total Gross Value Added (GVA) (EUR million/year) [NUTS3] is 640.89. The primary sector share of total GVA/year [NUTS3] is 4.59%. The secondary sector share of total GVA/year [NUTS3] is 14.11%. The tertiary sector share of total GVA/year [NUTS3] is 81.31%. The per capita income (EUR/year) [NUTS2] is 21856.90. The total Gross Value Added (GVA) (EUR million/year) [NUTS2] is 13770.61. The primary sector share of total GVA/year [NUTS2] is 4.03%. The secondary sector share of total GVA/year [NUTS2] is 27.20%. The tertiary sector share of total GVA/year [NUTS2] is 68.77%.","gross value added, per capita income, year","http://www.wikidata.org/entity/Q994873, http://www.wikidata.org/entity/Q45918, http://www.wikidata.org/entity/Q577","-4.973719419307711","57.053278594345954","-5.0","57.0"
"Tourism","The total number of bed places (BPs) in tourist accommodations/year in the LAU is 2407. The regional (NUTS2) share of total BPs/year is 4.01%. The number of agricultural holdings in the LAU is 6293. The nearest settlement with population over 100000 (km) is 342. In this region protected areas are present.","number, bed, year","http://www.wikidata.org/entity/Q11563, http://www.wikidata.org/entity/Q42177, http://www.wikidata.org/entity/Q577","-5.033698068897971","56.92279338570793","-5.0","57.0"
"Employment","The primary sector share of total employment/year [NUTS3] is 21.43%. The secondary sector share of total employment/year [NUTS3] is 14.29%. The tertiary sector share of total employment/year [NUTS3] is 64.29%. The primary sector share of total employment/year [NUTS2] is 9.29%. The secondary sector share of total employment/year [NUTS2] is 17.26%. The tertiary sector share of total employment/year [NUTS2] is 73.45%.","employment, year","http://www.wikidata.org/entity/Q656365, http://www.wikidata.org/entity/Q577","-5.007279789726416","57.06150494508084","-5.0","57.0"
"Concluding remarks","Haggis and other breakfast puddings are made throughout Scotland, includuing in non-upland areas, however, Stornoway Black pudding is the only one with PGI status. In Badenoch and Strathspey, Speyside specialities produce puddings, and others are produced in Edinburgh or even England (Lancaster LAU1) within Scottish branding for teh supermarket chain, Aldi. Breakfast puddings are important for both within-Scotland market and as an export market.","scotland, edinburgh, england, haggis, breakfast, supermarket","http://www.wikidata.org/entity/Q22, http://www.wikidata.org/entity/Q23436, http://www.wikidata.org/entity/Q21, http://www.wikidata.org/entity/Q209500, http://www.wikidata.org/entity/Q80973, http://www.wikidata.org/entity/Q180846","-3.198888888888889","55.95","-5.0","57.0"
