title,description,objects,objectlinks,lon,lat,barycenter_lon,barycenter_lat
"Vaccinium Myrtillus from National Park Kopaonik. Wild blue berry picking and processing","The MOVING reference member state of this VC is SERBIA. The reference MOVING Card ID of this VC is VC 06 SER. Local wild berries picked by local people in order to supplement their incomes. Pure natural product dependent on the state of the natural system. Local knowledge of the terrain and growing conditions is required in order to find the berries and pick them at the right moment. Since pickers are usually the poor local people, their bargaining and negotiating power is most likely reduced and they depend on what the purchasing stations are willing to pay them. Most producers/processors further down the VC adhere to at least one quality scheme such as the HACCP standard.","reference, serbia, people, natural product, system, knowledge, terrain, bargaining, purchasing","http://www.wikidata.org/entity/Q121769, http://www.wikidata.org/entity/Q403, http://www.wikidata.org/entity/Q2472587, http://www.wikidata.org/entity/Q901227, http://www.wikidata.org/entity/Q58778, http://www.wikidata.org/entity/Q9081, http://www.wikidata.org/entity/Q186131, http://www.wikidata.org/entity/Q1401706, http://www.wikidata.org/entity/Q1369832","20.933333333333334","43.95","20.933333333333334","43.95"
"Interest on this VC","'Wild blueberry' and other NWF products are collected and used for domestic products and local specialities in the area of Kopaonik mountain / very well known touristic area. Many products are also exported / cold pressed juices, lyophilised fruits, etc. Opposed to cultivation of blue berry in the region, these berries grow in the wild, are hand picked by locals and offered to the same processing VC as the cultivated ones with the added attribute of being wild. Amounts that can be picked is determined by government regulations via permits in order for the sustainable use of this resource. This product is potentially a niche market for more health and ecological oriented consumers who would prefer wild berries over cultivated ones. For this, the VC down the line would have to devise new marketing strategies and create new markets for instance in health shops, green markets, pharmacies.","mountain, locals, government, niche market, health, marketing","http://www.wikidata.org/entity/Q8502, http://www.wikidata.org/entity/Q97159915, http://www.wikidata.org/entity/Q7188, http://www.wikidata.org/entity/Q1758705, http://www.wikidata.org/entity/Q12147, http://www.wikidata.org/entity/Q39809","20.938321421914534","43.89357505852461","20.933333333333334","43.95"
"Mountain landscape and reference chains","The reference mountain chain of this VC is Kopaonik Mountain/ National park, Dinaric Alps region. The reference mountain landscape of this VC is Dinaric Mountains, mountain Kopaonik. Kopaonik National park and its vicinity have been a poligon of mass winter sports tourism in the last decades. BEing the highest peak in Serbia, there has always been a lot of pressure of visitors and even increased lately. Kopaonik owes its name to its abundance of mineral resources. To this day, ores of iron, lead and zinc, as well as silver and gold, can be found in the bottom of the mountain.Today, Mt. Kopaonik is the number one ski resort in Serbia and the wider region, still with lots of construction and tourism that are seen as the best development opportuity. At the same time, there is diverse plant and animal life, as more than a thousand plant species grow here, including Kopaonik's houseleek, Kopaonik's violet and Pan i 's bittercress as the most famous among them. Wood and non timber forest products such as wild berries and mushroms are supplementatry income for many of the locals, without enough consideration on the impact made. Still unsustainable and even illegal construction make the strongest pressure on the mountain at this moment.","dinaric alps, serbia, reference, mountain, park, tourism, zinc, ski resort","http://www.wikidata.org/entity/Q189915, http://www.wikidata.org/entity/Q403, http://www.wikidata.org/entity/Q121769, http://www.wikidata.org/entity/Q8502, http://www.wikidata.org/entity/Q22698, http://www.wikidata.org/entity/Q49389, http://www.wikidata.org/entity/Q758, http://www.wikidata.org/entity/Q130003","19.0","43.0","20.933333333333334","43.95"
"Key local assets","People that pick the wild berries are local people that supplement their incomes with picking the wild berries. They sell them to local purchasing stations that then pass them on to the same processing facilities that serve the cultivated berries. About the LAU: 70343 Brus.","people, local purchasing","http://www.wikidata.org/entity/Q2472587, http://www.wikidata.org/entity/Q17099654","21.02823151355139","43.92554632217249","20.933333333333334","43.95"
"Challenges","Since the wild berries are sold to purchasing stations and from there find its way further through the VC, the same challenges regarding underused capacity, lack of effective marketing strategies, etc. apply. On top of that come the problems posed by the effects of climate change such as drought, late season frost, etc. In addition, while for the cultivation of blue berries stable production and quality via applying cultivation techniques can be assured, this does not apply for wild berry picking which is dependent on local climatic and soil conditions. Wild berries are not always easy to find and don't have the same characteristics over various season thereby not guaranteeing stable quality. Other challenges could lie in picking at the wrong moment (too soon or too late) or overpicking thereby damaging the sustainable use of this resource. Overall the type of challenge faced by this VC is Current and Predicted. This VC is classified as Traditional.","purchasing, marketing, drought, addition, soil","http://www.wikidata.org/entity/Q1369832, http://www.wikidata.org/entity/Q39809, http://www.wikidata.org/entity/Q43059, http://www.wikidata.org/entity/Q32043, http://www.wikidata.org/entity/Q36133","20.84505407689251","44.02705038936086","20.933333333333334","43.95"
"Innovation","The type of innovation of this VC is Endogenous and Exogenous. There is no innovation in the picking of wild berries. Hand picking is done by traditional means. The only 'innovation' would be that the berries can be labelled as wild and 'from Nature' as opposed to their cultivated cousins. No information about this labelling further down the VC with especially marketing techniques targeting specific segments of the consumer market could be ascertained at this moment. The innovation is related to the whole VC. The land use systems involved are Grassland, Forestry and Natural land. The local assets include Natural, social and cultural.","innovation, nature, information, grassland","http://www.wikidata.org/entity/Q174165, http://www.wikidata.org/entity/Q7860, http://www.wikidata.org/entity/Q11028, http://www.wikidata.org/entity/Q1006733","20.916012936524528","44.013379699043966","20.933333333333334","43.95"
"Geography and population","The size of the area (km2) is 606. The minimum altimetry of the LAU is 500. The maximum altimetry of the LAU is 2017. The total population (in thousand) is 14.60. The population density (Inhabitants/km2) in the LAU is 24.09. The population change rate of the LAU in the last 10 years (%) has been -11.75%. The overall regional population density (Inhabitants/km2) is 30. The regional population change rate in the last 10 years (%) has been -7.15%.","population density","http://www.wikidata.org/entity/Q22856","20.995444794282115","43.933342887481224","20.933333333333334","43.95"
"Income and gross value added","The average per capita income (EUR/year) [NUTS3] is unspecified. The total Gross Value Added (GVA) (EUR million/year) [NUTS3] is 728.95. The primary sector share of total GVA/year [NUTS3] is 16.76%. The secondary sector share of total GVA/year [NUTS3] is 33.45%. The tertiary sector share of total GVA/year [NUTS3] is 49.78%. The per capita income (EUR/year) [NUTS2] is 529.61. The total Gross Value Added (GVA) (EUR million/year) [NUTS2] is 5202.34. The primary sector share of total GVA/year [NUTS2] is 7.56%. The secondary sector share of total GVA/year [NUTS2] is 41.13%. The tertiary sector share of total GVA/year [NUTS2] is 51.31%.","gross value added, per capita income, year","http://www.wikidata.org/entity/Q994873, http://www.wikidata.org/entity/Q45918, http://www.wikidata.org/entity/Q577","20.853151174990604","43.8527003765927","20.933333333333334","43.95"
"Tourism","The total number of bed places (BPs) in tourist accommodations/year in the LAU is 78618. The regional (NUTS2) share of total BPs/year is unspecified. The number of agricultural holdings in the LAU is 4547. The nearest settlement with population over 100000 (km) is 97.2. In this region protected areas are present.","","","20.885376741980604","44.03768208040305","20.933333333333334","43.95"
"Employment","The primary sector share of total employment/year [NUTS3] is 11.60%. The secondary sector share of total employment/year [NUTS3] is 37.70%. The tertiary sector share of total employment/year [NUTS3] is 50.70%. The primary sector share of total employment/year [NUTS2] is 5.20%. The secondary sector share of total employment/year [NUTS2] is 38.40%. The tertiary sector share of total employment/year [NUTS2] is 56.40%.","employment, year","http://www.wikidata.org/entity/Q656365, http://www.wikidata.org/entity/Q577","21.011414928165117","43.86088226391061","20.933333333333334","43.95"
"Concluding remarks","","","","20.92052019645891","43.94769649022175","20.933333333333334","43.95"
