title,description,objects,objectlinks,lon,lat,barycenter_lon,barycenter_lat
"Pirot hard cheese from sheep and cow milk","The MOVING reference member state of this VC is SERBIA. The reference MOVING Card ID of this VC is VC 10 SER. The VC is dominated by the production of single dairy, Secondary dairy school in Pirot that is the guardian of the tradition and know how. There are around 13000 sheep produced by small scale farmers and the main milking season is May to October, while the rest of the year entails more use of cow milk in the cheese composition. The Dairy school is selling directly to consumers, through own shop to local market and through retail network. There is little readiness for further innovation in this moment, and the initiative to work on furhter quality distinction between PDO cheese are not taken yet.","dairy, serbia, school, pirot, tradition, in this moment","http://www.wikidata.org/entity/Q637776, http://www.wikidata.org/entity/Q403, http://www.wikidata.org/entity/Q3914, http://www.wikidata.org/entity/Q309343, http://www.wikidata.org/entity/Q82821, http://www.wikidata.org/entity/Q1468680","20.933333333333334","43.95","20.933333333333334","43.95"
"Interest on this VC","On of prominent GI products, using the original recipe which is more than two centuries old, skilled artisans make Pirotski kackavalj (Hard cheese from Pirot), a very famous Serbian delicacy. Pirotski kackavalj made it to the list of intangible cultural heritage of Serbia. Pure milk from Stara planina and salt are the basic ingredients. It holds reputation for its soft but recognisable taste deriving from the high quality mild from the mountain pastures, and aslo traditional manual process. The decline of livestock production makes it particulalry fragile when it comes to the quantities on the market and also know how. In the Serbian part of Balkan mountains, Stara planina mt. there is a long tradition of livestock sheep production. Products such as Pirot kackavalj (yellow mixed or sheep cheese) and Pirot lamb are hightly valued and recognized, and protected as PDO. However the region is under many threats from depopulation and economic deprivation to pressures from tourism and environmental degradation. The Pirot cheese PDO doesnt live to its potential of bringing benefits to producers which are often invisible. The pastoral lifestyle is becoming rare.","serbia, cheese, pirot, livestock, balkan mountains, sheep","http://www.wikidata.org/entity/Q403, http://www.wikidata.org/entity/Q10943, http://www.wikidata.org/entity/Q309343, http://www.wikidata.org/entity/Q103459, http://www.wikidata.org/entity/Q170427, http://www.wikidata.org/entity/Q7368","25.0","42.7","20.933333333333334","43.95"
"Mountain landscape and reference chains","The reference mountain chain of this VC is Eastern Serbia, Balkan mountains region. The reference mountain landscape of this VC is Balkan mountains. Pirot area is part of the of the Stara Planina National park and area of great natural value. Specific traits of traditional manufacturing of Pirot kachkaval derive from climatic conditions, characteristic grass habitat and the specific mountain region and milk from autochthonous populations (Pirot sheep). There is strong pressure of touristic investments and use of waterstreams that put pressures on enviornmental values. Traditinal know how and skills are embedded in the production process.","serbia, reference, mountain, balkan mountains, landscape, pirot, park, manufacturing, milk, sheep","http://www.wikidata.org/entity/Q403, http://www.wikidata.org/entity/Q121769, http://www.wikidata.org/entity/Q8502, http://www.wikidata.org/entity/Q170427, http://www.wikidata.org/entity/Q107425, http://www.wikidata.org/entity/Q309343, http://www.wikidata.org/entity/Q22698, http://www.wikidata.org/entity/Q187939, http://www.wikidata.org/entity/Q8495, http://www.wikidata.org/entity/Q7368","22.585","43.151944444444446","20.933333333333334","43.95"
"Key local assets","The natural properties of Stara planina natural park and its slopes and vicinity are initial condition for high quality product. Grazing areas, biodiversity and traditional know how are the strongest pillars for production of Pirot cheese. Social and cultural aspects are also strong, with particular equipemtn (weaving basket) used for cheese production. That made the whole cheese making skill part of the Serbian immaterial cultural heritage. About the LAU: 70939 Pirot.","grazing, biodiversity, pirot, cheese, basket, skill","http://www.wikidata.org/entity/Q3239189, http://www.wikidata.org/entity/Q47041, http://www.wikidata.org/entity/Q309343, http://www.wikidata.org/entity/Q10943, http://www.wikidata.org/entity/Q201097, http://www.wikidata.org/entity/Q205961","22.585","43.151944444444446","20.933333333333334","43.95"
"Challenges","Depopulation and change of lifestyle from pasture grazing system to stationary are the main reasons for decline in number of sheep and milk shortage. There are 13760 sheep now, and the are the aging and uninhabited villages cannot sustain the needed production. Apart from these, the management of natural resources bocomes an issue with increased vulnerability and threat of investments in small hydro power plants that deprive population from fresh water and destroy watershead and scenary. Overall the type of challenge faced by this VC is Current and Predicted. This VC is classified as Traditional and Innovative.","small hydro","http://www.wikidata.org/entity/Q1067107","22.499571015119344","43.13911796708441","20.933333333333334","43.95"
"Innovation","The type of innovation of this VC is Endogenous and Exogenous. The VC is rather traditional with innovated marketing strategies and promoiton processes. The PDO registration is placed within Dairy secondary school in Pirot and that makes a good locus for spreading knowledge and know how. The innovation is related to New marketing strategies and New governance systems. The land use systems involved are Grassland and Natural land. The local assets include Natural, social and cultural.","dairy, innovation, marketing, pirot, governance, grassland","http://www.wikidata.org/entity/Q637776, http://www.wikidata.org/entity/Q174165, http://www.wikidata.org/entity/Q39809, http://www.wikidata.org/entity/Q309343, http://www.wikidata.org/entity/Q1553864, http://www.wikidata.org/entity/Q1006733","22.585","43.151944444444446","20.933333333333334","43.95"
"Geography and population","The size of the area (km2) is 1232. The minimum altimetry of the LAU is 368. The maximum altimetry of the LAU is 2169. The total population (in thousand) is 53.80. The population density (Inhabitants/km2) in the LAU is 44.00. The population change rate of the LAU in the last 10 years (%) has been -6.71%. The overall regional population density (Inhabitants/km2) is 30. The regional population change rate in the last 10 years (%) has been -7.15%.","population density","http://www.wikidata.org/entity/Q22856","22.513139730105742","43.12413445227224","20.933333333333334","43.95"
"Income and gross value added","The average per capita income (EUR/year) [NUTS3] is unspecified. The total Gross Value Added (GVA) (EUR million/year) [NUTS3] is 370.47. The primary sector share of total GVA/year [NUTS3] is 5.60%. The secondary sector share of total GVA/year [NUTS3] is 58.45%. The tertiary sector share of total GVA/year [NUTS3] is 35.95%. The per capita income (EUR/year) [NUTS2] is 529.61. The total Gross Value Added (GVA) (EUR million/year) [NUTS2] is 5202.34. The primary sector share of total GVA/year [NUTS2] is 7.56%. The secondary sector share of total GVA/year [NUTS2] is 41.13%. The tertiary sector share of total GVA/year [NUTS2] is 51.31%.","gross value added, per capita income, year","http://www.wikidata.org/entity/Q994873, http://www.wikidata.org/entity/Q45918, http://www.wikidata.org/entity/Q577","22.493106824858117","43.13862364419644","20.933333333333334","43.95"
"Tourism","The total number of bed places (BPs) in tourist accommodations/year in the LAU is 78618. The regional (NUTS2) share of total BPs/year is unspecified. The number of agricultural holdings in the LAU is 4557. The nearest settlement with population over 100000 (km) is 75. In this region protected areas are present.","number, bed, year","http://www.wikidata.org/entity/Q11563, http://www.wikidata.org/entity/Q42177, http://www.wikidata.org/entity/Q577","22.62767767651242","43.05672586479907","20.933333333333334","43.95"
"Employment","The primary sector share of total employment/year [NUTS3] is 1.80%. The secondary sector share of total employment/year [NUTS3] is 45.40%. The tertiary sector share of total employment/year [NUTS3] is 52.80%. The primary sector share of total employment/year [NUTS2] is 5.20%. The secondary sector share of total employment/year [NUTS2] is 38.40%. The tertiary sector share of total employment/year [NUTS2] is 56.40%.","employment, year","http://www.wikidata.org/entity/Q656365, http://www.wikidata.org/entity/Q577","22.604164787622118","43.18761183750389","20.933333333333334","43.95"
"Concluding remarks","The same cheese production is present in Bulgaria.","bulgaria, cheese","http://www.wikidata.org/entity/Q219, http://www.wikidata.org/entity/Q10943","25.5","42.75","20.933333333333334","43.95"
