title,description,objects,objectlinks,lon,lat,barycenter_lon,barycenter_lat
"Dried saussage made of localy produced sheep, goat, beef or donkey meat mixture, PDO application","The MOVING reference member state of this VC is SERBIA. The reference MOVING Card ID of this VC is VC 27 SER. There have been registered several operators in the last few year, while the number is probablly in dozens of small home made processing workshops. The processing is almost never linked to farming, so the raw material is bought localy from farmers. Direct sale on food events and festivals, linkaged to HORECA sector and lately specialized food shops and retial, have been the main marketing channel. This is one of the most expensive meat products, however the demaind is stil high due to very different nature of proecessing (most of the dried meat is usually smoked and pressed sausage isnt). This increased demand also threatens the quality of the product, as many are now trying to raise volumes at any costs.","serbia, year, number, home, material, horeca, marketing channel","http://www.wikidata.org/entity/Q403, http://www.wikidata.org/entity/Q577, http://www.wikidata.org/entity/Q11563, http://www.wikidata.org/entity/Q7743, http://www.wikidata.org/entity/Q214609, http://www.wikidata.org/entity/Q1431026, http://www.wikidata.org/entity/Q6576947","20.933333333333334","43.95","20.933333333333334","43.95"
"Interest on this VC","Pirot pressed sausages is premium product, manufactured from the best quality of different kind of meat, mixed with spices. It is assumed that dates back to the time of the Ottoman empire and it truly reflects the diversity of livestock production in Serbian part of Balkan mountains (Stara planina Mt) which is a natuanal park. For making Peglana sausages carefully selected pieces of goat, sheep and beef meat are used, though some use even donkey meat. Though present for centruries, this product has been revived and in only last decade has gained much reputation and popularity as high quality typical product of mountain areas. It is naturally and slowly dried, no smoking or preservatives and know for a particular process of pressing, that has been traditional know how of local people. Linkages to Balkan mountains Natural park Stara planina and its livestock breeding systems as well as traditional know how of producing a durable meat product that is naturaly dried, make Pirotska pressed sausage one of the very recognizible brands of South Eastrn Serbia. Also, this region is very much in focus for aspirations for use of natural resources in many ways, for small hydro power plants which puts at risk much of the local rural population that lose access to fresh waater, to tourism pressures which are not always moderate and controled.","serbia, pirot, meat, ottoman empire, livestock, balkan mountains, park, mountain, sausage, small hydro","http://www.wikidata.org/entity/Q403, http://www.wikidata.org/entity/Q309343, http://www.wikidata.org/entity/Q10990, http://www.wikidata.org/entity/Q12560, http://www.wikidata.org/entity/Q103459, http://www.wikidata.org/entity/Q170427, http://www.wikidata.org/entity/Q22698, http://www.wikidata.org/entity/Q8502, http://www.wikidata.org/entity/Q131419, http://www.wikidata.org/entity/Q1067107","25.0","42.7","20.933333333333334","43.95"
"Mountain landscape and reference chains","The reference mountain chain of this VC is Eastern Serbia, Balkan mountains region. The reference mountain landscape of this VC is Balkan mountains. Balkan mountains in Serbia or Stara planina Nature reserve, are he cheese was originally made from sheep milk since the area was well-known for the two indigenous breeds pirotska pramenka and pirotska pramenka oplemenena which freely grazed on the slopes of Stara Planina (Old Mountain). Following the changes in animal breeding, traditional cheese-making industry in Pirot has been slightly altered, and ka kavalj is nowadays produced from unpasteurized sheep's or cow's milk, or a combination of both. REcent years have brought incerased interest for the region and also tourism and agriculture, but not yet the improved policy frame for promoting sustainable practices.","serbia, reference, mountain, balkan mountains, landscape, nature, cheese, sheep milk, pirot, milk","http://www.wikidata.org/entity/Q403, http://www.wikidata.org/entity/Q121769, http://www.wikidata.org/entity/Q8502, http://www.wikidata.org/entity/Q170427, http://www.wikidata.org/entity/Q107425, http://www.wikidata.org/entity/Q7860, http://www.wikidata.org/entity/Q10943, http://www.wikidata.org/entity/Q2736146, http://www.wikidata.org/entity/Q309343, http://www.wikidata.org/entity/Q8495","22.585","43.151944444444446","20.933333333333334","43.95"
"Key local assets","High quality meat localy raised on the pastures with strong floral biodiversity, is being transformed through unique process of pressing and drying to obtain a valuable and high protein content product. There is also cultural and social assets over nutritional and even medicinal values of this product which is considered very potent and concentrated 'super food' according to local criteria. About the LAU: 70939 Pirot.","meat, biodiversity, protein, food, pirot","http://www.wikidata.org/entity/Q10990, http://www.wikidata.org/entity/Q47041, http://www.wikidata.org/entity/Q8054, http://www.wikidata.org/entity/Q2095, http://www.wikidata.org/entity/Q309343","22.585","43.151944444444446","20.933333333333334","43.95"
"Challenges","Depopulation and change of lifestyle from pasture grazing system to stationary are the main reasons for decline in number of sheep and milk shortage. There are 13760 sheep now, and the are the aging and uninhabited villages cannot sustain the needed production. Apart from these, the management of natural resources bocomes an issue with increased vulnerability and threat of investments in small hydro power plants that deprive population from fresh water and destroy watershead and scenary. Overall the type of challenge faced by this VC is Current and Predicted. This VC is classified as Traditional and Innovative.","small hydro","http://www.wikidata.org/entity/Q1067107","21.01013787815919","43.92465534227348","20.933333333333334","43.95"
"Innovation","The type of innovation of this VC is Endogenous and Exogenous. A traditional product where the traditianal process has been taken over by the processing facilities of modern times. There is quite some new design of the small scale processing machinery that can replicate the old school of pressing with a bottle or similar round and smooth obect. The development of the product could be lately attributed to a sequence of local festivals, where forgoten product has been revived and reintroduced to the community, so that commercial production has started. Now it is on the way of protection of geographical name and has many new alterations in packaging, meat mixture (goat, sheep, cow or donkey) and spices. The innovation is related to New products and New marketing strategies. The land use systems involved are Grassland, Forestry and Natural land. The local assets include Natural, social and cultural.","innovation, design, school, bottle, sequence, community, protection, alterations, meat, mixture, goat, sheep, marketing, grassland","http://www.wikidata.org/entity/Q174165, http://www.wikidata.org/entity/Q82604, http://www.wikidata.org/entity/Q3914, http://www.wikidata.org/entity/Q80228, http://www.wikidata.org/entity/Q133250, http://www.wikidata.org/entity/Q177634, http://www.wikidata.org/entity/Q2251595, http://www.wikidata.org/entity/Q16827625, http://www.wikidata.org/entity/Q10990, http://www.wikidata.org/entity/Q169336, http://www.wikidata.org/entity/Q2934, http://www.wikidata.org/entity/Q7368, http://www.wikidata.org/entity/Q39809, http://www.wikidata.org/entity/Q1006733","20.933744806538595","43.8622777491926","20.933333333333334","43.95"
"Geography and population","The size of the area (km2) is 1232. The minimum altimetry of the LAU is 368. The maximum altimetry of the LAU is 2169. The total population (in thousand) is 53.80. The population density (Inhabitants/km2) in the LAU is 44.00. The population change rate of the LAU in the last 10 years (%) has been -6.71%. The overall regional population density (Inhabitants/km2) is 30. The regional population change rate in the last 10 years (%) has been -7.15%.","population density","http://www.wikidata.org/entity/Q22856","20.996085405786427","43.89033242955729","20.933333333333334","43.95"
"Income and gross value added","The average per capita income (EUR/year) [NUTS3] is unspecified. The total Gross Value Added (GVA) (EUR million/year) [NUTS3] is 370.47. The primary sector share of total GVA/year [NUTS3] is 5.60%. The secondary sector share of total GVA/year [NUTS3] is 58.45%. The tertiary sector share of total GVA/year [NUTS3] is 35.95%. The per capita income (EUR/year) [NUTS2] is 529.61. The total Gross Value Added (GVA) (EUR million/year) [NUTS2] is 5202.34. The primary sector share of total GVA/year [NUTS2] is 7.56%. The secondary sector share of total GVA/year [NUTS2] is 41.13%. The tertiary sector share of total GVA/year [NUTS2] is 51.31%.","gross value added, per capita income, year","http://www.wikidata.org/entity/Q994873, http://www.wikidata.org/entity/Q45918, http://www.wikidata.org/entity/Q577","20.865716457980156","43.94832685635542","20.933333333333334","43.95"
"Tourism","The total number of bed places (BPs) in tourist accommodations/year in the LAU is 78618. The regional (NUTS2) share of total BPs/year is unspecified. The number of agricultural holdings in the LAU is 4557. The nearest settlement with population over 100000 (km) is 75. In this region protected areas are present.","number, bed, year","http://www.wikidata.org/entity/Q11563, http://www.wikidata.org/entity/Q42177, http://www.wikidata.org/entity/Q577","20.853576241223045","43.950371671920536","20.933333333333334","43.95"
"Employment","The primary sector share of total employment/year [NUTS3] is 1.80%. The secondary sector share of total employment/year [NUTS3] is 45.40%. The tertiary sector share of total employment/year [NUTS3] is 52.80%. The primary sector share of total employment/year [NUTS2] is 5.20%. The secondary sector share of total employment/year [NUTS2] is 38.40%. The tertiary sector share of total employment/year [NUTS2] is 56.40%.","employment, year","http://www.wikidata.org/entity/Q656365, http://www.wikidata.org/entity/Q577","20.89371856130813","43.94749957202351","20.933333333333334","43.95"
"Concluding remarks","","","","20.941713682974086","43.977091347156794","20.933333333333334","43.95"
