title,description,objects,objectlinks,lon,lat,barycenter_lon,barycenter_lat
"Sami reindeer herding","The MOVING reference member state of this VC is SKANDINAVIAN UCO. The reference MOVING Card ID of this VC is VC 03 SCA. In Scandinavia, about 6500 Sami are engaged in reindeer herding. Overall, in Norway and Sweden only Sami people with ancestors linked to reindeer herding have the right to be recognised as reindeer riders. In Finland, even if that is not mandatory, also Sami people are the main practitioners of this VC. In June-July, every calve is marked in the ear, indicating who is the owner (each herder has its own mark). Each year the maximum number of reindeers per region is regulated by the managerial organism (the Norwegian Reindeer Husbandry Administration (subordinate to the Ministry of Agriculture of Norway) , the County Administrative Board (according to the Swedish reindeer husbandry act) in Sweden, and the Ministry of Agriculture and Forestry in Finland). In Finland, within the declared reindeer husbandry area, reindeers have permission to graze freely regardless of the land ownership. The main product of reindeer herding is both raw meat and cured meat (during spring to let it dry under the sun and cold wind), but also skins and bones are used for handicrafts. Besides, there is also an important touristic industry linked to this VC.","norway, sweden, finland, reference, scandinavia, herding, people, agriculture, meat","http://www.wikidata.org/entity/Q20, http://www.wikidata.org/entity/Q34, http://www.wikidata.org/entity/Q33, http://www.wikidata.org/entity/Q121769, http://www.wikidata.org/entity/Q21195, http://www.wikidata.org/entity/Q1484503, http://www.wikidata.org/entity/Q2472587, http://www.wikidata.org/entity/Q11451, http://www.wikidata.org/entity/Q10990","14.76093611111111","64.77964194444445","14.76093611111111","64.77964194444445"
"Interest on this VC","High reputation and quality product linked to ancient traditions. It is the main activity to sustain Sami livelihood and it has been of great importance for Sami people for centuries. There are new products linked to this VC as well as new practices in the herd management. Lastly, the EU granted a Protected Designation of Origin to the Lapland reindeer meat and cold-smoked meat is adding value to this VC.","herd, management, protected designation of origin","http://www.wikidata.org/entity/Q209542, http://www.wikidata.org/entity/Q2920921, http://www.wikidata.org/entity/Q13439060","11.0","65.0","14.76093611111111","64.77964194444445"
"Mountain landscape and reference chains","The reference mountain chain of this VC is Scandinavean Mountains - Scandes. The reference mountain landscape of this VC is Guovdageaidnu - Kautokeino. Guovdageaidnu - Kautokeino is one of the two main cultural settlements for the Norwegian Sami area. It is the largest municipality in Norway and it shares a border with Finland in the South. It is located in the Finnmarksvidda mountain plateau, covered by birch and sparse pine forests, extensive bogs and lakes. The most characteristic activity is the reindeer herding. It hosts one of the main Sami festivals, the Easter Festival of Kautokeino, where visitors can learn about Sami culture, experience some traditional activities and purchase handicrafts.","norway, finland, finnmarksvidda, kautokeino, reference, mountain, landscape, plateau","http://www.wikidata.org/entity/Q20, http://www.wikidata.org/entity/Q33, http://www.wikidata.org/entity/Q940402, http://www.wikidata.org/entity/Q6459, http://www.wikidata.org/entity/Q121769, http://www.wikidata.org/entity/Q8502, http://www.wikidata.org/entity/Q107425, http://www.wikidata.org/entity/Q75520","23.816666666666666","69.31666666666666","14.76093611111111","64.77964194444445"
"Key local assets","This VC is highly linked to the arctic pastures and conditions. Reindeers are completelly adapted to this climate and natural environments. In addition, nowadays the VC operates in a complex network of organisations at regional, national and international levels (e.g., County Administrative Boards, Ministries of Agriculture and Forestry, Sami Parliamen , and the Finish Reindeer Herder's Association). Within each country the VC functions slightly different so the interactions among organisations is quite important to guarantee the rights of Sami people. Finally, this practice represents part of the Sami heritage and means a lot for the Sami's identity. About the LAU: NO2011.","addition, rights","http://www.wikidata.org/entity/Q32043, http://www.wikidata.org/entity/Q780687","15.0","61.0","14.76093611111111","64.77964194444445"
"Challenges","In some areas an increase of certain industrial land uses (ex. mining, wind energy, logging) threats the reindeer pastures. In addition, measures must be taken to control the attacks of large carnivores. Finally, climate change is expected to challenge the VC as climate patterns may change with consequences on arctic ecosystems. Overall the type of challenge faced by this VC is Current and Predicted. This VC is classified as Traditional and Innovative.","","","27.0","65.0","14.76093611111111","64.77964194444445"
"Innovation","The type of innovation of this VC is Endogenous. The innovation relates to new techniques and mechanization of some processes. Nowadays, snowmobiles and tracking collars are used in reindeer herding in winter. Besides, there is a growing touristic industry based on reindeer herding. The innovation is related to New products, New processes and New marketing strategies. The land use systems involved are Grassland, Forestry and Natural land. The local assets include Natural, social and cultural.","innovation, mechanization, herding, winter, marketing, grassland","http://www.wikidata.org/entity/Q174165, http://www.wikidata.org/entity/Q1160362, http://www.wikidata.org/entity/Q1484503, http://www.wikidata.org/entity/Q1311, http://www.wikidata.org/entity/Q39809, http://www.wikidata.org/entity/Q1006733","23.04148","69.01151","14.76093611111111","64.77964194444445"
"Geography and population","The size of the area (km2) is 9707.35. The minimum altimetry of the LAU is 192. The maximum altimetry of the LAU is 970. The total population (in thousand) is 2.91. The population density (Inhabitants/km2) in the LAU is 0.29. The population change rate of the LAU in the last 10 years (%) has been -1.32%. The overall regional population density (Inhabitants/km2) is 4.29. The regional population change rate in the last 10 years (%) has been 4.06%.","population density","http://www.wikidata.org/entity/Q22856","19.401855555555557","69.15645","14.76093611111111","64.77964194444445"
"Income and gross value added","The average per capita income (EUR/year) [NUTS3] is 53239.46. The total Gross Value Added (GVA) (EUR million/year) [NUTS3] is 3607.4. The primary sector share of total GVA/year [NUTS3] is 13.63%. The secondary sector share of total GVA/year [NUTS3] is 23.92%. The tertiary sector share of total GVA/year [NUTS3] is 62.46%. The per capita income (EUR/year) [NUTS2] is 53580.75. The total Gross Value Added (GVA) (EUR million/year) [NUTS2] is 23165.41. The primary sector share of total GVA/year [NUTS2] is 9.82%. The secondary sector share of total GVA/year [NUTS2] is 22.44%. The tertiary sector share of total GVA/year [NUTS2] is 67.75%.","gross value added, per capita income, year","http://www.wikidata.org/entity/Q994873, http://www.wikidata.org/entity/Q45918, http://www.wikidata.org/entity/Q577","15.0","67.0","14.76093611111111","64.77964194444445"
"Tourism","The total number of bed places (BPs) in tourist accommodations/year in the LAU is 12579. The regional (NUTS2) share of total BPs/year is 20.14%. The number of agricultural holdings in the LAU is 285. The nearest settlement with population over 100000 (km) is 414. In this region protected areas are present.","number, bed, year","http://www.wikidata.org/entity/Q11563, http://www.wikidata.org/entity/Q42177, http://www.wikidata.org/entity/Q577","10.393055555555556","63.426944444444445","14.76093611111111","64.77964194444445"
"Employment","The primary sector share of total employment/year [NUTS3] is 0.85%. The secondary sector share of total employment/year [NUTS3] is 13.87%. The tertiary sector share of total employment/year [NUTS3] is 85.28%. The primary sector share of total employment/year [NUTS2] is 3.76%. The secondary sector share of total employment/year [NUTS2] is 18.53%. The tertiary sector share of total employment/year [NUTS2] is 74.68%.","employment, year","http://www.wikidata.org/entity/Q656365, http://www.wikidata.org/entity/Q577","20.0","67.0","14.76093611111111","64.77964194444445"
"Concluding remarks","The reindeer graze on pastures with an area of approximately 146 thousand km2 in the provinces of Finnmark, Troms, Nordland and Trøndelag, which is 40% of the mainland part of Norway. In Sweden, reindeer herding is practised almost everywhere in the provinces of Norrbotten, Västerbotten, and Jämtland, and in parts of the provinces of Dalarna, Västernorrland, and Gävleborg. Reindeer pastures occupy about one-third of the territory of Sweden. In Finland, there are 56 districts in the reindeer husbandry area, 41 of which are in the Province of Lapland and the remaining 15 are in the Province of Oulu, covering the reindeer area around the 33% of the country's surface.","norway, sweden, finland, finnmark, troms, nordland, trøndelag, herding, norrbotten, västerbotten, jämtland, dalarna, territory, province, oulu","http://www.wikidata.org/entity/Q20, http://www.wikidata.org/entity/Q34, http://www.wikidata.org/entity/Q33, http://www.wikidata.org/entity/Q50632, http://www.wikidata.org/entity/Q50631, http://www.wikidata.org/entity/Q50630, http://www.wikidata.org/entity/Q127676, http://www.wikidata.org/entity/Q1484503, http://www.wikidata.org/entity/Q211649, http://www.wikidata.org/entity/Q211652, http://www.wikidata.org/entity/Q211661, http://www.wikidata.org/entity/Q205218, http://www.wikidata.org/entity/Q183366, http://www.wikidata.org/entity/Q34876, http://www.wikidata.org/entity/Q47048","25.0","70.0","14.76093611111111","64.77964194444445"
