title,description,objects,objectlinks,lon,lat,barycenter_lon,barycenter_lat
"Meat products (dry and cured meat)","The MOVING reference member state of this VC is SKANDINAVIAN UCO. The reference MOVING Card ID of this VC is VC 04 SCA. The meat comes mostly and preferably from the same region. The company produces the cured meat in a farm in the mountains, using the dry wind from the mountains for the process. The products are sold in the region and all along Norway. This VC is part of the regional brand 'Oppdal- taste of mountains' that guarantees the local origin of the product.","norway, reference, meat, farm, wind, oppdal, taste","http://www.wikidata.org/entity/Q20, http://www.wikidata.org/entity/Q121769, http://www.wikidata.org/entity/Q10990, http://www.wikidata.org/entity/Q131596, http://www.wikidata.org/entity/Q8094, http://www.wikidata.org/entity/Q113595, http://www.wikidata.org/entity/Q124794","11.0","65.0","14.76093611111111","64.77964194444445"
"Interest on this VC","High quality product, which is part of the traditional Norwegian food culture. The VC continues in the region because the employees of the former cured meat company have continued with the business, adding new products and new marketing strategies. Mostly related to e-commerce.","e-commerce","http://www.wikidata.org/entity/Q484847","9.560670498141057","62.492374166762495","14.76093611111111","64.77964194444445"
"Mountain landscape and reference chains","The reference mountain chain of this VC is Scandinavean Mountains - Scandes. The reference mountain landscape of this VC is Oppdal. Most of the surface of Oppdal is mountainous area, and much of it is above the tree line. There are various lakes and several streams and rivers surrounded by prunes and pines. Nontheless, the main tree specie is the birch. Above the treeline, we can find heathers and alpine meadows, which provide grazing for cattles during summer. In fact, Oppdal region is considered to have exceptionally good grazing land by the Norwegian Institute of Forest and Nature. The average temperatures go from -5 in winter to 11 in summer, with possible snow precipitations until May.","reference, mountain, landscape, oppdal, tree line, tree, heathers, grazing, fact, institute, forest, nature","http://www.wikidata.org/entity/Q121769, http://www.wikidata.org/entity/Q8502, http://www.wikidata.org/entity/Q107425, http://www.wikidata.org/entity/Q113595, http://www.wikidata.org/entity/Q207762, http://www.wikidata.org/entity/Q10884, http://www.wikidata.org/entity/Q1551916, http://www.wikidata.org/entity/Q3239189, http://www.wikidata.org/entity/Q188572, http://www.wikidata.org/entity/Q1664720, http://www.wikidata.org/entity/Q4421, http://www.wikidata.org/entity/Q7860","9.6","62.56666944444444","14.76093611111111","64.77964194444445"
"Key local assets","The natural assets are the animals and also the mountain wind to cure the meat. The social asset relates to the regional brand as a way of cooperation among the producers. Finally, the cured meat is a traditional meal in the country and represents part of the food heritage. About the LAU: 1634.","mountain, wind, meat, meal, food","http://www.wikidata.org/entity/Q8502, http://www.wikidata.org/entity/Q8094, http://www.wikidata.org/entity/Q10990, http://www.wikidata.org/entity/Q6460735, http://www.wikidata.org/entity/Q2095","9.609687887925137","62.55725553242073","14.76093611111111","64.77964194444445"
"Challenges","1) Market competition with industrial meat corporations; 2) Abandonment of farms in the region that can affect the local supply of meat for transformation (in the municipality of Oppdal 40% of the farms stoped their activity between 1999 and 2014). Overall the type of challenge faced by this VC is Current and Predicted. This VC is classified as Traditional and Innovative.","oppdal","http://www.wikidata.org/entity/Q113595","9.6","62.56666944444444","14.76093611111111","64.77964194444445"
"Innovation","The type of innovation of this VC is Exogenous. The innovation relates to e-commerce marketing and the participation in regional brands. The case here described is part of Oppdal Smak av Fjeld but in Norway these kind of regional labels and producers' associations seem quite common. The innovation is related to New marketing strategies. The land use systems involved are Cropland, Grassland and Mountain wind. The local assets include Natural, social and cultural.","norway, innovation, e-commerce, marketing, oppdal, smak, grassland","http://www.wikidata.org/entity/Q20, http://www.wikidata.org/entity/Q174165, http://www.wikidata.org/entity/Q484847, http://www.wikidata.org/entity/Q39809, http://www.wikidata.org/entity/Q113595, http://www.wikidata.org/entity/Q479912, http://www.wikidata.org/entity/Q1006733","11.0","65.0","14.76093611111111","64.77964194444445"
"Geography and population","The size of the area (km2) is 2274.12. The minimum altimetry of the LAU is 240. The maximum altimetry of the LAU is 1985. The total population (in thousand) is 7.001. The population density (Inhabitants/km2) in the LAU is 4.28. The population change rate of the LAU in the last 10 years (%) has been 6.03%. The overall regional population density (Inhabitants/km2) is 11.11. The regional population change rate in the last 10 years (%) has been 10.08%.","population density","http://www.wikidata.org/entity/Q22856","9.669971417323316","62.57450473571514","14.76093611111111","64.77964194444445"
"Income and gross value added","The average per capita income (EUR/year) [NUTS3] is 58578.69. The total Gross Value Added (GVA) (EUR million/year) [NUTS3] is 16471.96. The primary sector share of total GVA/year [NUTS3] is 2.59%. The secondary sector share of total GVA/year [NUTS3] is 19.25%. The tertiary sector share of total GVA/year [NUTS3] is 78.16%. The per capita income (EUR/year) [NUTS2] is 54460.72. The total Gross Value Added (GVA) (EUR million/year) [NUTS2] is 22400.21. The primary sector share of total GVA/year [NUTS2] is 5.35%. The secondary sector share of total GVA/year [NUTS2] is 16.31%. The tertiary sector share of total GVA/year [NUTS2] is 78.34%.","gross value added, per capita income, year","http://www.wikidata.org/entity/Q994873, http://www.wikidata.org/entity/Q45918, http://www.wikidata.org/entity/Q577","9.63534190666407","62.48851481070759","14.76093611111111","64.77964194444445"
"Tourism","The total number of bed places (BPs) in tourist accommodations/year in the LAU is 1626. The regional (NUTS2) share of total BPs/year is 10.15%. The number of agricultural holdings in the LAU is 2 789. The nearest settlement with population over 100000 (km) is 118. In this region protected areas are present.","number, bed, year","http://www.wikidata.org/entity/Q11563, http://www.wikidata.org/entity/Q42177, http://www.wikidata.org/entity/Q577","9.647812282275392","62.58031701625858","14.76093611111111","64.77964194444445"
"Employment","The primary sector share of total employment/year [NUTS3] is 2.37%. The secondary sector share of total employment/year [NUTS3] is 27.02%. The tertiary sector share of total employment/year [NUTS3] is 70.61%. The primary sector share of total employment/year [NUTS2] is 2.54%. The secondary sector share of total employment/year [NUTS2] is 20.19%. The tertiary sector share of total employment/year [NUTS2] is 77.27%.","employment, year","http://www.wikidata.org/entity/Q656365, http://www.wikidata.org/entity/Q577","9.614685629929728","62.63247980560743","14.76093611111111","64.77964194444445"
"Concluding remarks","","","","9.542710277097381","62.49862023657206","14.76093611111111","64.77964194444445"
