title,description,objects,objectlinks,lon,lat,barycenter_lon,barycenter_lat
"The labelled traditional cheese products from sheep or from a mixture of sheep and cow milk","The MOVING reference member state of this VC is SLOVAKIA. The reference MOVING Card ID of this VC is VC 01 SK. Key activities: sheep breeding, cow milk production, cheese production, marketing. Key actors: shepherds, cheese producers, actors in marketing. Labelling: PGI. VC is dependent on mountain sheep breeding which has positive impact on regional SES - maintain traditional land use.","reference, slovakia, sheep, cheese, marketing","http://www.wikidata.org/entity/Q121769, http://www.wikidata.org/entity/Q214, http://www.wikidata.org/entity/Q7368, http://www.wikidata.org/entity/Q10943, http://www.wikidata.org/entity/Q39809","20.0","49.0","20.0","49.0"
"Interest on this VC","Each type of described cheeses (Slovenská bryndza, Slovenská parenica smoked or not smoked and Slovenský o tiepok - smoked or not smoked) is registered as the protected product of the EU at the national level - Slovakia, having the label 'Protected Geographical Indication' (PGI). They are produced in the same way throughout the whole defined area. The exact breeds of sheep are grazed in the entire designated area, with the same flora and climatic conditions, which results in the same quality of the basic raw material - sheep's milk. All cheese types must contain at least 50% of milk from grazed sheep. These products have a high identity value related to Slovak mountains.","bryndza, parenica, slovakia, protected geographical indication, sheep, flora, material, cheese, milk","http://www.wikidata.org/entity/Q698632, http://www.wikidata.org/entity/Q1193831, http://www.wikidata.org/entity/Q214, http://www.wikidata.org/entity/Q3104453, http://www.wikidata.org/entity/Q7368, http://www.wikidata.org/entity/Q131449, http://www.wikidata.org/entity/Q214609, http://www.wikidata.org/entity/Q10943, http://www.wikidata.org/entity/Q8495","20.0","49.0","20.0","49.0"
"Mountain landscape and reference chains","The reference mountain chain of this VC is Slovak Carpathians. The reference mountain landscape of this VC is Zázrivá. The PGI area associated with 'Slovenská bryndza' ocupy more than 80% of the total territory of Slovakia. The above descibed Mountain Reference Landscape Zázrivá (LAU2) is a traditional rural agricultural landscape with scattered settlements throughout the territory resulting from a long-term cultivation by humans. The local landscape is rich in biodiversity and is formed by a mosaic of meadows, pastures, wetlands, and forests.","mountain, reference, landscape, zázrivá, bryndza, territory, slovakia","http://www.wikidata.org/entity/Q8502, http://www.wikidata.org/entity/Q121769, http://www.wikidata.org/entity/Q107425, http://www.wikidata.org/entity/Q247105, http://www.wikidata.org/entity/Q698632, http://www.wikidata.org/entity/Q183366, http://www.wikidata.org/entity/Q214","19.158333333333335","49.27916666666667","20.0","49.0"
"Key local assets","Sheep and cows pasture in mountain areas maintain specific land use and landscape scenery. Sheep pasture in Slovak mountains is traditional and thus has also a cultural value. About the LAU: 510211.","sheep, pasture, mountain, landscape","http://www.wikidata.org/entity/Q7368, http://www.wikidata.org/entity/Q30121, http://www.wikidata.org/entity/Q8502, http://www.wikidata.org/entity/Q107425","20.002496142102164","49.02566674568623","20.0","49.0"
"Challenges","1) The pasture presence in mountains has been declining mainly due to socio-demographic and economic changes. The pasture decline also impacts land-use changes towards pasture lands' afforestation and, consequently, causes ecological changes in vegetation composition. 2) In recent years, globalization has affected even the traditional cheese production in Slovakia. Several producers started to import, especially during the winter, the sheep's milk from other European countries located more in the South of Europe. The cheaper imported sheep milk is not originating from grazed sheep but sheep fed in the barn for better milk yield. Overall the type of challenge faced by this VC is Current and Predicted. This VC is classified as Traditional.","europe, afforestation, slovakia, sheep milk","http://www.wikidata.org/entity/Q46, http://www.wikidata.org/entity/Q2384419, http://www.wikidata.org/entity/Q214, http://www.wikidata.org/entity/Q2736146","20.0","49.0","20.0","49.0"
"Innovation","The type of innovation of this VC is unspecified. The innovation is related to the whole VC. The land use systems involved are Grassland. The local assets include Natural and cultural.","innovation, grassland","http://www.wikidata.org/entity/Q174165, http://www.wikidata.org/entity/Q1006733","20.09170843574561","49.01545449753198","20.0","49.0"
"Geography and population","The size of the area (km2) is 67.25. The minimum altimetry of the LAU is 550. The maximum altimetry of the LAU is 1392. The total population (in thousand) is 2.678. The population density (Inhabitants/km2) in the LAU is 39.6. The population change rate of the LAU in the last 10 years (%) has been -0.04%. The overall regional population density (Inhabitants/km2) is 102.4. The regional population change rate in the last 10 years (%) has been -0.02%.","population density","http://www.wikidata.org/entity/Q22856","19.96965559773735","48.96092802550759","20.0","49.0"
"Income and gross value added","The average per capita income (EUR/year) [NUTS3] is 14100. The total Gross Value Added (GVA) (EUR million/year) [NUTS3] is 8724.67. The primary sector share of total GVA/year [NUTS3] is 1.20%. The secondary sector share of total GVA/year [NUTS3] is 49.83%. The tertiary sector share of total GVA/year [NUTS3] is 48.97%. The per capita income (EUR/year) [NUTS2] is 13100. The total Gross Value Added (GVA) (EUR million/year) [NUTS2] is 15737.27. The primary sector share of total GVA/year [NUTS2] is 2.82%. The secondary sector share of total GVA/year [NUTS2] is 48.75%. The tertiary sector share of total GVA/year [NUTS2] is 48.43%.","gross value added, per capita income, year","http://www.wikidata.org/entity/Q994873, http://www.wikidata.org/entity/Q45918, http://www.wikidata.org/entity/Q577","20.047137211122568","48.99297522723001","20.0","49.0"
"Tourism","The total number of bed places (BPs) in tourist accommodations/year in the LAU is 1168. The regional (NUTS2) share of total BPs/year is 0.64%. The number of agricultural holdings in the LAU is 4122. The nearest settlement with population over 100000 (km) is 103. In this region protected areas are present.","number, bed, year","http://www.wikidata.org/entity/Q11563, http://www.wikidata.org/entity/Q42177, http://www.wikidata.org/entity/Q577","19.9434955862853","49.08797034373905","20.0","49.0"
"Employment","The primary sector share of total employment/year [NUTS3] is 4.00%. The secondary sector share of total employment/year [NUTS3] is 37.00%. The tertiary sector share of total employment/year [NUTS3] is 59.00%. The primary sector share of total employment/year [NUTS2] is 4.00%. The secondary sector share of total employment/year [NUTS2] is 37.00%. The tertiary sector share of total employment/year [NUTS2] is 59.00%.","employment, year","http://www.wikidata.org/entity/Q656365, http://www.wikidata.org/entity/Q577","20.086180281557738","49.06523177450684","20.0","49.0"
"Concluding remarks","Sheep farming is the oldest branch of animal production in Slovakia. It is practically present in all mountain NUTS3 in Slovakia: SK 022, SK 031, SK 032, SK 041, SK 042.","sheep, slovakia, mountain","http://www.wikidata.org/entity/Q7368, http://www.wikidata.org/entity/Q214, http://www.wikidata.org/entity/Q8502","20.0","49.0","20.0","49.0"
