title,description,objects,objectlinks,lon,lat,barycenter_lon,barycenter_lat
"Milk production with label 'mountain milk' according to EU regulations","The MOVING reference member state of this VC is SLOVAKIA. The reference MOVING Card ID of this VC is VC 02 SK. Key activities: livestock pasture, milk processing Key actors: farmers and shepherds, milk processors, traders. Positive impact on local and regional SES is employment, added value to local and regional economy, maintains landscape, contributes to biodiversity and is in synergy with tourism.","slovakia","http://www.wikidata.org/entity/Q214","20.0","49.0","20.0","49.0"
"Interest on this VC","Milk production in the mountain area. The raw materials and feed come mainly from mountain areas, and milk is also processed at a set altitude, at least 500 m. Cows and sheep from 73 Slovak farms and mountain huts supply milk exclusively for 'Liptov' products. Animals are grazed in the mountain environment of Liptov, Orava, Spi , and, in the case of sheep's milk, also at Gemer.","liptov, milk, mountain, altitude, sheep","http://www.wikidata.org/entity/Q1521564, http://www.wikidata.org/entity/Q8495, http://www.wikidata.org/entity/Q8502, http://www.wikidata.org/entity/Q190200, http://www.wikidata.org/entity/Q7368","20.939722222222223","48.855","20.0","49.0"
"Mountain landscape and reference chains","The reference mountain chain of this VC is Slovak Carpathians. The reference mountain landscape of this VC is Va ec. The Va ec is lined by the highest Slovak mountains, 'Vysoké Tatry.' The municipality includes a karst cave declared as a National Natural Monument with guided visits for the public; there is also a ski areal for winter skiing. Due to the local landscape attractiveness, there are numerous accommodation facilities for visitors. The municipality has good access by train, buses and nearby highway.","reference, mountain, landscape, karst, natural monument, attractiveness","http://www.wikidata.org/entity/Q121769, http://www.wikidata.org/entity/Q8502, http://www.wikidata.org/entity/Q107425, http://www.wikidata.org/entity/Q16817, http://www.wikidata.org/entity/Q23790, http://www.wikidata.org/entity/Q4818701","19.48","49.41","20.0","49.0"
"Key local assets","Grassland for livestock with milk production, pasture in the mountains represent a cultural landscape identity in Slovakia. About the LAU: 511129.","grassland, livestock, milk, pasture, landscape, slovakia","http://www.wikidata.org/entity/Q1006733, http://www.wikidata.org/entity/Q103459, http://www.wikidata.org/entity/Q8495, http://www.wikidata.org/entity/Q30121, http://www.wikidata.org/entity/Q107425, http://www.wikidata.org/entity/Q214","20.0","49.0","20.0","49.0"
"Challenges","1) Climate change may impact environmental quality in the mountains and consequently influence milk quality 2) consumers may not be aware of the mountain milk quality and nutritional benefits. Overall the type of challenge faced by this VC is Current and Predicted. This VC is classified as Traditional.","","","19.2925","49.14194444444445","20.0","49.0"
"Innovation","The type of innovation of this VC is unspecified. The innovation is related to the whole VC. The land use systems involved are Grassland. The local assets include Natural and cultural.","innovation, grassland","http://www.wikidata.org/entity/Q174165, http://www.wikidata.org/entity/Q1006733","20.483333333333334","48.53333333333333","20.0","49.0"
"Geography and population","The size of the area (km2) is 59.7. The minimum altimetry of the LAU is 788. The maximum altimetry of the LAU is 895. The total population (in thousand) is 2.4. The population density (Inhabitants/km2) in the LAU is 40.23. The population change rate of the LAU in the last 10 years (%) has been 0.01%. The overall regional population density (Inhabitants/km2) is 102.4. The regional population change rate in the last 10 years (%) has been -0.02%.","population density","http://www.wikidata.org/entity/Q22856","20.764722222222222","48.63194444444444","20.0","49.0"
"Income and gross value added","The average per capita income (EUR/year) [NUTS3] is 14100. The total Gross Value Added (GVA) (EUR million/year) [NUTS3] is 8774.7. The primary sector share of total GVA/year [NUTS3] is 1.20%. The secondary sector share of total GVA/year [NUTS3] is 49.83%. The tertiary sector share of total GVA/year [NUTS3] is 48.97%. The per capita income (EUR/year) [NUTS2] is 13100. The total Gross Value Added (GVA) (EUR million/year) [NUTS2] is 15737.27. The primary sector share of total GVA/year [NUTS2] is 2.82%. The secondary sector share of total GVA/year [NUTS2] is 48.75%. The tertiary sector share of total GVA/year [NUTS2] is 48.43%.","gross value added, per capita income, year","http://www.wikidata.org/entity/Q994873, http://www.wikidata.org/entity/Q45918, http://www.wikidata.org/entity/Q577","20.283333333333335","48.79","20.0","49.0"
"Tourism","The total number of bed places (BPs) in tourist accommodations/year in the LAU is 645. The regional (NUTS2) share of total BPs/year is 0.36%. The number of agricultural holdings in the LAU is 4846. The nearest settlement with population over 100000 (km) is 139. In this region protected areas are present.","number, bed, year","http://www.wikidata.org/entity/Q11563, http://www.wikidata.org/entity/Q42177, http://www.wikidata.org/entity/Q577","20.139722222222222","48.7375","20.0","49.0"
"Employment","The primary sector share of total employment/year [NUTS3] is 4.00%. The secondary sector share of total employment/year [NUTS3] is 37.00%. The tertiary sector share of total employment/year [NUTS3] is 59.00%. The primary sector share of total employment/year [NUTS2] is 4.00%. The secondary sector share of total employment/year [NUTS2] is 37.00%. The tertiary sector share of total employment/year [NUTS2] is 59.00%.","employment, year","http://www.wikidata.org/entity/Q656365, http://www.wikidata.org/entity/Q577","20.11277777777778","48.77722222222222","20.0","49.0"
"Concluding remarks","LAU1: Stara Lubovna SK041A, Spi ská Nová Ves SK042A , Poprad SK0416, Levo a SK0414, Ke marok SK0413, Gelnica SK0421, Ru omberok SK0318, Liptovský Mikulá SK0315, Dolný Kubín SK0313 , Námestovo SK0317 , Tvrdo ín SK031A , additionally also LAU2: Valaská Dubová 511102, Silica 526223, Silická Brezová 526231, Bôrka 525561, Lú ka 525936, ierna Lehota 525596, Rejdová 526134, Muránska Zdychava 526029, Muránska Huta 526002 .","poprad, gelnica, námestovo, valaská dubová, silická brezová, bôrka, ierna, lehota, rejdová, muránska zdychava, muránska huta","http://www.wikidata.org/entity/Q26393, http://www.wikidata.org/entity/Q842028, http://www.wikidata.org/entity/Q377650, http://www.wikidata.org/entity/Q1068562, http://www.wikidata.org/entity/Q546033, http://www.wikidata.org/entity/Q790478, http://www.wikidata.org/entity/Q20045841, http://www.wikidata.org/entity/Q479320, http://www.wikidata.org/entity/Q384670, http://www.wikidata.org/entity/Q936115, http://www.wikidata.org/entity/Q279046","20.3","49.05","20.0","49.0"
