title,description,objects,objectlinks,lon,lat,barycenter_lon,barycenter_lat
"SKIING (BOROVETS)","The MOVING reference member state of this VC is BULGARIA. The reference MOVING Card ID of this VC is VC 11 BG. Borovets is the oldest Bulgarian winter resort with a history that dates back to 1896. It gradually developed into a modern ski resort with hotels, restaurants, bars and a network of ski runs and lifts along the slopes of the Rila Mountains providing for a whole range of winter sports. Duinrg the previous communist regime, the resort twice hosted World Cup Alpine Skiing rounds in 1981 and 1984. There are a total 58 km of marked pistes on north facing slopes up to an altitude of 2,560 metres. The longest run is a gentle 12 km return to the resort along the maintenance road. There is a well developed lift infrastructure with drag lifts, baby tows, seat chain lifts, plus a gondola lift. 1 six-seat Gondola lift, 2 High Speed Quad Chair lifts, 1 Fixed Grip Quad Chair lift, 10 Surface ski lifts and 9 tow lifts. The resort also offers biathlon facilities for training and competitions with 35 km of cross country trails designed according to the requirements of the Federation Internationale de Ski (FIS).","bulgaria, borovets, winter, resort, ski resort, ski, alpine skiing, gondola lift, biathlon","http://www.wikidata.org/entity/Q219, http://www.wikidata.org/entity/Q894120, http://www.wikidata.org/entity/Q1311, http://www.wikidata.org/entity/Q875157, http://www.wikidata.org/entity/Q130003, http://www.wikidata.org/entity/Q172226, http://www.wikidata.org/entity/Q186222, http://www.wikidata.org/entity/Q1576693, http://www.wikidata.org/entity/Q166788","25.5","42.75","25.5","42.75"
"Interest on this VC","Borovets in the Samokov Municipality (SFO39) in Sofia Province (BG412) is the oldest and largest ski resort in Bulgaria. It has World Cup class slopes for downhill skiing, plus many cross-country and biathalon tracks too, and is an important part of the Balkan Holidays (tour operator) portfolio.","sofia province, bulgaria, borovets, samokov, ski resort","http://www.wikidata.org/entity/Q202904, http://www.wikidata.org/entity/Q219, http://www.wikidata.org/entity/Q894120, http://www.wikidata.org/entity/Q388070, http://www.wikidata.org/entity/Q130003","23.666666666666668","42.666666666666664","25.5","42.75"
"Mountain landscape and reference chains","The reference mountain chain of this VC is Rila Mountains. The reference mountain landscape of this VC is Samokov Municipality in Sofia Province (BG412). Sofia Province (BG412) is the second-largest province in Bulgaria with 22 municipalities. The overall relief of the province is highly diverse and it has an altitude range from 350 - 2,925 metres. Within its territory, the province encompasses parts of three mountain ranges: the Western Stara Planina in the north, Sredna Gora in the east and Rila mountains in the south-west. It also fully encompasses the individual Plana and Vitosha mountains. All mountains are separated by fertile valleys. The local economy is heavily industrialised with a long history of mining and manufacturing. Tourism is also very important, whilst agriculture is a relatively minor sector of the economy. Samokov municipality (SFO39) is in the south-west of the province in the Rila mountains which reach an altitude of 2,925 metres and are the highest mountains in Bulgaria and the Balkan Peninsula.","sofia province, bulgaria, rila, vitosha, reference, mountain, samokov, sofia, province, altitude, sredna gora, west, municipality","http://www.wikidata.org/entity/Q202904, http://www.wikidata.org/entity/Q219, http://www.wikidata.org/entity/Q191795, http://www.wikidata.org/entity/Q378943, http://www.wikidata.org/entity/Q121769, http://www.wikidata.org/entity/Q8502, http://www.wikidata.org/entity/Q388070, http://www.wikidata.org/entity/Q472, http://www.wikidata.org/entity/Q34876, http://www.wikidata.org/entity/Q190200, http://www.wikidata.org/entity/Q525263, http://www.wikidata.org/entity/Q679, http://www.wikidata.org/entity/Q15284","23.283333333333335","42.56666666666667","25.5","42.75"
"Key local assets","Located on the northern slopes on the northern slopes of the Rila mountains at an altitude of 1,350 metres. About the LAU: SFO39.","rila, altitude","http://www.wikidata.org/entity/Q191795, http://www.wikidata.org/entity/Q190200","23.583333333333332","42.18333333333333","25.5","42.75"
"Challenges","Favourable winter weather conditions and especially snow availability and depth are clearly crucial for the satisfaction of visitors to ski resorts and a key factor for the maintained viability of winter tourism in mountain regions. In common with many other ski resorts (especially low-medium altitude) it is anticipated that Borovets will be negatively affected by the future impact of climate change and the increasing frequency of snow-deficient winters in the next 20-25 years. It is anticipated that the likelihood of reduced visitor numbers will pose the most immediate threat to the small accommodation establishments that offer limited services, such as bed and breakfast only. Larger hotels with qualified staff, flexible marketing abilities and the capacity to offer diverse tourist products (such as meetings, spas and non-snow sports) are currently assessed to be more resilient. Overall the type of challenge faced by this VC is Current and Predicted. This VC is classified as Traditional.","winter, weather, snow, availability, ski, tourism, mountain, altitude, borovets, visitor, threat, bed and breakfast, marketing","http://www.wikidata.org/entity/Q1311, http://www.wikidata.org/entity/Q11663, http://www.wikidata.org/entity/Q7561, http://www.wikidata.org/entity/Q384871, http://www.wikidata.org/entity/Q172226, http://www.wikidata.org/entity/Q49389, http://www.wikidata.org/entity/Q8502, http://www.wikidata.org/entity/Q190200, http://www.wikidata.org/entity/Q894120, http://www.wikidata.org/entity/Q12644761, http://www.wikidata.org/entity/Q707125, http://www.wikidata.org/entity/Q367914, http://www.wikidata.org/entity/Q39809","23.606944444444444","42.26444444444444","25.5","42.75"
"Innovation","The type of innovation of this VC is unspecified. The innovation is related to the whole VC. The land use systems involved are Grassland and Forestry. The local assets include Natural.","innovation, grassland","http://www.wikidata.org/entity/Q174165, http://www.wikidata.org/entity/Q1006733","23.555411111111113","42.33713888888889","25.5","42.75"
"Geography and population","The size of the area (km2) is 1209.9. The minimum altimetry of the LAU is unspecified. The maximum altimetry of the LAU is unspecified. The total population (in thousand) is 35.063. The population density (Inhabitants/km2) in the LAU is 28.98. The population change rate of the LAU in the last 10 years (%) is unspecified. The overall regional population density (Inhabitants/km2) is 103.70. The regional population change rate in the last 10 years (%) has been -0.01%.","population density","http://www.wikidata.org/entity/Q22856","23.32172611111111","42.69788611111111","25.5","42.75"
"Income and gross value added","The average per capita income (EUR/year) [NUTS3] is 8000. The total Gross Value Added (GVA) (EUR million/year) [NUTS3] is 1598. The primary sector share of total GVA/year [NUTS3] is 4.60%. The secondary sector share of total GVA/year [NUTS3] is 55.40%. The tertiary sector share of total GVA/year [NUTS3] is 40.00%. The per capita income (EUR/year) [NUTS2] is 12900. The total Gross Value Added (GVA) (EUR million/year) [NUTS2] is 23579. The primary sector share of total GVA/year [NUTS2] is 1.20%. The secondary sector share of total GVA/year [NUTS2] is 16.10%. The tertiary sector share of total GVA/year [NUTS2] is 82.60%.","gross value added, per capita income, year","http://www.wikidata.org/entity/Q994873, http://www.wikidata.org/entity/Q45918, http://www.wikidata.org/entity/Q577","25.0","42.5","25.5","42.75"
"Tourism","The total number of bed places (BPs) in tourist accommodations/year in the LAU is 5959. The regional (NUTS2) share of total BPs/year is 16.10%. The number of agricultural holdings in the LAU is 22710. The nearest settlement with population over 100000 (km) is unspecified. In this region protected areas are present.","number, bed, year","http://www.wikidata.org/entity/Q11563, http://www.wikidata.org/entity/Q42177, http://www.wikidata.org/entity/Q577","25.540587549301705","42.68053955205703","25.5","42.75"
"Employment","The primary sector share of total employment/year [NUTS3] is 20.20%. The secondary sector share of total employment/year [NUTS3] is 35.70%. The tertiary sector share of total employment/year [NUTS3] is 44.10%. The primary sector share of total employment/year [NUTS2] is 6.40%. The secondary sector share of total employment/year [NUTS2] is 21.10%. The tertiary sector share of total employment/year [NUTS2] is 72.50%.","employment, year","http://www.wikidata.org/entity/Q656365, http://www.wikidata.org/entity/Q577","25.42009882069016","42.720667982973026","25.5","42.75"
"Concluding remarks","","","","25.487169978322843","42.67384349300402","25.5","42.75"
