title,description,objects,objectlinks,lon,lat,barycenter_lon,barycenter_lat
"Organic production and packaging of medicinal herbs in mountains","The MOVING reference member state of this VC is SLOVAKIA. The reference MOVING Card ID of this VC is VC 07 SK. Activities: herbs production, collection of wild herbs and forest fruits. Key actors: managers, workers, consumers . Positive impact on local and regional SES is a contribution to employment, added value to local economy, environmental quality.","slovakia","http://www.wikidata.org/entity/Q214","20.0","49.0","20.0","49.0"
"Interest on this VC","Quality certificates about ecological production, organic farming, and quality marks for herbs, fruits, and tea mixtures. The farm also received various awards, e. g. Award for the most beautiful farm up to 500ha; Award for a company with a turnover of up to 2 million euros. One of the local assets is the clean environment in mountain areas. Thee-commerce is also related to this VC. Organic production requires more handwork. Thus this kind of production contributes to local employment. It is a good example of crop production in mountain areas rending a good quality of mountain environment and respecting natural consitions.","tea, farm, commerce, employment","http://www.wikidata.org/entity/Q6097, http://www.wikidata.org/entity/Q131596, http://www.wikidata.org/entity/Q26643, http://www.wikidata.org/entity/Q656365","19.974392979345843","48.91189630631762","20.0","49.0"
"Mountain landscape and reference chains","The reference mountain chain of this VC is Slovak Carpathians. The reference mountain landscape of this VC is Plavnica. Plavnica is small village located in and ondulating terrain and close to the district city Stará ubov a. The district has numerous touristic possibilities, inluding spa, ski areals, historic monuments, and hiking trails.","reference, mountain, landscape, plavnica, village, terrain, city","http://www.wikidata.org/entity/Q121769, http://www.wikidata.org/entity/Q8502, http://www.wikidata.org/entity/Q107425, http://www.wikidata.org/entity/Q1186898, http://www.wikidata.org/entity/Q532, http://www.wikidata.org/entity/Q186131, http://www.wikidata.org/entity/Q515","20.780555555555555","49.27444444444444","20.0","49.0"
"Key local assets","Natural assets are cropland with herbs production, meadows for local herbs collection, and forests for berries collection. The social asset is a social recognition of organic farming's importance and willingness to pay higher prices for bio-quality products. The cultural asset is traditional knowledge about the health effects of local plant species and agricultural production in a local biophysical context without chemicals. About the LAU: 526967.","asset, importance, knowledge, health, plant, species","http://www.wikidata.org/entity/Q46737, http://www.wikidata.org/entity/Q16886469, http://www.wikidata.org/entity/Q9081, http://www.wikidata.org/entity/Q12147, http://www.wikidata.org/entity/Q756, http://www.wikidata.org/entity/Q7432","20.015685678383758","49.038455324464294","20.0","49.0"
"Challenges","1) climate change and related environmental quality changes can influence the quality of producing herbs and fruits. 2) organic production requires more handwork (e.g., hand skinning, hand-harvesting), but the herbs' production is seasonal. 3) Due to the processing and storage of organic food without chemicals, their storage life is shorter. It requires more frequent processing, packaging, distribution, etc. At the same time, the organic food needs to be controlled at all production and processing stages. Overall the type of challenge faced by this VC is Current and Predicted. This VC is classified as Traditional and Innovative.","hand, organic food, life, time, food","http://www.wikidata.org/entity/Q33767, http://www.wikidata.org/entity/Q380778, http://www.wikidata.org/entity/Q3, http://www.wikidata.org/entity/Q11471, http://www.wikidata.org/entity/Q2095","19.91433655588361","49.03324835967439","20.0","49.0"
"Innovation","The type of innovation of this VC is Endogenous and Exogenous. Production and processing of endogenous species of herbs and fruits in a bio quality, using the nevironmental quality in mountains. The innovation is related to New processes. The land use systems involved are Cropland and Forestry. The local assets include Natural, social and cultural.","innovation","http://www.wikidata.org/entity/Q174165","19.96755970460865","48.987037286669285","20.0","49.0"
"Geography and population","The size of the area (km2) is 19.61. The minimum altimetry of the LAU is 490. The maximum altimetry of the LAU is 845. The total population (in thousand) is 1.647. The population density (Inhabitants/km2) in the LAU is 84. The population change rate of the LAU in the last 10 years (%) has been 0.03%. The overall regional population density (Inhabitants/km2) is 92.02. The regional population change rate in the last 10 years (%) has been 0.02%.","population density","http://www.wikidata.org/entity/Q22856","20.08421364813216","49.05951825473729","20.0","49.0"
"Income and gross value added","The average per capita income (EUR/year) [NUTS3] is 10400. The total Gross Value Added (GVA) (EUR million/year) [NUTS3] is 7679.5. The primary sector share of total GVA/year [NUTS3] is 2.53%. The secondary sector share of total GVA/year [NUTS3] is 47.99%. The tertiary sector share of total GVA/year [NUTS3] is 49.48%. The per capita income (EUR/year) [NUTS2] is 11800. The total Gross Value Added (GVA) (EUR million/year) [NUTS2] is 17202.16. The primary sector share of total GVA/year [NUTS2] is 2.30%. The secondary sector share of total GVA/year [NUTS2] is 49.09%. The tertiary sector share of total GVA/year [NUTS2] is 48.61%.","gross value added, per capita income, year","http://www.wikidata.org/entity/Q994873, http://www.wikidata.org/entity/Q45918, http://www.wikidata.org/entity/Q577","20.070611455386384","48.94847976093829","20.0","49.0"
"Tourism","The total number of bed places (BPs) in tourist accommodations/year in the LAU is 856. The regional (NUTS2) share of total BPs/year is 0.69%. The number of agricultural holdings in the LAU is 3515. The nearest settlement with population over 100000 (km) is 204. In this region protected areas are present.","number, bed, year","http://www.wikidata.org/entity/Q11563, http://www.wikidata.org/entity/Q42177, http://www.wikidata.org/entity/Q577","20.096655035597916","49.084911843997375","20.0","49.0"
"Employment","The primary sector share of total employment/year [NUTS3] is 3.00%. The secondary sector share of total employment/year [NUTS3] is 34.00%. The tertiary sector share of total employment/year [NUTS3] is 63.00%. The primary sector share of total employment/year [NUTS2] is 3.00%. The secondary sector share of total employment/year [NUTS2] is 34.00%. The tertiary sector share of total employment/year [NUTS2] is 63.00%.","employment, year","http://www.wikidata.org/entity/Q656365, http://www.wikidata.org/entity/Q577","19.99390568862039","49.066751677195306","20.0","49.0"
"Concluding remarks","No similar VC in Slovak mountains were found. Other municipalities in mountains where medicinal herbs produced are: 523402, 526967, 543462.","","","20.099470409776753","49.01432976299156","20.0","49.0"
