title,description,objects,objectlinks,lon,lat,barycenter_lon,barycenter_lat
"Horse breeding in mountain areas","The MOVING reference member state of this VC is SLOVAKIA. The reference MOVING Card ID of this VC is VC 09 SK. Key activities: horse breeding, horse feed production, horse training, activities with public, agrotourism. Key actors: horse owners, land owners, horse breeding experts, fieldworkrs, public Positive impact on local and regional SES is employment and pasture land maintenance in mountain areas.","slovakia, horse breeding, horse training","http://www.wikidata.org/entity/Q214, http://www.wikidata.org/entity/Q1265288, http://www.wikidata.org/entity/Q848937","20.0","49.0","20.0","49.0"
"Interest on this VC","Horse breeding in the mountains contributes to the maintenance of pasture land and is associated with society's activities. Farms offer horses for walks in the surrounding landscapes, and some horses have their owner. The farms' offer includes horse walks for riders with different levels of experience, carriage, and sleigh rides. Farms also offer some accommodation, horse driving courses, and horse training. Some farms focus on endangered species of horse breeds supported by European funds, try to be self-sufficient in feed, and organize exhibitions and horse races. Horse breeding is an expanding activity in Slovakia.","horse breeding, pasture, horse, experience, carriage, horse training, self, slovakia","http://www.wikidata.org/entity/Q1265288, http://www.wikidata.org/entity/Q30121, http://www.wikidata.org/entity/Q726, http://www.wikidata.org/entity/Q164359, http://www.wikidata.org/entity/Q235356, http://www.wikidata.org/entity/Q848937, http://www.wikidata.org/entity/Q3236990, http://www.wikidata.org/entity/Q214","20.0","49.0","20.0","49.0"
"Mountain landscape and reference chains","The reference mountain chain of this VC is Slovak Carpathians. The reference mountain landscape of this VC is Polichno. The village lies in the shallow valley of a small river. Marble is mined in a small part of the municipality area. The unfavorable demographic development of the village caused that several buildings are empty. However, a development of cottages in the village is appearing, which is determined by its good location (17 km) from Lu enec city and presence of a natural landscape.","reference, mountain, landscape, polichno, village, valley, river, marble, municipality, city","http://www.wikidata.org/entity/Q121769, http://www.wikidata.org/entity/Q8502, http://www.wikidata.org/entity/Q107425, http://www.wikidata.org/entity/Q1045737, http://www.wikidata.org/entity/Q532, http://www.wikidata.org/entity/Q39816, http://www.wikidata.org/entity/Q4022, http://www.wikidata.org/entity/Q40861, http://www.wikidata.org/entity/Q15284, http://www.wikidata.org/entity/Q515","19.497222222222224","48.40555555555556","20.0","49.0"
"Key local assets","Natural asset are pasture and meadow land use systems. Social assest are experts in horse breeding, horse owners, land owners, society members practicing horse riding. About the LAU: 511757.","asset, pasture, meadow, horse breeding, horse, society","http://www.wikidata.org/entity/Q46737, http://www.wikidata.org/entity/Q30121, http://www.wikidata.org/entity/Q7777019, http://www.wikidata.org/entity/Q1265288, http://www.wikidata.org/entity/Q726, http://www.wikidata.org/entity/Q8425","20.083864380668892","48.93333014257496","20.0","49.0"
"Challenges","1) imported horses demanded by Slovak customers 2) work with horses is demanding in time and physical strain. 3) The qualification of breeders is problematic. Knowledge transfer from generation to generation has been interrupted during the last decades. This is reflected in the level of horse breeding, horse training, and the quality of work with horses. Overall the type of challenge faced by this VC is Current. This VC is classified as Traditional and Innovative.","time, horse breeding, horse training","http://www.wikidata.org/entity/Q11471, http://www.wikidata.org/entity/Q1265288, http://www.wikidata.org/entity/Q848937","20.08160195942381","49.00247342214879","20.0","49.0"
"Innovation","The type of innovation of this VC is Exogenous. Innovation is in reaction ot the current trend of horse breeding. Horse breeding existed in the past and now it is reintroduced again but with adaptation to current sosietal demand. The innovation is related to New products. The land use systems involved are Grassland and Forestry. The local assets include Natural and social.","innovation, horse breeding, grassland","http://www.wikidata.org/entity/Q174165, http://www.wikidata.org/entity/Q1265288, http://www.wikidata.org/entity/Q1006733","19.94439160937","48.96820456028919","20.0","49.0"
"Geography and population","The size of the area (km2) is 11.07. The minimum altimetry of the LAU is 480. The maximum altimetry of the LAU is 817. The total population (in thousand) is 0.131. The population density (Inhabitants/km2) in the LAU is 12.9. The population change rate of the LAU in the last 10 years (%) has been -0.10%. The overall regional population density (Inhabitants/km2) is 68.4. The regional population change rate in the last 10 years (%) has been -0.02%.","population density","http://www.wikidata.org/entity/Q22856","19.9816247371675","49.05723936321075","20.0","49.0"
"Income and gross value added","The average per capita income (EUR/year) [NUTS3] is 12100. The total Gross Value Added (GVA) (EUR million/year) [NUTS3] is 7012.6. The primary sector share of total GVA/year [NUTS3] is 4.78%. The secondary sector share of total GVA/year [NUTS3] is 47.44%. The tertiary sector share of total GVA/year [NUTS3] is 47.78%. The per capita income (EUR/year) [NUTS2] is 13100. The total Gross Value Added (GVA) (EUR million/year) [NUTS2] is 15737.27. The primary sector share of total GVA/year [NUTS2] is 2.82%. The secondary sector share of total GVA/year [NUTS2] is 48.75%. The tertiary sector share of total GVA/year [NUTS2] is 48.43%.","gross value added, per capita income, year","http://www.wikidata.org/entity/Q994873, http://www.wikidata.org/entity/Q45918, http://www.wikidata.org/entity/Q577","20.088676027013946","48.99909797364519","20.0","49.0"
"Tourism","The total number of bed places (BPs) in tourist accommodations/year in the LAU is 645. The regional (NUTS2) share of total BPs/year is 0.64%. The number of agricultural holdings in the LAU is 4846. The nearest settlement with population over 100000 (km) is 204. In this region protected areas are not present.","number, bed, year","http://www.wikidata.org/entity/Q11563, http://www.wikidata.org/entity/Q42177, http://www.wikidata.org/entity/Q577","20.00176084834211","49.08279467160205","20.0","49.0"
"Employment","The primary sector share of total employment/year [NUTS3] is 4.00%. The secondary sector share of total employment/year [NUTS3] is 37.00%. The tertiary sector share of total employment/year [NUTS3] is 59.00%. The primary sector share of total employment/year [NUTS2] is 4.00%. The secondary sector share of total employment/year [NUTS2] is 37.00%. The tertiary sector share of total employment/year [NUTS2] is 59.00%.","employment, year","http://www.wikidata.org/entity/Q656365, http://www.wikidata.org/entity/Q577","19.997312108447904","48.94753948118759","20.0","49.0"
"Concluding remarks","LAU 2: 511170, 512338, 509884, 510513, 511226, 511757, 581585.","","","19.99558907727446","49.022985832274365","20.0","49.0"
