title,description,objects,objectlinks,lon,lat,barycenter_lon,barycenter_lat
"Timber production in Slovak mountain forests","The MOVING reference member state of this VC is SLOVAKIA. The reference MOVING Card ID of this VC is VC 10 SK. Key activities: forest management, field works Key actors: forest owners, forest managers, field workers, public. Positive impact on local and regional SES is employment, added value to local and regional economy, landscape value, contributes to biodiversity and is in synergy with tourism.","slovakia","http://www.wikidata.org/entity/Q214","20.0","49.0","20.0","49.0"
"Interest on this VC","Forests cover over 40% of the Slovakian territory. Timber production is an essential element of forest management. For timber production is dedicated specific forest category 'Commercial forests' covering approximately 2/3 of the forest area. Timber production is an important activity in Slovakia.","territory, forest, management, slovakia","http://www.wikidata.org/entity/Q183366, http://www.wikidata.org/entity/Q4421, http://www.wikidata.org/entity/Q2920921, http://www.wikidata.org/entity/Q214","20.0","49.0","20.0","49.0"
"Mountain landscape and reference chains","The reference mountain chain of this VC is Slovak Carpathians. The reference mountain landscape of this VC is Liptovský Ján. In the village, surroundings are numerous wood houses for renting to tourists around the whole year. The municipality is located in a hot spring area on the Jánská valley's edge below the Low Tatras. In winter, there are possibilities for skiing and cross-country skiing. The municipality also involves numerous caves.","liptovský ján, village, surroundings, wood, year, municipality, hot spring, low tatras","http://www.wikidata.org/entity/Q949027, http://www.wikidata.org/entity/Q532, http://www.wikidata.org/entity/Q16968816, http://www.wikidata.org/entity/Q287, http://www.wikidata.org/entity/Q577, http://www.wikidata.org/entity/Q15284, http://www.wikidata.org/entity/Q177380, http://www.wikidata.org/entity/Q558893","19.676944444444445","49.049166666666665","20.0","49.0"
"Key local assets","Forest land dedicated for timber production. It is labelled as 'commercial forest'. About the LAU: 510734.","forest","http://www.wikidata.org/entity/Q4421","19.5","48.95","20.0","49.0"
"Challenges","1) climate change - on the one hand, forests are recognized to have high importance in helping to mitigate climate change. On the other hand, they are threatened by climate changes to which they may not be adapted. 2) pests and diseases - the most dangerous is currently the bark-beetle outbreak able to cause large-scale forest destruction 3) society acceptance of landscape visual change after timber harvest. Overall the type of challenge faced by this VC is Current and Predicted. This VC is classified as Traditional.","hand, importance, climate, forest, society, acceptance, landscape, harvest","http://www.wikidata.org/entity/Q33767, http://www.wikidata.org/entity/Q16886469, http://www.wikidata.org/entity/Q7937, http://www.wikidata.org/entity/Q4421, http://www.wikidata.org/entity/Q8425, http://www.wikidata.org/entity/Q424543, http://www.wikidata.org/entity/Q107425, http://www.wikidata.org/entity/Q213753","19.995200527326077","49.01133525128469","20.0","49.0"
"Innovation","The type of innovation of this VC is unspecified. The innovation is related to the whole VC. The land use systems involved are Forestry. The local assets include Natural.","innovation","http://www.wikidata.org/entity/Q174165","20.0430902624053","49.06139659273537","20.0","49.0"
"Geography and population","The size of the area (km2) is 65. The minimum altimetry of the LAU is 620. The maximum altimetry of the LAU is 2043. The total population (in thousand) is 1.097. The population density (Inhabitants/km2) in the LAU is 16.19. The population change rate of the LAU in the last 10 years (%) has been 0.23%. The overall regional population density (Inhabitants/km2) is 102.4. The regional population change rate in the last 10 years (%) has been -0.02%.","population density","http://www.wikidata.org/entity/Q22856","19.923629280405557","49.01150997537552","20.0","49.0"
"Income and gross value added","The average per capita income (EUR/year) [NUTS3] is 14100. The total Gross Value Added (GVA) (EUR million/year) [NUTS3] is 8774.7. The primary sector share of total GVA/year [NUTS3] is 1.20%. The secondary sector share of total GVA/year [NUTS3] is 49.83%. The tertiary sector share of total GVA/year [NUTS3] is 48.97%. The per capita income (EUR/year) [NUTS2] is 13100. The total Gross Value Added (GVA) (EUR million/year) [NUTS2] is 15737.27. The primary sector share of total GVA/year [NUTS2] is 2.82%. The secondary sector share of total GVA/year [NUTS2] is 48.75%. The tertiary sector share of total GVA/year [NUTS2] is 48.43%.","gross value added, per capita income, year","http://www.wikidata.org/entity/Q994873, http://www.wikidata.org/entity/Q45918, http://www.wikidata.org/entity/Q577","19.98755123345985","48.921709917314715","20.0","49.0"
"Tourism","The total number of bed places (BPs) in tourist accommodations/year in the LAU is 1168. The regional (NUTS2) share of total BPs/year is 0.64%. The number of agricultural holdings in the LAU is 4122. The nearest settlement with population over 100000 (km) is 162. In this region protected areas are present.","number, bed, year","http://www.wikidata.org/entity/Q11563, http://www.wikidata.org/entity/Q42177, http://www.wikidata.org/entity/Q577","19.96593093229758","48.96720158314637","20.0","49.0"
"Employment","The primary sector share of total employment/year [NUTS3] is 4.00%. The secondary sector share of total employment/year [NUTS3] is 37.00%. The tertiary sector share of total employment/year [NUTS3] is 59.00%. The primary sector share of total employment/year [NUTS2] is 4.00%. The secondary sector share of total employment/year [NUTS2] is 37.00%. The tertiary sector share of total employment/year [NUTS2] is 59.00%.","employment, year","http://www.wikidata.org/entity/Q656365, http://www.wikidata.org/entity/Q577","20.08756973732822","48.94235657009559","20.0","49.0"
"Concluding remarks","in all mountain NUTS3 in Slovakia: SK 022, SK 031, SK 032, SK 041, SK 042.","mountain, slovakia","http://www.wikidata.org/entity/Q8502, http://www.wikidata.org/entity/Q214","20.0","49.0","20.0","49.0"
