title,description,objects,objectlinks,lon,lat,barycenter_lon,barycenter_lat
"Processed timber (saw mils and wood products) from domestic production","The MOVING reference member state of this VC is SLOVAKIA. The reference MOVING Card ID of this VC is VC 11 SK. Key activities: wood buying, wood processing, processed wood seling Key actors: foresters, wood processors, purchasers of the wood products. Positive impact on local and regional SES is in employment, added value to local economy. The VC depends on local and regional forests.","slovakia","http://www.wikidata.org/entity/Q214","20.0","49.0","20.0","49.0"
"Interest on this VC","Forests cover around forty percent of Slovakia, having mainly wood production function. Processing wood locally contributes to the added value of the Slovak economy and employment. The association of wood processors has an intention to process wood from Slovak forests in the country.","slovakia, wood, production function, economy, employment","http://www.wikidata.org/entity/Q214, http://www.wikidata.org/entity/Q287, http://www.wikidata.org/entity/Q524004, http://www.wikidata.org/entity/Q159810, http://www.wikidata.org/entity/Q656365","20.0","49.0","20.0","49.0"
"Mountain landscape and reference chains","The reference mountain chain of this VC is Slovak Carpathians. The reference mountain landscape of this VC is Makov. Makov ( adca district) includes highlands and mountains, and the local landscape is aesthetically attractive. the municipality located on the border with Czech Republic and Poland in the Protected Landscape Area Kysuce. There are multiple touristic accomodations, hiking and cycling trails, three skiareals, and cross-coutry skiing trails.","czech republic, poland, reference, mountain, landscape, municipality, border, kysuce","http://www.wikidata.org/entity/Q213, http://www.wikidata.org/entity/Q36, http://www.wikidata.org/entity/Q121769, http://www.wikidata.org/entity/Q8502, http://www.wikidata.org/entity/Q107425, http://www.wikidata.org/entity/Q15284, http://www.wikidata.org/entity/Q133346, http://www.wikidata.org/entity/Q1776264","18.756944444444443","49.397777777777776","20.0","49.0"
"Key local assets","Natural asset are forests with wood production function. Social assets are interactions between Slovak foresters and wood processors. About the LAU: 509299.","asset, wood, production function","http://www.wikidata.org/entity/Q46737, http://www.wikidata.org/entity/Q287, http://www.wikidata.org/entity/Q524004","19.932952404335715","49.031634344195524","20.0","49.0"
"Challenges","1) Slovakia currently exports a relatively large amount of unprocessed timber to foreign countries 2) At the processing enterprises, the Slovak wood competes with cheaper imported timber. Moreover, the multinational wood processing companies move from Slovakia to cheaper countries. 3) The number of employed people in the sawmills and furniture industry has been decreasing. Employment in the wood processing sector is not attractive for young people. Overall the type of challenge faced by this VC is Current. This VC is classified as Traditional and Innovative.","slovakia, wood, number, people, furniture, employment","http://www.wikidata.org/entity/Q214, http://www.wikidata.org/entity/Q287, http://www.wikidata.org/entity/Q11563, http://www.wikidata.org/entity/Q2472587, http://www.wikidata.org/entity/Q14745, http://www.wikidata.org/entity/Q656365","20.0","49.0","20.0","49.0"
"Innovation","The type of innovation of this VC is unspecified. The innovation is related to New governance systems. The land use systems involved are Forestry. The local assets include Natural and social.","innovation, governance","http://www.wikidata.org/entity/Q174165, http://www.wikidata.org/entity/Q1553864","19.932818378504493","48.914683738817686","20.0","49.0"
"Geography and population","The size of the area (km2) is 46.05. The minimum altimetry of the LAU is 583. The maximum altimetry of the LAU is 1070. The total population (in thousand) is 1.719. The population density (Inhabitants/km2) in the LAU is 37.33. The population change rate of the LAU in the last 10 years (%) has been -0.09%. The overall regional population density (Inhabitants/km2) is 102.4. The regional population change rate in the last 10 years (%) has been -0.02%.","population density","http://www.wikidata.org/entity/Q22856","19.95217650014955","49.00735580866213","20.0","49.0"
"Income and gross value added","The average per capita income (EUR/year) [NUTS3] is 14100. The total Gross Value Added (GVA) (EUR million/year) [NUTS3] is 8774.7. The primary sector share of total GVA/year [NUTS3] is 1.20%. The secondary sector share of total GVA/year [NUTS3] is 49.83%. The tertiary sector share of total GVA/year [NUTS3] is 48.97%. The per capita income (EUR/year) [NUTS2] is 13100. The total Gross Value Added (GVA) (EUR million/year) [NUTS2] is 15737.27. The primary sector share of total GVA/year [NUTS2] is 2.82%. The secondary sector share of total GVA/year [NUTS2] is 48.75%. The tertiary sector share of total GVA/year [NUTS2] is 48.43%.","gross value added, per capita income, year","http://www.wikidata.org/entity/Q994873, http://www.wikidata.org/entity/Q45918, http://www.wikidata.org/entity/Q577","19.930738250373913","48.92542896439212","20.0","49.0"
"Tourism","The total number of bed places (BPs) in tourist accommodations/year in the LAU is 1168. The regional (NUTS2) share of total BPs/year is 0.64%. The number of agricultural holdings in the LAU is 4122. The nearest settlement with population over 100000 (km) is 70.3. In this region protected areas are present.","number, bed, year","http://www.wikidata.org/entity/Q11563, http://www.wikidata.org/entity/Q42177, http://www.wikidata.org/entity/Q577","19.92153101991045","48.909353860538346","20.0","49.0"
"Employment","The primary sector share of total employment/year [NUTS3] is 4.00%. The secondary sector share of total employment/year [NUTS3] is 37.00%. The tertiary sector share of total employment/year [NUTS3] is 59.00%. The primary sector share of total employment/year [NUTS2] is 4.00%. The secondary sector share of total employment/year [NUTS2] is 37.00%. The tertiary sector share of total employment/year [NUTS2] is 59.00%.","employment, year","http://www.wikidata.org/entity/Q656365, http://www.wikidata.org/entity/Q577","20.034774178577095","48.99350718870754","20.0","49.0"
"Concluding remarks","VC is present present in all mountain NUTS3 in Slovakia: SK 022, SK 031, SK 032, SK 041, SK 042.","present, mountain, slovakia","http://www.wikidata.org/entity/Q193168, http://www.wikidata.org/entity/Q8502, http://www.wikidata.org/entity/Q214","20.0","49.0","20.0","49.0"
