title,description,objects,objectlinks,lon,lat,barycenter_lon,barycenter_lat
"Wood from Slovak forests used for building houses, cottages, restaurants and guesthouses","The MOVING reference member state of this VC is SLOVAKIA. The reference MOVING Card ID of this VC is VC 12 SK. Key activities: wood buying, wood processing, building Key actors: foresters, wood processors, purchasers of the wood buildings. Positive impact on local and regional SES is employment and added value to local economy. The VC depends on local and regional forests.","slovakia","http://www.wikidata.org/entity/Q214","20.0","49.0","20.0","49.0"
"Interest on this VC","A new trend in wooden buildings like houses, cottages, restaurants, and guesthouses is rising over the last few years. Wood production for houses is connected to forest land use. The enterprises offering wood constructions use e-commerce. This VC focuses on wood house builders who use wood from national forests. Wooden houses were build in the past in Slovak mountains. Nowadays, the wood houses are a novelty on a market and are gaining popularity. It is an additional use of the wood from the Slovak forests.","wood, forest, e-commerce, house, past, popularity","http://www.wikidata.org/entity/Q287, http://www.wikidata.org/entity/Q4421, http://www.wikidata.org/entity/Q484847, http://www.wikidata.org/entity/Q3947, http://www.wikidata.org/entity/Q192630, http://www.wikidata.org/entity/Q1357284","18.641944444444444","49.04666666666667","20.0","49.0"
"Mountain landscape and reference chains","The reference mountain chain of this VC is Slovak Carpathians. The reference mountain landscape of this VC is Zázrivá. Zázrivá (LAU2) is a traditional rural agricultural landscape with scattered settlements throughout the territory resulting from a long-term cultivation by humans. The local landscape is rich in biodiversity and is formed by a mosaic of meadows, pastures, wetlands, and forests.","reference, mountain, landscape, zázrivá, territory, biodiversity, mosaic","http://www.wikidata.org/entity/Q121769, http://www.wikidata.org/entity/Q8502, http://www.wikidata.org/entity/Q107425, http://www.wikidata.org/entity/Q247105, http://www.wikidata.org/entity/Q183366, http://www.wikidata.org/entity/Q47041, http://www.wikidata.org/entity/Q133067","19.158333333333335","49.27916666666667","20.0","49.0"
"Key local assets","Natural asset are forests with wood production function. Social assets are interactions between Slovak foresters and wood processors; and demand of customers for wooden houses. About the LAU: 510211.","asset, wood, production function, demand","http://www.wikidata.org/entity/Q46737, http://www.wikidata.org/entity/Q287, http://www.wikidata.org/entity/Q524004, http://www.wikidata.org/entity/Q4402708","18.633333333333333","49.083333333333336","20.0","49.0"
"Challenges","According to available information, some builders import completed wood houses from other countries (e.g., Finland) to Slovakia. Overall the type of challenge faced by this VC is Current. This VC is classified as Innovative.","finland, slovakia","http://www.wikidata.org/entity/Q33, http://www.wikidata.org/entity/Q214","20.0","49.0","20.0","49.0"
"Innovation","The type of innovation of this VC is Endogenous and Exogenous. Numerous wood processors recently started to provide wooden houses construction as an additional service. Wooden houses are traditional in Slovak mountains. The innovation is related to New products. The land use systems involved are Forestry. The local assets include Natural and social.","innovation","http://www.wikidata.org/entity/Q174165","19.48","49.41","20.0","49.0"
"Geography and population","The size of the area (km2) is 67.25. The minimum altimetry of the LAU is 550. The maximum altimetry of the LAU is 1392. The total population (in thousand) is 2.678. The population density (Inhabitants/km2) in the LAU is 39.6. The population change rate of the LAU in the last 10 years (%) has been -0.04%. The overall regional population density (Inhabitants/km2) is 102.6. The regional population change rate in the last 10 years (%) has been 0.00%.","population density","http://www.wikidata.org/entity/Q22856","19.939273659806368","49.06388008533988","20.0","49.0"
"Income and gross value added","The average per capita income (EUR/year) [NUTS3] is 14100. The total Gross Value Added (GVA) (EUR million/year) [NUTS3] is 8774.7. The primary sector share of total GVA/year [NUTS3] is 1.20%. The secondary sector share of total GVA/year [NUTS3] is 49.83%. The tertiary sector share of total GVA/year [NUTS3] is 48.97%. The per capita income (EUR/year) [NUTS2] is 13100. The total Gross Value Added (GVA) (EUR million/year) [NUTS2] is 15737.27. The primary sector share of total GVA/year [NUTS2] is 2.82%. The secondary sector share of total GVA/year [NUTS2] is 48.75%. The tertiary sector share of total GVA/year [NUTS2] is 48.43%.","gross value added, per capita income, year","http://www.wikidata.org/entity/Q994873, http://www.wikidata.org/entity/Q45918, http://www.wikidata.org/entity/Q577","19.907800667276106","49.05517025897705","20.0","49.0"
"Tourism","The total number of bed places (BPs) in tourist accommodations/year in the LAU is 1168. The regional (NUTS2) share of total BPs/year is 0.64%. The number of agricultural holdings in the LAU is 4122. The nearest settlement with population over 100000 (km) is 215. In this region protected areas are present.","number, bed, year","http://www.wikidata.org/entity/Q11563, http://www.wikidata.org/entity/Q42177, http://www.wikidata.org/entity/Q577","20.084527226291865","48.959348151811554","20.0","49.0"
"Employment","The primary sector share of total employment/year [NUTS3] is 4.00%. The secondary sector share of total employment/year [NUTS3] is 37.00%. The tertiary sector share of total employment/year [NUTS3] is 59.00%. The primary sector share of total employment/year [NUTS2] is 4.00%. The secondary sector share of total employment/year [NUTS2] is 37.00%. The tertiary sector share of total employment/year [NUTS2] is 59.00%.","employment, year","http://www.wikidata.org/entity/Q656365, http://www.wikidata.org/entity/Q577","20.043771945623543","49.035237964781984","20.0","49.0"
"Concluding remarks","VC is present present in LAU1: SK 031A, SK 031B, SK 0312, SK 0313, SK 0317, SK 0323. LAU 2: Trstená 510106, Korna 509230, Rajecká Lesná 517925, Rajec 517917, Zázrivá 510211, Námestovo 509868, ierny Balog 508527.","present, trstená, rajecká lesná, rajec, zázrivá, námestovo","http://www.wikidata.org/entity/Q193168, http://www.wikidata.org/entity/Q847350, http://www.wikidata.org/entity/Q1004056, http://www.wikidata.org/entity/Q909333, http://www.wikidata.org/entity/Q247105, http://www.wikidata.org/entity/Q377650","19.616666666666667","49.36666666666667","20.0","49.0"
