title,description,objects,objectlinks,lon,lat,barycenter_lon,barycenter_lat
"E-commerce and governement incentives to support domestic game meat consumption","The MOVING reference member state of this VC is SLOVAKIA. The reference MOVING Card ID of this VC is VC 13 SK. Activities: hunting, selling, meat processing, accomodation for hunters. Key actors: hunters, consumers, retailers and wholesalers . Positive impact on local and regional SES is an added value to national economy, shorter food chain.","slovakia","http://www.wikidata.org/entity/Q214","20.0","49.0","20.0","49.0"
"Interest on this VC","An innovative adaptation of game production during the Corona pandemic crisis. The aim is to sell more Slovak game meat to domestic consumers instead of a meat export to other countries. First, a web application was created for an e-commerce to connect verified hunters or sellers directly with consumers. The consumers can visit the webpage and check meat availability, choose meat type, locality and order the products online. Second, the Slovak governement implemented a project entitled 'Delicatess from the forest' with aim to promote game meat from the Slovak forests available on a domestic market and support collaboration between hunters, foresters, meat processors and traders. Hunting is an important activity in Slovak mountain areas. The VC is a good example of market adaptation to the restrictions during a pandemic situation.","game, pandemic, crisis, meat, export, web application, e-commerce, availability, project, forest, collaboration, hunting, mountain","http://www.wikidata.org/entity/Q11410, http://www.wikidata.org/entity/Q12184, http://www.wikidata.org/entity/Q381072, http://www.wikidata.org/entity/Q10990, http://www.wikidata.org/entity/Q182722, http://www.wikidata.org/entity/Q189210, http://www.wikidata.org/entity/Q484847, http://www.wikidata.org/entity/Q384871, http://www.wikidata.org/entity/Q170584, http://www.wikidata.org/entity/Q4421, http://www.wikidata.org/entity/Q1145523, http://www.wikidata.org/entity/Q36963, http://www.wikidata.org/entity/Q8502","19.975225310022232","49.02972784231333","20.0","49.0"
"Mountain landscape and reference chains","The reference mountain chain of this VC is Slovak Carpathians. The reference mountain landscape of this VC is Zliechov. VC is relevant in all NUTS3 mountain regions (row57). Zliechov LAU2 village is located within the Strá ov Mountains Protected Landscape Area and near to Strá ov Mountain (1,213 m). The surface of the area is formed by highlands and is strongly undulating.","mountain, reference, landscape, zliechov, village","http://www.wikidata.org/entity/Q8502, http://www.wikidata.org/entity/Q121769, http://www.wikidata.org/entity/Q107425, http://www.wikidata.org/entity/Q207242, http://www.wikidata.org/entity/Q532","18.430833333333332","48.94972222222222","20.0","49.0"
"Key local assets","Natural assets are forests with wild game. Social asset is a collaboration between hunters, foresters, meat processors and traders. Cultural asset is a tradition of hunting in Slovak mountains. About the LAU: 513865.","asset, collaboration, meat, tradition, hunting","http://www.wikidata.org/entity/Q46737, http://www.wikidata.org/entity/Q1145523, http://www.wikidata.org/entity/Q10990, http://www.wikidata.org/entity/Q82821, http://www.wikidata.org/entity/Q36963","19.918489837683424","48.94271127229033","20.0","49.0"
"Challenges","1) Pandemic situation causes problems to game supplies. Retail chains require relatively large quantities of the same type of meat in a short time. As the game can only be hunted to a limited extent for pandemic measures, it isn't easy to ensure a sufficient amount of game and logistics to retail chains. 2) The government's implemented project is only temporal, and a long-term strategy to increase the amount of game meat available for domestic consumption is necessary. Overall the type of challenge faced by this VC is Current and Predicted. This VC is classified as Traditional and Innovative.","game, meat, time, logistics, project, strategy","http://www.wikidata.org/entity/Q11410, http://www.wikidata.org/entity/Q10990, http://www.wikidata.org/entity/Q11471, http://www.wikidata.org/entity/Q177777, http://www.wikidata.org/entity/Q170584, http://www.wikidata.org/entity/Q185451","19.96655730820533","48.974053296253665","20.0","49.0"
"Innovation","The type of innovation of this VC is Exogenous. The innovation uses two forms of promotion of the product on the domestic market. One is a web application connecting directly hunters and consumers and the second is the government support for product's promotion and availability on domestic market. The innovation is related to New marketing strategies and New governance systems. The land use systems involved are Forestry. The local assets include Natural and social.","innovation, web application, marketing, governance","http://www.wikidata.org/entity/Q174165, http://www.wikidata.org/entity/Q189210, http://www.wikidata.org/entity/Q39809, http://www.wikidata.org/entity/Q1553864","19.93488972513743","48.94638823935702","20.0","49.0"
"Geography and population","The size of the area (km2) is 54.38. The minimum altimetry of the LAU is 211. The maximum altimetry of the LAU is 1214. The total population (in thousand) is 0.594. The population density (Inhabitants/km2) in the LAU is 84. The population change rate of the LAU in the last 10 years (%) has been 0.01%. The overall regional population density (Inhabitants/km2) is 130. The regional population change rate in the last 10 years (%) has been -0.02%.","population density","http://www.wikidata.org/entity/Q22856","20.068408585382322","49.026695278052046","20.0","49.0"
"Income and gross value added","The average per capita income (EUR/year) [NUTS3] is 13600. The total Gross Value Added (GVA) (EUR million/year) [NUTS3] is 7162.7. The primary sector share of total GVA/year [NUTS3] is 1.96%. The secondary sector share of total GVA/year [NUTS3] is 48.91%. The tertiary sector share of total GVA/year [NUTS3] is 49.13%. The per capita income (EUR/year) [NUTS2] is 14800. The total Gross Value Added (GVA) (EUR million/year) [NUTS2] is 24298.45. The primary sector share of total GVA/year [NUTS2] is 2.73%. The secondary sector share of total GVA/year [NUTS2] is 53.59%. The tertiary sector share of total GVA/year [NUTS2] is 43.68%.","gross value added, per capita income, year","http://www.wikidata.org/entity/Q994873, http://www.wikidata.org/entity/Q45918, http://www.wikidata.org/entity/Q577","19.911210697992363","49.0973307745648","20.0","49.0"
"Tourism","The total number of bed places (BPs) in tourist accommodations/year in the LAU is 327. The regional (NUTS2) share of total BPs/year is 0.32%. The number of agricultural holdings in the LAU is 1636. The nearest settlement with population over 100000 (km) is 204. In this region protected areas are present.","number, bed, year","http://www.wikidata.org/entity/Q11563, http://www.wikidata.org/entity/Q42177, http://www.wikidata.org/entity/Q577","20.04823364798495","49.09003874410203","20.0","49.0"
"Employment","The primary sector share of total employment/year [NUTS3] is 3.00%. The secondary sector share of total employment/year [NUTS3] is 43.00%. The tertiary sector share of total employment/year [NUTS3] is 54.00%. The primary sector share of total employment/year [NUTS2] is 3.00%. The secondary sector share of total employment/year [NUTS2] is 43.00%. The tertiary sector share of total employment/year [NUTS2] is 54.00%.","employment, year","http://www.wikidata.org/entity/Q656365, http://www.wikidata.org/entity/Q577","19.994319203234554","49.01782948285458","20.0","49.0"
"Concluding remarks","This VC is relevant for all mountain NUTS3 in Slovakia: SK 022, SK 031, SK 032, SK 041, SK 042.","mountain, slovakia","http://www.wikidata.org/entity/Q8502, http://www.wikidata.org/entity/Q214","20.0","49.0","20.0","49.0"
