title,description,objects,objectlinks,lon,lat,barycenter_lon,barycenter_lat
"'MEADOWS IN THE MOUNTAINS' FESTIVAL","The MOVING reference member state of this VC is BULGARIA. The reference MOVING Card ID of this VC is VC 12 BG.","reference, bulgaria","http://www.wikidata.org/entity/Q121769, http://www.wikidata.org/entity/Q219","25.5","42.75","25.5","42.75"
"Interest on this VC","Well-established music festival and counter-culture event that is organised annually in a small village in the Rhodope mountains. It has an international reputation for its unique location, beautiful mountain landscapes, good music and wholesome experience. Uk-organised, but largely hosted by village residents.","music, festival, village, rhodope mountains","http://www.wikidata.org/entity/Q638, http://www.wikidata.org/entity/Q132241, http://www.wikidata.org/entity/Q532, http://www.wikidata.org/entity/Q6489","24.574166666666667","41.60111111111111","25.5","42.75"
"Mountain landscape and reference chains","The reference mountain chain of this VC is Rhodope Mountains. The reference mountain landscape of this VC is Smolyan Municipality in Smolyan Province (BG424).","rhodope mountains, smolyan province, reference, mountain, landscape, smolyan, municipality","http://www.wikidata.org/entity/Q6489, http://www.wikidata.org/entity/Q2012430, http://www.wikidata.org/entity/Q121769, http://www.wikidata.org/entity/Q8502, http://www.wikidata.org/entity/Q107425, http://www.wikidata.org/entity/Q192888, http://www.wikidata.org/entity/Q15284","24.583333333333332","41.666666666666664","25.5","42.75"
"Key local assets","N/A. About the LAU: SML31.","","","24.712777777777777","41.57527777777778","25.5","42.75"
"Challenges","N/A. Overall the type of challenge faced by this VC is Current. This VC is classified as Innovative.","","","24.572250693242655","41.620463765299306","25.5","42.75"
"Innovation","The type of innovation of this VC is Exogenous. The innovation is related to New products, New processes and New marketing strategies. The land use systems involved are N/A. The local assets include Natural.","innovation, marketing","http://www.wikidata.org/entity/Q174165, http://www.wikidata.org/entity/Q39809","24.58288273798708","41.60065769085222","25.5","42.75"
"Geography and population","The size of the area (km2) is 859.6. The minimum altimetry of the LAU is unspecified. The maximum altimetry of the LAU is unspecified. The total population (in thousand) is 36.475. The population density (Inhabitants/km2) in the LAU is 42.43. The population change rate of the LAU in the last 10 years (%) is unspecified. The overall regional population density (Inhabitants/km2) is 63.70. The regional population change rate in the last 10 years (%) has been -0.06%.","population density","http://www.wikidata.org/entity/Q22856","24.514075574811812","41.55348277214218","25.5","42.75"
"Income and gross value added","The average per capita income (EUR/year) [NUTS3] is 5400. The total Gross Value Added (GVA) (EUR million/year) [NUTS3] is 500. The primary sector share of total GVA/year [NUTS3] is 8.40%. The secondary sector share of total GVA/year [NUTS3] is 38.80%. The tertiary sector share of total GVA/year [NUTS3] is 52.80%. The per capita income (EUR/year) [NUTS2] is 5600. The total Gross Value Added (GVA) (EUR million/year) [NUTS2] is 6888. The primary sector share of total GVA/year [NUTS2] is 5.90%. The secondary sector share of total GVA/year [NUTS2] is 35.20%. The tertiary sector share of total GVA/year [NUTS2] is 59.00%.","gross value added, per capita income, year","http://www.wikidata.org/entity/Q994873, http://www.wikidata.org/entity/Q45918, http://www.wikidata.org/entity/Q577","24.575518606378917","41.67810677419881","25.5","42.75"
"Tourism","The total number of bed places (BPs) in tourist accommodations/year in the LAU is 10138. The regional (NUTS2) share of total BPs/year is 37.40%. The number of agricultural holdings in the LAU is 20890. The nearest settlement with population over 100000 (km) is unspecified. In this region protected areas are present.","number, bed, year","http://www.wikidata.org/entity/Q11563, http://www.wikidata.org/entity/Q42177, http://www.wikidata.org/entity/Q577","24.613349028795984","41.56866283362402","25.5","42.75"
"Employment","The primary sector share of total employment/year [NUTS3] is 20.50%. The secondary sector share of total employment/year [NUTS3] is 38.00%. The tertiary sector share of total employment/year [NUTS3] is 41.40%. The primary sector share of total employment/year [NUTS2] is 24.20%. The secondary sector share of total employment/year [NUTS2] is 30.70%. The tertiary sector share of total employment/year [NUTS2] is 45.10%.","employment, year","http://www.wikidata.org/entity/Q656365, http://www.wikidata.org/entity/Q577","24.522515911186794","41.54610608749104","25.5","42.75"
"Concluding remarks","","","","24.57593309336033","41.64180304285736","25.5","42.75"
