title,description,objects,objectlinks,lon,lat,barycenter_lon,barycenter_lat
"Use of good quality air for healing purposes through recreational stays in high mountains","The MOVING reference member state of this VC is SLOVAKIA. The reference MOVING Card ID of this VC is VC 20 SK. Activities: accomodation and healing procedures Key actors: managers, workers in spa resorts, visitors. Positive impact on local and regional SES is an added value to national economy, use of local resources.","slovakia","http://www.wikidata.org/entity/Q214","20.0","49.0","20.0","49.0"
"Interest on this VC","Special air quality in high mountains; tradition of spa resorts in Slovak mountains and related territorial identity of high mountains with healing recreational stays for people with respiratory problems. In the past, mining and metallurgical companies from all over Czechoslovakia built sanatoriums for their employees in high mountains in Slovakia. The healing method is basically an outdoor stay at the fresh air and walks or some physical exercise. Land use systems related to this use are natural areas and forests. Popular use of Slovak high mountains which has been increasing every year.","czechoslovakia, tradition, spa, healing, people, slovakia","http://www.wikidata.org/entity/Q33946, http://www.wikidata.org/entity/Q82821, http://www.wikidata.org/entity/Q1341387, http://www.wikidata.org/entity/Q1581290, http://www.wikidata.org/entity/Q2472587, http://www.wikidata.org/entity/Q214","14.416666666666666","50.083333333333336","20.0","49.0"
"Mountain landscape and reference chains","The reference mountain chain of this VC is Slovak Carpathians. The reference mountain landscape of this VC is Vysoké Tatry. Vysoké Tatry, is a town at the feet of the Slovak part of High Tatras in Slovakia including all the major resorts in that region. It is a conglomerate of separate settlements (originally separate villages). They are the main tourist resorts in the Slovak High Tatras and are connected through a common railway network. After the country's capital, the town is Slovakia's major tourist destination. The High Tatra Mountains are a mountain range along the border with Poland and the highest peak is Gerlachovský tít, at 2,655 metres. The whole municipylity is located in a national parc- The Tatra National Park - and is the oldest protected landscape in the country. Most of the LAU2 related to this VC are located near to High Tatras where forests and natural areas dominate.","poland, reference, mountain, landscape, vysoké, town, high tatras, slovakia","http://www.wikidata.org/entity/Q36, http://www.wikidata.org/entity/Q121769, http://www.wikidata.org/entity/Q8502, http://www.wikidata.org/entity/Q107425, http://www.wikidata.org/entity/Q93474, http://www.wikidata.org/entity/Q3957, http://www.wikidata.org/entity/Q690323, http://www.wikidata.org/entity/Q214","15.965277777777779","49.58222222222222","20.0","49.0"
"Key local assets","Natural assets are natural areas and forests. Social asset is an increasing society demand for visiting high mountain areas. Cultural asset is a tradition of visiting high mountain areas for healing and recreation. About the LAU: 560103.","asset, society, demand, mountain, tradition, healing, recreation","http://www.wikidata.org/entity/Q46737, http://www.wikidata.org/entity/Q8425, http://www.wikidata.org/entity/Q4402708, http://www.wikidata.org/entity/Q8502, http://www.wikidata.org/entity/Q82821, http://www.wikidata.org/entity/Q1581290, http://www.wikidata.org/entity/Q184872","20.133333333333333","49.166666666666664","20.0","49.0"
"Challenges","1) Climate change and environmental quality may decrease air quality in the mountains. 2) Society demand: In the future, there is expected that a society's demand for healing stays in the mountains will increase due to numerous reasons: the health system supporting prevention, increase in health awareness of the people, increase in respiratory diseases, etc. Additionally, as Slovakia is an inland country, with mountains being the main areas for holidays and recreation, the accessible areas in the Slovak mountains were often crowded during last years. It causes less privacy for visitors and may harm vulnerable mountains' environment. 3) increasing urbanization and construction (sometimes illegal) in protected mountain areas. Overall the type of challenge faced by this VC is Current and Predicted. This VC is classified as N/A.","society, demand, future, health, system, awareness, people, slovakia, recreation, privacy, urbanization, construction, mountain","http://www.wikidata.org/entity/Q8425, http://www.wikidata.org/entity/Q4402708, http://www.wikidata.org/entity/Q344, http://www.wikidata.org/entity/Q12147, http://www.wikidata.org/entity/Q58778, http://www.wikidata.org/entity/Q4338318, http://www.wikidata.org/entity/Q2472587, http://www.wikidata.org/entity/Q214, http://www.wikidata.org/entity/Q184872, http://www.wikidata.org/entity/Q188728, http://www.wikidata.org/entity/Q161078, http://www.wikidata.org/entity/Q385378, http://www.wikidata.org/entity/Q8502","20.0","49.0","20.0","49.0"
"Innovation","The type of innovation of this VC is unspecified. The innovation is related to the whole VC. The land use systems involved are Forestry and Natural land. The local assets include Natural, social, cultural and mountain air.","innovation","http://www.wikidata.org/entity/Q174165","20.09957049853879","49.0097997496051","20.0","49.0"
"Geography and population","The size of the area (km2) is 360.22. The minimum altimetry of the LAU is 760. The maximum altimetry of the LAU is 1060. The total population (in thousand) is 4.026. The population density (Inhabitants/km2) in the LAU is 11.19. The population change rate of the LAU in the last 10 years (%) has been -0.12%. The overall regional population density (Inhabitants/km2) is 92.02. The regional population change rate in the last 10 years (%) has been 0.02%.","population density","http://www.wikidata.org/entity/Q22856","20.05447618647898","49.00108994985278","20.0","49.0"
"Income and gross value added","The average per capita income (EUR/year) [NUTS3] is 10400. The total Gross Value Added (GVA) (EUR million/year) [NUTS3] is 7679.5. The primary sector share of total GVA/year [NUTS3] is 2.53%. The secondary sector share of total GVA/year [NUTS3] is 47.99%. The tertiary sector share of total GVA/year [NUTS3] is 49.48%. The per capita income (EUR/year) [NUTS2] is 11800. The total Gross Value Added (GVA) (EUR million/year) [NUTS2] is 17202.16. The primary sector share of total GVA/year [NUTS2] is 2.30%. The secondary sector share of total GVA/year [NUTS2] is 49.09%. The tertiary sector share of total GVA/year [NUTS2] is 48.61%.","gross value added, per capita income, year","http://www.wikidata.org/entity/Q994873, http://www.wikidata.org/entity/Q45918, http://www.wikidata.org/entity/Q577","20.025534630667845","48.975765645969396","20.0","49.0"
"Tourism","The total number of bed places (BPs) in tourist accommodations/year in the LAU is 856. The regional (NUTS2) share of total BPs/year is 0.69%. The number of agricultural holdings in the LAU is 3515. The nearest settlement with population over 100000 (km) is 204. In this region protected areas are present.","number, bed, year","http://www.wikidata.org/entity/Q11563, http://www.wikidata.org/entity/Q42177, http://www.wikidata.org/entity/Q577","20.02796169946302","49.00012015809844","20.0","49.0"
"Employment","The primary sector share of total employment/year [NUTS3] is 3.00%. The secondary sector share of total employment/year [NUTS3] is 34.00%. The tertiary sector share of total employment/year [NUTS3] is 63.00%. The primary sector share of total employment/year [NUTS2] is 3.00%. The secondary sector share of total employment/year [NUTS2] is 34.00%. The tertiary sector share of total employment/year [NUTS2] is 63.00%.","employment, year","http://www.wikidata.org/entity/Q656365, http://www.wikidata.org/entity/Q577","19.931684952315525","48.94513872909854","20.0","49.0"
"Concluding remarks","LAU 2: 523933, 560103, 522074, 527092.","","","19.905941177233686","49.07504715021941","20.0","49.0"
