title,description,objects,objectlinks,lon,lat,barycenter_lon,barycenter_lat
"Production of chestnut and wine in Ribeira Sacra, Galicia, Spain","The MOVING reference member state of this VC is SPAIN VINIDEA. The reference MOVING Card ID of this VC is VC 12 ES. This area falls under the protection of the PDO Ribeira Sacra, wich proctects and promotes the wines produced in this area using tradicional means and practices. The chestnut production can be distinguish by the PGI Castaña de Galicia, this quality scheme protects all the chestnut produced in the autonomous region of Galicia and doesn't distinguish the chestnut produced in the mountains. Most of the primary producers of both the chestnut and the grapes are small families that own the land. They usually sell the fruits to bigger companies that transform them into other vuel added products.","spain, protection","http://www.wikidata.org/entity/Q29, http://www.wikidata.org/entity/Q2251595","-3.5","40.2","-3.5","40.2"
"Interest on this VC","The chestnuts and wines produced in ribeira Sacra, specially in the Quiroga-Bibei subzone, were historically know for their superior quality and provided a high economic yield. Despite these facts this area has suffered from demografic ageging as well as from a demographic decline. Most of the chestnut forest is currently abandoned and the vineyards are getting progressively abandoned as well because the people that upkeep them are ageging and there is not a continuity in this labors.","forest, people","http://www.wikidata.org/entity/Q4421, http://www.wikidata.org/entity/Q2472587","2.0","47.0","-3.5","40.2"
"Mountain landscape and reference chains","The reference mountain chain of this VC is Galician Massif. The reference mountain landscape of this VC is A Pobra de Trives. The landscape presents great differences in altitude the rivers flow at an altitude aroun 300m and from there the altitude raises sharply. A lot of the riverside is occupied by terraces were the grapes are produced. As you go away from the river and the terrain get flat it becomes easy to find forest of oak, chestnuts, gorse etc.","reference, mountain, landscape, altitude","http://www.wikidata.org/entity/Q121769, http://www.wikidata.org/entity/Q8502, http://www.wikidata.org/entity/Q107425, http://www.wikidata.org/entity/Q190200","-3.4462809579739138","40.12351232716343","-3.5","40.2"
"Key local assets","The microclimate of the Ribeira Sacra allows this region to produce some of the finest spanish wines. It also favours the chestnut production giving it a caliber and a sweet taste that are very valued in the market, specially for roasting. About the LAU: 32063.","","","-3.538235717316686","40.18360731232981","-3.5","40.2"
"Challenges","The lack of formation on the maintenance and exploitation of both the chestnut and the vineyards represents a huge barrier for the incorporation of the local youth to the local value chains. Formation on the bussiness side of the activity is also required. Most of the grape producers lack formation on enology making it really hard to step up on their bussiness transforming it into more valuable goods as wine and liquor. Also the spread of Dryocosmus kuriphilus is damaging the productivity and viability of the local chestnut forest. Overall the type of challenge faced by this VC is unspecified. This VC is classified as N/A.","youth, dryocosmus, productivity, forest","http://www.wikidata.org/entity/Q190007, http://www.wikidata.org/entity/Q1905724, http://www.wikidata.org/entity/Q2111958, http://www.wikidata.org/entity/Q4421","-3.579034924174462","40.215916647461356","-3.5","40.2"
"Innovation","The type of innovation of this VC is unspecified. The innovation is related to the whole VC. The land use systems involved are N/A. The local assets include N/A.","innovation","http://www.wikidata.org/entity/Q174165","-3.5803643960518676","40.19716689599231","-3.5","40.2"
"Geography and population","The size of the area (km2) is 84.17. The minimum altimetry of the LAU is 300. The maximum altimetry of the LAU is 1730. The total population (in thousand) is 2014. The population density (Inhabitants/km2) in the LAU is 24. The population change rate of the LAU in the last 10 years (%) has been -4.97%. The overall regional population density (Inhabitants/km2) is 91.35. The regional population change rate in the last 10 years (%) has been -3.55%.","population density","http://www.wikidata.org/entity/Q22856","-3.501270734349188","40.12024822539141","-3.5","40.2"
"Income and gross value added","The average per capita income (EUR/year) [NUTS3] is 20281. The total Gross Value Added (GVA) (EUR million/year) [NUTS3] is 61663.3. The primary sector share of total GVA/year [NUTS3] is 5.30%. The secondary sector share of total GVA/year [NUTS3] is 25.60%. The tertiary sector share of total GVA/year [NUTS3] is 4.70%. The per capita income (EUR/year) [NUTS2] is 25300. The total Gross Value Added (GVA) (EUR million/year) [NUTS2] is 62. The primary sector share of total GVA/year [NUTS2] is 5.3. The secondary sector share of total GVA/year [NUTS2] is 25.6. The tertiary sector share of total GVA/year [NUTS2] is 69.1.","gross value added, per capita income, year","http://www.wikidata.org/entity/Q994873, http://www.wikidata.org/entity/Q45918, http://www.wikidata.org/entity/Q577","-3.458388074384842","40.17399605249999","-3.5","40.2"
"Tourism","The total number of bed places (BPs) in tourist accommodations/year in the LAU is 393. The regional (NUTS2) share of total BPs/year is 2.40%. The number of agricultural holdings in the LAU is 12821. The nearest settlement with population over 100000 (km) is 72.6.","number, bed, year","http://www.wikidata.org/entity/Q11563, http://www.wikidata.org/entity/Q42177, http://www.wikidata.org/entity/Q577","-3.431354060901849","40.10491576182385","-3.5","40.2"
"Employment","The primary sector share of total employment/year [NUTS3] is 4.70%. The secondary sector share of total employment/year [NUTS3] is 24.20%. The tertiary sector share of total employment/year [NUTS3] is 71.10%. The primary sector share of total employment/year [NUTS2] is 6.5. The secondary sector share of total employment/year [NUTS2] is 23.1. The tertiary sector share of total employment/year [NUTS2] is 70.3.","employment, year","http://www.wikidata.org/entity/Q656365, http://www.wikidata.org/entity/Q577","-3.4672676391432997","40.17454882749876","-3.5","40.2"
"Concluding remarks","This value chain is also present in most of the mountain areas of the spanish north and north-west. Similar VC can be found in other states such as Italy or France.","italy, france, value chain, mountain, north","http://www.wikidata.org/entity/Q38, http://www.wikidata.org/entity/Q142, http://www.wikidata.org/entity/Q646107, http://www.wikidata.org/entity/Q8502, http://www.wikidata.org/entity/Q659","12.5","42.5","-3.5","40.2"
