title,description,objects,objectlinks,lon,lat,barycenter_lon,barycenter_lat
"Olive oil Protected Designation of Origin Sierra de Segura","The MOVING reference member state of this VC is SPAIN ADEGUA. The reference MOVING Card ID of this VC is VC 10 ES. The Virgin Olive Oil certified by the DO Sierra de Segura is obtained from the fruit of the Picual, Verdala, Royal, and Manzanillo de Jaén olive varieties. The fruit is harvested with little mechanisation in a staggered period between mid-October and mid-February. Average production in the area exceeds 20 million kilograms of olive oil. A total of 8000 producers are linked to the Designation of Origin, as well as 52 registered entities and authorised brands.","spain, olive oil, fruit, picual, october, february, oil","http://www.wikidata.org/entity/Q29, http://www.wikidata.org/entity/Q93165, http://www.wikidata.org/entity/Q1364, http://www.wikidata.org/entity/Q3382579, http://www.wikidata.org/entity/Q124, http://www.wikidata.org/entity/Q109, http://www.wikidata.org/entity/Q42962","-3.5","40.2","-3.5","40.2"
"Interest on this VC","Successful registration of a pioneer quality scheme; traditional olive grove cultivation in combination with a protected area; climate change may favour high-altitude cultivation, maintenance of biodiversity and complementarity. Early harvesting has been a major step to bring forward the cycle and obtain extra virgin olive oils. The certification of this process is a milestone in terms of guarantee and marketing, as well as the availability of its own panel of tasters and a collective sales platform at the service of certified companies.","olive grove, combination, protected area, altitude, biodiversity","http://www.wikidata.org/entity/Q7087158, http://www.wikidata.org/entity/Q202805, http://www.wikidata.org/entity/Q473972, http://www.wikidata.org/entity/Q190200, http://www.wikidata.org/entity/Q47041","-2.661111111111111","38.31777777777778","-3.5","40.2"
"Mountain landscape and reference chains","The reference mountain chain of this VC is Betic Systems. The reference mountain landscape of this VC is Beas de Segura. The Sierra de Segura is part of the Cordillera Prebetica mountain range, with a very rugged topography with high average altitudes (899 metres) and steep slopes, ranging from 520 metres to altitudes of 1809 metres. The area of olive groves protected by the Sierra de segura Designation of Origin (created in 1979), covers some 40,000 hectares, belonging to more than 8,000 registered farmers, spread over 14 municipalities in the province of Jaén. The average production in the area exceeds 20 million kg of oil. Mountain olive groves have lower yields and higher production costs. However, on the other hand, they have a higher rainfall and milder summers, and harvesting techniques are used to avoid contact between the olives and the ground. All of this contributes to obtaining A PICUAL WITH CHARACTER, oils with their own identity. In addition to the generic certification, they certify early production virgin olive oils and other specific certifications such as KOSHER for the Jewish market.","mountain, reference, segura, picual","http://www.wikidata.org/entity/Q8502, http://www.wikidata.org/entity/Q121769, http://www.wikidata.org/entity/Q18612, http://www.wikidata.org/entity/Q3382579","-0.6755555555555556","38.09638888888889","-3.5","40.2"
"Key local assets","The olive groves are located on slopes (50% of the surface area is on slopes greater than 40%). Almost 50% of the area protected by the Designation of Origin (38,819 ha) is included within the Segura, Cazorla y las Villas Natural Park (16,000 ha). The mountain character facilitates the conservation of the natural, urban and cultural environment. About the LAU: 23012.","segura, cazorla, park, mountain","http://www.wikidata.org/entity/Q18612, http://www.wikidata.org/entity/Q518339, http://www.wikidata.org/entity/Q22698, http://www.wikidata.org/entity/Q8502","-3.004166666666667","37.91361111111111","-3.5","40.2"
"Challenges","The main challenge is the generational changeover, which leads to the increasing abandonment of land; in addition, pest treatment without using aerial means and reducing chemical products; mechanisation is almost impossible and irrigation is deficient. Overall the type of challenge faced by this VC is Current and Predicted. This VC is classified as Traditional and Innovative.","addition, irrigation","http://www.wikidata.org/entity/Q32043, http://www.wikidata.org/entity/Q11453","-2.636111111111111","38.48722222222222","-3.5","40.2"
"Innovation","The type of innovation of this VC is Endogenous and Exogenous. It certifies early harvest olive oils; it acts as an online sales platform for certified companies; it has an accredited tasting panel; it is the oldest Designation of Origin in Andalusia (1979). The innovation is related to New products, New processes, New marketing strategies and New governance systems. The land use systems involved are Cropland. The local assets include Natural, social and cultural.","innovation, andalusia, marketing, governance","http://www.wikidata.org/entity/Q174165, http://www.wikidata.org/entity/Q5783, http://www.wikidata.org/entity/Q39809, http://www.wikidata.org/entity/Q1553864","-4.16","37.46","-3.5","40.2"
"Geography and population","The size of the area (km2) is 159.25. The minimum altimetry of the LAU is 500. The maximum altimetry of the LAU is 1274. The total population (in thousand) is 5.1. The population density (Inhabitants/km2) in the LAU is 33.02. The population change rate of the LAU in the last 10 years (%) has been -0.10%. The overall regional population density (Inhabitants/km2) is 97. The regional population change rate in the last 10 years (%) has been -0.01%.","population density","http://www.wikidata.org/entity/Q22856","-3.4456410469411134","40.17959193365711","-3.5","40.2"
"Income and gross value added","The average per capita income (EUR/year) [NUTS3] is 9194.23. The total Gross Value Added (GVA) (EUR million/year) [NUTS3] is 10686.3. The primary sector share of total GVA/year [NUTS3] is 14.91%. The secondary sector share of total GVA/year [NUTS3] is 17.61%. The tertiary sector share of total GVA/year [NUTS3] is 67.48%. The per capita income (EUR/year) [NUTS2] is 16409.45. The total Gross Value Added (GVA) (EUR million/year) [NUTS2] is 150440. The primary sector share of total GVA/year [NUTS2] is 6.53%. The secondary sector share of total GVA/year [NUTS2] is 20.01%. The tertiary sector share of total GVA/year [NUTS2] is 73.46%.","gross value added, per capita income, year","http://www.wikidata.org/entity/Q994873, http://www.wikidata.org/entity/Q45918, http://www.wikidata.org/entity/Q577","-3.5265156154666966","40.183708237005376","-3.5","40.2"
"Tourism","The total number of bed places (BPs) in tourist accommodations/year in the LAU is 244. The regional (NUTS2) share of total BPs/year is 0,04%. The number of agricultural holdings in the LAU is 1183. The nearest settlement with population over 100000 (km) is 119.5. In this region protected areas are present.","","","-3.4917319006809526","40.19743377885159","-3.5","40.2"
"Employment","The primary sector share of total employment/year [NUTS3] is 16.11%. The secondary sector share of total employment/year [NUTS3] is 21.62%. The tertiary sector share of total employment/year [NUTS3] is 62.27%. The primary sector share of total employment/year [NUTS2] is 9.44%. The secondary sector share of total employment/year [NUTS2] is 16.41%. The tertiary sector share of total employment/year [NUTS2] is 74.15%.","employment, year","http://www.wikidata.org/entity/Q656365, http://www.wikidata.org/entity/Q577","-3.409107867127344","40.14383949025414","-3.5","40.2"
"Concluding remarks","The Sierra de Segura Designation of Origin comprises the municipalities of Arroyo del Ojanco, Beas de Segura, Segura de la Sierra, Benatae, Chiclana de Segura, Génave, Hornos de Segura, La Puerta de Segura, Orcera, Puente de Génave, Santiago-Pontones, Siles, Torres de Albanchez and Villarrodrigo, all of which belong to the province of Jaén. Other Mountain Reference Regions in Spain have Designations of Origin totally or partially certifying olive oils produced in mountain areas (PDOs Sierra Mágina, Sierra Cádiz, Priego de Córdoba..).","spain, benatae, orcera, villarrodrigo, cádiz","http://www.wikidata.org/entity/Q29, http://www.wikidata.org/entity/Q1631853, http://www.wikidata.org/entity/Q1645058, http://www.wikidata.org/entity/Q983655, http://www.wikidata.org/entity/Q15682","-2.651666666666667","38.352777777777774","-3.5","40.2"
