title,description,objects,objectlinks,lon,lat,barycenter_lon,barycenter_lat
"'ISKAR GORGE' DAY TRIPS","The MOVING reference member state of this VC is BULGARIA. The reference MOVING Card ID of this VC is VC 13 BG. The gorge is about 50 km north of the city of Sofia and day trips for short hikes, photography etc. are very popular - especially with international visitors to the city who take advantage of numerous tourist agencies and guides providing multi-lingual tours, transfers, hotel pick-up and drop-off and a range of other services (e.g. https://www.freetour.com/sofia/iskar-gorge-day-trip).","sofia, bulgaria, north, day, photography, city","http://www.wikidata.org/entity/Q472, http://www.wikidata.org/entity/Q219, http://www.wikidata.org/entity/Q659, http://www.wikidata.org/entity/Q573, http://www.wikidata.org/entity/Q11633, http://www.wikidata.org/entity/Q515","23.32172611111111","42.69788611111111","25.5","42.75"
"Interest on this VC","The Iskar Gorge in Svoge Municipality (SFO43) in Sofia Province (BG412) is the main pass through the Western Stara Planina mountains and connects Sofia with other major cities in the north-west of Bulgaria. It is renowned for its spectacular landscape and is a popular tourist / day visitor destination.","sofia province, bulgaria, iskar gorge, svoge municipality","http://www.wikidata.org/entity/Q202904, http://www.wikidata.org/entity/Q219, http://www.wikidata.org/entity/Q5970210, http://www.wikidata.org/entity/Q2715418","23.352777777777778","43.04333333333334","25.5","42.75"
"Mountain landscape and reference chains","The reference mountain chain of this VC is Western Stara Planina (Balkan Mountains). The reference mountain landscape of this VC is Svoge Municipality in Sofia Province (BG412). Sofia Province (BG412) is the second-largest province in Bulgaria with 22 municipalities. The overall relief of the province is highly diverse and it has an altitude range from 350 - 2,925 metres. Within its territory, the province encompasses parts of three mountain ranges: the Western Stara Planina in the north, Sredna Gora in the east and Rila mountains in the south-west. It also fully encompasses the individual Plana and Vitosha mountains. All mountains are separated by fertile valleys. The local economy is heavily industrialised with a long history of mining and manufacturing. Tourism is also very important, whilst agriculture is a relatively minor sector of the economy. Svoge Municipality (SFO43) is in the north of Sofia Province towards the Western Stara Planina. The municipality has a mountianous and hilly relief and is one of the largest municipalities by area in Bulgaria.","balkan mountains, sofia province, bulgaria, rila, vitosha, reference, mountain, svoge municipality, sofia, province, sredna gora, svoge, municipality","http://www.wikidata.org/entity/Q170427, http://www.wikidata.org/entity/Q202904, http://www.wikidata.org/entity/Q219, http://www.wikidata.org/entity/Q191795, http://www.wikidata.org/entity/Q378943, http://www.wikidata.org/entity/Q121769, http://www.wikidata.org/entity/Q8502, http://www.wikidata.org/entity/Q2715418, http://www.wikidata.org/entity/Q472, http://www.wikidata.org/entity/Q34876, http://www.wikidata.org/entity/Q525263, http://www.wikidata.org/entity/Q406143, http://www.wikidata.org/entity/Q15284","25.0","42.7","25.5","42.75"
"Key local assets","A deep limestone and sandstone gorge created over thousands of years by the Iskar River. It is 70 km long and renowned for its spectacular scenery consisting of rugged crags and towers / pillars of rock along its entire length. In places the walls of the gorge are up to 300 metres high. About the LAU: SFO43.","limestone, sandstone","http://www.wikidata.org/entity/Q23757, http://www.wikidata.org/entity/Q13085","25.5","42.75","25.5","42.75"
"Challenges","The challenges associated with this value chain are the typical issues with visitor management experienced by popular touristic hotspots in mountain areas. Because of the landscape there are relatively few good viewing points along the gorge and these quickly become congested by parked vehicles. Consequently on a busy summer day (for example), the actual visitor experience can be disappointing. Overall the type of challenge faced by this VC is Current. This VC is classified as Traditional.","value chain, mountain, summer, day, visitor, experience","http://www.wikidata.org/entity/Q646107, http://www.wikidata.org/entity/Q8502, http://www.wikidata.org/entity/Q1313, http://www.wikidata.org/entity/Q573, http://www.wikidata.org/entity/Q12644761, http://www.wikidata.org/entity/Q164359","23.666666666666668","42.666666666666664","25.5","42.75"
"Innovation","The type of innovation of this VC is unspecified. The innovation is related to the whole VC. The land use systems involved are Grassland, Forestry and Natural land. The local assets include Natural.","innovation, grassland","http://www.wikidata.org/entity/Q174165, http://www.wikidata.org/entity/Q1006733","23.4","43.0","25.5","42.75"
"Geography and population","The size of the area (km2) is 868.6. The minimum altimetry of the LAU is unspecified. The maximum altimetry of the LAU is unspecified. The total population (in thousand) is 19.37. The population density (Inhabitants/km2) in the LAU is 22.30. The population change rate of the LAU in the last 10 years (%) is unspecified. The overall regional population density (Inhabitants/km2) is 103.70. The regional population change rate in the last 10 years (%) has been -0.01%.","population density","http://www.wikidata.org/entity/Q22856","23.283333333333335","42.56666666666667","25.5","42.75"
"Income and gross value added","The average per capita income (EUR/year) [NUTS3] is 8000. The total Gross Value Added (GVA) (EUR million/year) [NUTS3] is 1598. The primary sector share of total GVA/year [NUTS3] is 4.60%. The secondary sector share of total GVA/year [NUTS3] is 55.40%. The tertiary sector share of total GVA/year [NUTS3] is 40.00%. The per capita income (EUR/year) [NUTS2] is 12900. The total Gross Value Added (GVA) (EUR million/year) [NUTS2] is 23579. The primary sector share of total GVA/year [NUTS2] is 1.20%. The secondary sector share of total GVA/year [NUTS2] is 16.10%. The tertiary sector share of total GVA/year [NUTS2] is 82.60%.","gross value added, per capita income, year","http://www.wikidata.org/entity/Q994873, http://www.wikidata.org/entity/Q45918, http://www.wikidata.org/entity/Q577","25.0","42.5","25.5","42.75"
"Tourism","The total number of bed places (BPs) in tourist accommodations/year in the LAU is 5959. The regional (NUTS2) share of total BPs/year is 16.10%. The number of agricultural holdings in the LAU is 22710. The nearest settlement with population over 100000 (km) is unspecified. In this region protected areas are present.","number, bed, year","http://www.wikidata.org/entity/Q11563, http://www.wikidata.org/entity/Q42177, http://www.wikidata.org/entity/Q577","23.352676944444443","42.95984111111111","25.5","42.75"
"Employment","The primary sector share of total employment/year [NUTS3] is 20.20%. The secondary sector share of total employment/year [NUTS3] is 35.70%. The tertiary sector share of total employment/year [NUTS3] is 44.10%. The primary sector share of total employment/year [NUTS2] is 6.40%. The secondary sector share of total employment/year [NUTS2] is 21.10%. The tertiary sector share of total employment/year [NUTS2] is 72.50%.","employment, year","http://www.wikidata.org/entity/Q656365, http://www.wikidata.org/entity/Q577","25.563115061779158","42.78736300158213","25.5","42.75"
"Concluding remarks","","","","25.41401681045977","42.77406463449517","25.5","42.75"
