title,description,objects,objectlinks,lon,lat,barycenter_lon,barycenter_lat
"BETIZU, Basque Country endangered breed","The MOVING reference member state of this VC is SPAIN ADEGUA. The reference MOVING Card ID of this VC is VC 20 ES. It is the remaining redoubt of the wild bull or aurochs in the Basque Country. It is a semi-wild breed that moves in the mountains, where it feeds and breeds without human intervention. Males weigh around 400 to 500 kg. and females 350 kg. They are milk carcasses of 30 to 40 kgs obtained from calves of 3 to 5 months of life fed exclusively on mother's milk. Without any other type of feed. The mother's diet is based on natural fodder and does not accept feed with transgenic components or additives. The reproductive cycle is associated with the seasons, and they usually give birth to a calf every two years. It is estimated to produce 100 carcasses and 20 jerkies per year. The census in Navarra in 2016 was 603 heads located in 19 farms.","reference, spain, breed, year, census","http://www.wikidata.org/entity/Q121769, http://www.wikidata.org/entity/Q29, http://www.wikidata.org/entity/Q38829, http://www.wikidata.org/entity/Q577, http://www.wikidata.org/entity/Q39825","-3.5","40.2","-3.5","40.2"
"Interest on this VC","The Betizu is a breed of small mountain cattle which live in a semi-feral state in some mountainous parts of the Basque Country in both Basque Country and France. It is classified as an endangered breed by both the Ministerio de Agricultura, Pesca y Alimentación of Spain and by the Conservatoire des Races d'Aquitaine in France. It is included in the Official Catalog of Basque Autochthonous Animal Breeds, the Official Catalog of Cattle Breeds of Spain, in the FAO Catalog of the United Nations (DAD-IS), as well as in the Ark of Taste Slow Food. Innovation is justified by new public systems and regulations to preserve native breeds, private initiatives by local entrepreneurs, and articulation with social movements that share these objectives.","france, spain, taste, united nations, betizu, breed, mountain, cattle, semi-feral, official, animal, slow food","http://www.wikidata.org/entity/Q142, http://www.wikidata.org/entity/Q29, http://www.wikidata.org/entity/Q124794, http://www.wikidata.org/entity/Q1065, http://www.wikidata.org/entity/Q2900118, http://www.wikidata.org/entity/Q38829, http://www.wikidata.org/entity/Q8502, http://www.wikidata.org/entity/Q830, http://www.wikidata.org/entity/Q3478412, http://www.wikidata.org/entity/Q599151, http://www.wikidata.org/entity/Q729, http://www.wikidata.org/entity/Q335823","2.0","47.0","-3.5","40.2"
"Mountain landscape and reference chains","The reference mountain chain of this VC is Pyrenees. The reference mountain landscape of this VC is Goizueta. The historical production area is the Euskalherria mountains. Its peculiarities of great rusticity, together with its historical and traditional value in the Basque mountains, give this breed a special interest for the use of marginal and mountain areas.","reference, mountain, pyrenees, landscape, basque mountains, breed, interest","http://www.wikidata.org/entity/Q121769, http://www.wikidata.org/entity/Q8502, http://www.wikidata.org/entity/Q12431, http://www.wikidata.org/entity/Q107425, http://www.wikidata.org/entity/Q2648558, http://www.wikidata.org/entity/Q38829, http://www.wikidata.org/entity/Q170924","-2.3166666666666664","42.95","-3.5","40.2"
"Key local assets","The management of pastures and forests to ensure the continuity of this breed and its contribution to the sustainable management of ecosystems, fire prevention, and the generation of economic added value are interrelated aspects in this value chain. About the LAU: 31117.","management, breed, fire, generation, value chain","http://www.wikidata.org/entity/Q2920921, http://www.wikidata.org/entity/Q38829, http://www.wikidata.org/entity/Q3196, http://www.wikidata.org/entity/Q213381, http://www.wikidata.org/entity/Q646107","1.0","42.666666666666664","-3.5","40.2"
"Challenges","The main challenge is the conservation of a breed that is in danger of extinction. This involves the availability of pastures and woodlands where this species can reproduce while at the same time intervening in the management of the agroforestry space and offering economic profitability. Entities such as the Asociación de Criadores de Betizu de Navarra- ASBENA are committed to this challenge. Overall the type of challenge faced by this VC is Current. This VC is classified as Traditional and Innovative.","breed, extinction, agroforestry, betizu","http://www.wikidata.org/entity/Q38829, http://www.wikidata.org/entity/Q123509, http://www.wikidata.org/entity/Q397350, http://www.wikidata.org/entity/Q2900118","4.5","43.53333333333333","-3.5","40.2"
"Innovation","The type of innovation of this VC is Endogenous and Exogenous. Innovation is related to articulating a local response to a situation that threatens the breed's survival and connects with other international initiatives aimed at the defense of agricultural, livestock, and food biodiversity, such as the Slow Food movement. The innovation is related to the whole VC. The land use systems involved are Grassland. The local assets include Natural, social and cultural.","innovation, survival, livestock, food, biodiversity, slow food, grassland","http://www.wikidata.org/entity/Q174165, http://www.wikidata.org/entity/Q104482419, http://www.wikidata.org/entity/Q103459, http://www.wikidata.org/entity/Q2095, http://www.wikidata.org/entity/Q47041, http://www.wikidata.org/entity/Q335823, http://www.wikidata.org/entity/Q1006733","-1.65","42.81666666666667","-3.5","40.2"
"Geography and population","The size of the area (km2) is 91.4. The minimum altimetry of the LAU is 150. The maximum altimetry of the LAU is 1000. The total population (in thousand) is 0.689. The population density (Inhabitants/km2) in the LAU is 7.54. The population change rate of the LAU in the last 10 years (%) has been -0.11%. The overall regional population density (Inhabitants/km2) is 63.63. The regional population change rate in the last 10 years (%) has been 0.04%.","population density","http://www.wikidata.org/entity/Q22856","-3.560875326789444","40.101787720138226","-3.5","40.2"
"Income and gross value added","The average per capita income (EUR/year) [NUTS3] is 20063.56. The total Gross Value Added (GVA) (EUR million/year) [NUTS3] is 18142.3. The primary sector share of total GVA/year [NUTS3] is 3.64%. The secondary sector share of total GVA/year [NUTS3] is 35.90%. The tertiary sector share of total GVA/year [NUTS3] is 60.46%. The per capita income (EUR/year) [NUTS2] is 13937. The total Gross Value Added (GVA) (EUR million/year) [NUTS2] is 18142.3. The primary sector share of total GVA/year [NUTS2] is 3.64%. The secondary sector share of total GVA/year [NUTS2] is 35.90%. The tertiary sector share of total GVA/year [NUTS2] is 60.46%.","gross value added, per capita income, year","http://www.wikidata.org/entity/Q994873, http://www.wikidata.org/entity/Q45918, http://www.wikidata.org/entity/Q577","-3.4939948681291675","40.21582506265382","-3.5","40.2"
"Tourism","The total number of bed places (BPs) in tourist accommodations/year in the LAU is 282. The regional (NUTS2) share of total BPs/year is 0,69%. The number of agricultural holdings in the LAU is 84. The nearest settlement with population over 100000 (km) is 67. In this region protected areas are present.","number, bed, year","http://www.wikidata.org/entity/Q11563, http://www.wikidata.org/entity/Q42177, http://www.wikidata.org/entity/Q577","-3.4580423138438605","40.113612187262454","-3.5","40.2"
"Employment","The primary sector share of total employment/year [NUTS3] is 2.90%. The secondary sector share of total employment/year [NUTS3] is 33.70%. The tertiary sector share of total employment/year [NUTS3] is 63.40%. The primary sector share of total employment/year [NUTS2] is 2.90%. The secondary sector share of total employment/year [NUTS2] is 33.70%. The tertiary sector share of total employment/year [NUTS2] is 63.40%.","employment, year","http://www.wikidata.org/entity/Q656365, http://www.wikidata.org/entity/Q577","-3.4173543275355613","40.191595207259994","-3.5","40.2"
"Concluding remarks","It is one of a small number of semi-feral cattle populations in Europe, with the Albera of the Pyrenees, the Monchina of Cantabria, and the Raço di Biòu of the Camargue. The Government of Navarre has launched a project to conserve this autochthonous breed. They own a herd that inhabits the abandoned village of Sastoya, in the Urraúl Alto.","europe, pyrenees, monchina, cantabria, camargue, navarre","http://www.wikidata.org/entity/Q46, http://www.wikidata.org/entity/Q12431, http://www.wikidata.org/entity/Q3320458, http://www.wikidata.org/entity/Q3946, http://www.wikidata.org/entity/Q218151, http://www.wikidata.org/entity/Q4018","-4.0","43.333333333333336","-3.5","40.2"
