title,description,objects,objectlinks,lon,lat,barycenter_lon,barycenter_lat
"Euskal Txerria Pig","The MOVING reference member state of this VC is SPAIN ADEGUA. The reference MOVING Card ID of this VC is VC 21 ES. Pello Urdapilleta, the first producer of the Slow Food Presidium, transforms his flavorful meat into a range of cured meat products. The SLOW FOOD Presidium was created to develop and promote traditional sausages made from Euskal Txerria pigs. The project wants to encourage other local farmers and artisans to follow Pello's example, and results are already being achieved. Euskal Txerria-based dishes are starting to appear on the menus of local restaurants and some renowned Basque restaurants. Pello's model farm is regularly visited by children and students interested in discovering a portion of food that was a staple of the Basque diet for many centuries.","spain, pello, slow food, presidium, meat, food","http://www.wikidata.org/entity/Q29, http://www.wikidata.org/entity/Q31331, http://www.wikidata.org/entity/Q335823, http://www.wikidata.org/entity/Q2115302, http://www.wikidata.org/entity/Q10990, http://www.wikidata.org/entity/Q2095","-3.5","40.2","-3.5","40.2"
"Interest on this VC","Until the beginning of the 20th century, every farmhouse in the Basque Country had a small group of pigs. It was a similar situation throughout Celtic Europe, although the livestock trade flourished much more in the Basque Country. There were even three autochthonous breeds of pigs: the Baztanesa, the Chato Victoriano -both extinct- and the Euskal Txerria. In the 54-hectare Elola Farm, beautiful green meadows are planted with ryegrass, white and purple clover, mountain grasses and alfalfa, nettle and rumex roots, and the fruits of centenary native hardwoods, which make up the majority of the pigs' feed. In winter, the rainy, snowy, icy, and windy season their feed is supplemented with cereals such as corn, beans, barley, fodder, alfalfa, peas, and bran. All this, together with this ancient autochthonous pig breed's slow development, means that their fattening life span is almost 24 months, reaching a weight of 120-140 kg.","century, farmhouse, hectare, farm, mountain, rumex, majority, life, weight","http://www.wikidata.org/entity/Q578, http://www.wikidata.org/entity/Q489357, http://www.wikidata.org/entity/Q35852, http://www.wikidata.org/entity/Q131596, http://www.wikidata.org/entity/Q8502, http://www.wikidata.org/entity/Q157264, http://www.wikidata.org/entity/Q7382648, http://www.wikidata.org/entity/Q3, http://www.wikidata.org/entity/Q25288","23.963480555555556","66.77558055555555","-3.5","40.2"
"Mountain landscape and reference chains","The reference mountain chain of this VC is Cantabrian Mountains. The reference mountain landscape of this VC is Bidania-Goiatz. Bidegoian is the highest municipality in the historical territory of Gipuzkoa. Surrounded by farmhouses, forests, and mountains, among which Ernio (1,075 m) stands out. Bidegoian has managed to maintain the essence of rural Gipuzkoa. Also, this isolation has contributed to the preservation of the natural environment that surrounds the municipality in perfect condition. The pigs take care of the beech forest. They graze in the meadows, together with sheep and cows and goats on steep terrain.","cantabrian mountains, municipality, territory, gipuzkoa, essence","http://www.wikidata.org/entity/Q208076, http://www.wikidata.org/entity/Q15284, http://www.wikidata.org/entity/Q183366, http://www.wikidata.org/entity/Q95010, http://www.wikidata.org/entity/Q190995","-4.851666666666667","43.1975","-3.5","40.2"
"Key local assets","The Slow Food Presidium pigs are only raised extensively and do not exceed 14 animals per hectare: they graze freely on acorns, chestnuts, hazelnuts, and grass. They only reach a proper fattening phase in their last two months, feeding on corn, beans, and bran (only non-genetically modified feed is used) until they get 120 kilos in weight, at which point they are slaughtered. About the LAU: 20024.","slow food, hectare","http://www.wikidata.org/entity/Q335823, http://www.wikidata.org/entity/Q35852","-2.1666666666666665","43.166666666666664","-3.5","40.2"
"Challenges","Of the three autochthonous pig breeds of the Basque Country until 1974, only the Euskal Txerria survives. In 1929, 158,000 head were registered, but in 1989 there were barely 25 head left. In 1989 in the Aldudes Valley, the 'Association of the Pie Noir du Pays Basque' was created around Pierre Oteiza. In 1996 Pello Urdapilleta started the recovery of the 'Euskal Txerria' breed. Today he has a herd of Celtic trunk pigs, enjoying extensive meadows and forests. The challenge is to maintain a herd that today has about 400 mothers and 50 boars, slaughtering about 2000 heads per year. Overall the type of challenge faced by this VC is Current. This VC is classified as Traditional and Innovative.","aldudes, pello","http://www.wikidata.org/entity/Q839431, http://www.wikidata.org/entity/Q31331","-1.4258333333333333","43.096111111111114","-3.5","40.2"
"Innovation","The type of innovation of this VC is Endogenous and Exogenous. The Urdapilleta online Store delivers a wide range of products, including ham, shoulder, loin, txorizo, cured chorizo, fresh chorizo, txistorra, lukainka, salchichón, pate, and pancetta, among other products. The innovation is related to New products, New processes and New marketing strategies. The land use systems involved are Grassland. The local assets include Natural, social and cultural.","innovation, ham, shoulder, loin, chorizo, salchichón, pancetta, marketing, grassland","http://www.wikidata.org/entity/Q174165, http://www.wikidata.org/entity/Q170486, http://www.wikidata.org/entity/Q16363, http://www.wikidata.org/entity/Q1574029, http://www.wikidata.org/entity/Q23374, http://www.wikidata.org/entity/Q22672583, http://www.wikidata.org/entity/Q538296, http://www.wikidata.org/entity/Q39809, http://www.wikidata.org/entity/Q1006733","-0.7038888888888889","49.27861111111111","-3.5","40.2"
"Geography and population","The size of the area (km2) is 13.74. The minimum altimetry of the LAU is 450. The maximum altimetry of the LAU is 1050. The total population (in thousand) is 0.56. The population density (Inhabitants/km2) in the LAU is 40.75. The population change rate of the LAU in the last 10 years (%) has been 5.46%. The overall regional population density (Inhabitants/km2) is 304.03. The regional population change rate in the last 10 years (%) has been 0.46%.","population density","http://www.wikidata.org/entity/Q22856","23.90238710107836","66.85989449501824","-3.5","40.2"
"Income and gross value added","The average per capita income (EUR/year) [NUTS3] is 17631. The total Gross Value Added (GVA) (EUR million/year) [NUTS3] is 21774.4. The primary sector share of total GVA/year [NUTS3] is 6.20%. The secondary sector share of total GVA/year [NUTS3] is 43.80%. The tertiary sector share of total GVA/year [NUTS3] is 49.90%. The per capita income (EUR/year) [NUTS2] is 21458. The total Gross Value Added (GVA) (EUR million/year) [NUTS2] is 65185. The primary sector share of total GVA/year [NUTS2] is 0.90%. The secondary sector share of total GVA/year [NUTS2] is 29.90%. The tertiary sector share of total GVA/year [NUTS2] is 69.20%.","gross value added, per capita income, year","http://www.wikidata.org/entity/Q994873, http://www.wikidata.org/entity/Q45918, http://www.wikidata.org/entity/Q577","24.04209043283476","66.6842833117294","-3.5","40.2"
"Tourism","The total number of bed places (BPs) in tourist accommodations/year in the LAU is 36. The regional (NUTS2) share of total BPs/year is 0,06 %. The number of agricultural holdings in the LAU is 51. The nearest settlement with population over 100000 (km) is 37.3. In this region protected areas are not present.","","","23.918081256968417","66.78591870893776","-3.5","40.2"
"Employment","The primary sector share of total employment/year [NUTS3] is 0.60%. The secondary sector share of total employment/year [NUTS3] is 28.60%. The tertiary sector share of total employment/year [NUTS3] is 70.70%. The primary sector share of total employment/year [NUTS2] is 0.90%. The secondary sector share of total employment/year [NUTS2] is 26.90%. The tertiary sector share of total employment/year [NUTS2] is 72.20%.","employment, year","http://www.wikidata.org/entity/Q656365, http://www.wikidata.org/entity/Q577","23.93666588402375","66.7075509785905","-3.5","40.2"
"Concluding remarks","Also called Pie Noir , the Basque pig is a breed of Iberic pig and is one of the 6 acknowledged local races along with the Gascon, the Limousin, the Corse, the Western White, and the Bayeux. The Basque pig originally comes from the Basque country, Bearn and Hautes Pyrénées regions of South West France. Nearly extinct and declared as an endangered species in 1981 by the Ministry of Agriculture , the Basque pig has survived thanks to the perseverance and commitment of a handful of local breeders.","pie, breed, limousin, white, bayeux","http://www.wikidata.org/entity/Q13360264, http://www.wikidata.org/entity/Q38829, http://www.wikidata.org/entity/Q1190, http://www.wikidata.org/entity/Q23444, http://www.wikidata.org/entity/Q183910","1.6205555555555555","45.68805555555556","-3.5","40.2"
