title,description,objects,objectlinks,lon,lat,barycenter_lon,barycenter_lat
"Lamb Meat from Zuheros","The MOVING reference member state of this VC is SPAIN ADEGUA. The reference MOVING Card ID of this VC is VC 32 ES. In the municipality of Zuheros there are about nine livestock farms that usually combine sheep and goats, most of them in semi-extensive regime, totaling about 10,000 head of livestock. Each sheep farm has an average of 500 sheep grazing on several hundred hectares of mountain range. The main resource is obtained from the sale of sheep with an average weight of ten kilos and a price close to 50 / piece, stable for years. The sheep are sold to feedlots located mainly in the provinces of Granada and Murcia. There is no sectoral associative structure and certified organic production is not very relevant.","spain, municipality, zuheros, livestock, sheep, regime, head, farm, average, grazing, mountain, weight, granada, murcia","http://www.wikidata.org/entity/Q29, http://www.wikidata.org/entity/Q15284, http://www.wikidata.org/entity/Q228599, http://www.wikidata.org/entity/Q103459, http://www.wikidata.org/entity/Q7368, http://www.wikidata.org/entity/Q5589178, http://www.wikidata.org/entity/Q23640, http://www.wikidata.org/entity/Q131596, http://www.wikidata.org/entity/Q202785, http://www.wikidata.org/entity/Q3239189, http://www.wikidata.org/entity/Q8502, http://www.wikidata.org/entity/Q25288, http://www.wikidata.org/entity/Q8810, http://www.wikidata.org/entity/Q12225","-3.5","40.2","-3.5","40.2"
"Interest on this VC","Traditionally, the Andalusian mountains have hosted an extensive livestock activity, mainly goats and sheep, based on the use of pastures and focused on the production of goat's milk and cheese, as well as the sale of goats and lambs for meat.","livestock, sheep, milk, cheese, meat","http://www.wikidata.org/entity/Q103459, http://www.wikidata.org/entity/Q7368, http://www.wikidata.org/entity/Q8495, http://www.wikidata.org/entity/Q10943, http://www.wikidata.org/entity/Q10990","-4.315","37.54333333333334","-3.5","40.2"
"Mountain landscape and reference chains","The reference mountain chain of this VC is Betic System. The reference mountain landscape of this VC is Zuheros. Sheep farming with similar characteristics extends to other municipalities of the Sierras Subbéticas Cordobesas (Cabra, Priego de Córdoba, Luque and Carcabuey), and also to areas of the province of Córdoba and other Andalusian provinces such as Granada and Seville. Greece, Romania, Italy and France are other EU countries where sheep farming is important.","greece, romania, italy, france, zuheros, carcabuey, granada, seville","http://www.wikidata.org/entity/Q41, http://www.wikidata.org/entity/Q218, http://www.wikidata.org/entity/Q38, http://www.wikidata.org/entity/Q142, http://www.wikidata.org/entity/Q228599, http://www.wikidata.org/entity/Q842679, http://www.wikidata.org/entity/Q8810, http://www.wikidata.org/entity/Q8717","23.0","38.5","-3.5","40.2"
"Key local assets","The resources in terms of farms, pastures, livestock and shepherds are local, although the infrastructure and housing associated with these farms have sometimes been abandoned or are in serious disrepair. There are no known plans for sustainable forest and pastures management. Supplementary feed is purchased from outside the production area. About the LAU: 14075.","","","-3.600833333333333","37.17805555555555","-3.5","40.2"
"Challenges","It is a value chain with very little innovation that must ensure sustainable management of the forest and pastures, gain in diversification and fight against the difficult generational renewal of shepherds and average profitability of farms. Overall the type of challenge faced by this VC is Current. This VC is classified as Traditional.","value chain","http://www.wikidata.org/entity/Q646107","-1.1302777777777777","37.986111111111114","-3.5","40.2"
"Innovation","The type of innovation of this VC is unspecified. There are no innovative elements in the value chain, which represents a serious challenge to guarantee the medium-term sustainability of these farms, which are also sometimes located in areas that are difficult to access and do not have facilities that make management attractive. The innovation is related to the whole VC. The land use systems involved are Grassland. The local assets include Natural, social and cultural.","innovation, value chain, grassland","http://www.wikidata.org/entity/Q174165, http://www.wikidata.org/entity/Q646107, http://www.wikidata.org/entity/Q1006733","12.5","42.5","-3.5","40.2"
"Geography and population","The size of the area (km2) is 42.36. The minimum altimetry of the LAU is 500. The maximum altimetry of the LAU is 1300. The total population (in thousand) is 0.635. The population density (Inhabitants/km2) in the LAU is 14.99. The population change rate of the LAU in the last 10 years (%) has been -17.20%. The overall regional population density (Inhabitants/km2) is 97. The regional population change rate in the last 10 years (%) has been -0.01%.","population density","http://www.wikidata.org/entity/Q22856","2.0","47.0","-3.5","40.2"
"Income and gross value added","The average per capita income (EUR/year) [NUTS3] is 9426.19. The total Gross Value Added (GVA) (EUR million/year) [NUTS3] is 13153.1. The primary sector share of total GVA/year [NUTS3] is 10.50%. The secondary sector share of total GVA/year [NUTS3] is 17.61%. The tertiary sector share of total GVA/year [NUTS3] is 71.89%. The per capita income (EUR/year) [NUTS2] is 16409.45. The total Gross Value Added (GVA) (EUR million/year) [NUTS2] is 150440. The primary sector share of total GVA/year [NUTS2] is 6.53%. The secondary sector share of total GVA/year [NUTS2] is 20.01%. The tertiary sector share of total GVA/year [NUTS2] is 73.46%.","gross value added, per capita income, year","http://www.wikidata.org/entity/Q994873, http://www.wikidata.org/entity/Q45918, http://www.wikidata.org/entity/Q577","-4.273333333333333","37.44361111111111","-3.5","40.2"
"Tourism","The total number of bed places (BPs) in tourist accommodations/year in the LAU is 169. The regional (NUTS2) share of total BPs/year is 0,03%. The number of agricultural holdings in the LAU is 151. The nearest settlement with population over 100000 (km) is 65.9. In this region protected areas are present.","","","-5.983333333333333","37.38333333333333","-3.5","40.2"
"Employment","The primary sector share of total employment/year [NUTS3] is 12.90%. The secondary sector share of total employment/year [NUTS3] is 20.62%. The tertiary sector share of total employment/year [NUTS3] is 66.48%. The primary sector share of total employment/year [NUTS2] is 9.44%. The secondary sector share of total employment/year [NUTS2] is 16.41%. The tertiary sector share of total employment/year [NUTS2] is 74.15%.","employment, year","http://www.wikidata.org/entity/Q656365, http://www.wikidata.org/entity/Q577","-3.6359560379276816","37.2203731332589","-3.5","40.2"
"Concluding remarks","Sheep farming with similar characteristics extends to other municipalities of the Sierras Subbéticas Cordobesas (Cabra, Priego de Córdoba, Luque and Carcabuey), and also to areas of the province of Córdoba and other Andalusian provinces such as Granada and Seville. Greece, Romania, Italy and France are other EU countries where sheep farming is important.","greece, romania, italy, france, sheep, carcabuey, granada, seville","http://www.wikidata.org/entity/Q41, http://www.wikidata.org/entity/Q218, http://www.wikidata.org/entity/Q38, http://www.wikidata.org/entity/Q142, http://www.wikidata.org/entity/Q7368, http://www.wikidata.org/entity/Q842679, http://www.wikidata.org/entity/Q8810, http://www.wikidata.org/entity/Q8717","25.0","46.0","-3.5","40.2"
