title,description,objects,objectlinks,lon,lat,barycenter_lon,barycenter_lat
"MOUNTAIN HEALTH / SPA TOURISM","The MOVING reference member state of this VC is BULGARIA. The reference MOVING Card ID of this VC is VC 14 BG.","reference, bulgaria","http://www.wikidata.org/entity/Q121769, http://www.wikidata.org/entity/Q219","25.5","42.75","25.5","42.75"
"Interest on this VC","Bulgaria has a well developed health tourism industry based upon 30-40 spa resorts, many of which were developed initially during the communist period and then more recently modernised. The majority of these spas are mountain (rather than coastal) resorts. One of the most well-known centres for mountain health / spa tourism is the Devin region in the Rhodope mountains.","bulgaria, health, tourism, spa, majority, mountain, rhodope mountains","http://www.wikidata.org/entity/Q219, http://www.wikidata.org/entity/Q12147, http://www.wikidata.org/entity/Q49389, http://www.wikidata.org/entity/Q1341387, http://www.wikidata.org/entity/Q7382648, http://www.wikidata.org/entity/Q8502, http://www.wikidata.org/entity/Q6489","24.574166666666667","41.60111111111111","25.5","42.75"
"Mountain landscape and reference chains","The reference mountain chain of this VC is Rhodope Mountains. The reference mountain landscape of this VC is Devlin Municipality in Smolyan Province (BG424).","rhodope mountains, smolyan province, reference, mountain, landscape, municipality","http://www.wikidata.org/entity/Q6489, http://www.wikidata.org/entity/Q2012430, http://www.wikidata.org/entity/Q121769, http://www.wikidata.org/entity/Q8502, http://www.wikidata.org/entity/Q107425, http://www.wikidata.org/entity/Q15284","24.583333333333332","41.666666666666664","25.5","42.75"
"Key local assets","N/A. About the LAU: SML09.","","","25.40433508189352","42.75651608474634","25.5","42.75"
"Challenges","N/A. Overall the type of challenge faced by this VC is Current. This VC is classified as Traditional.","","","25.532908339236243","42.68325821669858","25.5","42.75"
"Innovation","The type of innovation of this VC is unspecified. The innovation is related to the whole VC. The land use systems involved are N/A. The local assets include Natural.","innovation","http://www.wikidata.org/entity/Q174165","25.568897249432947","42.79442492619268","25.5","42.75"
"Geography and population","The size of the area (km2) is 573.7. The minimum altimetry of the LAU is unspecified. The maximum altimetry of the LAU is unspecified. The total population (in thousand) is 10.931. The population density (Inhabitants/km2) in the LAU is 19.05. The population change rate of the LAU in the last 10 years (%) is unspecified. The overall regional population density (Inhabitants/km2) is 63.70. The regional population change rate in the last 10 years (%) has been -0.06%.","population density","http://www.wikidata.org/entity/Q22856","25.543301988832116","42.74499068156362","25.5","42.75"
"Income and gross value added","The average per capita income (EUR/year) [NUTS3] is 5400. The total Gross Value Added (GVA) (EUR million/year) [NUTS3] is 500. The primary sector share of total GVA/year [NUTS3] is 8.40%. The secondary sector share of total GVA/year [NUTS3] is 38.80%. The tertiary sector share of total GVA/year [NUTS3] is 52.80%. The per capita income (EUR/year) [NUTS2] is 5600. The total Gross Value Added (GVA) (EUR million/year) [NUTS2] is 6888. The primary sector share of total GVA/year [NUTS2] is 5.90%. The secondary sector share of total GVA/year [NUTS2] is 35.20%. The tertiary sector share of total GVA/year [NUTS2] is 59.00%.","gross value added, per capita income, year","http://www.wikidata.org/entity/Q994873, http://www.wikidata.org/entity/Q45918, http://www.wikidata.org/entity/Q577","25.433058447514814","42.741595397039966","25.5","42.75"
"Tourism","The total number of bed places (BPs) in tourist accommodations/year in the LAU is 10138. The regional (NUTS2) share of total BPs/year is 37.40%. The number of agricultural holdings in the LAU is 20890. The nearest settlement with population over 100000 (km) is unspecified. In this region protected areas are present.","number, bed, year","http://www.wikidata.org/entity/Q11563, http://www.wikidata.org/entity/Q42177, http://www.wikidata.org/entity/Q577","25.598717970100456","42.75649406848688","25.5","42.75"
"Employment","The primary sector share of total employment/year [NUTS3] is 20.50%. The secondary sector share of total employment/year [NUTS3] is 38.00%. The tertiary sector share of total employment/year [NUTS3] is 41.40%. The primary sector share of total employment/year [NUTS2] is 24.20%. The secondary sector share of total employment/year [NUTS2] is 30.70%. The tertiary sector share of total employment/year [NUTS2] is 45.10%.","employment, year","http://www.wikidata.org/entity/Q656365, http://www.wikidata.org/entity/Q577","25.473340905798892","42.73143286628297","25.5","42.75"
"Concluding remarks","","","","25.557400478198055","42.840500983780856","25.5","42.75"
