title,description,objects,objectlinks,lon,lat,barycenter_lon,barycenter_lat
"Elderly care in Carcabuey","The MOVING reference member state of this VC is SPAIN ADEGUA. The reference MOVING Card ID of this VC is VC 34 ES. This highly feminised value chain combines public, private and social resources in a mixed governance system that incorporates the monetised and the non-monetised, and which is allowing both these elderly people and local and immigrant women who work in the chain to stay in the territory and for the first time professionalise the sector, while generating tangible and intangible, individual and collective value. It is a self-perceived quality chain in which the cultural, participatory and social cohesion aspects of the municipality are of great relevance, together with the health, care or family aspects that are generally present in the care field.","spain, value chain","http://www.wikidata.org/entity/Q29, http://www.wikidata.org/entity/Q646107","-3.5","40.2","-3.5","40.2"
"Interest on this VC","In a context of ageing population, care of the elderly represents an important economic activity with local peculiarities. In this case a perception of high quality (self-assessed), specific relevance due to ageing and depopulation in mountain centres in the area, interaction with the environment and territorial identity: survival of intergenerational social cohesion. Private care company that hires local women and enables them to professionalise their activity. Professionalisation through certificates of professionalism based on experience in the informal sector in a traditionally female sector and closely linked to the non-monetised and informal economy. Maintaining female population under 65 and attraction of immigrant female population (some in the formal sector, more in the informal sector).The value chain presents a scale that allows a multilevel governance system based on the proximity and interaction of all the actors involved, although a greater structuring would be necessary to coordinate the response,.","perception, self, relevance, mountain, survival, informal economy, value chain, system, structuring","http://www.wikidata.org/entity/Q160402, http://www.wikidata.org/entity/Q3236990, http://www.wikidata.org/entity/Q1074648, http://www.wikidata.org/entity/Q8502, http://www.wikidata.org/entity/Q104482419, http://www.wikidata.org/entity/Q944235, http://www.wikidata.org/entity/Q646107, http://www.wikidata.org/entity/Q58778, http://www.wikidata.org/entity/Q381442","-3.4278955908093978","40.22050576107185","-3.5","40.2"
"Mountain landscape and reference chains","The reference mountain chain of this VC is Betic System. The reference mountain landscape of this VC is Carcabuey. Carcabuey is located in the Sierra Subbética with practically all of its extension forming part of the Natural Park. Its economy depends mainly on the olive growing with a high seasonality in employment and suffers from a process of depopulation, that continues in this trend, and the aging of its population, with almost a quarter of it over 65 years old and an exodus of the younger population that is not engaged in agriculture. On the other hand, it is a highly cohesive society, with strong intergenerational links, maintaining local culture and idiosyncrasy and showing a very participatory character.","reference, mountain, landscape, carcabuey, park","http://www.wikidata.org/entity/Q121769, http://www.wikidata.org/entity/Q8502, http://www.wikidata.org/entity/Q107425, http://www.wikidata.org/entity/Q842679, http://www.wikidata.org/entity/Q22698","-4.273333333333333","37.44361111111111","-3.5","40.2"
"Key local assets","Municipal residence for the elderly managed by private company (PROMI). Active participation centre. Dependency assistance company hired by municipality. Emergency carers, a service managed by the Provincial Council. Assistance in the framework of the informal economy. Organised civil society groups (there are 40 associations). Neighbourhood mutual aid. Older people themselves. About the LAU: 14015.","municipality, informal economy","http://www.wikidata.org/entity/Q15284, http://www.wikidata.org/entity/Q944235","-3.535013475042577","40.24631603746261","-3.5","40.2"
"Challenges","Ageing population (23% of total population over 65, 12% over 80 ), negative replacement rate , depopulation and exodus of young population (11.4% total descent in 10 years), public resources do not cover all needs, informal economy, professionalisation process under development but not consolidated, precarisation of female work, disappearance of local and social cultures of small Sierra communities. Overall the type of challenge faced by this VC is Current. This VC is classified as Traditional and Innovative.","informal economy","http://www.wikidata.org/entity/Q944235","-3.5627617655241157","40.18787220345875","-3.5","40.2"
"Innovation","The type of innovation of this VC is Endogenous and Exogenous. Informal and traditional care, from the whole society for the whole society, survive. Then a series of public services have been developed to attend to the needs of the elderly population, which through public-private partnerships have become more professionalised. Its mixed governance, combining traditional care and the new services can be considered an innovation. The innovation is related to New governance systems. The land use systems involved are urban space and infrastructures. The local assets include Social and cultural.","innovation, society, governance","http://www.wikidata.org/entity/Q174165, http://www.wikidata.org/entity/Q8425, http://www.wikidata.org/entity/Q1553864","-3.415210842135111","40.2546484087307","-3.5","40.2"
"Geography and population","The size of the area (km2) is 79.78. The minimum altimetry of the LAU is 550. The maximum altimetry of the LAU is 1300. The total population (in thousand) is 2.371. The population density (Inhabitants/km2) in the LAU is 29.72. The population change rate of the LAU in the last 10 years (%) has been -11.70%. The overall regional population density (Inhabitants/km2) is 97. The regional population change rate in the last 10 years (%) has been -0.01%.","population density","http://www.wikidata.org/entity/Q22856","-3.441050131998646","40.27564392346536","-3.5","40.2"
"Income and gross value added","The average per capita income (EUR/year) [NUTS3] is 9969.71. The total Gross Value Added (GVA) (EUR million/year) [NUTS3] is 13153.1. The primary sector share of total GVA/year [NUTS3] is 10.50%. The secondary sector share of total GVA/year [NUTS3] is 17.61%. The tertiary sector share of total GVA/year [NUTS3] is 71.89%. The per capita income (EUR/year) [NUTS2] is 16409.45. The total Gross Value Added (GVA) (EUR million/year) [NUTS2] is 150440. The primary sector share of total GVA/year [NUTS2] is 6.53%. The secondary sector share of total GVA/year [NUTS2] is 20.01%. The tertiary sector share of total GVA/year [NUTS2] is 73.46%.","gross value added, per capita income, year","http://www.wikidata.org/entity/Q994873, http://www.wikidata.org/entity/Q45918, http://www.wikidata.org/entity/Q577","-3.4442857352496494","40.295178471409784","-3.5","40.2"
"Tourism","The total number of bed places (BPs) in tourist accommodations/year in the LAU is 370. The regional (NUTS2) share of total BPs/year is 0,07%. The number of agricultural holdings in the LAU is 522. The nearest settlement with population over 100000 (km) is 82.5. In this region protected areas are present.","","","-3.5276075910797697","40.29596608299247","-3.5","40.2"
"Employment","The primary sector share of total employment/year [NUTS3] is 12.90%. The secondary sector share of total employment/year [NUTS3] is 20.62%. The tertiary sector share of total employment/year [NUTS3] is 66.48%. The primary sector share of total employment/year [NUTS2] is 9.44%. The secondary sector share of total employment/year [NUTS2] is 16.41%. The tertiary sector share of total employment/year [NUTS2] is 74.15%.","employment, year","http://www.wikidata.org/entity/Q656365, http://www.wikidata.org/entity/Q577","-3.545024469822392","40.19000306437401","-3.5","40.2"
"Concluding remarks","This VC is present in other Sierra small communities in the Subbética but is being challenged by the processes of depopulation and ageing that put into risk the social balances and social cohesion and the availability of the needed resources.","risk, availability","http://www.wikidata.org/entity/Q104493, http://www.wikidata.org/entity/Q384871","-3.4125459617515417","40.24671148151995","-3.5","40.2"
