title,description,objects,objectlinks,lon,lat,barycenter_lon,barycenter_lat
"Indigenous pulses, cereals and fruits of Ascara (Jaca)","The MOVING reference member state of this VC is SPAIN ADEGUA. The reference MOVING Card ID of this VC is VC 35 ES. The 'Organic Production of Foodstuffs linked to the Aragonese Territory' project, coordinated by the ATADES Gardeniers Special Employment Center, aims to evaluate the productivity and viability of native legumes in mountain areas such as boliche, chickpeas, and lentils; the revaluation of the Torres de Berrellén melon in the traditional growing region in the province of Zaragoza; the development of innovative products from local varieties; and the research and development of organic honey from borage flower. The project is part of the Rural Development Program, funded by the Government of Aragon and the European Agricultural Fund for Rural Development (EAFRD).","spain, boliche, borage, aragon","http://www.wikidata.org/entity/Q29, http://www.wikidata.org/entity/Q4939431, http://www.wikidata.org/entity/Q147075, http://www.wikidata.org/entity/Q4040","-3.5","40.2","-3.5","40.2"
"Interest on this VC","Cielos de Ascara is a unique and responsible project that recovers the natural, cultural, and ecological heritage in the Aragonese Pyrenees. It integrates people with particular social and labor insertion difficulties. The project pursues its members' cooperation to manage natural resources and inputs for organic food production efficiently. The project combines actions in mountain and valley areas and promotes public-private collaboration. It is an endogenous innovation project that connects multiple local actors while efficiently leveraging public co-financing aimed at promoting territorially-based social development.","ascara, project, pyrenees, cooperation, organic food, mountain, valley, collaboration","http://www.wikidata.org/entity/Q8206262, http://www.wikidata.org/entity/Q170584, http://www.wikidata.org/entity/Q12431, http://www.wikidata.org/entity/Q380962, http://www.wikidata.org/entity/Q380778, http://www.wikidata.org/entity/Q8502, http://www.wikidata.org/entity/Q39816, http://www.wikidata.org/entity/Q1145523","-0.6527777777777778","42.56916666666667","-3.5","40.2"
"Mountain landscape and reference chains","The reference mountain chain of this VC is Pyrenees. The reference mountain landscape of this VC is Jaca (Ascara). The Canal de Berdún, where Cielos de Ascara is located, is a particular and different territory within the Pyrenean ecosystem. On the other hand, the project is implemented in areas of the provinces of Huesca and Zaragoza, depending on the crop or product. Native legumes (boliche, chickpeas and lentils) and honey in Ascara (Huesca) and melon from Torres de Berrellén in Alagón and Montañana (Zaragoza). Besides, trials will be implemented on the Gardeniers farm in the Cielos de Ascara agroecological social project, with Sigpac references. Most of the experimentation will be carried out in this area, which belongs to the municipality of Jaca in the Jacetania region and is included in the Natura 2000 Network.","reference, mountain, pyrenees, landscape, jaca, ascara, canal, territory, ecosystem, project, huesca, zaragoza, boliche, honey, farm, natura 2000","http://www.wikidata.org/entity/Q121769, http://www.wikidata.org/entity/Q8502, http://www.wikidata.org/entity/Q12431, http://www.wikidata.org/entity/Q107425, http://www.wikidata.org/entity/Q49581, http://www.wikidata.org/entity/Q8206262, http://www.wikidata.org/entity/Q12284, http://www.wikidata.org/entity/Q183366, http://www.wikidata.org/entity/Q37813, http://www.wikidata.org/entity/Q170584, http://www.wikidata.org/entity/Q11967, http://www.wikidata.org/entity/Q10305, http://www.wikidata.org/entity/Q4939431, http://www.wikidata.org/entity/Q10987, http://www.wikidata.org/entity/Q131596, http://www.wikidata.org/entity/Q503021","-0.55","42.55","-3.5","40.2"
"Key local assets","Aragon has an important food heritage. There is a growing demand for sustainable, proximity, healthy, higher quality, and flavorful horticultural products. However, despite the demand, it is currently constrained, and the consumer has hardly any access. Besides, the current market is looking for innovative products as a diversity source for a standardized market occupied by few varieties. Faced with this situation, the project 'Organic Production of Foodstuffs linked to the Aragonese Territory' will carry out actions that will allow the recovery of traditional products. About the LAU: 22130.","aragon, demand, project, foodstuffs, territory","http://www.wikidata.org/entity/Q4040, http://www.wikidata.org/entity/Q4402708, http://www.wikidata.org/entity/Q170584, http://www.wikidata.org/entity/Q5465572, http://www.wikidata.org/entity/Q183366","-1.0","41.0","-3.5","40.2"
"Challenges","The main challenge is to guarantee sustainability in its triple economic, social, and ecological aspects and maintain a solid and flexible collaboration between the institutional and private actors that support the project and articulate an effective interconnection between the different activities promoted by the project. Extending this model and collaborating with other similar initiatives could reinforce its strategy and make it gain visibility. The support of public funding for rural development policies and the connection with urban consumption environments are opportunities to be successfully developed. Overall the type of challenge faced by this VC is Current. This VC is classified as Innovative.","sustainability, collaboration, project, interconnection, funding","http://www.wikidata.org/entity/Q219416, http://www.wikidata.org/entity/Q1145523, http://www.wikidata.org/entity/Q170584, http://www.wikidata.org/entity/Q1665949, http://www.wikidata.org/entity/Q6055890","1.0","42.666666666666664","-3.5","40.2"
"Innovation","The type of innovation of this VC is Endogenous. It is an innovative project in its general strategy of revitalization of rural and mountain areas, with particular attention to areas of natural and cultural interest, which aims to recover traditional varieties, promote organic production and consumption, connect rural and urban areas, generate employment, foster social integration and stimulate forms of public-private cooperation. The innovation is related to New products, New processes, New marketing strategies and New governance systems. The land use systems involved are Cropland. The local assets include Natural, social and cultural.","innovation, marketing, governance","http://www.wikidata.org/entity/Q174165, http://www.wikidata.org/entity/Q39809, http://www.wikidata.org/entity/Q1553864","-0.40889722222222225","42.1401","-3.5","40.2"
"Geography and population","The size of the area (km2) is 406.35. The minimum altimetry of the LAU is 650. The maximum altimetry of the LAU is 2100. The total population (in thousand) is 13.129. The population density (Inhabitants/km2) in the LAU is 32.31. The population change rate of the LAU in the last 10 years (%) has been -0.02%. The overall regional population density (Inhabitants/km2) is 27.86. The regional population change rate in the last 10 years (%) has been 0.00%.","population density","http://www.wikidata.org/entity/Q22856","-0.8833333333333333","41.65","-3.5","40.2"
"Income and gross value added","The average per capita income (EUR/year) [NUTS3] is 25838. The total Gross Value Added (GVA) (EUR million/year) [NUTS3] is 5551,3. The primary sector share of total GVA/year [NUTS3] is 15.04%. The secondary sector share of total GVA/year [NUTS3] is 21.59%. The tertiary sector share of total GVA/year [NUTS3] is 63.37%. The per capita income (EUR/year) [NUTS2] is 12300. The total Gross Value Added (GVA) (EUR million/year) [NUTS2] is 34506. The primary sector share of total GVA/year [NUTS2] is 6.32%. The secondary sector share of total GVA/year [NUTS2] is 31.14%. The tertiary sector share of total GVA/year [NUTS2] is 62.53%.","gross value added, per capita income, year","http://www.wikidata.org/entity/Q994873, http://www.wikidata.org/entity/Q45918, http://www.wikidata.org/entity/Q577","-0.9775236704100093","40.93566374012581","-3.5","40.2"
"Tourism","The total number of bed places (BPs) in tourist accommodations/year in the LAU is 5929. The regional (NUTS2) share of total BPs/year is unspecified. The number of agricultural holdings in the LAU is 206. The nearest settlement with population over 100000 (km) is 72.4. In this region protected areas are present.","","","-0.90915792228949","41.06228377592422","-3.5","40.2"
"Employment","The primary sector share of total employment/year [NUTS3] is 13.40%. The secondary sector share of total employment/year [NUTS3] is 25.00%. The tertiary sector share of total employment/year [NUTS3] is 61.50%. The primary sector share of total employment/year [NUTS2] is 6.37%. The secondary sector share of total employment/year [NUTS2] is 27.62%. The tertiary sector share of total employment/year [NUTS2] is 66.09%.","employment, year","http://www.wikidata.org/entity/Q656365, http://www.wikidata.org/entity/Q577","-0.9205880208396297","40.965248539515166","-3.5","40.2"
"Concluding remarks","Besides, the actions will be developed in areas of Sites of Community Importance (SCI) and Special Protection Area for Birds (SPA) of the protected landscape of San Juan de la Peña and Monte Oroel and the Natural Park of the Western Valleys. Part of the Torres de Berrellén melon trials will also be carried out at the research centre Centro de Investigación y Tecnología Agroalimentaria de Aragón (CITA) facilities located in Montañana. The transformation part will be carried out in the Processing Plant of organic vegetables and fruits of the Special Employment Center Gardeniers of ATADES, in the organic canning workshop that manages in Mercazaragoza. Similar initiatives are found in many rural areas, also sometimes in mountain areas, in Europe. However, the proposal's solidity stands out here, articulated on innovative bases, agroecology, social insertion, and digital bet.","europe, special protection area, spa, landscape, juan, park, research, plant, employment, canning, workshop, mountain, agroecology","http://www.wikidata.org/entity/Q46, http://www.wikidata.org/entity/Q2463705, http://www.wikidata.org/entity/Q1341387, http://www.wikidata.org/entity/Q107425, http://www.wikidata.org/entity/Q475210, http://www.wikidata.org/entity/Q22698, http://www.wikidata.org/entity/Q42240, http://www.wikidata.org/entity/Q756, http://www.wikidata.org/entity/Q656365, http://www.wikidata.org/entity/Q843389, http://www.wikidata.org/entity/Q656720, http://www.wikidata.org/entity/Q8502, http://www.wikidata.org/entity/Q396338","-0.9534915733213291","40.95999325132652","-3.5","40.2"
