title,description,objects,objectlinks,lon,lat,barycenter_lon,barycenter_lat
"Gofio Canario","The MOVING reference member state of this VC is SPAIN ADEGUA. The reference MOVING Card ID of this VC is VC 37 ES. In the pre-Hispanic period, gofio was made manually. With the modernization of technology, the process moved from hydraulic mills to diesel-powered mills to finally produce gofio with electric mills. The production process includes four phases: Cultivation and harvesting of the cereal; Threshing, cleaning, and selection of the grain; Toasting; Milling. Mills are kept in operation in almost all the islands, being more frequent in Gran Canaria and Tenerife, with different types of gofio on the market (oats, wheat, millet, spelt..). It is sold directly in the mills, in local commerce, large-scale distribution, and online.","spain, gofio, modernization, technology, gran canaria, tenerife, millet, commerce","http://www.wikidata.org/entity/Q29, http://www.wikidata.org/entity/Q1412378, http://www.wikidata.org/entity/Q878526, http://www.wikidata.org/entity/Q11016, http://www.wikidata.org/entity/Q178925, http://www.wikidata.org/entity/Q40846, http://www.wikidata.org/entity/Q259438, http://www.wikidata.org/entity/Q26643","-3.5","40.2","-3.5","40.2"
"Interest on this VC","The gofio of the Canary Islands is a product elaborated mainly from millet or wheat. Its origin is Berber, and the aborigines of the Canary Islands mostly consumed it. In ancient times, different types of gofio were made using ingredients such as wheat, lentils, barley, and even fern rhizomes. After the Canary Islands' conquest, the variety of cereals grew, since until then, only wheat and barley were used. After the discovery of America, it also began to be made with corn or millet. Some mills have outstanding heritage resources related to the history of gofio production. Others, such as the Molino del Fuego in Telde, are more than one hundred years old. There is a whole cultural and social tradition around gofio in the gastronomy and food of the Canary Islands that has spread to other South American and African countries.","canary islands, gofio, millet, fern, conquest, history, telde, tradition, gastronomy, food, south","http://www.wikidata.org/entity/Q5813, http://www.wikidata.org/entity/Q1412378, http://www.wikidata.org/entity/Q259438, http://www.wikidata.org/entity/Q80005, http://www.wikidata.org/entity/Q1361229, http://www.wikidata.org/entity/Q309, http://www.wikidata.org/entity/Q55845, http://www.wikidata.org/entity/Q82821, http://www.wikidata.org/entity/Q171141, http://www.wikidata.org/entity/Q2095, http://www.wikidata.org/entity/Q667","-15.416666666666666","27.998333333333335","-3.5","40.2"
"Mountain landscape and reference chains","The reference mountain chain of this VC is Gran Canaria Island. The reference mountain landscape of this VC is Telde. As mentioned above, the raw material comes mainly from outside the islands. The economic weight and sociocultural value associated with gofio's production and consumption are the two essential elements that define its importance in the Canary Islands as a whole.","canary islands, gran canaria, telde","http://www.wikidata.org/entity/Q5813, http://www.wikidata.org/entity/Q178925, http://www.wikidata.org/entity/Q55845","-15.5925","27.95861111111111","-3.5","40.2"
"Key local assets","Paradoxically, almost all the raw material are grown abroad. Thus, many mills use mixtures of cereals grown outside the islands or send the local millet seed to distant countries such as Argentina, from where they then receive the grain. The small area of millet grown in the municipality of Telde is often used as cattle feed. In some cases, such as in the Biosphere Reserve on the island of La Palma, a social initiative carries out the entire process. The Canary Islands Government has declared 'El Molino del Conde,' located in Telde, Gran Canaria, an Asset of Cultural Interest. About the LAU: 35026.","argentina, la palma, canary islands, telde, biosphere reserve, millet, municipality, cattle, government, del, gran canaria, asset, interest","http://www.wikidata.org/entity/Q414, http://www.wikidata.org/entity/Q201689, http://www.wikidata.org/entity/Q5813, http://www.wikidata.org/entity/Q55845, http://www.wikidata.org/entity/Q158454, http://www.wikidata.org/entity/Q259438, http://www.wikidata.org/entity/Q15284, http://www.wikidata.org/entity/Q830, http://www.wikidata.org/entity/Q7188, http://www.wikidata.org/entity/Q334508, http://www.wikidata.org/entity/Q178925, http://www.wikidata.org/entity/Q46737, http://www.wikidata.org/entity/Q170924","-17.866666666666667","28.666666666666668","-3.5","40.2"
"Challenges","Consumption seems to remain stable, and even the catering industry and other processed foods are beginning to introduce gofio flour in their offer, while production by the mills remains stable. However, there have been critical moments coinciding with the rise in cereal prices or the competition derived from cereals for other purposes, such as biofuels. Overall the type of challenge faced by this VC is Current. This VC is classified as Traditional and Innovative.","gofio","http://www.wikidata.org/entity/Q1412378","-16.605555555555554","28.26861111111111","-3.5","40.2"
"Innovation","The type of innovation of this VC is Endogenous and Exogenous. New types of gofio have been introduced from cereals such as spelt or multigrain and organic production or particular range for children. An official competition at the archipelago level promotes every year the quality and innovation of the Canary Islands gofio sector. The innovation is related to New products. The land use systems involved are Cropland. The local assets include Social and cultural.","canary islands, innovation, gofio, spelt, archipelago, year","http://www.wikidata.org/entity/Q5813, http://www.wikidata.org/entity/Q174165, http://www.wikidata.org/entity/Q1412378, http://www.wikidata.org/entity/Q158767, http://www.wikidata.org/entity/Q33837, http://www.wikidata.org/entity/Q577","-15.748888888888889","28.53611111111111","-3.5","40.2"
"Geography and population","The size of the area (km2) is 102.43. The minimum altimetry of the LAU is 0. The maximum altimetry of the LAU is 1546. The total population (in thousand) is 102.791. The population density (Inhabitants/km2) in the LAU is 1003.52. The population change rate of the LAU in the last 10 years (%) has been 0.02%. The overall regional population density (Inhabitants/km2) is 300. The regional population change rate in the last 10 years (%) has been 0.03%.","population density","http://www.wikidata.org/entity/Q22856","12.612222222222222","23.079722222222223","-3.5","40.2"
"Income and gross value added","The average per capita income (EUR/year) [NUTS3] is 23592. The total Gross Value Added (GVA) (EUR million/year) [NUTS3] is 15777.1. The primary sector share of total GVA/year [NUTS3] is 1.24%. The secondary sector share of total GVA/year [NUTS3] is 12.56%. The tertiary sector share of total GVA/year [NUTS3] is 86.20%. The per capita income (EUR/year) [NUTS2] is 9487. The total Gross Value Added (GVA) (EUR million/year) [NUTS2] is 41468.7. The primary sector share of total GVA/year [NUTS2] is 0.74%. The secondary sector share of total GVA/year [NUTS2] is 11.28%. The tertiary sector share of total GVA/year [NUTS2] is 87.98%.","gross value added, per capita income, year","http://www.wikidata.org/entity/Q994873, http://www.wikidata.org/entity/Q45918, http://www.wikidata.org/entity/Q577","-15.687116851778724","28.630839921298467","-3.5","40.2"
"Tourism","The total number of bed places (BPs) in tourist accommodations/year in the LAU is 1752. The regional (NUTS2) share of total BPs/year is 0,41%. The number of agricultural holdings in the LAU is 282. The nearest settlement with population over 100000 (km) is 21. In this region protected areas are present.","number, bed, year","http://www.wikidata.org/entity/Q11563, http://www.wikidata.org/entity/Q42177, http://www.wikidata.org/entity/Q577","-15.778987349292509","28.572042843932543","-3.5","40.2"
"Employment","The primary sector share of total employment/year [NUTS3] is 2.70%. The secondary sector share of total employment/year [NUTS3] is 11.40%. The tertiary sector share of total employment/year [NUTS3] is 86.00%. The primary sector share of total employment/year [NUTS2] is 3.30%. The secondary sector share of total employment/year [NUTS2] is 11.60%. The tertiary sector share of total employment/year [NUTS2] is 85.10%.","employment, year","http://www.wikidata.org/entity/Q656365, http://www.wikidata.org/entity/Q577","-15.660262212333869","28.55784886688729","-3.5","40.2"
"Concluding remarks","It is among the best known natural products of the Canary Islands, and its centennial influence has crossed the borders of several countries in the world such as Venezuela, Uruguay, Sahara, Cape Verde, Cuba, United States, Nicaragua, Puerto Rico or Dominican Republic, among others.","canary islands, venezuela, cape verde, cuba, nicaragua, puerto rico, dominican republic, sahara, centennial, world, uruguay","http://www.wikidata.org/entity/Q5813, http://www.wikidata.org/entity/Q717, http://www.wikidata.org/entity/Q1011, http://www.wikidata.org/entity/Q241, http://www.wikidata.org/entity/Q811, http://www.wikidata.org/entity/Q1183, http://www.wikidata.org/entity/Q786, http://www.wikidata.org/entity/Q6583, http://www.wikidata.org/entity/Q48995876, http://www.wikidata.org/entity/Q16502, http://www.wikidata.org/entity/Q77","-24.083333333333332","15.916666666666666","-3.5","40.2"
