title,description,objects,objectlinks,lon,lat,barycenter_lon,barycenter_lat
"Wood charcoal from Gran Canaria island","The MOVING reference member state of this VC is SPAIN ADEGUA. The reference MOVING Card ID of this VC is VC 48 ES. Traditional charcoal making is the craft of making charcoal from firewood. This has been an essential source of heat, used for cooking or heating houses. The charcoal maker makes charcoal by building an oven. Since the 16th century, there is evidence of regulations for making charcoal in the Canary Islands mountains. It is a local, ecological product and an example of a renewable resource that promotes the economy and employment in mountain areas, fostering rural development in the Biosphere Reserve of Gran Canaria, thus strengthening its population. It is sold locally in gas stations and stores in San Mateo, Tejeda, and Artenara.","canary islands, biosphere reserve, spain, charcoal, firewood, oven, century, renewable resource, gran canaria","http://www.wikidata.org/entity/Q5813, http://www.wikidata.org/entity/Q158454, http://www.wikidata.org/entity/Q29, http://www.wikidata.org/entity/Q177463, http://www.wikidata.org/entity/Q35808, http://www.wikidata.org/entity/Q36539, http://www.wikidata.org/entity/Q578, http://www.wikidata.org/entity/Q1138571, http://www.wikidata.org/entity/Q178925","-15.748888888888889","28.53611111111111","-3.5","40.2"
"Interest on this VC","The Gran Canaria Biosphere Reserve is one of the few that keep the charcoal industry alive. In 2014, thanks to the collaboration between the charcoal makers grouped in the 'Asociación Charamusco Carboneros de la Cumbre' and the technicians of the Environmental Service of the Cabildo, the brand CARBÓN DE LA CUMBRE was registered.","biosphere reserve, gran canaria, charcoal, collaboration, carboneros","http://www.wikidata.org/entity/Q158454, http://www.wikidata.org/entity/Q178925, http://www.wikidata.org/entity/Q177463, http://www.wikidata.org/entity/Q1145523, http://www.wikidata.org/entity/Q1635984","-3.631111111111111","38.230555555555554","-3.5","40.2"
"Mountain landscape and reference chains","The reference mountain chain of this VC is Gran Canaria Island. The reference mountain landscape of this VC is Tejeda. Carbón de La Cumbre's activity helps with the removal of dry wood from the forest. Therefore the prevention of forest fires generates economic activity and employment while maintaining an important cultural tradition. The most recent initiative offers, in addition to environmental benefits, the possibility of articulating a public-private collaboration initiative to manage natural ecosystems.","gran canaria","http://www.wikidata.org/entity/Q178925","-15.5925","27.95861111111111","-3.5","40.2"
"Key local assets","La Cumbre charcoal is made from raw material from the dry wood of species that grow spontaneously (almond and broom) and without any chemical products. About the LAU: 35025.","charcoal, material, wood, species, broom","http://www.wikidata.org/entity/Q177463, http://www.wikidata.org/entity/Q214609, http://www.wikidata.org/entity/Q287, http://www.wikidata.org/entity/Q7432, http://www.wikidata.org/entity/Q172833","-3.5","40.2","-3.5","40.2"
"Challenges","The main challenge is to make sustainable a small artisanal production, linked to the forest's local resources with the industrial type commercial offers that flood the market with very cheap charcoal offers. On the other hand, maintaining in this context the interest of charcoal makers in a complementary and economically unprofitable activity is another critical challenge, together with the need to carry out a regenerative practice of the forest and not an extractive one. Overall the type of challenge faced by this VC is Current. This VC is classified as Traditional and Innovative.","flood, charcoal, hand, interest, need, forest","http://www.wikidata.org/entity/Q8068, http://www.wikidata.org/entity/Q177463, http://www.wikidata.org/entity/Q33767, http://www.wikidata.org/entity/Q170924, http://www.wikidata.org/entity/Q190258, http://www.wikidata.org/entity/Q4421","-4.16","37.46","-3.5","40.2"
"Innovation","The type of innovation of this VC is Endogenous. Although it provides innovative nuances by linking an associative structure that brings together the charcoal producers in collaboration with the institution responsible for the Gran Canaria Biosphere Reserve, this is a traditional value chain. On the other hand, Carbón de La Cumbre intends to obtain the FSC (Forest Stewardship Council) certificate for good practices and sustainable forest use, as the vast majority of forest areas in Gran Canaria are already recognized. The innovation is related to New processes and New governance systems. The land use systems involved are Forestry. The local assets include Natural, social and cultural.","biosphere reserve, forest stewardship council, innovation, gran canaria, value chain, hand, forest, majority, governance","http://www.wikidata.org/entity/Q158454, http://www.wikidata.org/entity/Q748367, http://www.wikidata.org/entity/Q174165, http://www.wikidata.org/entity/Q178925, http://www.wikidata.org/entity/Q646107, http://www.wikidata.org/entity/Q33767, http://www.wikidata.org/entity/Q4421, http://www.wikidata.org/entity/Q7382648, http://www.wikidata.org/entity/Q1553864","-15.5925","27.95861111111111","-3.5","40.2"
"Geography and population","The size of the area (km2) is 103.3. The minimum altimetry of the LAU is 120. The maximum altimetry of the LAU is 1860. The total population (in thousand) is 1.883. The population density (Inhabitants/km2) in the LAU is 18.23. The population change rate of the LAU in the last 10 years (%) has been -0.12%. The overall regional population density (Inhabitants/km2) is 300. The regional population change rate in the last 10 years (%) has been 0.03%.","population density","http://www.wikidata.org/entity/Q22856","-1.65","42.81666666666667","-3.5","40.2"
"Income and gross value added","The average per capita income (EUR/year) [NUTS3] is 18559. The total Gross Value Added (GVA) (EUR million/year) [NUTS3] is 15777.1. The primary sector share of total GVA/year [NUTS3] is 1.24%. The secondary sector share of total GVA/year [NUTS3] is 12.56%. The tertiary sector share of total GVA/year [NUTS3] is 86.20%. The per capita income (EUR/year) [NUTS2] is 9487. The total Gross Value Added (GVA) (EUR million/year) [NUTS2] is 41468.7. The primary sector share of total GVA/year [NUTS2] is 0.74%. The secondary sector share of total GVA/year [NUTS2] is 11.28%. The tertiary sector share of total GVA/year [NUTS2] is 87.98%.","gross value added, per capita income, year","http://www.wikidata.org/entity/Q994873, http://www.wikidata.org/entity/Q45918, http://www.wikidata.org/entity/Q577","-15.609229002591874","27.93714419349279","-3.5","40.2"
"Tourism","The total number of bed places (BPs) in tourist accommodations/year in the LAU is 451. The regional (NUTS2) share of total BPs/year is 0,10 %. The number of agricultural holdings in the LAU is 65. The nearest settlement with population over 100000 (km) is 38.3. In this region protected areas are present.","","","-15.499028511857745","28.031112697037337","-3.5","40.2"
"Employment","The primary sector share of total employment/year [NUTS3] is 2.70%. The secondary sector share of total employment/year [NUTS3] is 11.40%. The tertiary sector share of total employment/year [NUTS3] is 86.00%. The primary sector share of total employment/year [NUTS2] is 3.30%. The secondary sector share of total employment/year [NUTS2] is 11.60%. The tertiary sector share of total employment/year [NUTS2] is 85.10%.","employment, year","http://www.wikidata.org/entity/Q656365, http://www.wikidata.org/entity/Q577","-15.611975322874107","27.86000424945782","-3.5","40.2"
"Concluding remarks","There has been an extraordinary activity of charcoal production from vegetal remains from the forest or derived from tree pruning in many other European regions. This is also the case of the traditional charcoal and picón production in Andalusia or the charcoal-making traditions in the Basque Country and Navarre.","charcoal, forest, tree, picón, andalusia, navarre","http://www.wikidata.org/entity/Q177463, http://www.wikidata.org/entity/Q4421, http://www.wikidata.org/entity/Q10884, http://www.wikidata.org/entity/Q1657853, http://www.wikidata.org/entity/Q5783, http://www.wikidata.org/entity/Q4018","-4.060277777777777","39.04972222222222","-3.5","40.2"
