title,description,objects,objectlinks,lon,lat,barycenter_lon,barycenter_lat
"'STRANDZHANSKI MANOV MED' (STRANDZHA MANNA HONEY)","The MOVING reference member state of this VC is BULGARIA. The reference MOVING Card ID of this VC is VC 15 BG. Beekeeping has always been a common activity in the Strandzha region and the design of the bee skeps (baskets) and stumps used in the region today date from the end of the 19th century. The honey is collected during the months of June, July and August when the bees are foraging on the thick, sweet juice called 'honeydew' ('manna') that is emitted from the leaves of the oak trees under the very specific climatic conditions of the Strandzha massif. Strandzhanski manov med has been registered as a PDO since April 2019. It has a very specific reddish colour, thick consistency and slight acidity bitter taste. Most honey is sold locally, but there are significant sales throughout Bulgaria (including by online sales / mail order) - plus demand from abroad. Other therapeutic bee products are also made by the same bee-keepers.","bulgaria, reference, strandzha, design, century, honey, june, july, august, juice, manna, massif, consistency, taste, sales, mail, demand","http://www.wikidata.org/entity/Q219, http://www.wikidata.org/entity/Q121769, http://www.wikidata.org/entity/Q539174, http://www.wikidata.org/entity/Q82604, http://www.wikidata.org/entity/Q578, http://www.wikidata.org/entity/Q10987, http://www.wikidata.org/entity/Q120, http://www.wikidata.org/entity/Q121, http://www.wikidata.org/entity/Q122, http://www.wikidata.org/entity/Q8492, http://www.wikidata.org/entity/Q241156, http://www.wikidata.org/entity/Q1061151, http://www.wikidata.org/entity/Q1319773, http://www.wikidata.org/entity/Q124794, http://www.wikidata.org/entity/Q194189, http://www.wikidata.org/entity/Q49845, http://www.wikidata.org/entity/Q4402708","25.5","42.75","25.5","42.75"
"Interest on this VC","Many different types of mountain honey are produced in Bulgaria depending upon the season and the vegetation that is flowering, but one of the most famous is the dark brown 'manna honey' produced in the Strandzha mountains in south-east Bulgaria. Tsarevo Municipality (BGS13) in Burgas Province (BG341) is one of the centres of production of this speciality honey.","bulgaria, burgas province, mountain, honey, vegetation, manna, strandzha, tsarevo municipality","http://www.wikidata.org/entity/Q219, http://www.wikidata.org/entity/Q369220, http://www.wikidata.org/entity/Q8502, http://www.wikidata.org/entity/Q10987, http://www.wikidata.org/entity/Q187997, http://www.wikidata.org/entity/Q241156, http://www.wikidata.org/entity/Q539174, http://www.wikidata.org/entity/Q2721122","27.85","42.16694444444445","25.5","42.75"
"Mountain landscape and reference chains","The reference mountain chain of this VC is Strandzha Mountains. The reference mountain landscape of this VC is Tsarevo Municipality in Burgas Province (BG341). Burgas Province (BG341) lies in south-east Bulgaria against the Black Sea coast and is the largest province in the country. The Strandzha mountains are in the south of the province on the border with and rise to an altitude of around 1,000 metres. The Strandzha Nature Park lies within the mountain massif and is the largest protected area in Bulgaria spanning a territory of 1,161 square kilometres and including five nature reserves and 14 other protected areas. The relief of the Strandzha mountains is characterised by mild rolling ridges covered with dense woods. To the west the mountain slopes are steeper and more rugged.","burgas province, bulgaria, black sea, reference, mountain, tsarevo municipality, burgas, province, strandzha, strandzha nature park, protected area","http://www.wikidata.org/entity/Q369220, http://www.wikidata.org/entity/Q219, http://www.wikidata.org/entity/Q166, http://www.wikidata.org/entity/Q121769, http://www.wikidata.org/entity/Q8502, http://www.wikidata.org/entity/Q2721122, http://www.wikidata.org/entity/Q6509, http://www.wikidata.org/entity/Q34876, http://www.wikidata.org/entity/Q539174, http://www.wikidata.org/entity/Q12295654, http://www.wikidata.org/entity/Q473972","27.47017888888889","42.502965","25.5","42.75"
"Key local assets","The very specific natural asset used to produce Strandzhanski manov med (Manna honey) is the Natura 2000 designated oak forests of the Strandzha mountains in the south of Burgas Province. Due to their proximity to the Black, Marmara and Aegean Seas, the Strandzha mountains have relatively high air humidity and mild temperatures which, combined with the local soil conditions, creates a very specific flora in the oak forests. About the LAU: BGS13.","burgas province, black, asset, manna, honey, natura 2000, strandzha, south, humidity, soil, flora","http://www.wikidata.org/entity/Q369220, http://www.wikidata.org/entity/Q23445, http://www.wikidata.org/entity/Q46737, http://www.wikidata.org/entity/Q241156, http://www.wikidata.org/entity/Q10987, http://www.wikidata.org/entity/Q503021, http://www.wikidata.org/entity/Q539174, http://www.wikidata.org/entity/Q667, http://www.wikidata.org/entity/Q180600, http://www.wikidata.org/entity/Q36133, http://www.wikidata.org/entity/Q131449","27.25","42.5","25.5","42.75"
"Challenges","As in most other countries, there is growing concern amongst Bulgarian bee-keepers about the on-going threat of disease, invasive species and loss of habitats / feeding sources. The long-term effects of climate change and climate variability remain unknown but are likely to have negative impacts upon productivity of honeybees. Specific interventions are therefore needed to strengthen the capacity of beekeepers to adapt e.g. by integrating climate services with available indigenous knowledge and local practices. Overall the type of challenge faced by this VC is Current and Predicted. This VC is classified as Traditional.","invasive species, climate, productivity, knowledge","http://www.wikidata.org/entity/Q183368, http://www.wikidata.org/entity/Q7937, http://www.wikidata.org/entity/Q2111958, http://www.wikidata.org/entity/Q9081","27.60861111111111","42.0125","25.5","42.75"
"Innovation","The type of innovation of this VC is unspecified. The innovation is related to the whole VC. The land use systems involved are Forestry. The local assets include Natural.","innovation","http://www.wikidata.org/entity/Q174165","27.614444444444445","42.01416666666667","25.5","42.75"
"Geography and population","The size of the area (km2) is 513.4. The minimum altimetry of the LAU is unspecified. The maximum altimetry of the LAU is unspecified. The total population (in thousand) is 9.014. The population density (Inhabitants/km2) in the LAU is 17.56. The population change rate of the LAU in the last 10 years (%) is unspecified. The overall regional population density (Inhabitants/km2) is 52.50. The regional population change rate in the last 10 years (%) has been -0.06%.","population density","http://www.wikidata.org/entity/Q22856","25.550611361313653","42.65881580262263","25.5","42.75"
"Income and gross value added","The average per capita income (EUR/year) [NUTS3] is 6400. The total Gross Value Added (GVA) (EUR million/year) [NUTS3] is 2293. The primary sector share of total GVA/year [NUTS3] is 4.00%. The secondary sector share of total GVA/year [NUTS3] is 24.60%. The tertiary sector share of total GVA/year [NUTS3] is 71.50%. The per capita income (EUR/year) [NUTS2] is 6500. The total Gross Value Added (GVA) (EUR million/year) [NUTS2] is 5872. The primary sector share of total GVA/year [NUTS2] is 4.80%. The secondary sector share of total GVA/year [NUTS2] is 41.00%. The tertiary sector share of total GVA/year [NUTS2] is 54.10%.","gross value added, per capita income, year","http://www.wikidata.org/entity/Q994873, http://www.wikidata.org/entity/Q45918, http://www.wikidata.org/entity/Q577","25.45828855555391","42.77823530702638","25.5","42.75"
"Tourism","The total number of bed places (BPs) in tourist accommodations/year in the LAU is 103875. The regional (NUTS2) share of total BPs/year is 93.90%. The number of agricultural holdings in the LAU is 16170. The nearest settlement with population over 100000 (km) is unspecified. In this region protected areas are present.","number, bed, year","http://www.wikidata.org/entity/Q11563, http://www.wikidata.org/entity/Q42177, http://www.wikidata.org/entity/Q577","25.530166534892874","42.78095647954035","25.5","42.75"
"Employment","The primary sector share of total employment/year [NUTS3] is 18.70%. The secondary sector share of total employment/year [NUTS3] is 21.50%. The tertiary sector share of total employment/year [NUTS3] is 59.80%. The primary sector share of total employment/year [NUTS2] is 22.00%. The secondary sector share of total employment/year [NUTS2] is 28.90%. The tertiary sector share of total employment/year [NUTS2] is 49.10%.","employment, year","http://www.wikidata.org/entity/Q656365, http://www.wikidata.org/entity/Q577","25.49007988238555","42.714304038442364","25.5","42.75"
"Concluding remarks","Bulgaria has adopted conditions and procedures for use of the optional quality term (OQT) 'Mountain Product' and a national logo has been approved. However uptake of the OQT is currently very low.","bulgaria, mountain, logo","http://www.wikidata.org/entity/Q219, http://www.wikidata.org/entity/Q8502, http://www.wikidata.org/entity/Q1886349","25.5","42.75","25.5","42.75"
