title,description,objects,objectlinks,lon,lat,barycenter_lon,barycenter_lat
"Sustainable rural tourism","The MOVING reference member state of this VC is SPAIN UCO. The reference MOVING Card ID of this VC is VC 01 ES. This VC applies a holistic approach, where nature and culture are intertwined. It aims for a responsible tourism with high commitment to the territory. There are multiple actors: Andalusian government, ADIT Sierra Morena (regional development association), municipalities, accommodation, restaurants, and other tourism-oriented companies. All the assets on which this VC relies are integrated within the social-ecological-system of Sierra Morena.","reference, spain, nature, adit, sierra morena, system","http://www.wikidata.org/entity/Q121769, http://www.wikidata.org/entity/Q29, http://www.wikidata.org/entity/Q7860, http://www.wikidata.org/entity/Q58917, http://www.wikidata.org/entity/Q686362, http://www.wikidata.org/entity/Q58778","-3.5","40.2","-3.5","40.2"
"Interest on this VC","It integrates various assets of the region. It mainly consists of cultural and natural landscape enjoynment, bird watching, and local gastronomy. New products such as Iberian ham routes and bird- watching tours are offered by this type of sustainable rural tourism. These new products (e.g., Iberian ham route) are based on new governance systems, where several actors (conservation, bird-watching, restaurantes, accommodation, heritage museums, ..) are involved and collaborate with each other to offer the final product. E-commerce is increasingly being used for promotion and marketing purposes.","landscape, bird, gastronomy, ham, tours, tourism, governance, e-commerce","http://www.wikidata.org/entity/Q107425, http://www.wikidata.org/entity/Q5113, http://www.wikidata.org/entity/Q171141, http://www.wikidata.org/entity/Q170486, http://www.wikidata.org/entity/Q288, http://www.wikidata.org/entity/Q49389, http://www.wikidata.org/entity/Q1553864, http://www.wikidata.org/entity/Q484847","0.6883333333333332","47.39277777777778","-3.5","40.2"
"Mountain landscape and reference chains","The reference mountain chain of this VC is Sierra Morena. The reference mountain landscape of this VC is Aracena. The locality is integrated in the Natural Park of Aracena and Picos de Aroche and this has conditioned its economy. The ecosystem is dominated by holm oaks and cork oaks in a dehesa landscape, where livestock grazes (important for the Iberian ham production in the area) and dense forests of similar tree species complemented by arbutus, bushes of juniper and rockrose and diverse aromatic herbs. In Aracena we can find the Iberian Ham Museum (Museo del Jamón) where the visitor can learn about the relationship between Iberian pigs and ham and the dehesa ecosystem. In addition, the Ruta de Jabugo (Jabugo route) links 31 municipalities of the region where ham is produced, with an extense area within the boundaries of the Natural Park.","sierra morena, landscape, aracena, park, aroche, ecosystem, dehesa, ham, arbutus, jabugo","http://www.wikidata.org/entity/Q686362, http://www.wikidata.org/entity/Q107425, http://www.wikidata.org/entity/Q624511, http://www.wikidata.org/entity/Q22698, http://www.wikidata.org/entity/Q1615179, http://www.wikidata.org/entity/Q37813, http://www.wikidata.org/entity/Q1182952, http://www.wikidata.org/entity/Q170486, http://www.wikidata.org/entity/Q430057, http://www.wikidata.org/entity/Q913504","-6.561111111111111","37.89111111111111","-3.5","40.2"
"Key local assets","This VC tries to merge and intertwine natural asstes with the cultural heritage of the region. The main natural assets are the dehesa and mediterranean forests with all the biodiversity they host (emblematic bird species and wild animals among which the Iberian lynx stands out for its singularity). The cultural heritage includes local gastronomies, livestock farming, hunting traditions, and architecture. LAU is unspecified","livestock, hunting, architecture","http://www.wikidata.org/entity/Q103459, http://www.wikidata.org/entity/Q36963, http://www.wikidata.org/entity/Q12271","-5.4","38.3","-3.5","40.2"
"Challenges","1) Making this tourism model more appealing to the visitors and competing this way against the mainstream tourism which is mainly based in coastal areas; 2) Raising awareness among the tourists regarding the benefits and opportunities of sustainable tourism; 3) Resolving seasonality of emplyment in the tourism sector. Overall the type of challenge faced by this VC is Current and Predicted. This VC is classified as Traditional and Innovative.","sustainable tourism","http://www.wikidata.org/entity/Q1344240","-6.953611111111111","37.94361111111111","-3.5","40.2"
"Innovation","The type of innovation of this VC is Endogenous and Exogenous. There are several innovative initiatives by regional government, municipalities, private businesses and also rural associations. Here are two examples: 1) Los Pedroches and Jabugo Iberian ham routes (ruta de jamón de Los Pedroches y Jabugo) to visit rural areas of great ecological and also social-cultural value, to enjoy the scenic beauty, and to taste iberian ham and enjoy the local gastronomy; 2) Orniturismo, a project partially financed by the European Regional Development Fund to protect and enhance the ornothological heritage of the area and consolidate sustianable toruism activites that reactivate the economy of the region. The innovation is related to New products, New marketing strategies and New governance systems. The land use systems involved are Cropland, Grassland, Forestry, Natural land and Urban areas. The local assets include Natural, social and cultural.","european regional development fund, innovation, los pedroches, jabugo, ham, grassland","http://www.wikidata.org/entity/Q1361297, http://www.wikidata.org/entity/Q174165, http://www.wikidata.org/entity/Q1117207, http://www.wikidata.org/entity/Q913504, http://www.wikidata.org/entity/Q170486, http://www.wikidata.org/entity/Q1006733","-4.75","38.416666666666664","-3.5","40.2"
"Geography and population","The size of the area (km2) is 184.75. The minimum altimetry of the LAU is 200. The maximum altimetry of the LAU is 851. The total population (in thousand) is unspecified. The population density (Inhabitants/km2) in the LAU is 44.68. The population change rate of the LAU in the last 10 years (%) has been 6.70%. The overall regional population density (Inhabitants/km2) is unspecified. The regional population change rate in the last 10 years (%) is unspecified.","population density","http://www.wikidata.org/entity/Q22856","-6.728611111111111","37.916666666666664","-3.5","40.2"
"Income and gross value added","The average per capita income (EUR/year) [NUTS3] is 14145. The total Gross Value Added (GVA) (EUR million/year) [NUTS3] is 9599.3. The primary sector share of total GVA/year [NUTS3] is 8.33%. The secondary sector share of total GVA/year [NUTS3] is 27.46%. The tertiary sector share of total GVA/year [NUTS3] is 64.21%. The per capita income (EUR/year) [NUTS2] is unspecified. The total Gross Value Added (GVA) (EUR million/year) [NUTS2] is unspecified. The primary sector share of total GVA/year [NUTS2] is unspecified. The secondary sector share of total GVA/year [NUTS2] is unspecified. The tertiary sector share of total GVA/year [NUTS2] is unspecified.","gross value added, per capita income, year","http://www.wikidata.org/entity/Q994873, http://www.wikidata.org/entity/Q45918, http://www.wikidata.org/entity/Q577","-5.358678912378812","38.36553020021164","-3.5","40.2"
"Tourism","The total number of bed places (BPs) in tourist accommodations/year in the LAU is 251. The regional (NUTS2) share of total BPs/year is unspecified. The number of agricultural holdings in the LAU is unspecified. The nearest settlement with population over 100000 (km) is 97.1. In this region protected areas are present.","","","-5.477441865870464","38.383757163976334","-3.5","40.2"
"Employment","The primary sector share of total employment/year [NUTS3] is 17.30%. The secondary sector share of total employment/year [NUTS3] is 13.90%. The tertiary sector share of total employment/year [NUTS3] is 68.80%. The primary sector share of total employment/year [NUTS2] is unspecified. The secondary sector share of total employment/year [NUTS2] is unspecified. The tertiary sector share of total employment/year [NUTS2] is unspecified.","employment, year","http://www.wikidata.org/entity/Q656365, http://www.wikidata.org/entity/Q577","-5.483390833028251","38.26293216474265","-3.5","40.2"
"Concluding remarks","This VC is present in the Sierra de Aracena and Picos de Aroche Natural Park in Huelva, in the Sierra Norte Sevillana, as well as in the Sierra Morena Cordobesa and in the oriental part around the Andújar Natural Park in Jaén.","picos, aroche, park, huelva, sierra morena","http://www.wikidata.org/entity/Q1810825, http://www.wikidata.org/entity/Q1615179, http://www.wikidata.org/entity/Q22698, http://www.wikidata.org/entity/Q12246, http://www.wikidata.org/entity/Q686362","-6.95","37.25","-3.5","40.2"
