title,description,objects,objectlinks,lon,lat,barycenter_lon,barycenter_lat
"Spirits - anis and cherry drinks","The MOVING reference member state of this VC is SPAIN UCO. The reference MOVING Card ID of this VC is VC 03 ES. In Cazalla de la Sierra there used to be around 15 destileries, but only two remain today. Its quality was once certified by a Comitee of Cazalla producers, which dissapeared with the other destilleries. Nowadays, the quality is recognised based on the history of this product and its relation with the locality, keeping the traditional making. In fact, the name of Cazalla for these kind of drinks directly reffers to the municipality of Cazalla de la Sierra that once was the main producer of anis drinks. The production of Cazalla started as a complementary industry of wine making and thanks to the wild aniseed that grows in the region. Nonetheless, the vines from the region Sierra Norte de Sevilla and the produced wines are still a growing asset, producing quality wines under a PDO label.","spain","http://www.wikidata.org/entity/Q29","-3.5","40.2","-3.5","40.2"
"Interest on this VC","High quality product with old tradition in the area. The important wine production that Cazalla de la Sierra had during the 15th and 16th centuries, resulted in the distillation of the leftovers in order to obtain the alcohol with which this drink began to be manufactured. Today there is a museum in the area to explore the history behind the local wines and spirits. The new product was the introduction of the cherry in the anis drinks. The marketing strategy is linked to the e-commerce.","tradition, distillation, museum, history, cherry, e-commerce","http://www.wikidata.org/entity/Q82821, http://www.wikidata.org/entity/Q101017, http://www.wikidata.org/entity/Q33506, http://www.wikidata.org/entity/Q309, http://www.wikidata.org/entity/Q196, http://www.wikidata.org/entity/Q484847","-3.4046317507895156","40.15352590380822","-3.5","40.2"
"Mountain landscape and reference chains","The reference mountain chain of this VC is Sierra Morena. The reference mountain landscape of this VC is Cazalla de la Sierra. This MRL is located in a mid-mountain area with a mosaic landscape that combines dense forests with dehesa and agricultural fields. Therefore, the agricultural production is diverse in the region, combining crops with low-intensity livestock. The urban settlement has historic constructions and monuments from the XV and XVI centuries. The MRL is also well known by other artisanal products such as olive oil or dry-cured meat.","mountain, sierra morena, landscape, mosaic, dehesa, livestock, olive oil, meat","http://www.wikidata.org/entity/Q8502, http://www.wikidata.org/entity/Q686362, http://www.wikidata.org/entity/Q107425, http://www.wikidata.org/entity/Q133067, http://www.wikidata.org/entity/Q1182952, http://www.wikidata.org/entity/Q103459, http://www.wikidata.org/entity/Q93165, http://www.wikidata.org/entity/Q10990","-5.4","38.3","-3.5","40.2"
"Key local assets","The main asset nowadays is the cultural heritage that this drink represents for the locality. For its making, with only two destileries left in the area, knowledge on traditional destilery is necessary. However, this VC is obviously based also on natural resources, specially local cherries and wild aniseed. LAU is unspecified","","","-3.5404161602383226","40.175447697533514","-3.5","40.2"
"Challenges","Survive in a time when the consumption of anis and cherry drinks is less popular. Overall the type of challenge faced by this VC is Current. This VC is classified as Traditional and Innovative.","","","-3.5748907271144383","40.21887446771501","-3.5","40.2"
"Innovation","The type of innovation of this VC is Endogenous and Exogenous. There are two kinds of innovation. One occurred years ago with the introduction of cherries into the production system to make a new drink. The other is the e-commerce. The innovation is related to New products and New marketing strategies. The land use systems involved are Cropland. The local assets include Natural and cultural.","innovation, system, drink, e-commerce, marketing","http://www.wikidata.org/entity/Q174165, http://www.wikidata.org/entity/Q58778, http://www.wikidata.org/entity/Q40050, http://www.wikidata.org/entity/Q484847, http://www.wikidata.org/entity/Q39809","-3.474715229524095","40.209754750821375","-3.5","40.2"
"Geography and population","The size of the area (km2) is 356.39. The minimum altimetry of the LAU is 80. The maximum altimetry of the LAU is 763. The total population (in thousand) is unspecified. The population density (Inhabitants/km2) in the LAU is 13.14. The population change rate of the LAU in the last 10 years (%) has been -6.50%. The overall regional population density (Inhabitants/km2) is unspecified. The regional population change rate in the last 10 years (%) is unspecified.","population density","http://www.wikidata.org/entity/Q22856","-3.575977992502239","40.101586573194226","-3.5","40.2"
"Income and gross value added","The average per capita income (EUR/year) [NUTS3] is 12387. The total Gross Value Added (GVA) (EUR million/year) [NUTS3] is 35778.3. The primary sector share of total GVA/year [NUTS3] is 5.34%. The secondary sector share of total GVA/year [NUTS3] is 20.76%. The tertiary sector share of total GVA/year [NUTS3] is 73.90%. The per capita income (EUR/year) [NUTS2] is unspecified. The total Gross Value Added (GVA) (EUR million/year) [NUTS2] is unspecified. The primary sector share of total GVA/year [NUTS2] is unspecified. The secondary sector share of total GVA/year [NUTS2] is unspecified. The tertiary sector share of total GVA/year [NUTS2] is unspecified.","gross value added, per capita income, year","http://www.wikidata.org/entity/Q994873, http://www.wikidata.org/entity/Q45918, http://www.wikidata.org/entity/Q577","-3.5869531805610197","40.12376802167506","-3.5","40.2"
"Tourism","The total number of bed places (BPs) in tourist accommodations/year in the LAU is 0. The regional (NUTS2) share of total BPs/year is unspecified. The number of agricultural holdings in the LAU is unspecified. The nearest settlement with population over 100000 (km) is 77.7. In this region protected areas are present.","","","-3.4323728389675656","40.15110702146167","-3.5","40.2"
"Employment","The primary sector share of total employment/year [NUTS3] is 5.90%. The secondary sector share of total employment/year [NUTS3] is 17.40%. The tertiary sector share of total employment/year [NUTS3] is 76.70%. The primary sector share of total employment/year [NUTS2] is unspecified. The secondary sector share of total employment/year [NUTS2] is unspecified. The tertiary sector share of total employment/year [NUTS2] is unspecified.","employment, year","http://www.wikidata.org/entity/Q656365, http://www.wikidata.org/entity/Q577","-3.5330601222270155","40.18518284255618","-3.5","40.2"
"Concluding remarks","","","","-3.4541921073885358","40.18080729877615","-3.5","40.2"
