title,description,objects,objectlinks,lon,lat,barycenter_lon,barycenter_lat
"Hunting","The MOVING reference member state of this VC is SPAIN UCO. The reference MOVING Card ID of this VC is VC 04 ES. In the Sierra Morena Cordobesa, there are around 1500 hunting grounds and 70000 hunters registered, and the extension of the hunting area within the province is of 437.852 ha. The area is covered by multitude of land uses, such as fields, dehesas (open oak forests) and mediterranean forests. In addition, all along the Sierra Morena, and also in the part that belongs to Corodba, there are protected areas where hunting is allowed. The main prey of the area is deer with more than 13000 animals hunted per year during the hunting period (from October to February).","spain, sierra morena, hunting, province, multitude, addition","http://www.wikidata.org/entity/Q29, http://www.wikidata.org/entity/Q686362, http://www.wikidata.org/entity/Q36963, http://www.wikidata.org/entity/Q34876, http://www.wikidata.org/entity/Q1208937, http://www.wikidata.org/entity/Q32043","-5.4","38.3","-3.5","40.2"
"Interest on this VC","This activity is very connected with the natural assets of the region and is relevant for several traditional dishes. In addition, this activity represents an important aspect of the regional heritage and traditional practices.","addition","http://www.wikidata.org/entity/Q32043","-6.3597222222222225","40.80166666666667","-3.5","40.2"
"Mountain landscape and reference chains","The reference mountain chain of this VC is Sierra Morena. The reference mountain landscape of this VC is Hornachuelos. Most of its surface is part of the Hornachuelos Natural Park, the biggest protected area of the province. Its landscape is dominated by mediterranean forest with holm oaks, cork oaks and undergrowth, in addition to riverside woods of willows, ashes and alders. It also hosts a big diversity of aromatic plants and grass species; and it has high hydrological value, with two reservoirs, El Retortillo and Bembezar, standing within the town's boundaries. Hunting is another important activity of the mountain reference landscape. More than the 60% of the area has a slope above 15%.","reference, mountain, sierra morena, landscape, hornachuelos, protected area, undergrowth, addition, retortillo, hunting","http://www.wikidata.org/entity/Q121769, http://www.wikidata.org/entity/Q8502, http://www.wikidata.org/entity/Q686362, http://www.wikidata.org/entity/Q107425, http://www.wikidata.org/entity/Q1443790, http://www.wikidata.org/entity/Q473972, http://www.wikidata.org/entity/Q611637, http://www.wikidata.org/entity/Q32043, http://www.wikidata.org/entity/Q1915106, http://www.wikidata.org/entity/Q36963","-5.248333333333333","37.83222222222222","-3.5","40.2"
"Key local assets","This activity relies upon the local fauna (deers, wild board, rabbits) and thus on tehir habitats. Here the dominant ecosystem is the oak forest and the dehesas and montados. The cultural asset is linked to cultural heritage and traditional practices. LAU is unspecified","ecosystem","http://www.wikidata.org/entity/Q37813","-5.983333333333333","37.38333333333333","-3.5","40.2"
"Challenges","The hunting sector is experiencing an industralization that put under threat the natural ecosystems on which this activity depends. Overall the type of challenge faced by this VC is Current and Predicted. This VC is classified as Traditional.","","","-5.378959750966797","38.38903421179596","-3.5","40.2"
"Innovation","The type of innovation of this VC is unspecified. The innovation is related to the whole VC. The land use systems involved are Forestry and Natural land. The local assets include Natural and cultural.","innovation","http://www.wikidata.org/entity/Q174165","-5.3287678115230355","38.38698455785207","-3.5","40.2"
"Geography and population","The size of the area (km2) is 585,84. The minimum altimetry of the LAU is 144. The maximum altimetry of the LAU is 789. The total population (in thousand) is unspecified. The population density (Inhabitants/km2) in the LAU is 4.93. The population change rate of the LAU in the last 10 years (%) has been -6.30%. The overall regional population density (Inhabitants/km2) is unspecified. The regional population change rate in the last 10 years (%) is unspecified.","population density","http://www.wikidata.org/entity/Q22856","-5.493710831953837","38.284946478747685","-3.5","40.2"
"Income and gross value added","The average per capita income (EUR/year) [NUTS3] is 10437. The total Gross Value Added (GVA) (EUR million/year) [NUTS3] is 13153128. The primary sector share of total GVA/year [NUTS3] is 10.50%. The secondary sector share of total GVA/year [NUTS3] is 17.61%. The tertiary sector share of total GVA/year [NUTS3] is 71.89%. The per capita income (EUR/year) [NUTS2] is unspecified. The total Gross Value Added (GVA) (EUR million/year) [NUTS2] is unspecified. The primary sector share of total GVA/year [NUTS2] is unspecified. The secondary sector share of total GVA/year [NUTS2] is unspecified. The tertiary sector share of total GVA/year [NUTS2] is unspecified.","gross value added, per capita income, year, capita","http://www.wikidata.org/entity/Q994873, http://www.wikidata.org/entity/Q45918, http://www.wikidata.org/entity/Q577, http://www.wikidata.org/entity/Q606013","-5.381857281405093","38.23599971203569","-3.5","40.2"
"Tourism","The total number of bed places (BPs) in tourist accommodations/year in the LAU is 40. The regional (NUTS2) share of total BPs/year is unspecified. The number of agricultural holdings in the LAU is unspecified. The nearest settlement with population over 100000 (km) is 46.1. In this region protected areas are present.","","","-5.489021298333163","38.2619490202845","-3.5","40.2"
"Employment","The primary sector share of total employment/year [NUTS3] is 13.80%. The secondary sector share of total employment/year [NUTS3] is 17.10%. The tertiary sector share of total employment/year [NUTS3] is 57.00%. The primary sector share of total employment/year [NUTS2] is unspecified. The secondary sector share of total employment/year [NUTS2] is unspecified. The tertiary sector share of total employment/year [NUTS2] is unspecified.","employment, year","http://www.wikidata.org/entity/Q656365, http://www.wikidata.org/entity/Q577","-5.31547765903677","38.22828275884378","-3.5","40.2"
"Concluding remarks","This VC is present all along the Sierra Morena region, including the provinces (NUTS2) of Huelva, Seville, Córdoba and Jaén.","sierra morena, huelva, seville","http://www.wikidata.org/entity/Q686362, http://www.wikidata.org/entity/Q12246, http://www.wikidata.org/entity/Q8717","-6.95","37.25","-3.5","40.2"
