title,description,objects,objectlinks,lon,lat,barycenter_lon,barycenter_lat
"Bailandera beer","The MOVING reference member state of this VC is SPAIN UCO. The reference MOVING Card ID of this VC is VC 07 ES. The VC has a direct positive input for the locality of Bustarviejo, where the brewery/bar is situated.They produce 7 varieties of beer with multiple selling points in 28 municipalities along the mountain range of Madrid appart from their own bar in Bustarviejo and through their website. The labelling and cerification scheme is built on trust as is a Participatory Guarantee System. Nontheless, they invite everyone interested to visit their brewery. To sell in Madrid city, they have multiple selling points in bars and stores, and also at the coworking space Madrid Km 0.","madrid, spain, bustarviejo, brewery, beer, mountain, website, coworking","http://www.wikidata.org/entity/Q2807, http://www.wikidata.org/entity/Q29, http://www.wikidata.org/entity/Q55487, http://www.wikidata.org/entity/Q131734, http://www.wikidata.org/entity/Q44, http://www.wikidata.org/entity/Q8502, http://www.wikidata.org/entity/Q35127, http://www.wikidata.org/entity/Q869457","-3.71","40.85888888888889","-3.5","40.2"
"Interest on this VC","Succesfull place-based cooperative of women connected to the territory and engaged with local producers' networks; Use of organic and proximity ingredients and quality certification through 'Participatory Guarantee System'. The brewery is a cooperative with equal participation, involvement and salary for each of the five women that own it. Appart from the hops project, they participate in Madrid Km 0, a coworking space to rethink and manage the stock, transport and delivery of agroecological products coming from the rural areas of the region to the city of Madrid. Around this project, different initiatives generate sinergies to access to markets and consumers from the city.","madrid, coworking","http://www.wikidata.org/entity/Q2807, http://www.wikidata.org/entity/Q869457","-3.6919444444444443","40.41888888888889","-3.5","40.2"
"Mountain landscape and reference chains","The reference mountain chain of this VC is Sierra del Guadarrama. The reference mountain landscape of this VC is Bustarviejo. Bustarviejo is a rural municipality located in the northern range of Madrid. It is remote and isolated as it is surrounded by mountains. One of the historical economic resources of the landscape is the granite quarry together with extensive low intense cattle and agriculture. Today, this region is hosting more and more visitors attracted by its natural assets. In this region, called the 'Poor Range/Sierra', the cooperativism is considerabely alive among neighbours and municipalities.","madrid, reference, mountain, landscape, bustarviejo, granite, quarry, cattle, agriculture","http://www.wikidata.org/entity/Q2807, http://www.wikidata.org/entity/Q121769, http://www.wikidata.org/entity/Q8502, http://www.wikidata.org/entity/Q107425, http://www.wikidata.org/entity/Q55487, http://www.wikidata.org/entity/Q41177, http://www.wikidata.org/entity/Q188040, http://www.wikidata.org/entity/Q830, http://www.wikidata.org/entity/Q11451","-3.71","40.85888888888889","-3.5","40.2"
"Key local assets","The beer is very integrated in the municipality, and they are proud of it. With the brewery they try to approach other initiatives with shared principles in order to generate synergiues and promote alternatives to the mainstream food production and consumption. LAU is unspecified","","","-3.7125871771840417","40.507317951489895","-3.5","40.2"
"Challenges","1) Access to the markets to reach also consumers from other municipalities and from the capital city; 2) Knitting networks of producers in times where rural areas have suffered a great depopulation and land abandonment. Overall the type of challenge faced by this VC is Current. This VC is classified as Innovative.","","","-3.7131224843993613","40.33396153374942","-3.5","40.2"
"Innovation","The type of innovation of this VC is Endogenous. Bailandera beer uses ingredients of proximity and organic and has a quality certification through a participatory guarantee system. Their compromise with the sustainability also reaches the machinery of the brewery, using recycled materials coming from other agroindustries and adapted to the brewery. In addition, their activity goes beyond the beer making as they are engaged in a project to retrieve and enhance the production of autochtonous varieties of hops. The innovation is related to New governance systems. The land use systems involved are Cropland. The local assets include Social.","innovation, beer, certification, system, addition, project, governance","http://www.wikidata.org/entity/Q174165, http://www.wikidata.org/entity/Q44, http://www.wikidata.org/entity/Q374814, http://www.wikidata.org/entity/Q58778, http://www.wikidata.org/entity/Q32043, http://www.wikidata.org/entity/Q170584, http://www.wikidata.org/entity/Q1553864","-3.6484741017959137","40.494558075245806","-3.5","40.2"
"Geography and population","The size of the area (km2) is 56,20. The minimum altimetry of the LAU is 1000. The maximum altimetry of the LAU is 1833. The total population (in thousand) is unspecified. The population density (Inhabitants/km2) in the LAU is 44.88. The population change rate of the LAU in the last 10 years (%) has been 18.68%. The overall regional population density (Inhabitants/km2) is unspecified. The regional population change rate in the last 10 years (%) is unspecified.","population density","http://www.wikidata.org/entity/Q22856","-3.7414922546715275","40.45096967034502","-3.5","40.2"
"Income and gross value added","The average per capita income (EUR/year) [NUTS3] is 17104.49. The total Gross Value Added (GVA) (EUR million/year) [NUTS3] is 0.033805. The primary sector share of total GVA/year [NUTS3] is 1.67%. The secondary sector share of total GVA/year [NUTS3] is 13.16%. The tertiary sector share of total GVA/year [NUTS3] is 85.17%. The per capita income (EUR/year) [NUTS2] is unspecified. The total Gross Value Added (GVA) (EUR million/year) [NUTS2] is unspecified. The primary sector share of total GVA/year [NUTS2] is unspecified. The secondary sector share of total GVA/year [NUTS2] is unspecified. The tertiary sector share of total GVA/year [NUTS2] is unspecified.","gross value added, per capita income, year, capita","http://www.wikidata.org/entity/Q994873, http://www.wikidata.org/entity/Q45918, http://www.wikidata.org/entity/Q577, http://www.wikidata.org/entity/Q606013","-3.7174410028878904","40.36741381114689","-3.5","40.2"
"Tourism","The total number of bed places (BPs) in tourist accommodations/year in the LAU is 254. The regional (NUTS2) share of total BPs/year is unspecified. The number of agricultural holdings in the LAU is unspecified. The nearest settlement with population over 100000 (km) is 64.72. In this region protected areas are present.","","","-3.6849595252750627","40.47100904446183","-3.5","40.2"
"Employment","The primary sector share of total employment/year [NUTS3] is 3.74%. The secondary sector share of total employment/year [NUTS3] is 15.20%. The tertiary sector share of total employment/year [NUTS3] is 81.06%. The primary sector share of total employment/year [NUTS2] is unspecified. The secondary sector share of total employment/year [NUTS2] is unspecified. The tertiary sector share of total employment/year [NUTS2] is unspecified.","employment, year","http://www.wikidata.org/entity/Q656365, http://www.wikidata.org/entity/Q577","-3.7073540775901135","40.336553213772696","-3.5","40.2"
"Concluding remarks","Although their brewery is located in Bustarviejo, they participate in a project called 'Organic Hops from Madrid Region' that aims to enhance the production of local varieties of hops, and this way they create impact in other municipalities of the region. The hops grow naturally and wild in the riber basin of mamy rivers of the region (indeed it is known with 13 different names across the region). Therefore, its production close to the brewery helps to reduce the environmental impact and carbon footprint of beer making while allowing the livelihood improvment and diversification.","bustarviejo, madrid, brewery, project, hops","http://www.wikidata.org/entity/Q55487, http://www.wikidata.org/entity/Q2807, http://www.wikidata.org/entity/Q131734, http://www.wikidata.org/entity/Q170584, http://www.wikidata.org/entity/Q3214940","-3.6919444444444443","40.41888888888889","-3.5","40.2"
