title,description,objects,objectlinks,lon,lat,barycenter_lon,barycenter_lat
"Honey","The MOVING reference member state of this VC is SPAIN UCO. The reference MOVING Card ID of this VC is VC 09 ES. The bees are not fixed in a same place during the whole year, instead, they are moved to different locations along the region to get more flavours. In the case of this VC, the bee products have the organic certification from the Andalusian Comitee of Organic Agriculture. They own 1.200 bee hives and produce around 80000 kg of honey per year. They produce a positive impact on the social-ecological-system as the bee keeping is an activity that, if it is not overexploited, generates multiple benefits in the local ecosystems through the pollination.","reference, spain, year, organic certification, honey","http://www.wikidata.org/entity/Q121769, http://www.wikidata.org/entity/Q29, http://www.wikidata.org/entity/Q577, http://www.wikidata.org/entity/Q11680670, http://www.wikidata.org/entity/Q10987","-3.5","40.2","-3.5","40.2"
"Interest on this VC","High quality product linked to an ecosystem that offers high diversity of flora for the bees. Apart from the conventional marketing and commercialisation, nowadays the e-commerce is also being used. There are new products associated with honey and bee keeping. The new marketing strategies include the organic certification, the e-commerce and the cooperation with bigger food retaliers that distribute nationwide and across the EU.","ecosystem, marketing, e-commerce, organic certification, commerce, cooperation, food","http://www.wikidata.org/entity/Q37813, http://www.wikidata.org/entity/Q39809, http://www.wikidata.org/entity/Q484847, http://www.wikidata.org/entity/Q11680670, http://www.wikidata.org/entity/Q26643, http://www.wikidata.org/entity/Q380962, http://www.wikidata.org/entity/Q2095","-4.8","38.1325","-3.5","40.2"
"Mountain landscape and reference chains","The reference mountain chain of this VC is Sierra Morena. The reference mountain landscape of this VC is Obejo. Obejo, located in the Guadiato Valley, is a hilly area covered by mediterranean forest and olive plantations, crossed by multiple rivers and streams.","reference, mountain, sierra morena, landscape, obejo","http://www.wikidata.org/entity/Q121769, http://www.wikidata.org/entity/Q8502, http://www.wikidata.org/entity/Q686362, http://www.wikidata.org/entity/Q107425, http://www.wikidata.org/entity/Q1451125","-5.4","38.3","-3.5","40.2"
"Key local assets","This VC is dependant on the local flora. Among the species that are used we can find the following: heather, orange blossom, holm oak, thyme, rosmary, eucaliptus and multiple flowers from mediterranean forests. LAU is unspecified","thyme","http://www.wikidata.org/entity/Q3215980","-3.5012358251881546","40.28303436725034","-3.5","40.2"
"Challenges","1) Bussiness growing and possible access to new markets nationwide and even beyond, in other European countries; 2) effects of climate change on the flowering periods; 3) diseases that attack the bees. Overall the type of challenge faced by this VC is Current and Predicted. This VC is classified as Traditional and Innovative.","","","-3.5932792949091525","40.24966982047653","-3.5","40.2"
"Innovation","The type of innovation of this VC is Endogenous and Exogenous. 1) New products associated with honey such as propoplis, royal jelly, meloja (cooked honey with pumpkin fibers), and nuts bars; 2) New products on honey-based cosmetics that reach the 30% of the bussiness profits; 3) Organic certification and e-commerce. The innovation is related to New products and New marketing strategies. The land use systems involved are Grassland, Forestry and Natural land. The local assets include Natural.","innovation, honey, royal jelly, pumpkin, cosmetics, organic certification, e-commerce, marketing, grassland","http://www.wikidata.org/entity/Q174165, http://www.wikidata.org/entity/Q10987, http://www.wikidata.org/entity/Q202501, http://www.wikidata.org/entity/Q165308, http://www.wikidata.org/entity/Q131207, http://www.wikidata.org/entity/Q11680670, http://www.wikidata.org/entity/Q484847, http://www.wikidata.org/entity/Q39809, http://www.wikidata.org/entity/Q1006733","-3.415949687588918","40.144236034857535","-3.5","40.2"
"Geography and population","The size of the area (km2) is 214.61. The minimum altimetry of the LAU is 150. The maximum altimetry of the LAU is 769. The total population (in thousand) is unspecified. The population density (Inhabitants/km2) in the LAU is 9.36. The population change rate of the LAU in the last 10 years (%) has been 7.00%. The overall regional population density (Inhabitants/km2) is unspecified. The regional population change rate in the last 10 years (%) is unspecified.","population density","http://www.wikidata.org/entity/Q22856","-3.5365782904774674","40.21811688608547","-3.5","40.2"
"Income and gross value added","The average per capita income (EUR/year) [NUTS3] is 13172. The total Gross Value Added (GVA) (EUR million/year) [NUTS3] is 13153.1. The primary sector share of total GVA/year [NUTS3] is 10.50%. The secondary sector share of total GVA/year [NUTS3] is 17.61%. The tertiary sector share of total GVA/year [NUTS3] is 71.89%. The per capita income (EUR/year) [NUTS2] is unspecified. The total Gross Value Added (GVA) (EUR million/year) [NUTS2] is unspecified. The primary sector share of total GVA/year [NUTS2] is unspecified. The secondary sector share of total GVA/year [NUTS2] is unspecified. The tertiary sector share of total GVA/year [NUTS2] is unspecified.","gross value added, per capita income, year","http://www.wikidata.org/entity/Q994873, http://www.wikidata.org/entity/Q45918, http://www.wikidata.org/entity/Q577","-3.5811809072575014","40.27766422277622","-3.5","40.2"
"Tourism","The total number of bed places (BPs) in tourist accommodations/year in the LAU is 0. The regional (NUTS2) share of total BPs/year is unspecified. The number of agricultural holdings in the LAU is unspecified. The nearest settlement with population over 100000 (km) is 39. In this region protected areas are present.","number, bed, year","http://www.wikidata.org/entity/Q11563, http://www.wikidata.org/entity/Q42177, http://www.wikidata.org/entity/Q577","-3.4798402116701355","40.22965483220658","-3.5","40.2"
"Employment","The primary sector share of total employment/year [NUTS3] is 13.80%. The secondary sector share of total employment/year [NUTS3] is 17.10%. The tertiary sector share of total employment/year [NUTS3] is 57.00%. The primary sector share of total employment/year [NUTS2] is unspecified. The secondary sector share of total employment/year [NUTS2] is unspecified. The tertiary sector share of total employment/year [NUTS2] is unspecified.","employment, year","http://www.wikidata.org/entity/Q656365, http://www.wikidata.org/entity/Q577","-3.508675423133821","40.143366710369776","-3.5","40.2"
"Concluding remarks","It is also present in othe MRLs such as Montoro (14043) but without the organic certification.","organic certification","http://www.wikidata.org/entity/Q11680670","-3.52806877522999","40.146615266146284","-3.5","40.2"
