title,description,objects,objectlinks,lon,lat,barycenter_lon,barycenter_lat
"Cheese from Picos de Europa","The MOVING reference member state of this VC is SPAIN UCO. The reference MOVING Card ID of this VC is VC 15 ES. There are 6 main different kind of cheeses in the area, shared by three provinces (NUTS2). The blue cheeses from this region stand out nationwide and even competing in international cheese awards. The quality is certified by the four PDOs and two PGIs. As mentioned above, this cheese is highly linked to the social-ecological-system, being produced by the milk of the animals that graze in common mountain pastures, maintaining this simbolic element of the regional landscape. In addition, the caves have been used for many generations to cure and keep the cheese, giving them a special flavour.","spain, international cheese awards, cheese","http://www.wikidata.org/entity/Q29, http://www.wikidata.org/entity/Q6049165, http://www.wikidata.org/entity/Q10943","-3.5","40.2","-3.5","40.2"
"Interest on this VC","With four PDOs and two PGIs, this is the region with highest density of quality certifications in cheesemaking in Europe. The cattle graze in common mountain pastures within the Ntional Park and the surroundings. The cheeses are part of the cultural heritage of the region and an important touristic asset. E-commerce and the labelling are both part of new marketing strategies.","europe, cheesemaking, asset, e-commerce","http://www.wikidata.org/entity/Q46, http://www.wikidata.org/entity/Q1281188, http://www.wikidata.org/entity/Q46737, http://www.wikidata.org/entity/Q484847","9.14062","48.690958888888886","-3.5","40.2"
"Mountain landscape and reference chains","The reference mountain chain of this VC is Picos de Europa. The reference mountain landscape of this VC is Cabrales. The MRL is fully integrated in Picos de Europa. It has a high mountain geography with multiple peaks above the 2000 meters. Many of its land is bare rock and more than 70% of its surface has slope above 35%. However, there are also areas of mild relief mountain pastures where the cattles are grazed. The climate is template and humid (average temperature/year 12 C and 1700mm of precipitation).","reference, mountain, landscape, cabrales, picos, geography, cattles","http://www.wikidata.org/entity/Q121769, http://www.wikidata.org/entity/Q8502, http://www.wikidata.org/entity/Q107425, http://www.wikidata.org/entity/Q58343, http://www.wikidata.org/entity/Q1810825, http://www.wikidata.org/entity/Q1071, http://www.wikidata.org/entity/Q5054117","-4.83","43.27166666666667","-3.5","40.2"
"Key local assets","A key element of this VC is the mountain pasture of Picos de Europa where the cattle (cow, goats and sheeps) graze freely. The farming activity and the cheesemaking are complementary parts of a common tradition, making a product that is very embedded in the social-ecological-system. In fact, for many cheeses the curation and aging take place in natural caves. LAU is unspecified","","","-2.5421","53.0688","-3.5","40.2"
"Challenges","1) Abandonment of traditional practices (shepherds and artisan cheesemakers) with lack of generational replacement: 2) Low production and scarce marketing strategies. Overall the type of challenge faced by this VC is Current and Predicted. This VC is classified as Traditional and Innovative.","generational replacement","http://www.wikidata.org/entity/Q25303747","-4.971666666666667","43.295833333333334","-3.5","40.2"
"Innovation","The type of innovation of this VC is Exogenous. The innovations are related to e-commerce strategies (still not very developed) and the geographical certifications. The innovation is related to New marketing strategies. The land use systems involved are Grassland and Animal skin / leather. The local assets include Natural and cultural.","innovation, e-commerce, marketing, grassland","http://www.wikidata.org/entity/Q174165, http://www.wikidata.org/entity/Q484847, http://www.wikidata.org/entity/Q39809, http://www.wikidata.org/entity/Q1006733","-4.692222222222222","43.151944444444446","-3.5","40.2"
"Geography and population","The size of the area (km2) is 238.3. The minimum altimetry of the LAU is 130. The maximum altimetry of the LAU is 2650. The total population (in thousand) is unspecified. The population density (Inhabitants/km2) in the LAU is 8.15. The population change rate of the LAU in the last 10 years (%) has been -13.85%. The overall regional population density (Inhabitants/km2) is unspecified. The regional population change rate in the last 10 years (%) is unspecified.","population density","http://www.wikidata.org/entity/Q22856","-4.539444444444444","43.0775","-3.5","40.2"
"Income and gross value added","The average per capita income (EUR/year) [NUTS3] is 14776. The total Gross Value Added (GVA) (EUR million/year) [NUTS3] is 21555. The primary sector share of total GVA/year [NUTS3] is 1.41%. The secondary sector share of total GVA/year [NUTS3] is 27.11%. The tertiary sector share of total GVA/year [NUTS3] is 71.47%. The per capita income (EUR/year) [NUTS2] is unspecified. The total Gross Value Added (GVA) (EUR million/year) [NUTS2] is unspecified. The primary sector share of total GVA/year [NUTS2] is unspecified. The secondary sector share of total GVA/year [NUTS2] is unspecified. The tertiary sector share of total GVA/year [NUTS2] is unspecified.","gross value added, per capita income, year, capita","http://www.wikidata.org/entity/Q994873, http://www.wikidata.org/entity/Q45918, http://www.wikidata.org/entity/Q577, http://www.wikidata.org/entity/Q606013","-4.623333333333333","43.15361111111111","-3.5","40.2"
"Tourism","The total number of bed places (BPs) in tourist accommodations/year in the LAU is 2960. The regional (NUTS2) share of total BPs/year is unspecified. The number of agricultural holdings in the LAU is unspecified. The nearest settlement with population over 100000 (km) is 102. In this region protected areas are present.","number, bed, year","http://www.wikidata.org/entity/Q11563, http://www.wikidata.org/entity/Q42177, http://www.wikidata.org/entity/Q577","-4.666666666666667","43.25833333333333","-3.5","40.2"
"Employment","The primary sector share of total employment/year [NUTS3] is 4.10%. The secondary sector share of total employment/year [NUTS3] is 19.80%. The tertiary sector share of total employment/year [NUTS3] is 76.10%. The primary sector share of total employment/year [NUTS2] is unspecified. The secondary sector share of total employment/year [NUTS2] is unspecified. The tertiary sector share of total employment/year [NUTS2] is unspecified.","employment, year","http://www.wikidata.org/entity/Q656365, http://www.wikidata.org/entity/Q577","-4.7326690389103305","43.21671505665794","-3.5","40.2"
"Concluding remarks","This VC is present in the following municipalities: Cabrales (33008), Peñamellera Alta (33046), Cangas de Onís (22012), Onís (33043), Amieva (33003), Ponga (33050), Cabezón de Liébana (39013), Camaleño (39015), Cillórigo de Liébana (39022), Peñarrubia (39049), Pesaguero (39050), Potes (39055), Tresviso (39088), Vega de Liébana (39096), Posada de Valdeón (24116), Oseja de Sajambre (24106).","peñamellera alta, cabrales, onís, camaleño, pesaguero, potes, tresviso","http://www.wikidata.org/entity/Q740381, http://www.wikidata.org/entity/Q58343, http://www.wikidata.org/entity/Q946233, http://www.wikidata.org/entity/Q1443934, http://www.wikidata.org/entity/Q1649407, http://www.wikidata.org/entity/Q919035, http://www.wikidata.org/entity/Q1623031","-4.7122222222222225","43.31055555555555","-3.5","40.2"
