title,description,objects,objectlinks,lon,lat,barycenter_lon,barycenter_lat
"ESSENTIAL OILS and COSMETICS","The MOVING reference member state of this VC is BULGARIA. The reference MOVING Card ID of this VC is VC 16 BG.","reference, bulgaria","http://www.wikidata.org/entity/Q121769, http://www.wikidata.org/entity/Q219","25.5","42.75","25.5","42.75"
"Interest on this VC","The Rose Valley is a region located on the southern slopes of the Central Stara Planina. It is famous for the local rose-growing industry and the distillation of rose oil. The region is also a centre for the production of other essential oils, including those from species collected or cultivated in the nearby mountains. Specialist companies in the locality - and elsehwere in Bulgaria - produce a range of cosmetic products using oils from the mountain species.","bulgaria, valley, distillation, species","http://www.wikidata.org/entity/Q219, http://www.wikidata.org/entity/Q39816, http://www.wikidata.org/entity/Q101017, http://www.wikidata.org/entity/Q7432","25.5","42.75","25.5","42.75"
"Mountain landscape and reference chains","The reference mountain chain of this VC is Central Stara Planina (Balkan Mountains). The reference mountain landscape of this VC is Karlovo Municipality in Plovdiv Province (BG421).","balkan mountains, reference, mountain, landscape, karlovo, municipality","http://www.wikidata.org/entity/Q170427, http://www.wikidata.org/entity/Q121769, http://www.wikidata.org/entity/Q8502, http://www.wikidata.org/entity/Q107425, http://www.wikidata.org/entity/Q316841, http://www.wikidata.org/entity/Q15284","25.0","42.7","25.5","42.75"
"Key local assets","N/A. About the LAU: PDV13.","","","24.80821","42.64203388888889","25.5","42.75"
"Challenges","N/A. Overall the type of challenge faced by this VC is Current. This VC is classified as Traditional.","","","25.44333278718741","42.69131295546697","25.5","42.75"
"Innovation","The type of innovation of this VC is unspecified. The innovation is related to the whole VC. The land use systems involved are N/A. The local assets include Natural.","innovation","http://www.wikidata.org/entity/Q174165","25.44544090008419","42.65124672752357","25.5","42.75"
"Geography and population","The size of the area (km2) is 1040. The minimum altimetry of the LAU is unspecified. The maximum altimetry of the LAU is unspecified. The total population (in thousand) is 48.277. The population density (Inhabitants/km2) in the LAU is 46.42. The population change rate of the LAU in the last 10 years (%) is unspecified. The overall regional population density (Inhabitants/km2) is 63.70. The regional population change rate in the last 10 years (%) has been -0.06%.","population density","http://www.wikidata.org/entity/Q22856","25.516968636182625","42.697466227169365","25.5","42.75"
"Income and gross value added","The average per capita income (EUR/year) [NUTS3] is 6700. The total Gross Value Added (GVA) (EUR million/year) [NUTS3] is 3989. The primary sector share of total GVA/year [NUTS3] is 3.40%. The secondary sector share of total GVA/year [NUTS3] is 35.80%. The tertiary sector share of total GVA/year [NUTS3] is 60.80%. The per capita income (EUR/year) [NUTS2] is 5600. The total Gross Value Added (GVA) (EUR million/year) [NUTS2] is 6888. The primary sector share of total GVA/year [NUTS2] is 5.90%. The secondary sector share of total GVA/year [NUTS2] is 35.20%. The tertiary sector share of total GVA/year [NUTS2] is 59.00%.","gross value added, per capita income, year","http://www.wikidata.org/entity/Q994873, http://www.wikidata.org/entity/Q45918, http://www.wikidata.org/entity/Q577","25.586737253809204","42.65372050252447","25.5","42.75"
"Tourism","The total number of bed places (BPs) in tourist accommodations/year in the LAU is 9279. The regional (NUTS2) share of total BPs/year is 34.20%. The number of agricultural holdings in the LAU is 41960. The nearest settlement with population over 100000 (km) is unspecified. In this region protected areas are present.","number, bed, year","http://www.wikidata.org/entity/Q11563, http://www.wikidata.org/entity/Q42177, http://www.wikidata.org/entity/Q577","25.566488703868618","42.760615831239086","25.5","42.75"
"Employment","The primary sector share of total employment/year [NUTS3] is 18.60%. The secondary sector share of total employment/year [NUTS3] is 32.40%. The tertiary sector share of total employment/year [NUTS3] is 49.00%. The primary sector share of total employment/year [NUTS2] is 24.20%. The secondary sector share of total employment/year [NUTS2] is 30.70%. The tertiary sector share of total employment/year [NUTS2] is 45.10%.","employment, year","http://www.wikidata.org/entity/Q656365, http://www.wikidata.org/entity/Q577","25.477050628132904","42.705972292804645","25.5","42.75"
"Concluding remarks","","","","25.51132273295503","42.80836611202223","25.5","42.75"
