title,description,objects,objectlinks,lon,lat,barycenter_lon,barycenter_lat
"Guadarrama goats","The MOVING reference member state of this VC is SPAIN UCO. The reference MOVING Card ID of this VC is VC 22 ES. The goats produce various values. On one side, the milky goats are sold for cooking traditional dishes. In addition, it serves as touristic asset as the activity is also promoted by the administration of the Guadarrama National Park. There are some conflicts with the other livestock producers of the area in the use of common lands. Also the neighbours of the municipality play a role because they live with the herd, so they must agree with its presence as a public asset. Regarding the connection with the social-ecological-system, the herd generates multiple benefits and ecosystem services (e.g., fire prevention, cleaning the public land of bushes, composting, cultural asset, and a potential profitable activity).","spain, addition, asset, guadarrama national park, neighbours, municipality, role, herd, fire","http://www.wikidata.org/entity/Q29, http://www.wikidata.org/entity/Q32043, http://www.wikidata.org/entity/Q46737, http://www.wikidata.org/entity/Q1324805, http://www.wikidata.org/entity/Q908708, http://www.wikidata.org/entity/Q15284, http://www.wikidata.org/entity/Q214339, http://www.wikidata.org/entity/Q209542, http://www.wikidata.org/entity/Q3196","-3.5","40.2","-3.5","40.2"
"Interest on this VC","This is an autochthonous goat breed with public ownership. The herd is owned by the municipality of El Boalo. The herd grazes in the natural mountain pastures of the region, generating numerous ecological benefits, specially in relation to fire prevention. The ownership of the herd is quite special, being the municipality who is in charge of the expenses and also the management of the whole activity. In addition, adding value to this traditional activity with the School of Sheperds and the touristic packages is an innovation in the value chain of small-scale goat production.","school, goat, breed, ownership, herd, municipality, mountain, management, value chain","http://www.wikidata.org/entity/Q3914, http://www.wikidata.org/entity/Q2934, http://www.wikidata.org/entity/Q38829, http://www.wikidata.org/entity/Q6498684, http://www.wikidata.org/entity/Q209542, http://www.wikidata.org/entity/Q15284, http://www.wikidata.org/entity/Q8502, http://www.wikidata.org/entity/Q2920921, http://www.wikidata.org/entity/Q646107","-3.9833333333333334","40.78333333333333","-3.5","40.2"
"Mountain landscape and reference chains","The reference mountain chain of this VC is Sierra del Guadarrama. The reference mountain landscape of this VC is El Boalo. The MRL belongs to the TERRAE Network. This is a national network of municipalities that use the principles of the Agroecology as values and basis for their development. Therefore, they aim for a sustainable future for their municipalities, with special attention to food chains and social cohesion.","agroecology","http://www.wikidata.org/entity/Q396338","-3.4039333475750104","40.12918603508881","-3.5","40.2"
"Key local assets","Guadarrama goat breed is as endemic and threatened breed. The herd grazes in mountain pastures, contributing to the land maintenance. In addition, the local promotion of this herd reinforces the identity of this mountain region, connecting people, places and practices. LAU is unspecified","herd, mountain, addition, people","http://www.wikidata.org/entity/Q209542, http://www.wikidata.org/entity/Q8502, http://www.wikidata.org/entity/Q32043, http://www.wikidata.org/entity/Q2472587","-3.4675303405029805","40.177879400335115","-3.5","40.2"
"Challenges","1) Abandonment of traditional practices and jobs (sheperd) due to societal and structural changes (demography, modern life style, global markets, competitivity, etc.); 2)Economic profitability; 3) Conflicts with livestock producers in getting access to natural resources (those producers consider the herd as a recreative activity and less important than their meat bussinessess); 4) Finding an interested group of people that may take care of the herd. Overall the type of challenge faced by this VC is Current. This VC is classified as Traditional and Innovative.","demography, life","http://www.wikidata.org/entity/Q37732, http://www.wikidata.org/entity/Q3","-3.4051242823169594","40.170660591072064","-3.5","40.2"
"Innovation","The type of innovation of this VC is Endogenous. Extensive grazing is not an innovative practice, but the public character of this herd, owned by the municipality, is an innovative governance system. However, due to complications in the management and conflicts with some neighbours and other producers, they are currently looking for interested people to take care of the herd. In addition, this activity is used to develop the School of Sheperds that take place every year with this herd. Finally, the herd is a touristic asset with the initiative 'Sheperd the goat' launched by the municipality of El Boalo. The innovation is related to New governance systems. The land use systems involved are Grassland. The local assets include Natural and cultural.","school, innovation, grazing, herd, municipality, governance, system, management, neighbours, people, addition, year, asset, goat, grassland","http://www.wikidata.org/entity/Q3914, http://www.wikidata.org/entity/Q174165, http://www.wikidata.org/entity/Q3239189, http://www.wikidata.org/entity/Q209542, http://www.wikidata.org/entity/Q15284, http://www.wikidata.org/entity/Q1553864, http://www.wikidata.org/entity/Q58778, http://www.wikidata.org/entity/Q2920921, http://www.wikidata.org/entity/Q908708, http://www.wikidata.org/entity/Q2472587, http://www.wikidata.org/entity/Q32043, http://www.wikidata.org/entity/Q577, http://www.wikidata.org/entity/Q46737, http://www.wikidata.org/entity/Q2934, http://www.wikidata.org/entity/Q1006733","-3.5338442527685485","40.29096475230147","-3.5","40.2"
"Geography and population","The size of the area (km2) is 40.13. The minimum altimetry of the LAU is 930. The maximum altimetry of the LAU is 2227. The total population (in thousand) is unspecified. The population density (Inhabitants/km2) in the LAU is 190.95. The population change rate of the LAU in the last 10 years (%) has been 15.44%. The overall regional population density (Inhabitants/km2) is unspecified. The regional population change rate in the last 10 years (%) is unspecified.","population density","http://www.wikidata.org/entity/Q22856","-3.43762138239586","40.23465470431955","-3.5","40.2"
"Income and gross value added","The average per capita income (EUR/year) [NUTS3] is 18555.67. The total Gross Value Added (GVA) (EUR million/year) [NUTS3] is 111602. The primary sector share of total GVA/year [NUTS3] is 1.20%. The secondary sector share of total GVA/year [NUTS3] is 19.96%. The tertiary sector share of total GVA/year [NUTS3] is 78.83%. The per capita income (EUR/year) [NUTS2] is unspecified. The total Gross Value Added (GVA) (EUR million/year) [NUTS2] is unspecified. The primary sector share of total GVA/year [NUTS2] is unspecified. The secondary sector share of total GVA/year [NUTS2] is unspecified. The tertiary sector share of total GVA/year [NUTS2] is unspecified.","gross value added, per capita income, year","http://www.wikidata.org/entity/Q994873, http://www.wikidata.org/entity/Q45918, http://www.wikidata.org/entity/Q577","-3.5303990944033634","40.18042034660786","-3.5","40.2"
"Tourism","The total number of bed places (BPs) in tourist accommodations/year in the LAU is 101. The regional (NUTS2) share of total BPs/year is unspecified. The number of agricultural holdings in the LAU is unspecified. The nearest settlement with population over 100000 (km) is 55.358. In this region protected areas are present.","","","-3.4913200839344993","40.27068165381908","-3.5","40.2"
"Employment","The primary sector share of total employment/year [NUTS3] is 1.46%. The secondary sector share of total employment/year [NUTS3] is 23.33%. The tertiary sector share of total employment/year [NUTS3] is 75.22%. The primary sector share of total employment/year [NUTS2] is unspecified. The secondary sector share of total employment/year [NUTS2] is unspecified. The tertiary sector share of total employment/year [NUTS2] is unspecified.","employment, year","http://www.wikidata.org/entity/Q656365, http://www.wikidata.org/entity/Q577","-3.541163253936548","40.21111359759848","-3.5","40.2"
"Concluding remarks","","","","-3.4910803150373426","40.162131701229306","-3.5","40.2"
