title,description,objects,objectlinks,lon,lat,barycenter_lon,barycenter_lat
"Iberian Ham (Jamón Ibérico) Protected Designation of Origin (PDO) - Los Pedroches","The MOVING reference member state of this VC is SPAIN UCO. The reference MOVING Card ID of this VC is VC 27 ES. To be labelled as PDO Los Pedroches, the pigs must be at least 75% Iberian breed and must graze extensively in the dehesa within the area of Los Pedroches with a maximum density of 12 pigs per hectare. There are three types of labels (black, red, and green), indicating the % of Iberian breed (75% or 100%) and the type of feeding (acornes/natural pastures or cereals/legums). Being completelly embedded in the High Nature Value (HNV) dehesa ecosytem, the quality of the final product depends on the wellbeing of the landscape.","los pedroches, spain, hectare","http://www.wikidata.org/entity/Q1117207, http://www.wikidata.org/entity/Q29, http://www.wikidata.org/entity/Q35852","-4.75","38.416666666666664","-3.5","40.2"
"Interest on this VC","High quality product with great embeddedness in the dehesa social-ecological-system. The PDO represents quality assurance and territorial identity of the product. The iberian ham is one of the significant traditional food products nationwide. This VC is a key element for the sustainability of dehesa ecosystem. . E-commerce and processing plants to enhance their marketing strategies and to access the international markets.","embeddedness, dehesa, system, sustainability, ecosystem, e-commerce","http://www.wikidata.org/entity/Q1079747, http://www.wikidata.org/entity/Q1182952, http://www.wikidata.org/entity/Q58778, http://www.wikidata.org/entity/Q219416, http://www.wikidata.org/entity/Q37813, http://www.wikidata.org/entity/Q484847","-4.848611111111111","38.378055555555555","-3.5","40.2"
"Mountain landscape and reference chains","The reference mountain chain of this VC is Sierra Morena. The reference mountain landscape of this VC is Pozoblanco. It is the biggest and the most populated municipality of the northern area of Córdoba (NUTS3), and the economic and administrative capital of Los Pedroches region. It is covered by dehesa landscape of holm oak and cork oak which is used for extensive livestock, and also areas of agricultural crops.","los pedroches, reference, mountain, sierra morena, landscape, pozoblanco, dehesa, livestock","http://www.wikidata.org/entity/Q1117207, http://www.wikidata.org/entity/Q121769, http://www.wikidata.org/entity/Q8502, http://www.wikidata.org/entity/Q686362, http://www.wikidata.org/entity/Q107425, http://www.wikidata.org/entity/Q820240, http://www.wikidata.org/entity/Q1182952, http://www.wikidata.org/entity/Q103459","-5.4","38.3","-3.5","40.2"
"Key local assets","The dehesa is a highly anthropised ecosystem (combining livestock, forestry and agricultural production), but at the same time with a very high ecosystemic richness. The management of the dehesa is a cultural heritage highly rooted in the territory and the basis for its sustainability. LAU is unspecified","dehesa, ecosystem, livestock, forestry, time, management, territory, sustainability","http://www.wikidata.org/entity/Q1182952, http://www.wikidata.org/entity/Q37813, http://www.wikidata.org/entity/Q103459, http://www.wikidata.org/entity/Q38112, http://www.wikidata.org/entity/Q11471, http://www.wikidata.org/entity/Q2920921, http://www.wikidata.org/entity/Q183366, http://www.wikidata.org/entity/Q219416","-5.351666666666667","38.370555555555555","-3.5","40.2"
"Challenges","1) Increasing the recognition of the Spanish Iberian ham, and positioning it on international markets 2) High density of animals in some farms that may harm the dehesa ecosystem 3) Fungus Phytophthora that attacks holm and cork oaks, which are the two main tree species in the dehesa ecosystem 4) Digitalisation, from the use of remote sensors to control the number of animals (carrying capacity) to infrared systems to guarantee the origin and quality level of the product (cebo, recebo, acorn). Digitalisation can play a fundamental role in controlling the traceability of the product as a guarantee of its quality. The sustainability of the dehesa, the basis of this value chain, is also supported by digitalisation, with early detection systems for pests and diseases or acorn harvesting forecasting based on remote sensors. Overall the type of challenge faced by this VC is Current and Predicted. This VC is classified as Traditional and Innovative.","dehesa, ecosystem, fungus, acorn, value chain","http://www.wikidata.org/entity/Q1182952, http://www.wikidata.org/entity/Q37813, http://www.wikidata.org/entity/Q764, http://www.wikidata.org/entity/Q3914781, http://www.wikidata.org/entity/Q646107","-4.895833333333333","38.44416666666667","-3.5","40.2"
"Innovation","The type of innovation of this VC is Exogenous. The main innovation of this VC is the use of e-commerce for their sales. In addition, they have one of the few meat processing plants that certifie to export to USA. The innovation is related to New processes and New marketing strategies. The land use systems involved are Cropland, Grassland, Forestry, Natural land and Animal skin / leather. The local assets include Natural and cultural.","innovation, e-commerce, sales, marketing, grassland, forestry, skin, leather","http://www.wikidata.org/entity/Q174165, http://www.wikidata.org/entity/Q484847, http://www.wikidata.org/entity/Q194189, http://www.wikidata.org/entity/Q39809, http://www.wikidata.org/entity/Q1006733, http://www.wikidata.org/entity/Q38112, http://www.wikidata.org/entity/Q1074, http://www.wikidata.org/entity/Q286","-4.9675","38.38944444444444","-3.5","40.2"
"Geography and population","The size of the area (km2) is 329.86. The minimum altimetry of the LAU is 280. The maximum altimetry of the LAU is 726. The total population (in thousand) is unspecified. The population density (Inhabitants/km2) in the LAU is 52.16. The population change rate of the LAU in the last 10 years (%) has been -3.30%. The overall regional population density (Inhabitants/km2) is unspecified. The regional population change rate in the last 10 years (%) is unspecified.","population density","http://www.wikidata.org/entity/Q22856","-4.8975","38.41222222222222","-3.5","40.2"
"Income and gross value added","The average per capita income (EUR/year) [NUTS3] is 15648. The total Gross Value Added (GVA) (EUR million/year) [NUTS3] is 13153.1. The primary sector share of total GVA/year [NUTS3] is 10.50%. The secondary sector share of total GVA/year [NUTS3] is 17.61%. The tertiary sector share of total GVA/year [NUTS3] is 71.89%. The per capita income (EUR/year) [NUTS2] is unspecified. The total Gross Value Added (GVA) (EUR million/year) [NUTS2] is unspecified. The primary sector share of total GVA/year [NUTS2] is unspecified. The secondary sector share of total GVA/year [NUTS2] is unspecified. The tertiary sector share of total GVA/year [NUTS2] is unspecified.","gross value added, per capita income, year","http://www.wikidata.org/entity/Q994873, http://www.wikidata.org/entity/Q45918, http://www.wikidata.org/entity/Q577","-5.020277777777777","38.187777777777775","-3.5","40.2"
"Tourism","The total number of bed places (BPs) in tourist accommodations/year in the LAU is 181. The regional (NUTS2) share of total BPs/year is unspecified. The number of agricultural holdings in the LAU is unspecified. The nearest settlement with population over 100000 (km) is 70.6. In this region protected areas are present.","","","-5.419722222222222","38.26694444444445","-3.5","40.2"
"Employment","The primary sector share of total employment/year [NUTS3] is 13.80%. The secondary sector share of total employment/year [NUTS3] is 17.10%. The tertiary sector share of total employment/year [NUTS3] is 57.00%. The primary sector share of total employment/year [NUTS2] is unspecified. The secondary sector share of total employment/year [NUTS2] is unspecified. The tertiary sector share of total employment/year [NUTS2] is unspecified.","employment, year","http://www.wikidata.org/entity/Q656365, http://www.wikidata.org/entity/Q577","-4.766666666666667","38.43333333333333","-3.5","40.2"
"Concluding remarks","The VC is present in the following municipalities: Alcaracejos (14003), Añora (14006), Belalcazar (14008), Belmez (14009), Cardeña (14016), Conquista (14020), Dos Torres (14023), El Guijo (14034), El Viso (14074), Espiel (14026), Fuente Obejuna (14029), Hinojosa del Duque (14035), La Granjuela (14032), Los Blazquez (14011), Pedroche (14051), Peñarroya- Pueblonuevo (14052), Pozoblanco (14054), Santa Eufemia (14061), Torrecampo (14062), Valsequillo (14064), Villanueva de Córdoba (14069), Villanueva del Rey (14071), Villanueva del Duque (14070).","el guijo, la granjuela, dos torres, alcaracejos, añora, espiel, fuente obejuna, pedroche, pozoblanco, torrecampo","http://www.wikidata.org/entity/Q1451119, http://www.wikidata.org/entity/Q1443651, http://www.wikidata.org/entity/Q1373904, http://www.wikidata.org/entity/Q854490, http://www.wikidata.org/entity/Q854390, http://www.wikidata.org/entity/Q1447434, http://www.wikidata.org/entity/Q1443636, http://www.wikidata.org/entity/Q1447333, http://www.wikidata.org/entity/Q820240, http://www.wikidata.org/entity/Q975665","-4.783055555555555","38.49611111111111","-3.5","40.2"
