title,description,objects,objectlinks,lon,lat,barycenter_lon,barycenter_lat
"Lamb production - COVAP (Cooperativa Ganadera del Valle de los Pedroches)","The MOVING reference member state of this VC is SPAIN UCO. The reference MOVING Card ID of this VC is VC 30 ES. COVAP is one of the biggest Spanish cooperatives with 4500 livestock partners, located in Los Pedroches region, in Sierra Morena. It counts with 789 meat sheep farms of the breed merina. The cooperative is the key actor, which includes the producers, workers related to the feeding porducts, workers of the slaughter houses, lab technicians, inspectors, administrators and commercials. Simultaneosly, while the activity is totally dependent on the dehesa ecosystem, it could harm it if overgrazing occurs.","los pedroches, spain, sierra morena, ecosystem, overgrazing","http://www.wikidata.org/entity/Q1117207, http://www.wikidata.org/entity/Q29, http://www.wikidata.org/entity/Q686362, http://www.wikidata.org/entity/Q37813, http://www.wikidata.org/entity/Q334487","-4.75","38.416666666666664","-3.5","40.2"
"Interest on this VC","High quality products with high reputation in national and international markets. COVAP is a cooperative of producers of animal products. It is connected to the social-ecological-system as the sheeps graze in the dehesas of the region. 1) New processes in terms of covering all the meat industry processes within their cooperative, including the laboratory anlysis; 2) New marketing strategies because of the export oriented approach and the possible certifications.","cooperative, meat, laboratory, marketing, export","http://www.wikidata.org/entity/Q4539, http://www.wikidata.org/entity/Q10990, http://www.wikidata.org/entity/Q483242, http://www.wikidata.org/entity/Q39809, http://www.wikidata.org/entity/Q182722","-5.4","38.3","-3.5","40.2"
"Mountain landscape and reference chains","The reference mountain chain of this VC is Sierra Morena. The reference mountain landscape of this VC is Pozoblanco. It is the biggest and the most populated municipality of the northern area of Córdoba (NUTS3), and the capital of Los Pedroches region. The landscape is similar along the region, dominated by extense dehesas of holm oak and cork oak used for extensive livestock.","los pedroches, reference, mountain, sierra morena, landscape, pozoblanco, livestock","http://www.wikidata.org/entity/Q1117207, http://www.wikidata.org/entity/Q121769, http://www.wikidata.org/entity/Q8502, http://www.wikidata.org/entity/Q686362, http://www.wikidata.org/entity/Q107425, http://www.wikidata.org/entity/Q820240, http://www.wikidata.org/entity/Q103459","-4.848611111111111","38.378055555555555","-3.5","40.2"
"Key local assets","The natural asset is the dehesa ecosystem and landscape. The social asset is very important in this case as it is a cooperative scheme that has control over all of the stages of the VC; it gives support to the producers and it facilitates the commercialisation. Lastly, the cultural aspect is again integrated in the practices, a cultural heritage resulting from a long tradition of livestock management in dehesa ecosystems. LAU is unspecified","asset, dehesa, ecosystem, landscape, tradition, livestock, management","http://www.wikidata.org/entity/Q46737, http://www.wikidata.org/entity/Q1182952, http://www.wikidata.org/entity/Q37813, http://www.wikidata.org/entity/Q107425, http://www.wikidata.org/entity/Q82821, http://www.wikidata.org/entity/Q103459, http://www.wikidata.org/entity/Q2920921","-5.351666666666667","38.370555555555555","-3.5","40.2"
"Challenges","1) Keep growing in the international markets; 2) Keep energising the livestock industry in the region to maintain the production while avoiding overgrazing. Overall the type of challenge faced by this VC is Current and Predicted. This VC is classified as Traditional and Innovative.","overgrazing","http://www.wikidata.org/entity/Q334487","-4.895833333333333","38.44416666666667","-3.5","40.2"
"Innovation","The type of innovation of this VC is Endogenous. The innovation is that the cooperative coins every part of the value chain, from the animal production, feeding products, slaughter and transformation, and commercialisation. It works together with researchers to control and improve the quality. It is the one of the few slaughter houses and transformation centres in Spain certified to export meat to the United States. In addition, the installations of the slaughter house are certified to produce organic and halal meat. There is also an e-commerce platform in their website. The innovation is related to New processes and New marketing strategies. The land use systems involved are Grassland and Natural land. The local assets include Natural and social.","spain, innovation, value chain, meat, addition, house, halal, e-commerce, marketing, grassland","http://www.wikidata.org/entity/Q29, http://www.wikidata.org/entity/Q174165, http://www.wikidata.org/entity/Q646107, http://www.wikidata.org/entity/Q10990, http://www.wikidata.org/entity/Q32043, http://www.wikidata.org/entity/Q3947, http://www.wikidata.org/entity/Q177823, http://www.wikidata.org/entity/Q484847, http://www.wikidata.org/entity/Q39809, http://www.wikidata.org/entity/Q1006733","-5.983333333333333","37.38333333333333","-3.5","40.2"
"Geography and population","The size of the area (km2) is 329.86. The minimum altimetry of the LAU is 280. The maximum altimetry of the LAU is 726. The total population (in thousand) is unspecified. The population density (Inhabitants/km2) in the LAU is 52.16. The population change rate of the LAU in the last 10 years (%) has been -3.30%. The overall regional population density (Inhabitants/km2) is unspecified. The regional population change rate in the last 10 years (%) is unspecified.","population density","http://www.wikidata.org/entity/Q22856","-4.9675","38.38944444444444","-3.5","40.2"
"Income and gross value added","The average per capita income (EUR/year) [NUTS3] is 15648. The total Gross Value Added (GVA) (EUR million/year) [NUTS3] is 13153.1. The primary sector share of total GVA/year [NUTS3] is 10.50%. The secondary sector share of total GVA/year [NUTS3] is 17.61%. The tertiary sector share of total GVA/year [NUTS3] is 71.89%. The per capita income (EUR/year) [NUTS2] is unspecified. The total Gross Value Added (GVA) (EUR million/year) [NUTS2] is unspecified. The primary sector share of total GVA/year [NUTS2] is unspecified. The secondary sector share of total GVA/year [NUTS2] is unspecified. The tertiary sector share of total GVA/year [NUTS2] is unspecified.","gross value added, per capita income, year","http://www.wikidata.org/entity/Q994873, http://www.wikidata.org/entity/Q45918, http://www.wikidata.org/entity/Q577","-4.8975","38.41222222222222","-3.5","40.2"
"Tourism","The total number of bed places (BPs) in tourist accommodations/year in the LAU is 181. The regional (NUTS2) share of total BPs/year is unspecified. The number of agricultural holdings in the LAU is unspecified. The nearest settlement with population over 100000 (km) is 70.6. In this region protected areas are present.","","","-5.020277777777777","38.187777777777775","-3.5","40.2"
"Employment","The primary sector share of total employment/year [NUTS3] is 13.80%. The secondary sector share of total employment/year [NUTS3] is 17.10%. The tertiary sector share of total employment/year [NUTS3] is 57.00%. The primary sector share of total employment/year [NUTS2] is unspecified. The secondary sector share of total employment/year [NUTS2] is unspecified. The tertiary sector share of total employment/year [NUTS2] is unspecified.","employment, year","http://www.wikidata.org/entity/Q656365, http://www.wikidata.org/entity/Q577","-5.419722222222222","38.26694444444445","-3.5","40.2"
"Concluding remarks","The VC is present in other provinces of Sierra Morena such as Seville and Huelva. In addition, it is present in all the municipalities of Los Pedroches region in Cordoba: Alcaracejos (14003), Añora (14006), Belalcazar (14008), Belmez (14009), Cardeña (14016), Conquista (14020), Dos Torres (14023), El Guijo (14034), El Viso (14074), Espiel (14026), Fuente Obejuna (14029), Hinojosa del Duque (14035), La Granjuela (14032), Los Blazquez (14011), Pedroche (14051), Peñarroya- Pueblonuevo (14052), Pozoblanco (14054), Santa Eufemia (14061), Torrecampo (14062), Valsequillo (14064), Villanueva de Córdoba (14069), Villanueva del Rey (14071), Villanueva del Duque (14070).","los pedroches, el guijo, la granjuela, dos torres, sierra morena, seville, huelva, addition, alcaracejos, añora, espiel, fuente obejuna, pedroche, pozoblanco, torrecampo","http://www.wikidata.org/entity/Q1117207, http://www.wikidata.org/entity/Q1451119, http://www.wikidata.org/entity/Q1443651, http://www.wikidata.org/entity/Q1373904, http://www.wikidata.org/entity/Q686362, http://www.wikidata.org/entity/Q8717, http://www.wikidata.org/entity/Q12246, http://www.wikidata.org/entity/Q32043, http://www.wikidata.org/entity/Q854490, http://www.wikidata.org/entity/Q854390, http://www.wikidata.org/entity/Q1447434, http://www.wikidata.org/entity/Q1443636, http://www.wikidata.org/entity/Q1447333, http://www.wikidata.org/entity/Q820240, http://www.wikidata.org/entity/Q975665","-4.783055555555555","38.49611111111111","-3.5","40.2"
