title,description,objects,objectlinks,lon,lat,barycenter_lon,barycenter_lat
"Jacetania Bread","The MOVING reference member state of this VC is SPAIN UCO. The reference MOVING Card ID of this VC is VC 36 ES. This VC is associated with traditional bakeries. As mentioned before, the techniques that each baker uses are legacies from a centruy of bread making in each locality. The ovens work with fire, giving to the bread an special flavour and consistency. They are simply made with sour dough, water, flour (of different cereals) and salt. The specifity of each of them comes with the bread-making legacy of the family or locality. In most cases, the sales stay within the municipality. Normally there is a bakery in the principal settlement and then the baker delivers them in a small truck to houses, restaurants and small stores in the surrounding villages.","spain, baker, bread, fire, consistency","http://www.wikidata.org/entity/Q29, http://www.wikidata.org/entity/Q160131, http://www.wikidata.org/entity/Q7802, http://www.wikidata.org/entity/Q3196, http://www.wikidata.org/entity/Q1319773","-3.5","40.2","-3.5","40.2"
"Interest on this VC","High reputed product made with artisanal methods. The bread is part of the cultural heritage of the region.","","","-0.8166666666666667","42.75","-3.5","40.2"
"Mountain landscape and reference chains","The reference mountain chain of this VC is Pyreenes. The reference mountain landscape of this VC is Ansó. Ansó is located in the valley of the Veral river, in the occidental part of the Pyreenes. Surrounded by mountain and sharp valleys, its boundaries touch France in the north, where the municipality border covers an extense longitudinal area along the Pyreenes' limits with France.","france, reference, mountain, ansó, touch france","http://www.wikidata.org/entity/Q142, http://www.wikidata.org/entity/Q121769, http://www.wikidata.org/entity/Q8502, http://www.wikidata.org/entity/Q570484, http://www.wikidata.org/entity/Q3532803","2.0","47.0","-3.5","40.2"
"Key local assets","As in the begining of the last century there was a communal wood oven in each locality, every person of the town was involved in the bread making. While women were making the doughs at home, one specific person was in charge of the baking. This changed with the civil war, as the army wanted those who were baking to become official bakers at the army. Today, this kowledge passes from partens to children or from masters to apprentices, keeping recepies with singularities of each locality. In fact, each family used to 'label' their bread with a personal touch by marking or printing or shaping the dough in a sigular manner before cooking it. LAU is unspecified","century, wood, oven, person, town, bread, fact, dough","http://www.wikidata.org/entity/Q578, http://www.wikidata.org/entity/Q287, http://www.wikidata.org/entity/Q36539, http://www.wikidata.org/entity/Q215627, http://www.wikidata.org/entity/Q3957, http://www.wikidata.org/entity/Q7802, http://www.wikidata.org/entity/Q188572, http://www.wikidata.org/entity/Q178024","-0.7596119769460915","42.69550045900142","-3.5","40.2"
"Challenges","With the rural depopulation, they are losing customers as they sell in the proximity market. In addition, the industrial bread at supermarkets and food stores is a competitor. Overall the type of challenge faced by this VC is unspecified. This VC is classified as Traditional.","","","-0.726766705845028","42.76732203646988","-3.5","40.2"
"Innovation","The type of innovation of this VC is unspecified. The innovation is related to the whole VC. The land use systems involved are N/A. The local assets include Cultural.","innovation","http://www.wikidata.org/entity/Q174165","-0.8626674413030828","42.72633312357889","-3.5","40.2"
"Geography and population","The size of the area (km2) is 224. The minimum altimetry of the LAU is 765. The maximum altimetry of the LAU is 2640. The total population (in thousand) is unspecified. The population density (Inhabitants/km2) in the LAU is 1.72. The population change rate of the LAU in the last 10 years (%) has been -21.38%. The overall regional population density (Inhabitants/km2) is unspecified. The regional population change rate in the last 10 years (%) is unspecified.","population density","http://www.wikidata.org/entity/Q22856","-0.8473508556434909","42.829644570069036","-3.5","40.2"
"Income and gross value added","The average per capita income (EUR/year) [NUTS3] is 11807. The total Gross Value Added (GVA) (EUR million/year) [NUTS3] is 5551.3. The primary sector share of total GVA/year [NUTS3] is 15.04%. The secondary sector share of total GVA/year [NUTS3] is 21.59%. The tertiary sector share of total GVA/year [NUTS3] is 63.37%. The per capita income (EUR/year) [NUTS2] is unspecified. The total Gross Value Added (GVA) (EUR million/year) [NUTS2] is unspecified. The primary sector share of total GVA/year [NUTS2] is unspecified. The secondary sector share of total GVA/year [NUTS2] is unspecified. The tertiary sector share of total GVA/year [NUTS2] is unspecified.","gross value added, per capita income, year","http://www.wikidata.org/entity/Q994873, http://www.wikidata.org/entity/Q45918, http://www.wikidata.org/entity/Q577","-0.8800921713052667","42.68307461720415","-3.5","40.2"
"Tourism","The total number of bed places (BPs) in tourist accommodations/year in the LAU is 674. The regional (NUTS2) share of total BPs/year is unspecified. The number of agricultural holdings in the LAU is unspecified. The nearest settlement with population over 100000 (km) is 52. In this region protected areas are present.","number, bed, year","http://www.wikidata.org/entity/Q11563, http://www.wikidata.org/entity/Q42177, http://www.wikidata.org/entity/Q577","-0.7580597949950392","42.80314695855791","-3.5","40.2"
"Employment","The primary sector share of total employment/year [NUTS3] is 13.40%. The secondary sector share of total employment/year [NUTS3] is 25.00%. The tertiary sector share of total employment/year [NUTS3] is 61.50%. The primary sector share of total employment/year [NUTS2] is unspecified. The secondary sector share of total employment/year [NUTS2] is unspecified. The tertiary sector share of total employment/year [NUTS2] is unspecified.","employment, year","http://www.wikidata.org/entity/Q656365, http://www.wikidata.org/entity/Q577","-0.7173245478710957","42.71878306733007","-3.5","40.2"
"Concluding remarks","The VC is present in many municipalities of the region such as Ansó (22028), Bailo (22044), Canal de Berdún (22076) or Santa Cilia (22208).","santa cilia, ansó, canal","http://www.wikidata.org/entity/Q984482, http://www.wikidata.org/entity/Q570484, http://www.wikidata.org/entity/Q12284","-0.7144444444444444","42.56055555555555","-3.5","40.2"
