title,description,objects,objectlinks,lon,lat,barycenter_lon,barycenter_lat
"Chestnut products","The MOVING reference member state of this VC is SPAIN UCO. The reference MOVING Card ID of this VC is VC 40 ES. The chestnut is a wild product traditionally used in many dishes. Nowadays its use has been reduced significantly in the cuisine. However, the product has high nutritious value and possibilities of transformation (flour, jam, bakery sweets). In this MRL we can find a company that produces organic chestnuts (harvested from natural forest), clean them and prepare them to be sold within the country and aborad (USA, Canada and Eastern Europe). The organic certificate is given by the Andalusian Comitee of Organic Agriculture.","canada, eastern europe, spain, flour, jam, bakery","http://www.wikidata.org/entity/Q16, http://www.wikidata.org/entity/Q27468, http://www.wikidata.org/entity/Q29, http://www.wikidata.org/entity/Q36465, http://www.wikidata.org/entity/Q1269, http://www.wikidata.org/entity/Q274393","-3.5","40.2","-3.5","40.2"
"Interest on this VC","High quality product connected with the natural ecosystem, the chestnut forest. The raw product is commercialised in the national market and also experoted to USA, Canada and Eastern Europe. New processes linked to the fruit selection, packaging and the sale and marketing. There are also small companies selling elaborated products based on chestnuts.","canada, eastern europe, ecosystem","http://www.wikidata.org/entity/Q16, http://www.wikidata.org/entity/Q27468, http://www.wikidata.org/entity/Q37813","20.0","50.0","-3.5","40.2"
"Mountain landscape and reference chains","The reference mountain chain of this VC is Sierra Morena. The reference mountain landscape of this VC is Galaroza. The MRL is located at the core of the Sierra de Aracena y Picos de Aroche Natural Park. Its main production is wood furniture. The region is covered by a dense mediterranean forest and dehesas. In the higher areas, the holm oaks are substituted by the cork oaks and then by the pyrenean oaks and chestnut trees. The area has high precipitation rates with mild temperatures.","sierra morena, galaroza, aroche","http://www.wikidata.org/entity/Q686362, http://www.wikidata.org/entity/Q1615091, http://www.wikidata.org/entity/Q1615179","-5.4","38.3","-3.5","40.2"
"Key local assets","There are around 5000 ha of chesnut forest in the Sierra de Aracena y Picos de Aroche Natural Park. Among them there are 5 varieties of chesnut. They are ancient trees that produce high volumes of chestnuts every year. LAU is unspecified","aroche","http://www.wikidata.org/entity/Q1615179","-6.953611111111111","37.94361111111111","-3.5","40.2"
"Challenges","Move beyond the raw product, innovating with it and adding value to it. Overall the type of challenge faced by this VC is Current and Predicted. This VC is classified as Traditional and Innovative.","","","20.004605615996837","50.070152364764056","-3.5","40.2"
"Innovation","The type of innovation of this VC is Endogenous and Exogenous. The chestnuts have the organic certification and in Galaroza are harvested, manipulated and packed in a big plant to be sold to big retailers. The innovation is related to the preparation plant that is equiped with modern technology, merging a traditional product with novel technologies. Within the region, other small companies are innovating in the product, transforming the chestnuts into jam, flour, and other elaborated products. The innovation is related to New products and New processes. The land use systems involved are Forestry. The local assets include Natural.","innovation, organic certification, galaroza, plant, technology, novel, jam, flour","http://www.wikidata.org/entity/Q174165, http://www.wikidata.org/entity/Q11680670, http://www.wikidata.org/entity/Q1615091, http://www.wikidata.org/entity/Q756, http://www.wikidata.org/entity/Q11016, http://www.wikidata.org/entity/Q8261, http://www.wikidata.org/entity/Q1269, http://www.wikidata.org/entity/Q36465","-6.708333333333333","37.92777777777778","-3.5","40.2"
"Geography and population","The size of the area (km2) is 22.31. The minimum altimetry of the LAU is 490. The maximum altimetry of the LAU is 830. The total population (in thousand) is unspecified. The population density (Inhabitants/km2) in the LAU is 61.95. The population change rate of the LAU in the last 10 years (%) has been -13.90%. The overall regional population density (Inhabitants/km2) is unspecified. The regional population change rate in the last 10 years (%) is unspecified.","population density","http://www.wikidata.org/entity/Q22856","19.97989567727726","50.06615741378666","-3.5","40.2"
"Income and gross value added","The average per capita income (EUR/year) [NUTS3] is 9572. The total Gross Value Added (GVA) (EUR million/year) [NUTS3] is 9599.3. The primary sector share of total GVA/year [NUTS3] is 8.33%. The secondary sector share of total GVA/year [NUTS3] is 27.46%. The tertiary sector share of total GVA/year [NUTS3] is 64.21%. The per capita income (EUR/year) [NUTS2] is unspecified. The total Gross Value Added (GVA) (EUR million/year) [NUTS2] is unspecified. The primary sector share of total GVA/year [NUTS2] is unspecified. The secondary sector share of total GVA/year [NUTS2] is unspecified. The tertiary sector share of total GVA/year [NUTS2] is unspecified.","gross value added, per capita income, year","http://www.wikidata.org/entity/Q994873, http://www.wikidata.org/entity/Q45918, http://www.wikidata.org/entity/Q577","19.99664063961682","50.083864380609015","-3.5","40.2"
"Tourism","The total number of bed places (BPs) in tourist accommodations/year in the LAU is 16. The regional (NUTS2) share of total BPs/year is unspecified. The number of agricultural holdings in the LAU is unspecified. The nearest settlement with population over 100000 (km) is 98.6. In this region protected areas are present.","","","20.02105323234851","50.04349388584769","-3.5","40.2"
"Employment","The primary sector share of total employment/year [NUTS3] is 17.30%. The secondary sector share of total employment/year [NUTS3] is 13.90%. The tertiary sector share of total employment/year [NUTS3] is 68.80%. The primary sector share of total employment/year [NUTS2] is unspecified. The secondary sector share of total employment/year [NUTS2] is unspecified. The tertiary sector share of total employment/year [NUTS2] is unspecified.","employment, year","http://www.wikidata.org/entity/Q656365, http://www.wikidata.org/entity/Q577","19.96963276985936","50.01857208127484","-3.5","40.2"
"Concluding remarks","This VC is also present in Castaño del Robledo (21022).","del","http://www.wikidata.org/entity/Q334508","19.948211422093593","49.93887143592142","-3.5","40.2"
