title,description,objects,objectlinks,lon,lat,barycenter_lon,barycenter_lat
"La Troje seeds","The MOVING reference member state of this VC is SPAIN UCO. The reference MOVING Card ID of this VC is VC 41 ES. The cooperative La Troje is the main actor but cannot be seen isolated from the network in which they operate (from residents of the area to other organisations, research insitutions and municipalities). Their impact on the social-ecological-system comes with the promotion and use of local varieties that enhance the knowledge on local food production and they are normally less dependent on external inputs (as they are adapted to local conditions), making the systrem more resilient.","spain","http://www.wikidata.org/entity/Q29","-3.5","40.2","-3.5","40.2"
"Interest on this VC","1) Production and reproduction of local varieties of seeds. These seeds are the result of multiple generations of farmers using these varieties along the mountain range; 2) Breeding of endogenous vegetables and fruit trees; 3) All the activities are carried out under the framework of agroecology; 4) Local economies. This association is innovative in terms of their approach to the activity. Not only they produce seeds and plants but foster a change in the agricultural system towards one that is more equal, fair and sustainable. The innovation comes then with their holistic approach to the sector (working on seeds, plants, compost or gardening) and with their parallel activities in research, education and activism.","reproduction, mountain, fruit, agroecology, system, compost","http://www.wikidata.org/entity/Q11990, http://www.wikidata.org/entity/Q8502, http://www.wikidata.org/entity/Q1364, http://www.wikidata.org/entity/Q396338, http://www.wikidata.org/entity/Q58778, http://www.wikidata.org/entity/Q212254","-3.5605555555555557","40.88805555555555","-3.5","40.2"
"Mountain landscape and reference chains","The reference mountain chain of this VC is Sierra del Guadarrama. The reference mountain landscape of this VC is El Berrueco. Located in the Northern Sierra, its main activity in the past was used to be related to livestock (being grazed in the open forests 'dehesas' of oaks and ash trees). Within the MRL there is a part of the water reservoir of el Atazar that is visited by many citizens from the area and Madrid city during summer to enjoy a bath.","madrid, reference, mountain, landscape, el berrueco, past, livestock, ash, water, reservoir, city, summer","http://www.wikidata.org/entity/Q2807, http://www.wikidata.org/entity/Q121769, http://www.wikidata.org/entity/Q8502, http://www.wikidata.org/entity/Q107425, http://www.wikidata.org/entity/Q645201, http://www.wikidata.org/entity/Q192630, http://www.wikidata.org/entity/Q103459, http://www.wikidata.org/entity/Q152079, http://www.wikidata.org/entity/Q283, http://www.wikidata.org/entity/Q131681, http://www.wikidata.org/entity/Q515, http://www.wikidata.org/entity/Q1313","-3.6919444444444443","40.41888888888889","-3.5","40.2"
"Key local assets","The natural assets are the seeds and plants they produce that are product of an evolution over generations of farmers that have used them in this region. Therefore, the local traditional knowledge plays an important role in this VC. Regarding the social assets, they are part of 19 initiatives and networks that work on creating and spreading knowledge on agroecology. These can be from research initiatives to grass roots activism or policy-oriented working together with research institutes, civil organisations and municipalities. LAU is unspecified","evolution, knowledge, role, agroecology","http://www.wikidata.org/entity/Q1063, http://www.wikidata.org/entity/Q9081, http://www.wikidata.org/entity/Q214339, http://www.wikidata.org/entity/Q396338","-3.488149427078851","40.22924458413375","-3.5","40.2"
"Challenges","1) The loss of endemic vaireties that cannot be retrieved anymore; 2) The climate change causing rapid changes in the local conditions that may hamper the efficacy of these seeds; 3) The policies that regulate the seed trade and production; 4) The access to markets and the dominance of comercial varieties of seeds; 5) The change on diets that leave aside many traditional vegetables and do not attend to seasonality. Overall the type of challenge faced by this VC is Current. This VC is classified as Traditional and Innovative.","","","-3.531582611653974","40.15980457909604","-3.5","40.2"
"Innovation","The type of innovation of this VC is Endogenous. Plant breeding is not an innovative activity nor are the varieties or techniques that they are using. However, the innovation comes with the multidisciplinarity of this association. They breed local varieties in collaboration with local experts, putting in value the local and traditional ecological knowledge. In addition, they give courses on various topics related to gardening (from seedling to composting). They distribute their own products to keep the direct relationship with the consumers or they sell at small stores that share their principles. They are a cooperative that works to build regional networks of agroecology. The innovation is related to the whole VC. The land use systems involved are Cropland. The local assets include Natural, social and cultural.","innovation, plant breeding, collaboration, addition, gardening, seedling, agroecology","http://www.wikidata.org/entity/Q174165, http://www.wikidata.org/entity/Q788558, http://www.wikidata.org/entity/Q1145523, http://www.wikidata.org/entity/Q32043, http://www.wikidata.org/entity/Q124946, http://www.wikidata.org/entity/Q1385709, http://www.wikidata.org/entity/Q396338","-3.419964712637873","40.10241587776244","-3.5","40.2"
"Geography and population","The size of the area (km2) is 28.43. The minimum altimetry of the LAU is 830. The maximum altimetry of the LAU is 1164. The total population (in thousand) is unspecified. The population density (Inhabitants/km2) in the LAU is 27.33. The population change rate of the LAU in the last 10 years (%) has been 28.42%. The overall regional population density (Inhabitants/km2) is unspecified. The regional population change rate in the last 10 years (%) is unspecified.","population density","http://www.wikidata.org/entity/Q22856","-3.404227052444531","40.256108536486174","-3.5","40.2"
"Income and gross value added","The average per capita income (EUR/year) [NUTS3] is 14858.07. The total Gross Value Added (GVA) (EUR million/year) [NUTS3] is 0.018458. The primary sector share of total GVA/year [NUTS3] is 0.25%. The secondary sector share of total GVA/year [NUTS3] is 25.93%. The tertiary sector share of total GVA/year [NUTS3] is 73.82%. The per capita income (EUR/year) [NUTS2] is unspecified. The total Gross Value Added (GVA) (EUR million/year) [NUTS2] is unspecified. The primary sector share of total GVA/year [NUTS2] is unspecified. The secondary sector share of total GVA/year [NUTS2] is unspecified. The tertiary sector share of total GVA/year [NUTS2] is unspecified.","gross value added, per capita income, year, capita","http://www.wikidata.org/entity/Q994873, http://www.wikidata.org/entity/Q45918, http://www.wikidata.org/entity/Q577, http://www.wikidata.org/entity/Q606013","-3.5226191710876233","40.25460969414597","-3.5","40.2"
"Tourism","The total number of bed places (BPs) in tourist accommodations/year in the LAU is 539. The regional (NUTS2) share of total BPs/year is unspecified. The number of agricultural holdings in the LAU is unspecified. The nearest settlement with population over 100000 (km) is 66.347. In this region protected areas are present.","","","-3.5868455022400005","40.1169468198807","-3.5","40.2"
"Employment","The primary sector share of total employment/year [NUTS3] is 0.66%. The secondary sector share of total employment/year [NUTS3] is 25.00%. The tertiary sector share of total employment/year [NUTS3] is 75.00%. The primary sector share of total employment/year [NUTS2] is unspecified. The secondary sector share of total employment/year [NUTS2] is unspecified. The tertiary sector share of total employment/year [NUTS2] is unspecified.","employment, year","http://www.wikidata.org/entity/Q656365, http://www.wikidata.org/entity/Q577","-3.560338355353358","40.250732273634334","-3.5","40.2"
"Concluding remarks","","","","-3.426177824531319","40.27633321759423","-3.5","40.2"
