title,description,objects,objectlinks,lon,lat,barycenter_lon,barycenter_lat
"STRAWBERRIES and RASPBERRIES","The MOVING reference member state of this VC is BULGARIA. The reference MOVING Card ID of this VC is VC 17 BG. Production of soft fruit in Berkovitsa declined immediately after the collapse of the communist regime in 1989, but has now been largely re-established. Many of the restored strawberry and raspberry plantations are now organically certified to take advantage of the signifiant export opportunities that exist and a number of foreign companies have established collection points and processing units for exporting a range of frozen organic soft fruits all over Europe. These plantations of high value soft fruit are economically very important for the local community. Meanwhile some niche markets also exist for other celebrated local products, such as 'malinovo vino' (raspberry wine) and 'yagodovo vino' (strawberry wine).","europe, bulgaria, fruit, berkovitsa, regime, raspberry, export, number, community","http://www.wikidata.org/entity/Q46, http://www.wikidata.org/entity/Q219, http://www.wikidata.org/entity/Q1364, http://www.wikidata.org/entity/Q407314, http://www.wikidata.org/entity/Q5589178, http://www.wikidata.org/entity/Q13179, http://www.wikidata.org/entity/Q182722, http://www.wikidata.org/entity/Q11563, http://www.wikidata.org/entity/Q177634","25.5","42.75","25.5","42.75"
"Interest on this VC","The Berkovitsa Municipality (MON02) in Montana Province (BG312) was well-known during the communist period for strawberry and raspberry production. After the political reforms and economic crises of the 1990s many plantations were abandoned, but have now been re-established and are flourishing again through their connection with well-established value chains into the (organic) food markets of western Europe.","montana province, europe, berkovitsa municipality, raspberry, 1990s","http://www.wikidata.org/entity/Q2012057, http://www.wikidata.org/entity/Q46, http://www.wikidata.org/entity/Q2609066, http://www.wikidata.org/entity/Q13179, http://www.wikidata.org/entity/Q34653","23.183333333333334","43.6","25.5","42.75"
"Mountain landscape and reference chains","The reference mountain chain of this VC is Western Stara Planina (Balkan mountains). The reference mountain landscape of this VC is Berkovitsa Municipality in Montana Province (BG312). The relief of the Montana province (MON36) varies greatly. The majority (65%) of the province is a fertile plain area in the north bordering the Danube River. This area is dominated by intensive arable cropping. In contrast, there are four mountainous municipalities in the south-west of the province that encompass much of the Western Planina Stara mountain range (with highest peak of 2,016 metres). Most grasslands and livestock are found in this region, together with forest land on the steeper slopes. Berkovitsa is a small municipality which is predominantly (60%) forest with 40% agricultural land consisting mainly of rough upland grazing (natural high mountain pastures, riparian meadows, stony or rocky terrain). There are also some semi-natural (secondary) grasslands created by the clearance of patches of forest. Some small plots of cultivated land also exist, including the permanent plantations of strawberries and raspberries mentioned above.","montana province, montana, reference, mountain, balkan mountains, berkovitsa municipality, province, danube, berkovitsa, municipality","http://www.wikidata.org/entity/Q2012057, http://www.wikidata.org/entity/Q1212, http://www.wikidata.org/entity/Q121769, http://www.wikidata.org/entity/Q8502, http://www.wikidata.org/entity/Q170427, http://www.wikidata.org/entity/Q2609066, http://www.wikidata.org/entity/Q34876, http://www.wikidata.org/entity/Q1653, http://www.wikidata.org/entity/Q407314, http://www.wikidata.org/entity/Q15284","25.0","42.7","25.5","42.75"
"Key local assets","The combination of climate, soils and altitude on the northern slopes of the Western Stara Planina is very favourable for soft fruit production. About the LAU: MON02.","combination, climate, altitude, fruit","http://www.wikidata.org/entity/Q202805, http://www.wikidata.org/entity/Q7937, http://www.wikidata.org/entity/Q190200, http://www.wikidata.org/entity/Q1364","9.14062","48.690958888888886","25.5","42.75"
"Challenges","The rural population in the region is 50% of what it used to be in the 1960s and the remaining inhabitants are increasingly elderly. Maintenance of an active workforce is therefore a major challenge which puts soft fruit growers under increasing pressure. Overall the type of challenge faced by this VC is Current. This VC is classified as Traditional.","workforce, fruit","http://www.wikidata.org/entity/Q13440398, http://www.wikidata.org/entity/Q1364","23.12508888888889","43.23714694444445","25.5","42.75"
"Innovation","The type of innovation of this VC is unspecified. The innovation is related to the whole VC. The land use systems involved are Cropland. The local assets include Natural.","innovation","http://www.wikidata.org/entity/Q174165","23.133333333333333","43.25","25.5","42.75"
"Geography and population","The size of the area (km2) is 465. The minimum altimetry of the LAU is unspecified. The maximum altimetry of the LAU is unspecified. The total population (in thousand) is 16.343. The population density (Inhabitants/km2) in the LAU is 35.15. The population change rate of the LAU in the last 10 years (%) is unspecified. The overall regional population density (Inhabitants/km2) is 39.00. The regional population change rate in the last 10 years (%) has been -0.19%.","population density","http://www.wikidata.org/entity/Q22856","8.280833055555556","48.10666694444444","25.5","42.75"
"Income and gross value added","The average per capita income (EUR/year) [NUTS3] is 4600. The total Gross Value Added (GVA) (EUR million/year) [NUTS3] is 524. The primary sector share of total GVA/year [NUTS3] is 13.40%. The secondary sector share of total GVA/year [NUTS3] is 30.00%. The tertiary sector share of total GVA/year [NUTS3] is 56.60%. The per capita income (EUR/year) [NUTS2] is 5200. The total Gross Value Added (GVA) (EUR million/year) [NUTS2] is 3402. The primary sector share of total GVA/year [NUTS2] is 9.10%. The secondary sector share of total GVA/year [NUTS2] is 36.40%. The tertiary sector share of total GVA/year [NUTS2] is 54.50%.","gross value added, per capita income, year","http://www.wikidata.org/entity/Q994873, http://www.wikidata.org/entity/Q45918, http://www.wikidata.org/entity/Q577","9.126055953090727","48.69591778941678","25.5","42.75"
"Tourism","The total number of bed places (BPs) in tourist accommodations/year in the LAU is 1497. The regional (NUTS2) share of total BPs/year is 18.30%. The number of agricultural holdings in the LAU is 19010. The nearest settlement with population over 100000 (km) is unspecified. In this region protected areas are present.","number, bed, year","http://www.wikidata.org/entity/Q11563, http://www.wikidata.org/entity/Q42177, http://www.wikidata.org/entity/Q577","9.142009979597788","48.72839376229142","25.5","42.75"
"Employment","The primary sector share of total employment/year [NUTS3] is 30.80%. The secondary sector share of total employment/year [NUTS3] is 26.60%. The tertiary sector share of total employment/year [NUTS3] is 42.70%. The primary sector share of total employment/year [NUTS2] is 27.80%. The secondary sector share of total employment/year [NUTS2] is 26.70%. The tertiary sector share of total employment/year [NUTS2] is 45.50%.","employment, year","http://www.wikidata.org/entity/Q656365, http://www.wikidata.org/entity/Q577","9.18457617629279","48.784315355488815","25.5","42.75"
"Concluding remarks","","","","9.092461513763597","48.78071594128069","25.5","42.75"
