title,description,objects,objectlinks,lon,lat,barycenter_lon,barycenter_lat
"Traditional local sweets and pastries","The MOVING reference member state of this VC is SPAIN UCO. The reference MOVING Card ID of this VC is VC 43 ES. The sweets are mostly produced in small bakeries along the municipalities of Sierra Morena. In some cases the quality is guaranteed by the use of certified products such as PDO or organic olive oil, and other local products. However, the quality is mostly guranteed by the baker. The singularity of this VC is the use of traditional ingredients that come from the natural ecosystems and diverse traditional VCs (olive oil, nuts, honey, herbs, liquors or wine, pig fat).","reference, spain, sierra morena, olive oil, baker, oil, honey, wine, fat","http://www.wikidata.org/entity/Q121769, http://www.wikidata.org/entity/Q29, http://www.wikidata.org/entity/Q686362, http://www.wikidata.org/entity/Q93165, http://www.wikidata.org/entity/Q160131, http://www.wikidata.org/entity/Q42962, http://www.wikidata.org/entity/Q10987, http://www.wikidata.org/entity/Q282, http://www.wikidata.org/entity/Q127980","-3.5","40.2","-3.5","40.2"
"Interest on this VC","High quality products that have become part of the traditional recepies of the region. The use of local products from the mountain characterise their taste.","mountain, taste","http://www.wikidata.org/entity/Q8502, http://www.wikidata.org/entity/Q124794","-5.4","38.3","-3.5","40.2"
"Mountain landscape and reference chains","The reference mountain chain of this VC is Sierra Morena. The reference mountain landscape of this VC is Andújar. The MRL is crossed by the Guadalquivir river in its southern edge. The south of it presents an agricultural landscape dominated by olive plantations. Moving towards the north, the dehesa landscape begins where the landscape turns more hilly getting into the Natural Park, where some pyrenean oak patches appear in the upper altitudes. The fauna is very diverse, hosting many emblematic species, among which the Iberian linx stands out.","reference, mountain, sierra morena, landscape, guadalquivir, south, north, dehesa, park","http://www.wikidata.org/entity/Q121769, http://www.wikidata.org/entity/Q8502, http://www.wikidata.org/entity/Q686362, http://www.wikidata.org/entity/Q107425, http://www.wikidata.org/entity/Q14309, http://www.wikidata.org/entity/Q667, http://www.wikidata.org/entity/Q659, http://www.wikidata.org/entity/Q1182952, http://www.wikidata.org/entity/Q22698","-2.973611111111111","37.839194444444445","-3.5","40.2"
"Key local assets","Most of the recepise include the use of local traditional products both wild and elaborated such as wine and liquors, olive oil, aromatic herbs and spices or nuts that come from the mediterranean forest that dominate the area. Cultural assets linked to traditional recepies and their connection with specific cultural festivities (easter, christmas or others) are also significant. LAU is unspecified","wine, olive oil, christmas","http://www.wikidata.org/entity/Q282, http://www.wikidata.org/entity/Q93165, http://www.wikidata.org/entity/Q19809","-5.3941656505461255","38.38362386198195","-3.5","40.2"
"Challenges","To maintain its connection with the local social-ecological-system by using local ingredients. Another challenge may be keeping the bakeries profitable if depopulation rates persist over time. Overall the type of challenge faced by this VC is Current and Predicted. This VC is classified as Traditional.","time","http://www.wikidata.org/entity/Q11471","-5.438842273689286","38.295139883514096","-3.5","40.2"
"Innovation","The type of innovation of this VC is unspecified. The innovation is related to the whole VC. The land use systems involved are Forestry and Natural land. The local assets include Natural and cultural.","innovation","http://www.wikidata.org/entity/Q174165","-5.468991312273897","38.22999668586467","-3.5","40.2"
"Geography and population","The size of the area (km2) is 964.33. The minimum altimetry of the LAU is 200. The maximum altimetry of the LAU is 1283. The total population (in thousand) is unspecified. The population density (Inhabitants/km2) in the LAU is 37.97. The population change rate of the LAU in the last 10 years (%) has been -6.50%. The overall regional population density (Inhabitants/km2) is unspecified. The regional population change rate in the last 10 years (%) is unspecified.","population density","http://www.wikidata.org/entity/Q22856","-5.480317684747715","38.24183027524961","-3.5","40.2"
"Income and gross value added","The average per capita income (EUR/year) [NUTS3] is 13566. The total Gross Value Added (GVA) (EUR million/year) [NUTS3] is 10686.3. The primary sector share of total GVA/year [NUTS3] is 14.91%. The secondary sector share of total GVA/year [NUTS3] is 17.61%. The tertiary sector share of total GVA/year [NUTS3] is 67.48%. The per capita income (EUR/year) [NUTS2] is unspecified. The total Gross Value Added (GVA) (EUR million/year) [NUTS2] is unspecified. The primary sector share of total GVA/year [NUTS2] is unspecified. The secondary sector share of total GVA/year [NUTS2] is unspecified. The tertiary sector share of total GVA/year [NUTS2] is unspecified.","gross value added, per capita income, year","http://www.wikidata.org/entity/Q994873, http://www.wikidata.org/entity/Q45918, http://www.wikidata.org/entity/Q577","-5.4712872582769245","38.37340470282863","-3.5","40.2"
"Tourism","The total number of bed places (BPs) in tourist accommodations/year in the LAU is 263. The regional (NUTS2) share of total BPs/year is unspecified. The number of agricultural holdings in the LAU is unspecified. The nearest settlement with population over 100000 (km) is 41.8. In this region protected areas are present.","","","-5.435591975901942","38.203657832940856","-3.5","40.2"
"Employment","The primary sector share of total employment/year [NUTS3] is 17.10%. The secondary sector share of total employment/year [NUTS3] is 18.20%. The tertiary sector share of total employment/year [NUTS3] is 55.70%. The primary sector share of total employment/year [NUTS2] is unspecified. The secondary sector share of total employment/year [NUTS2] is unspecified. The tertiary sector share of total employment/year [NUTS2] is unspecified.","employment, year","http://www.wikidata.org/entity/Q656365, http://www.wikidata.org/entity/Q577","-5.439064143067884","38.2335814605988","-3.5","40.2"
"Concluding remarks","The VC is present all along Sierra Morena: Huelva, Sevilla, Córdoba and Jaén.","sierra morena, huelva","http://www.wikidata.org/entity/Q686362, http://www.wikidata.org/entity/Q12246","-6.95","37.25","-3.5","40.2"
