title,description,objects,objectlinks,lon,lat,barycenter_lon,barycenter_lat
"Anea (Bulrush) handcraft chairs and baskets","The MOVING reference member state of this VC is SPAIN UCO. The reference MOVING Card ID of this VC is VC 46 ES. The key activities are the harvest of the Bulrush, and the artisan work with it; first to prepare the material and then to build the chairs and baskets. As a natural product it is quite sustainable as it grows naturally in the region and in other river basins of the country. The production is carried out by individual artisans that learnt the method from their parents.","spain, natural product","http://www.wikidata.org/entity/Q29, http://www.wikidata.org/entity/Q901227","-3.5","40.2","-3.5","40.2"
"Interest on this VC","This VC is connected with natural resources of the region, the bulrush. This is a traditional VC that once was very popular and now is under threat of extintion.","threat","http://www.wikidata.org/entity/Q707125","-6.708333333333333","37.92777777777778","-3.5","40.2"
"Mountain landscape and reference chains","The reference mountain chain of this VC is Sierra Morena. The reference mountain landscape of this VC is Galaroza. The MRL is located at the core of the Sierra de Aracena y Picos de Aroche Natural Park. Its main production is wood furniture. The region is covered by a dense mediterranean forest and dehesas. In the higher areas, the holm oaks are substituted by the cork oaks and then by the pyrenean oaks and chesnut trees. The area has high precipitation rates with mild temperatures.","sierra morena, galaroza, aroche","http://www.wikidata.org/entity/Q686362, http://www.wikidata.org/entity/Q1615091, http://www.wikidata.org/entity/Q1615179","-5.4","38.3","-3.5","40.2"
"Key local assets","The local natural asset is the Bulrush leave that grow in the riber basins and besides the water bodies. The VC is sustained on the knowledge of the artisans and the product is part of the cultural heritage of the region. LAU is unspecified","","","-6.953611111111111","37.94361111111111","-3.5","40.2"
"Challenges","Abandonment of traditional craftsmanship with the associated loss of knowledge. The challenge is to energise this activity and develop it to be sustainable in our times. Otherwise it will dissapear. Overall the type of challenge faced by this VC is Current. This VC is classified as Traditional.","","","-3.5771032327034407","40.25792688149125","-3.5","40.2"
"Innovation","The type of innovation of this VC is unspecified. The innovation is related to the whole VC. The land use systems involved are Natural land. The local assets include Natural and cultural.","innovation","http://www.wikidata.org/entity/Q174165","-3.5400196158397534","40.19299152752104","-3.5","40.2"
"Geography and population","The size of the area (km2) is 22.31. The minimum altimetry of the LAU is 490. The maximum altimetry of the LAU is 830. The total population (in thousand) is unspecified. The population density (Inhabitants/km2) in the LAU is 61.95. The population change rate of the LAU in the last 10 years (%) has been -13.90%. The overall regional population density (Inhabitants/km2) is unspecified. The regional population change rate in the last 10 years (%) is unspecified.","population density","http://www.wikidata.org/entity/Q22856","-3.446821044290711","40.280043726998265","-3.5","40.2"
"Income and gross value added","The average per capita income (EUR/year) [NUTS3] is 9572. The total Gross Value Added (GVA) (EUR million/year) [NUTS3] is 9599.3. The primary sector share of total GVA/year [NUTS3] is 8.33%. The secondary sector share of total GVA/year [NUTS3] is 27.46%. The tertiary sector share of total GVA/year [NUTS3] is 64.21%. The per capita income (EUR/year) [NUTS2] is unspecified. The total Gross Value Added (GVA) (EUR million/year) [NUTS2] is unspecified. The primary sector share of total GVA/year [NUTS2] is unspecified. The secondary sector share of total GVA/year [NUTS2] is unspecified. The tertiary sector share of total GVA/year [NUTS2] is unspecified.","gross value added, per capita income, year","http://www.wikidata.org/entity/Q994873, http://www.wikidata.org/entity/Q45918, http://www.wikidata.org/entity/Q577","-3.5421195325121504","40.109275836642524","-3.5","40.2"
"Tourism","The total number of bed places (BPs) in tourist accommodations/year in the LAU is 16. The regional (NUTS2) share of total BPs/year is unspecified. The number of agricultural holdings in the LAU is unspecified. The nearest settlement with population over 100000 (km) is 98.6. In this region protected areas are present.","","","-3.5391947675608892","40.172991228597525","-3.5","40.2"
"Employment","The primary sector share of total employment/year [NUTS3] is 17.30%. The secondary sector share of total employment/year [NUTS3] is 13.90%. The tertiary sector share of total employment/year [NUTS3] is 68.80%. The primary sector share of total employment/year [NUTS2] is unspecified. The secondary sector share of total employment/year [NUTS2] is unspecified. The tertiary sector share of total employment/year [NUTS2] is unspecified.","employment, year","http://www.wikidata.org/entity/Q656365, http://www.wikidata.org/entity/Q577","-3.4501357135235584","40.15969886185359","-3.5","40.2"
"Concluding remarks","","","","-3.4866954554463527","40.21880343999792","-3.5","40.2"
