title,description,objects,objectlinks,lon,lat,barycenter_lon,barycenter_lat
"Merlot from Alps - Ticino","The MOVING reference member state of this VC is SWITZERLAND. The reference MOVING Card ID of this VC is VC CH 01. Key actors of the VC are represented mostly by small individual winegrowers, who are selling the grapes to bigger private wineries. Most of the producers, 75,8%, cultivate an area smaller than 0.2 ha, so some of the small winegrowers tend to cooperate vinifying their harvests together, in order to guarantee the requested quality standards.The high level imposed by the VITI label has had a decisive influence in making Ticino wine known and appreciated on the national market, and has helped to ensure a progressive economic interest in local wine-growing.","switzerland","http://www.wikidata.org/entity/Q39","8.231973055555555","46.798561944444444","8.231973055555555","46.798561944444444"
"Interest on this VC","Ticino's vineyards are an example of high quality mountain viticulture, with vineyards planted on terraces scattered in small parcels, The VITI quality label characterising quality red wine, produced strictly from Merlot grapes.","mountain, viticulture, wine, merlot","http://www.wikidata.org/entity/Q8502, http://www.wikidata.org/entity/Q253140, http://www.wikidata.org/entity/Q282, http://www.wikidata.org/entity/Q213338","8.5","46.5","8.231973055555555","46.798561944444444"
"Mountain landscape and reference chains","The reference mountain chain of this VC is Swiss Alps. The reference mountain landscape of this VC is Castel San Pietro. Castel San Pietro is a municipality in the district of Mendrisio in the canton of Ticino in Switzerland.It lies on a hilly territory with a difference in height that varies from 276msm of the river Breggia by which it is crossed, to 1615msm of the arrival station of the train of Monte Generoso.Castel San Pietro is one of the vineyard-covered municipalities in Canton Ticino.","alps, reference, mountain, swiss alps, landscape, castel san pietro, municipality, mendrisio, switzerland, monte generoso","http://www.wikidata.org/entity/Q1286, http://www.wikidata.org/entity/Q121769, http://www.wikidata.org/entity/Q8502, http://www.wikidata.org/entity/Q25220, http://www.wikidata.org/entity/Q107425, http://www.wikidata.org/entity/Q67872, http://www.wikidata.org/entity/Q15284, http://www.wikidata.org/entity/Q69041, http://www.wikidata.org/entity/Q39, http://www.wikidata.org/entity/Q15271","10.0","46.0","8.231973055555555","46.798561944444444"
"Key local assets","Key local assets include splendid mountain scenary coupled to the Mediterranean climat, very favorable for wine production. The large majority of Ticino vines have always been grown on terraces. Their function is to protect the soil from erosion by the heavy rainfall typical of the prealpine zone. In terms of vines, the key local asset is Merlot, international grape variety, well adapted to the specific climatic conditions of the region. About the LAU: CH5249.","mountain, wine, majority, asset, merlot","http://www.wikidata.org/entity/Q8502, http://www.wikidata.org/entity/Q282, http://www.wikidata.org/entity/Q7382648, http://www.wikidata.org/entity/Q46737, http://www.wikidata.org/entity/Q213338","9.015280555555556","45.882330555555555","8.231973055555555","46.798561944444444"
"Challenges","The main challenge remains to find solutions to optimise the profitability of vineyards on steeply sloping terrain. In terms of sustainability the ecological value of mountain can be further enhanced through the biodiversity enhancement and safeguarding. Overall the type of challenge faced by this VC is unspecified. This VC is classified as Traditional.","terrain","http://www.wikidata.org/entity/Q186131","8.983333333333333","45.86666666666667","8.231973055555555","46.798561944444444"
"Innovation","The type of innovation of this VC is unspecified. The innovation is related to the whole VC. The land use systems involved are Cropland. The local assets include Natural.","innovation","http://www.wikidata.org/entity/Q174165","9.019166666666667","45.92944444444444","8.231973055555555","46.798561944444444"
"Geography and population","The size of the area (km2) is 11.84. The minimum altimetry of the LAU is 276. The maximum altimetry of the LAU is 1615. The total population (in thousand) is 2.194. The population density (Inhabitants/km2) in the LAU is 185.3. The population change rate of the LAU in the last 10 years (%) has been 5.40%. The overall regional population density (Inhabitants/km2) is 126.5. The regional population change rate in the last 10 years (%) has been 4.70%.","population density","http://www.wikidata.org/entity/Q22856","8.16536297643276","46.76637868205238","8.231973055555555","46.798561944444444"
"Income and gross value added","The average per capita income (EUR/year) [NUTS3] is unspecified. The total Gross Value Added (GVA) (EUR million/year) [NUTS3] is 27201. The primary sector share of total GVA/year [NUTS3] is 0.30%. The secondary sector share of total GVA/year [NUTS3] is 35.20%. The tertiary sector share of total GVA/year [NUTS3] is 64.50%. The per capita income (EUR/year) [NUTS2] is unspecified. The total Gross Value Added (GVA) (EUR million/year) [NUTS2] is 27201. The primary sector share of total GVA/year [NUTS2] is 0.30%. The secondary sector share of total GVA/year [NUTS2] is 35.20%. The tertiary sector share of total GVA/year [NUTS2] is 64.50%.","gross value added, per capita income, year","http://www.wikidata.org/entity/Q994873, http://www.wikidata.org/entity/Q45918, http://www.wikidata.org/entity/Q577","8.270357789287145","46.74590127929759","8.231973055555555","46.798561944444444"
"Tourism","The total number of bed places (BPs) in tourist accommodations/year in the LAU is 109. The regional (NUTS2) share of total BPs/year is 7.90%. The number of agricultural holdings in the LAU is 26. The nearest settlement with population over 100000 (km) is 58. In this region protected areas are present.","number, bed, year","http://www.wikidata.org/entity/Q11563, http://www.wikidata.org/entity/Q42177, http://www.wikidata.org/entity/Q577","8.298379983388939","46.87188127715793","8.231973055555555","46.798561944444444"
"Employment","The primary sector share of total employment/year [NUTS3] is 5.10%. The secondary sector share of total employment/year [NUTS3] is 59.70%. The tertiary sector share of total employment/year [NUTS3] is 35.30%. The primary sector share of total employment/year [NUTS2] is 1.50%. The secondary sector share of total employment/year [NUTS2] is 22.00%. The tertiary sector share of total employment/year [NUTS2] is 76.50%.","employment, year","http://www.wikidata.org/entity/Q656365, http://www.wikidata.org/entity/Q577","8.212863814201603","46.714724122568214","8.231973055555555","46.798561944444444"
"Concluding remarks","","","","8.253279297880763","46.772525197981054","8.231973055555555","46.798561944444444"
