title,description,objects,objectlinks,lon,lat,barycenter_lon,barycenter_lat
"Traditional alpine dairy products","The MOVING reference member state of this VC is SWITZERLAND 1. The reference MOVING Card ID of this VC is VC 01 CH1. VC present in all Swiss alps, several labels in place (organic, 'from alps', national park labels etc.), very traditional, part of Swiss identity.","reference, switzerland, present, swiss alps, alps, park","http://www.wikidata.org/entity/Q121769, http://www.wikidata.org/entity/Q39, http://www.wikidata.org/entity/Q193168, http://www.wikidata.org/entity/Q25220, http://www.wikidata.org/entity/Q1286, http://www.wikidata.org/entity/Q22698","8.231973055555555","46.798561944444444","8.231973055555555","46.798561944444444"
"Interest on this VC","most common and most traditional VC in the area, linked to culture and identity of area, high quality sought after products, production process ideally suited for area, some labels (e.g. organic, Pro Montagna) in place, alpine livestock maintains landscape. most common and most traditional VC in the area, linked to culture and identity of area, high quality sought after products, production process ideally suited for area, some labels (e.g. organic, Pro Montagna) in place, alpine livestock maintains landscape.","livestock, landscape","http://www.wikidata.org/entity/Q103459, http://www.wikidata.org/entity/Q107425","10.0","46.0","8.231973055555555","46.798561944444444"
"Mountain landscape and reference chains","The reference mountain chain of this VC is Swiss Alps. The reference mountain landscape of this VC is Canton of Grisons. Grisons is the only tri-lingual canton of Switzerland and economically, culturally and politically very diverse. It is the only place where the Romansh language is spoken. Grisons has more than 900 mountain peaks and 150 valleys, it has typical mountain area and highland landscapes. 41% of the people here live above 1000 masl. The majority is employed in the service sector, tourism is a pillar of the canton's economy. Agriculturally, the farmers cultivate land stretching across the entire Alpine arc, from the grapes and chestnuts in the south to the highest alps and steep slopes down to the Rhine Walley, where all crops grow.","alps, switzerland, reference, mountain, swiss alps, landscape, grisons, highland, south, rhine","http://www.wikidata.org/entity/Q1286, http://www.wikidata.org/entity/Q39, http://www.wikidata.org/entity/Q121769, http://www.wikidata.org/entity/Q8502, http://www.wikidata.org/entity/Q25220, http://www.wikidata.org/entity/Q107425, http://www.wikidata.org/entity/Q11925, http://www.wikidata.org/entity/Q878223, http://www.wikidata.org/entity/Q667, http://www.wikidata.org/entity/Q584","9.5","46.75","8.231973055555555","46.798561944444444"
"Key local assets","natural: only little outside input needed, mainly grassland agriculture, social: infrastructure in place for hundreds of years, important social community interactions and shared cultivation of land, cultural: many traditions linked to alpine pasturing practices. LAU is unspecified","grassland, agriculture, infrastructure, community","http://www.wikidata.org/entity/Q1006733, http://www.wikidata.org/entity/Q11451, http://www.wikidata.org/entity/Q121359, http://www.wikidata.org/entity/Q177634","8.53794787609025","46.467062767613406","8.231973055555555","46.798561944444444"
"Challenges","in dry summers there is not enough hay to feed animals through winter, very labour intensive, revenue not very big. Overall the type of challenge faced by this VC is Current and Predicted. This VC is classified as Traditional.","","","8.487612273937263","46.4483461364192","8.231973055555555","46.798561944444444"
"Innovation","The type of innovation of this VC is unspecified. The innovation is related to the whole VC. The land use systems involved are Grassland. The local assets include Natural, social and cultural.","innovation, grassland","http://www.wikidata.org/entity/Q174165, http://www.wikidata.org/entity/Q1006733","8.500353080870703","46.46488666501837","8.231973055555555","46.798561944444444"
"Geography and population","The size of the area (km2) is 7105. The minimum altimetry of the LAU is 253. The maximum altimetry of the LAU is 4048. The total population (in thousand) is 199. The population density (Inhabitants/km2) in the LAU is 28. The population change rate of the LAU in the last 10 years (%) is unspecified. The overall regional population density (Inhabitants/km2) is 103. The regional population change rate in the last 10 years (%) is unspecified.","population density","http://www.wikidata.org/entity/Q22856","8.425278518344705","46.58821803212953","8.231973055555555","46.798561944444444"
"Income and gross value added","The average per capita income (EUR/year) [NUTS3] is 52000. The total Gross Value Added (GVA) (EUR million/year) [NUTS3] is 12500. The primary sector share of total GVA/year [NUTS3] is unspecified. The secondary sector share of total GVA/year [NUTS3] is unspecified. The tertiary sector share of total GVA/year [NUTS3] is unspecified. The per capita income (EUR/year) [NUTS2] is unspecified. The total Gross Value Added (GVA) (EUR million/year) [NUTS2] is unspecified. The primary sector share of total GVA/year [NUTS2] is unspecified. The secondary sector share of total GVA/year [NUTS2] is unspecified. The tertiary sector share of total GVA/year [NUTS2] is unspecified.","gross value added, per capita income, year","http://www.wikidata.org/entity/Q994873, http://www.wikidata.org/entity/Q45918, http://www.wikidata.org/entity/Q577","8.56045492561055","46.489564807338716","8.231973055555555","46.798561944444444"
"Tourism","The total number of bed places (BPs) in tourist accommodations/year in the LAU is unspecified. The regional (NUTS2) share of total BPs/year is unspecified. The number of agricultural holdings in the LAU is 2445. The nearest settlement with population over 100000 (km) is 100.","number, bed, year","http://www.wikidata.org/entity/Q11563, http://www.wikidata.org/entity/Q42177, http://www.wikidata.org/entity/Q577","8.480796729860515","46.43916920559023","8.231973055555555","46.798561944444444"
"Employment","The primary sector share of total employment/year [NUTS3] is unspecified. The secondary sector share of total employment/year [NUTS3] is unspecified. The tertiary sector share of total employment/year [NUTS3] is unspecified. The primary sector share of total employment/year [NUTS2] is unspecified. The secondary sector share of total employment/year [NUTS2] is unspecified. The tertiary sector share of total employment/year [NUTS2] is unspecified.","employment, year","http://www.wikidata.org/entity/Q656365, http://www.wikidata.org/entity/Q577","8.410023278485802","46.59446802511345","8.231973055555555","46.798561944444444"
"Concluding remarks","The VC is present in all of the Swiss Alps, the MRL mentioned below was chosen because it corresponds most to the area we are working in.","swiss alps","http://www.wikidata.org/entity/Q25220","8.5","46.5","8.231973055555555","46.798561944444444"
