title,description,objects,objectlinks,lon,lat,barycenter_lon,barycenter_lat
"Wine","The MOVING reference member state of this VC is SWITZERLAND 1. The reference MOVING Card ID of this VC is VC 04 CH1. VC present in all Swiss alps, several labels in place (organic, 'from alps', national park labels etc.), very traditional, part of Swiss identity.","reference, switzerland, present, swiss alps, alps, park","http://www.wikidata.org/entity/Q121769, http://www.wikidata.org/entity/Q39, http://www.wikidata.org/entity/Q193168, http://www.wikidata.org/entity/Q25220, http://www.wikidata.org/entity/Q1286, http://www.wikidata.org/entity/Q22698","8.231973055555555","46.798561944444444","8.231973055555555","46.798561944444444"
"Interest on this VC","typical VC for mountain area, but not exclusively, however, wine from mountains often has better reputation as it gets more sun etc., different labels in use. traditional, high value VC.","","","8.5","46.5","8.231973055555555","46.798561944444444"
"Mountain landscape and reference chains","The reference mountain chain of this VC is unspecified. The reference mountain landscape of this VC is unspecified.","reference, mountain, landscape","http://www.wikidata.org/entity/Q121769, http://www.wikidata.org/entity/Q8502, http://www.wikidata.org/entity/Q107425","10.0","46.0","8.231973055555555","46.798561944444444"
"Key local assets","as with all traditional Swiss VCs it is an important part of local identity, bringing people together in the production process and having many cultural activities linked to it. also ideally suited to steep sunny landscape. LAU is unspecified","","","8.285569371286632","46.75441548665584","8.231973055555555","46.798561944444444"
"Challenges","wine plants are threatened by dryness, lack of sun, and mainly predators like insects and fungus. Overall the type of challenge faced by this VC is Current and Predicted. This VC is classified as Traditional.","fungus","http://www.wikidata.org/entity/Q764","8.233923689745055","46.74739283322835","8.231973055555555","46.798561944444444"
"Innovation","The type of innovation of this VC is unspecified. The innovation is related to the whole VC. The land use systems involved are Vineyards on steep formerly open land. The local assets include Natural, social and cultural.","innovation","http://www.wikidata.org/entity/Q174165","8.257219304294482","46.83080490989879","8.231973055555555","46.798561944444444"
"Geography and population","The size of the area (km2) is unspecified. The minimum altimetry of the LAU is unspecified. The maximum altimetry of the LAU is unspecified. The total population (in thousand) is unspecified. The population density (Inhabitants/km2) in the LAU is unspecified. The population change rate of the LAU in the last 10 years (%) is unspecified. The overall regional population density (Inhabitants/km2) is unspecified. The regional population change rate in the last 10 years (%) is unspecified.","population density","http://www.wikidata.org/entity/Q22856","8.273112727594002","46.89597585604206","8.231973055555555","46.798561944444444"
"Income and gross value added","The average per capita income (EUR/year) [NUTS3] is unspecified. The total Gross Value Added (GVA) (EUR million/year) [NUTS3] is unspecified. The primary sector share of total GVA/year [NUTS3] is unspecified. The secondary sector share of total GVA/year [NUTS3] is unspecified. The tertiary sector share of total GVA/year [NUTS3] is unspecified. The per capita income (EUR/year) [NUTS2] is unspecified. The total Gross Value Added (GVA) (EUR million/year) [NUTS2] is unspecified. The primary sector share of total GVA/year [NUTS2] is unspecified. The secondary sector share of total GVA/year [NUTS2] is unspecified. The tertiary sector share of total GVA/year [NUTS2] is unspecified.","gross value added, per capita income, year","http://www.wikidata.org/entity/Q994873, http://www.wikidata.org/entity/Q45918, http://www.wikidata.org/entity/Q577","8.276090670862258","46.70508677513027","8.231973055555555","46.798561944444444"
"Tourism","The total number of bed places (BPs) in tourist accommodations/year in the LAU is unspecified. The regional (NUTS2) share of total BPs/year is unspecified. The number of agricultural holdings in the LAU is unspecified. The nearest settlement with population over 100000 (km) is unspecified.","number, bed, year","http://www.wikidata.org/entity/Q11563, http://www.wikidata.org/entity/Q42177, http://www.wikidata.org/entity/Q577","8.244274145836583","46.75458315814452","8.231973055555555","46.798561944444444"
"Employment","The primary sector share of total employment/year [NUTS3] is unspecified. The secondary sector share of total employment/year [NUTS3] is unspecified. The tertiary sector share of total employment/year [NUTS3] is unspecified. The primary sector share of total employment/year [NUTS2] is unspecified. The secondary sector share of total employment/year [NUTS2] is unspecified. The tertiary sector share of total employment/year [NUTS2] is unspecified.","employment, year","http://www.wikidata.org/entity/Q656365, http://www.wikidata.org/entity/Q577","8.302932555765441","46.89634389577575","8.231973055555555","46.798561944444444"
"Concluding remarks","","","","8.134420452001915","46.70781560415751","8.231973055555555","46.798561944444444"
