title,description,objects,objectlinks,lon,lat,barycenter_lon,barycenter_lat
"Wood","The MOVING reference member state of this VC is SWITZERLAND 1. The reference MOVING Card ID of this VC is VC 08 CH1. some labelling for high quality wood in place.","reference, switzerland","http://www.wikidata.org/entity/Q121769, http://www.wikidata.org/entity/Q39","8.231973055555555","46.798561944444444","8.231973055555555","46.798561944444444"
"Interest on this VC","collection and production of wood products has a long tradition, mountain forests need special care. traditional, important for keeping Swiss landscape looking the same.","wood, tradition, mountain, landscape","http://www.wikidata.org/entity/Q287, http://www.wikidata.org/entity/Q82821, http://www.wikidata.org/entity/Q8502, http://www.wikidata.org/entity/Q107425","8.290467915873105","46.843148790716114","8.231973055555555","46.798561944444444"
"Mountain landscape and reference chains","The reference mountain chain of this VC is unspecified. The reference mountain landscape of this VC is unspecified.","reference, mountain, landscape","http://www.wikidata.org/entity/Q121769, http://www.wikidata.org/entity/Q8502, http://www.wikidata.org/entity/Q107425","8.254870650573121","46.84244599644357","8.231973055555555","46.798561944444444"
"Key local assets","The collection of wood and the production of wood products has a long tradition in the Swiss Alps. The mountain forest needs special care and well-trained foresters who have to use e.g. helicopters. Traditional products are e.g. firewood, furniture, buildings, bridges and cosmetics made of fragrant Swiss stone pine or cedar wood or even the well-known alphorn instruments. LAU is unspecified","swiss alps, wood, tradition, mountain, forest, firewood, furniture, cosmetics, alphorn","http://www.wikidata.org/entity/Q25220, http://www.wikidata.org/entity/Q287, http://www.wikidata.org/entity/Q82821, http://www.wikidata.org/entity/Q8502, http://www.wikidata.org/entity/Q4421, http://www.wikidata.org/entity/Q35808, http://www.wikidata.org/entity/Q14745, http://www.wikidata.org/entity/Q131207, http://www.wikidata.org/entity/Q685206","8.5","46.5","8.231973055555555","46.798561944444444"
"Challenges","water scarcity due to climate change as well as introduction of new predator insects. Overall the type of challenge faced by this VC is Current and Predicted. This VC is classified as Traditional.","","","8.325767789375739","46.808155549129445","8.231973055555555","46.798561944444444"
"Innovation","The type of innovation of this VC is unspecified. The innovation is related to the whole VC. The land use systems involved are Forestry. The local assets include Natural, social and cultural.","innovation","http://www.wikidata.org/entity/Q174165","8.186726141047787","46.82793049992674","8.231973055555555","46.798561944444444"
"Geography and population","The size of the area (km2) is unspecified. The minimum altimetry of the LAU is unspecified. The maximum altimetry of the LAU is unspecified. The total population (in thousand) is unspecified. The population density (Inhabitants/km2) in the LAU is unspecified. The population change rate of the LAU in the last 10 years (%) is unspecified. The overall regional population density (Inhabitants/km2) is unspecified. The regional population change rate in the last 10 years (%) is unspecified.","population density","http://www.wikidata.org/entity/Q22856","8.246588650595456","46.77300906975255","8.231973055555555","46.798561944444444"
"Income and gross value added","The average per capita income (EUR/year) [NUTS3] is unspecified. The total Gross Value Added (GVA) (EUR million/year) [NUTS3] is unspecified. The primary sector share of total GVA/year [NUTS3] is unspecified. The secondary sector share of total GVA/year [NUTS3] is unspecified. The tertiary sector share of total GVA/year [NUTS3] is unspecified. The per capita income (EUR/year) [NUTS2] is unspecified. The total Gross Value Added (GVA) (EUR million/year) [NUTS2] is unspecified. The primary sector share of total GVA/year [NUTS2] is unspecified. The secondary sector share of total GVA/year [NUTS2] is unspecified. The tertiary sector share of total GVA/year [NUTS2] is unspecified.","gross value added, per capita income, year","http://www.wikidata.org/entity/Q994873, http://www.wikidata.org/entity/Q45918, http://www.wikidata.org/entity/Q577","8.283989302964635","46.826529057175044","8.231973055555555","46.798561944444444"
"Tourism","The total number of bed places (BPs) in tourist accommodations/year in the LAU is unspecified. The regional (NUTS2) share of total BPs/year is unspecified. The number of agricultural holdings in the LAU is unspecified. The nearest settlement with population over 100000 (km) is unspecified.","number, bed, year","http://www.wikidata.org/entity/Q11563, http://www.wikidata.org/entity/Q42177, http://www.wikidata.org/entity/Q577","8.157365053028773","46.72317869057203","8.231973055555555","46.798561944444444"
"Employment","The primary sector share of total employment/year [NUTS3] is unspecified. The secondary sector share of total employment/year [NUTS3] is unspecified. The tertiary sector share of total employment/year [NUTS3] is unspecified. The primary sector share of total employment/year [NUTS2] is unspecified. The secondary sector share of total employment/year [NUTS2] is unspecified. The tertiary sector share of total employment/year [NUTS2] is unspecified.","employment, year","http://www.wikidata.org/entity/Q656365, http://www.wikidata.org/entity/Q577","8.295496923166931","46.745618576892355","8.231973055555555","46.798561944444444"
"Concluding remarks","","","","8.26360211837673","46.82043374148721","8.231973055555555","46.798561944444444"
