title,description,objects,objectlinks,lon,lat,barycenter_lon,barycenter_lat
"Beer","The MOVING reference member state of this VC is SWITZERLAND 1. The reference MOVING Card ID of this VC is VC 10 CH1. There is one major beer brand ('Appenzellerbier') that uses barley from the mountain regions, as well as many smaller breweries producing many types of beer. However, the production of barley (and other beer grains) in the Swiss mountain regions is not sufficient to cover all beer production, and part is imported. There are efforts to increase the amount of beer grain produced in the Swiss mountains.","switzerland","http://www.wikidata.org/entity/Q39","8.231973055555555","46.798561944444444","8.231973055555555","46.798561944444444"
"Interest on this VC","innovative use of mountain grain, using traditional grain varieties. craft beers have become popular only in the last max. 10 years in switzerland, innovative way of using locally adapted produce, marketed towards younger customers than more traditional alpine products.","switzerland","http://www.wikidata.org/entity/Q39","8.231973055555555","46.798561944444444","8.231973055555555","46.798561944444444"
"Mountain landscape and reference chains","The reference mountain chain of this VC is unspecified. The reference mountain landscape of this VC is unspecified.","reference, mountain, landscape","http://www.wikidata.org/entity/Q121769, http://www.wikidata.org/entity/Q8502, http://www.wikidata.org/entity/Q107425","8.262194302860589","46.89838553369664","8.231973055555555","46.798561944444444"
"Key local assets","natural landscape suitable for high quality grain production (more sun, later germination season etc.) and cultural factor is used for marketing (e.g. made with 'strong' water made by the alps). LAU is unspecified","alps","http://www.wikidata.org/entity/Q1286","10.0","46.0","8.231973055555555","46.798561944444444"
"Challenges","potentially problematic when water becomes scarce. Overall the type of challenge faced by this VC is Predicted. This VC is classified as Innovative.","","","8.289415146016895","46.7302879315618","8.231973055555555","46.798561944444444"
"Innovation","The type of innovation of this VC is Endogenous and Exogenous. first there was a label for grains produced in the mountains and then this led to finding new ways of using the barley, hence different 'mountain beers' were born, however, not yet enough grain produciton in the swiss alps and part is imported. The innovation is related to New products and New marketing strategies. The land use systems involved are Cropland. The local assets include Natural and cultural.","innovation, mountain, swiss alps, marketing","http://www.wikidata.org/entity/Q174165, http://www.wikidata.org/entity/Q8502, http://www.wikidata.org/entity/Q25220, http://www.wikidata.org/entity/Q39809","8.5","46.5","8.231973055555555","46.798561944444444"
"Geography and population","The size of the area (km2) is unspecified. The minimum altimetry of the LAU is unspecified. The maximum altimetry of the LAU is unspecified. The total population (in thousand) is unspecified. The population density (Inhabitants/km2) in the LAU is unspecified. The population change rate of the LAU in the last 10 years (%) is unspecified. The overall regional population density (Inhabitants/km2) is unspecified. The regional population change rate in the last 10 years (%) is unspecified.","population density","http://www.wikidata.org/entity/Q22856","8.307213375014685","46.75615926725125","8.231973055555555","46.798561944444444"
"Income and gross value added","The average per capita income (EUR/year) [NUTS3] is unspecified. The total Gross Value Added (GVA) (EUR million/year) [NUTS3] is unspecified. The primary sector share of total GVA/year [NUTS3] is unspecified. The secondary sector share of total GVA/year [NUTS3] is unspecified. The tertiary sector share of total GVA/year [NUTS3] is unspecified. The per capita income (EUR/year) [NUTS2] is unspecified. The total Gross Value Added (GVA) (EUR million/year) [NUTS2] is unspecified. The primary sector share of total GVA/year [NUTS2] is unspecified. The secondary sector share of total GVA/year [NUTS2] is unspecified. The tertiary sector share of total GVA/year [NUTS2] is unspecified.","gross value added, per capita income, year","http://www.wikidata.org/entity/Q994873, http://www.wikidata.org/entity/Q45918, http://www.wikidata.org/entity/Q577","8.143274189248555","46.79885579311306","8.231973055555555","46.798561944444444"
"Tourism","The total number of bed places (BPs) in tourist accommodations/year in the LAU is unspecified. The regional (NUTS2) share of total BPs/year is unspecified. The number of agricultural holdings in the LAU is unspecified. The nearest settlement with population over 100000 (km) is unspecified.","number, bed, year","http://www.wikidata.org/entity/Q11563, http://www.wikidata.org/entity/Q42177, http://www.wikidata.org/entity/Q577","8.152460715599345","46.886098311414486","8.231973055555555","46.798561944444444"
"Employment","The primary sector share of total employment/year [NUTS3] is unspecified. The secondary sector share of total employment/year [NUTS3] is unspecified. The tertiary sector share of total employment/year [NUTS3] is unspecified. The primary sector share of total employment/year [NUTS2] is unspecified. The secondary sector share of total employment/year [NUTS2] is unspecified. The tertiary sector share of total employment/year [NUTS2] is unspecified.","employment, year","http://www.wikidata.org/entity/Q656365, http://www.wikidata.org/entity/Q577","8.205143803393387","46.75278637641502","8.231973055555555","46.798561944444444"
"Concluding remarks","","","","8.141891728555505","46.89504566368143","8.231973055555555","46.798561944444444"
