title,description,objects,objectlinks,lon,lat,barycenter_lon,barycenter_lat
"'Soglio' cosmetics","The MOVING reference member state of this VC is SWITZERLAND 1. The reference MOVING Card ID of this VC is VC 15 CH1. Soglio is a well established brand of cosmetics from Grisons, which refines natural alpine raw materials into body care products of the highest quality. These are sold in big retailers and small local shops alike.","switzerland, grisons","http://www.wikidata.org/entity/Q39, http://www.wikidata.org/entity/Q11925","8.231973055555555","46.798561944444444","8.231973055555555","46.798561944444444"
"Interest on this VC","very well known brand that is identified and linked to the Alps. the brand 'Swiss alps' is often used because it stands for quality, but then the product is not overly sustainable or made at a local scale, could this be improved?.","alps, swiss alps","http://www.wikidata.org/entity/Q1286, http://www.wikidata.org/entity/Q25220","10.0","46.0","8.231973055555555","46.798561944444444"
"Mountain landscape and reference chains","The reference mountain chain of this VC is unspecified. The reference mountain landscape of this VC is unspecified.","reference, mountain, landscape","http://www.wikidata.org/entity/Q121769, http://www.wikidata.org/entity/Q8502, http://www.wikidata.org/entity/Q107425","9.5","46.75","8.231973055555555","46.798561944444444"
"Key local assets","while they advertise with using wild alpine herbs, a lot of it is commercially grown and profits of the cultural value and heritage. LAU is unspecified","","","8.5","46.5","8.231973055555555","46.798561944444444"
"Challenges","a lot of value creation happens elsewhere, profits off of regional traditions. Overall the type of challenge faced by this VC is Current. This VC is classified as Traditional and Innovative.","","","8.158738062106117","46.74100509649717","8.231973055555555","46.798561944444444"
"Innovation","The type of innovation of this VC is unspecified. while making cosmetics form local natural finds like herbs has a long tradition, SOGLIO managed to make a well established brand out of it. However, they also import or grow ingredients in very commercial ways. The innovation is related to New marketing strategies. The land use systems involved are N/A. The local assets include Natural and cultural.","innovation, cosmetics, tradition, marketing","http://www.wikidata.org/entity/Q174165, http://www.wikidata.org/entity/Q131207, http://www.wikidata.org/entity/Q82821, http://www.wikidata.org/entity/Q39809","8.143296835023419","46.744942227711874","8.231973055555555","46.798561944444444"
"Geography and population","The size of the area (km2) is unspecified. The minimum altimetry of the LAU is unspecified. The maximum altimetry of the LAU is unspecified. The total population (in thousand) is unspecified. The population density (Inhabitants/km2) in the LAU is unspecified. The population change rate of the LAU in the last 10 years (%) is unspecified. The overall regional population density (Inhabitants/km2) is unspecified. The regional population change rate in the last 10 years (%) is unspecified.","population density","http://www.wikidata.org/entity/Q22856","8.236894354193947","46.810838356746316","8.231973055555555","46.798561944444444"
"Income and gross value added","The average per capita income (EUR/year) [NUTS3] is unspecified. The total Gross Value Added (GVA) (EUR million/year) [NUTS3] is unspecified. The primary sector share of total GVA/year [NUTS3] is unspecified. The secondary sector share of total GVA/year [NUTS3] is unspecified. The tertiary sector share of total GVA/year [NUTS3] is unspecified. The per capita income (EUR/year) [NUTS2] is unspecified. The total Gross Value Added (GVA) (EUR million/year) [NUTS2] is unspecified. The primary sector share of total GVA/year [NUTS2] is unspecified. The secondary sector share of total GVA/year [NUTS2] is unspecified. The tertiary sector share of total GVA/year [NUTS2] is unspecified.","gross value added, per capita income, year","http://www.wikidata.org/entity/Q994873, http://www.wikidata.org/entity/Q45918, http://www.wikidata.org/entity/Q577","8.263750413144987","46.85452897616507","8.231973055555555","46.798561944444444"
"Tourism","The total number of bed places (BPs) in tourist accommodations/year in the LAU is unspecified. The regional (NUTS2) share of total BPs/year is unspecified. The number of agricultural holdings in the LAU is unspecified. The nearest settlement with population over 100000 (km) is unspecified.","number, bed, year","http://www.wikidata.org/entity/Q11563, http://www.wikidata.org/entity/Q42177, http://www.wikidata.org/entity/Q577","8.22284659266002","46.802543912452656","8.231973055555555","46.798561944444444"
"Employment","The primary sector share of total employment/year [NUTS3] is unspecified. The secondary sector share of total employment/year [NUTS3] is unspecified. The tertiary sector share of total employment/year [NUTS3] is unspecified. The primary sector share of total employment/year [NUTS2] is unspecified. The secondary sector share of total employment/year [NUTS2] is unspecified. The tertiary sector share of total employment/year [NUTS2] is unspecified.","employment, year","http://www.wikidata.org/entity/Q656365, http://www.wikidata.org/entity/Q577","8.305712799079243","46.74684698494747","8.231973055555555","46.798561944444444"
"Concluding remarks","","","","8.280846881020251","46.716530970306216","8.231973055555555","46.798561944444444"
