title,description,objects,objectlinks,lon,lat,barycenter_lon,barycenter_lat
"HUNTING","The MOVING reference member state of this VC is BULGARIA. The reference MOVING Card ID of this VC is VC 19 BG.","reference, bulgaria","http://www.wikidata.org/entity/Q121769, http://www.wikidata.org/entity/Q219","25.5","42.75","25.5","42.75"
"Interest on this VC","Hunting in the Bulgarian mountains is strictly restricted to designated 'state hunting grounds'. For example, the South-Central State Enterprise - Smolyan - administers 7 hunting grounds with an online system of registration / application for hunting licences. The species most commonly hunted are Red , Roe and Fallow Deer; Wild Boar; Mouflon, and; Chamois. There is also some limited hunting of Brown Bear.","brown bear, hunting, south, smolyan, system, mouflon, chamois","http://www.wikidata.org/entity/Q36341, http://www.wikidata.org/entity/Q36963, http://www.wikidata.org/entity/Q667, http://www.wikidata.org/entity/Q192888, http://www.wikidata.org/entity/Q58778, http://www.wikidata.org/entity/Q190294, http://www.wikidata.org/entity/Q131340","24.712777777777777","41.57527777777778","25.5","42.75"
"Mountain landscape and reference chains","The reference mountain chain of this VC is Rhodope Mountains. The reference mountain landscape of this VC is Smolyan Municipality in Smolyan Province (BG424).","rhodope mountains, smolyan province, reference, mountain, landscape, smolyan, municipality","http://www.wikidata.org/entity/Q6489, http://www.wikidata.org/entity/Q2012430, http://www.wikidata.org/entity/Q121769, http://www.wikidata.org/entity/Q8502, http://www.wikidata.org/entity/Q107425, http://www.wikidata.org/entity/Q192888, http://www.wikidata.org/entity/Q15284","24.574166666666667","41.60111111111111","25.5","42.75"
"Key local assets","N/A. About the LAU: SML31.","","","24.583333333333332","41.666666666666664","25.5","42.75"
"Challenges","N/A. Overall the type of challenge faced by this VC is Current. This VC is classified as Traditional.","","","24.714887100014437","41.60265125870733","25.5","42.75"
"Innovation","The type of innovation of this VC is unspecified. The innovation is related to the whole VC. The land use systems involved are N/A. The local assets include Natural.","innovation","http://www.wikidata.org/entity/Q174165","24.69542645634354","41.654813743484226","25.5","42.75"
"Geography and population","The size of the area (km2) is 859.6. The minimum altimetry of the LAU is unspecified. The maximum altimetry of the LAU is unspecified. The total population (in thousand) is 36.475. The population density (Inhabitants/km2) in the LAU is 42.43. The population change rate of the LAU in the last 10 years (%) is unspecified. The overall regional population density (Inhabitants/km2) is 63.70. The regional population change rate in the last 10 years (%) has been -0.06%.","population density","http://www.wikidata.org/entity/Q22856","24.647276500188543","41.65808515782724","25.5","42.75"
"Income and gross value added","The average per capita income (EUR/year) [NUTS3] is 5400. The total Gross Value Added (GVA) (EUR million/year) [NUTS3] is 500. The primary sector share of total GVA/year [NUTS3] is 8.40%. The secondary sector share of total GVA/year [NUTS3] is 38.80%. The tertiary sector share of total GVA/year [NUTS3] is 52.80%. The per capita income (EUR/year) [NUTS2] is 5600. The total Gross Value Added (GVA) (EUR million/year) [NUTS2] is 6888. The primary sector share of total GVA/year [NUTS2] is 5.90%. The secondary sector share of total GVA/year [NUTS2] is 35.20%. The tertiary sector share of total GVA/year [NUTS2] is 59.00%.","gross value added, per capita income, year","http://www.wikidata.org/entity/Q994873, http://www.wikidata.org/entity/Q45918, http://www.wikidata.org/entity/Q577","24.65784854983975","41.59861305345683","25.5","42.75"
"Tourism","The total number of bed places (BPs) in tourist accommodations/year in the LAU is 10138. The regional (NUTS2) share of total BPs/year is 37.40%. The number of agricultural holdings in the LAU is 20890. The nearest settlement with population over 100000 (km) is unspecified. In this region protected areas are present.","number, bed, year","http://www.wikidata.org/entity/Q11563, http://www.wikidata.org/entity/Q42177, http://www.wikidata.org/entity/Q577","24.641895603548473","41.65926652390967","25.5","42.75"
"Employment","The primary sector share of total employment/year [NUTS3] is 20.50%. The secondary sector share of total employment/year [NUTS3] is 38.00%. The tertiary sector share of total employment/year [NUTS3] is 41.40%. The primary sector share of total employment/year [NUTS2] is 24.20%. The secondary sector share of total employment/year [NUTS2] is 30.70%. The tertiary sector share of total employment/year [NUTS2] is 45.10%.","employment, year","http://www.wikidata.org/entity/Q656365, http://www.wikidata.org/entity/Q577","24.68275912144224","41.52969757409604","25.5","42.75"
"Concluding remarks","","","","24.720646043977826","41.620354808345155","25.5","42.75"
