title,description,objects,objectlinks,lon,lat,barycenter_lon,barycenter_lat
"'Patrimont Switzerland' saving old breeds","The MOVING reference member state of this VC is SWITZERLAND 1. The reference MOVING Card ID of this VC is VC 16 CH1. This transnational organisation with regional branches supports farmers who breed old animal breeds and sell their products. In the mountains, this concerns old sheep and goat breeds such as 'Engadiner', 'Spiegelschaf', 'Nera Verzasca' or 'Capra Grigia'. Pigs such as the 'Black Alpine Pig' or chickens. The products are labelled and can be sold at a better price.","switzerland, animal, sheep, goat, nera verzasca, capra grigia","http://www.wikidata.org/entity/Q39, http://www.wikidata.org/entity/Q729, http://www.wikidata.org/entity/Q7368, http://www.wikidata.org/entity/Q2934, http://www.wikidata.org/entity/Q15836540, http://www.wikidata.org/entity/Q1543712","8.231973055555555","46.798561944444444","8.231973055555555","46.798561944444444"
"Interest on this VC","revival of old traditional breeds that are already adapted to the local situation. farmer led initiative of looking back to what used to work and introducing it again, also benefitting off the trend of localness being trendy.","farmer","http://www.wikidata.org/entity/Q131512","8.303524954754787","46.78044966843468","8.231973055555555","46.798561944444444"
"Mountain landscape and reference chains","The reference mountain chain of this VC is unspecified. The reference mountain landscape of this VC is unspecified.","reference, mountain, landscape","http://www.wikidata.org/entity/Q121769, http://www.wikidata.org/entity/Q8502, http://www.wikidata.org/entity/Q107425","8.307323760897946","46.89726842572262","8.231973055555555","46.798561944444444"
"Key local assets","these old breeds are well suited to the landscape, revival of traditional breeds, also good for biodiversity. LAU is unspecified","landscape, biodiversity","http://www.wikidata.org/entity/Q107425, http://www.wikidata.org/entity/Q47041","8.236392321360382","46.752695285079476","8.231973055555555","46.798561944444444"
"Challenges","maybe clashing with the trend of veganism. Overall the type of challenge faced by this VC is Predicted. This VC is classified as Traditional and Innovative.","veganism","http://www.wikidata.org/entity/Q181138","8.149781241651736","46.84217128204969","8.231973055555555","46.798561944444444"
"Innovation","The type of innovation of this VC is Endogenous. This transnational organisation with regional branches supports farmers who breed old animal breeds and sell their products. The innovation is related to New marketing strategies. The land use systems involved are Grassland. The local assets include Natural and cultural.","innovation, marketing, grassland","http://www.wikidata.org/entity/Q174165, http://www.wikidata.org/entity/Q39809, http://www.wikidata.org/entity/Q1006733","8.196171437404006","46.81845954393289","8.231973055555555","46.798561944444444"
"Geography and population","The size of the area (km2) is unspecified. The minimum altimetry of the LAU is unspecified. The maximum altimetry of the LAU is unspecified. The total population (in thousand) is unspecified. The population density (Inhabitants/km2) in the LAU is unspecified. The population change rate of the LAU in the last 10 years (%) is unspecified. The overall regional population density (Inhabitants/km2) is unspecified. The regional population change rate in the last 10 years (%) is unspecified.","population density","http://www.wikidata.org/entity/Q22856","8.177544804812833","46.72405593181922","8.231973055555555","46.798561944444444"
"Income and gross value added","The average per capita income (EUR/year) [NUTS3] is unspecified. The total Gross Value Added (GVA) (EUR million/year) [NUTS3] is unspecified. The primary sector share of total GVA/year [NUTS3] is unspecified. The secondary sector share of total GVA/year [NUTS3] is unspecified. The tertiary sector share of total GVA/year [NUTS3] is unspecified. The per capita income (EUR/year) [NUTS2] is unspecified. The total Gross Value Added (GVA) (EUR million/year) [NUTS2] is unspecified. The primary sector share of total GVA/year [NUTS2] is unspecified. The secondary sector share of total GVA/year [NUTS2] is unspecified. The tertiary sector share of total GVA/year [NUTS2] is unspecified.","gross value added, per capita income, year","http://www.wikidata.org/entity/Q994873, http://www.wikidata.org/entity/Q45918, http://www.wikidata.org/entity/Q577","8.22423322690527","46.74389705778586","8.231973055555555","46.798561944444444"
"Tourism","The total number of bed places (BPs) in tourist accommodations/year in the LAU is unspecified. The regional (NUTS2) share of total BPs/year is unspecified. The number of agricultural holdings in the LAU is unspecified. The nearest settlement with population over 100000 (km) is unspecified.","number, bed, year","http://www.wikidata.org/entity/Q11563, http://www.wikidata.org/entity/Q42177, http://www.wikidata.org/entity/Q577","8.14794183479925","46.78299609392033","8.231973055555555","46.798561944444444"
"Employment","The primary sector share of total employment/year [NUTS3] is unspecified. The secondary sector share of total employment/year [NUTS3] is unspecified. The tertiary sector share of total employment/year [NUTS3] is unspecified. The primary sector share of total employment/year [NUTS2] is unspecified. The secondary sector share of total employment/year [NUTS2] is unspecified. The tertiary sector share of total employment/year [NUTS2] is unspecified.","employment, year","http://www.wikidata.org/entity/Q656365, http://www.wikidata.org/entity/Q577","8.33101677289434","46.821338286891745","8.231973055555555","46.798561944444444"
"Concluding remarks","","","","8.181502395881704","46.83269274776577","8.231973055555555","46.798561944444444"
