title,description,objects,objectlinks,lon,lat,barycenter_lon,barycenter_lat
"Mountain honey","The MOVING reference member state of this VC is SWITZERLAND 1. The reference MOVING Card ID of this VC is VC 17 CH1. Honey from the alps is supposed to have an especially gourmet taste. It is often produced in small batches and then sold directly by the prodcuers or in nearby farm shops. Increasingly, these products are also sold in online shops. Some products are also sold to larger retailers. There are several labels and brands for alpine products, e.g. 'Pro Montagna', a retail brand for products from mountain zones 1-4.","switzerland, alps, farm","http://www.wikidata.org/entity/Q39, http://www.wikidata.org/entity/Q1286, http://www.wikidata.org/entity/Q131596","8.231973055555555","46.798561944444444","8.231973055555555","46.798561944444444"
"Interest on this VC","traditional VC that is well sought after. traditional VC that is working well.","","","10.0","46.0","8.231973055555555","46.798561944444444"
"Mountain landscape and reference chains","The reference mountain chain of this VC is unspecified. The reference mountain landscape of this VC is unspecified.","reference, mountain, landscape","http://www.wikidata.org/entity/Q121769, http://www.wikidata.org/entity/Q8502, http://www.wikidata.org/entity/Q107425","8.174500634514475","46.7944923472618","8.231973055555555","46.798561944444444"
"Key local assets","while bee hive can be placed almost anywhere, the mountain vegetation (flowers) apparently give the honey an especially good taste. LAU is unspecified","mountain, vegetation, honey, taste","http://www.wikidata.org/entity/Q8502, http://www.wikidata.org/entity/Q187997, http://www.wikidata.org/entity/Q10987, http://www.wikidata.org/entity/Q124794","8.17691026189436","46.70261299052516","8.231973055555555","46.798561944444444"
"Challenges","bees are endangered in general. Overall the type of challenge faced by this VC is Predicted. This VC is classified as Traditional.","","","8.328280020813718","46.785024559694996","8.231973055555555","46.798561944444444"
"Innovation","The type of innovation of this VC is unspecified. The innovation is related to the whole VC. The land use systems involved are Beehives can be placed almost anywhere. The local assets include Natural.","innovation","http://www.wikidata.org/entity/Q174165","8.245122395755402","46.77187522896152","8.231973055555555","46.798561944444444"
"Geography and population","The size of the area (km2) is unspecified. The minimum altimetry of the LAU is unspecified. The maximum altimetry of the LAU is unspecified. The total population (in thousand) is unspecified. The population density (Inhabitants/km2) in the LAU is unspecified. The population change rate of the LAU in the last 10 years (%) is unspecified. The overall regional population density (Inhabitants/km2) is unspecified. The regional population change rate in the last 10 years (%) is unspecified.","population density","http://www.wikidata.org/entity/Q22856","8.314014269993336","46.8934506771306","8.231973055555555","46.798561944444444"
"Income and gross value added","The average per capita income (EUR/year) [NUTS3] is unspecified. The total Gross Value Added (GVA) (EUR million/year) [NUTS3] is unspecified. The primary sector share of total GVA/year [NUTS3] is unspecified. The secondary sector share of total GVA/year [NUTS3] is unspecified. The tertiary sector share of total GVA/year [NUTS3] is unspecified. The per capita income (EUR/year) [NUTS2] is unspecified. The total Gross Value Added (GVA) (EUR million/year) [NUTS2] is unspecified. The primary sector share of total GVA/year [NUTS2] is unspecified. The secondary sector share of total GVA/year [NUTS2] is unspecified. The tertiary sector share of total GVA/year [NUTS2] is unspecified.","gross value added, per capita income, year","http://www.wikidata.org/entity/Q994873, http://www.wikidata.org/entity/Q45918, http://www.wikidata.org/entity/Q577","8.283399597500322","46.70968712246371","8.231973055555555","46.798561944444444"
"Tourism","The total number of bed places (BPs) in tourist accommodations/year in the LAU is unspecified. The regional (NUTS2) share of total BPs/year is unspecified. The number of agricultural holdings in the LAU is unspecified. The nearest settlement with population over 100000 (km) is unspecified.","number, bed, year","http://www.wikidata.org/entity/Q11563, http://www.wikidata.org/entity/Q42177, http://www.wikidata.org/entity/Q577","8.188270950147466","46.76941684077801","8.231973055555555","46.798561944444444"
"Employment","The primary sector share of total employment/year [NUTS3] is unspecified. The secondary sector share of total employment/year [NUTS3] is unspecified. The tertiary sector share of total employment/year [NUTS3] is unspecified. The primary sector share of total employment/year [NUTS2] is unspecified. The secondary sector share of total employment/year [NUTS2] is unspecified. The tertiary sector share of total employment/year [NUTS2] is unspecified.","employment, year","http://www.wikidata.org/entity/Q656365, http://www.wikidata.org/entity/Q577","8.167361295680355","46.75307913478007","8.231973055555555","46.798561944444444"
"Concluding remarks","","","","8.26273993191341","46.83438809536946","8.231973055555555","46.798561944444444"
