title,description,objects,objectlinks,lon,lat,barycenter_lon,barycenter_lat
"Saffron","The MOVING reference member state of this VC is SWITZERLAND 1. The reference MOVING Card ID of this VC is VC 19 CH1. In Mund in Valais, Saffron has been culivated for a long time. An increasing number of producers are starting with this special spice, which is sold directly or to restaurant. 4 producers known in Grisons (Sagogn, Donat, Arezen, Val Schons).","saffron, switzerland, grisons, sagogn","http://www.wikidata.org/entity/Q25434, http://www.wikidata.org/entity/Q39, http://www.wikidata.org/entity/Q11925, http://www.wikidata.org/entity/Q65684","9.5","46.75","8.231973055555555","46.798561944444444"
"Interest on this VC","saffron has been cultivated in some areas for a long time and other areas are now copying this successfull VC. successfull introduction of a new, well suited product.","saffron, time","http://www.wikidata.org/entity/Q25434, http://www.wikidata.org/entity/Q11471","9.255805555555556","46.79219444444445","8.231973055555555","46.798561944444444"
"Mountain landscape and reference chains","The reference mountain chain of this VC is unspecified. The reference mountain landscape of this VC is unspecified.","reference, mountain, landscape","http://www.wikidata.org/entity/Q121769, http://www.wikidata.org/entity/Q8502, http://www.wikidata.org/entity/Q107425","8.329322740850271","46.88507134253833","8.231973055555555","46.798561944444444"
"Key local assets","used in some traditional cooking, relatively easy to produce with the landscape but bery labour intensive. LAU is unspecified","cooking, landscape","http://www.wikidata.org/entity/Q38695, http://www.wikidata.org/entity/Q107425","8.233574976411125","46.75536711972399","8.231973055555555","46.798561944444444"
"Challenges","marketing as it is very expensive. Overall the type of challenge faced by this VC is Current. This VC is classified as Innovative.","","","8.210221983212046","46.853085904239656","8.231973055555555","46.798561944444444"
"Innovation","The type of innovation of this VC is Endogenous and Exogenous. traditionally not produced in Switzerland, but then realised that it is possible and while it needs a lot of labour input it doesnt need much else. The innovation is related to New products. The land use systems involved are Cropland and Natural land. The local assets include Natural and social.","switzerland, innovation","http://www.wikidata.org/entity/Q39, http://www.wikidata.org/entity/Q174165","8.231973055555555","46.798561944444444","8.231973055555555","46.798561944444444"
"Geography and population","The size of the area (km2) is unspecified. The minimum altimetry of the LAU is unspecified. The maximum altimetry of the LAU is unspecified. The total population (in thousand) is unspecified. The population density (Inhabitants/km2) in the LAU is unspecified. The population change rate of the LAU in the last 10 years (%) is unspecified. The overall regional population density (Inhabitants/km2) is unspecified. The regional population change rate in the last 10 years (%) is unspecified.","population density","http://www.wikidata.org/entity/Q22856","8.270745253114372","46.749963133919664","8.231973055555555","46.798561944444444"
"Income and gross value added","The average per capita income (EUR/year) [NUTS3] is unspecified. The total Gross Value Added (GVA) (EUR million/year) [NUTS3] is unspecified. The primary sector share of total GVA/year [NUTS3] is unspecified. The secondary sector share of total GVA/year [NUTS3] is unspecified. The tertiary sector share of total GVA/year [NUTS3] is unspecified. The per capita income (EUR/year) [NUTS2] is unspecified. The total Gross Value Added (GVA) (EUR million/year) [NUTS2] is unspecified. The primary sector share of total GVA/year [NUTS2] is unspecified. The secondary sector share of total GVA/year [NUTS2] is unspecified. The tertiary sector share of total GVA/year [NUTS2] is unspecified.","gross value added, per capita income, year","http://www.wikidata.org/entity/Q994873, http://www.wikidata.org/entity/Q45918, http://www.wikidata.org/entity/Q577","8.17559776020465","46.775169744127126","8.231973055555555","46.798561944444444"
"Tourism","The total number of bed places (BPs) in tourist accommodations/year in the LAU is unspecified. The regional (NUTS2) share of total BPs/year is unspecified. The number of agricultural holdings in the LAU is unspecified. The nearest settlement with population over 100000 (km) is unspecified.","number, bed, year","http://www.wikidata.org/entity/Q11563, http://www.wikidata.org/entity/Q42177, http://www.wikidata.org/entity/Q577","8.147238670839666","46.765668119865445","8.231973055555555","46.798561944444444"
"Employment","The primary sector share of total employment/year [NUTS3] is unspecified. The secondary sector share of total employment/year [NUTS3] is unspecified. The tertiary sector share of total employment/year [NUTS3] is unspecified. The primary sector share of total employment/year [NUTS2] is unspecified. The secondary sector share of total employment/year [NUTS2] is unspecified. The tertiary sector share of total employment/year [NUTS2] is unspecified.","employment, year","http://www.wikidata.org/entity/Q656365, http://www.wikidata.org/entity/Q577","8.266293959311552","46.79063832405083","8.231973055555555","46.798561944444444"
"Concluding remarks","","","","8.143458111641765","46.77197593581537","8.231973055555555","46.798561944444444"
