title,description,objects,objectlinks,lon,lat,barycenter_lon,barycenter_lat
"'Veg Alp' gourmet culinary products","The MOVING reference member state of this VC is SWITZERLAND 1. The reference MOVING Card ID of this VC is VC 20 CH1. Veg Alp is an initiative of gourmet chefs in Grisons who experiment with local flavors, breeds and species to create luxury foods for restaurants and private customers. For example, they make 'soy sauce' from barley or treat vegetables like traditional dried meat to cater to a vegan audience.","switzerland, grisons, soy sauce","http://www.wikidata.org/entity/Q39, http://www.wikidata.org/entity/Q11925, http://www.wikidata.org/entity/Q229385","8.231973055555555","46.798561944444444","8.231973055555555","46.798561944444444"
"Interest on this VC","chef led initiative, benefiting from veganism trend. innovative never seen before.","veganism","http://www.wikidata.org/entity/Q181138","9.5","46.75","8.231973055555555","46.798561944444444"
"Mountain landscape and reference chains","The reference mountain chain of this VC is unspecified. The reference mountain landscape of this VC is unspecified.","reference, mountain, landscape","http://www.wikidata.org/entity/Q121769, http://www.wikidata.org/entity/Q8502, http://www.wikidata.org/entity/Q107425","8.31583946263949","46.85149778417843","8.231973055555555","46.798561944444444"
"Key local assets","brings new skills to the region, new interpretation of traditional products. LAU is unspecified","","","8.167989413429726","46.70825657847902","8.231973055555555","46.798561944444444"
"Challenges","very small, very specific VC. Overall the type of challenge faced by this VC is Predicted. This VC is classified as Innovative.","","","8.180884396810278","46.86824938593159","8.231973055555555","46.798561944444444"
"Innovation","The type of innovation of this VC is Endogenous and Exogenous. focuses solely on vegan production in an alpine context, where this area is traditionally perceived as animal based production. The innovation is related to New products. The land use systems involved are Cropland. The local assets include Natural, social and cultural.","innovation","http://www.wikidata.org/entity/Q174165","8.204222726629586","46.79393859252531","8.231973055555555","46.798561944444444"
"Geography and population","The size of the area (km2) is unspecified. The minimum altimetry of the LAU is unspecified. The maximum altimetry of the LAU is unspecified. The total population (in thousand) is unspecified. The population density (Inhabitants/km2) in the LAU is unspecified. The population change rate of the LAU in the last 10 years (%) is unspecified. The overall regional population density (Inhabitants/km2) is unspecified. The regional population change rate in the last 10 years (%) is unspecified.","population density","http://www.wikidata.org/entity/Q22856","8.151270603925798","46.83830376752218","8.231973055555555","46.798561944444444"
"Income and gross value added","The average per capita income (EUR/year) [NUTS3] is unspecified. The total Gross Value Added (GVA) (EUR million/year) [NUTS3] is unspecified. The primary sector share of total GVA/year [NUTS3] is unspecified. The secondary sector share of total GVA/year [NUTS3] is unspecified. The tertiary sector share of total GVA/year [NUTS3] is unspecified. The per capita income (EUR/year) [NUTS2] is unspecified. The total Gross Value Added (GVA) (EUR million/year) [NUTS2] is unspecified. The primary sector share of total GVA/year [NUTS2] is unspecified. The secondary sector share of total GVA/year [NUTS2] is unspecified. The tertiary sector share of total GVA/year [NUTS2] is unspecified.","gross value added, per capita income, year","http://www.wikidata.org/entity/Q994873, http://www.wikidata.org/entity/Q45918, http://www.wikidata.org/entity/Q577","8.229752924700872","46.75380743112277","8.231973055555555","46.798561944444444"
"Tourism","The total number of bed places (BPs) in tourist accommodations/year in the LAU is unspecified. The regional (NUTS2) share of total BPs/year is unspecified. The number of agricultural holdings in the LAU is unspecified. The nearest settlement with population over 100000 (km) is unspecified.","number, bed, year","http://www.wikidata.org/entity/Q11563, http://www.wikidata.org/entity/Q42177, http://www.wikidata.org/entity/Q577","8.258081490409406","46.752922110453746","8.231973055555555","46.798561944444444"
"Employment","The primary sector share of total employment/year [NUTS3] is unspecified. The secondary sector share of total employment/year [NUTS3] is unspecified. The tertiary sector share of total employment/year [NUTS3] is unspecified. The primary sector share of total employment/year [NUTS2] is unspecified. The secondary sector share of total employment/year [NUTS2] is unspecified. The tertiary sector share of total employment/year [NUTS2] is unspecified.","employment, year","http://www.wikidata.org/entity/Q656365, http://www.wikidata.org/entity/Q577","8.324466807280608","46.80489545010511","8.231973055555555","46.798561944444444"
"Concluding remarks","","","","8.183482162872863","46.85469603648244","8.231973055555555","46.798561944444444"
