title,description,objects,objectlinks,lon,lat,barycenter_lon,barycenter_lat
"Alpine Fish","The MOVING reference member state of this VC is SWITZERLAND 1. The reference MOVING Card ID of this VC is VC 22 CH1. Fish was not traditionally produced in the alps, but seeing that a lot of fish is consumed in Switzerland and most of it is imported, there have been projects launched to produce high-quality fish. The fish is sold to restaurant or to private individuals through direct farm and online shops. We know of two examples: Lake trout by CarpederFood in Grisons and salmon by Alpenlachs in Ticino.","switzerland, lake, reference, fish, alps, lake trout, grisons","http://www.wikidata.org/entity/Q39, http://www.wikidata.org/entity/Q23397, http://www.wikidata.org/entity/Q121769, http://www.wikidata.org/entity/Q152, http://www.wikidata.org/entity/Q1286, http://www.wikidata.org/entity/Q469946, http://www.wikidata.org/entity/Q11925","8.231973055555555","46.798561944444444","8.231973055555555","46.798561944444444"
"Interest on this VC","innovative, high revenue, sought after product; answering demand for local fish. innovative new product that is doing very well.","revenue, demand, fish","http://www.wikidata.org/entity/Q850210, http://www.wikidata.org/entity/Q4402708, http://www.wikidata.org/entity/Q152","9.5","46.75","8.231973055555555","46.798561944444444"
"Mountain landscape and reference chains","The reference mountain chain of this VC is unspecified. The reference mountain landscape of this VC is unspecified.","reference, mountain, landscape","http://www.wikidata.org/entity/Q121769, http://www.wikidata.org/entity/Q8502, http://www.wikidata.org/entity/Q107425","10.03227358457802","46.040394697777636","8.231973055555555","46.798561944444444"
"Key local assets","local initiative, seems to be well suited for the area. LAU is unspecified","","","10.053810207031717","46.01042440926926","8.231973055555555","46.798561944444444"
"Challenges","very specific, very expensive, luxury market. Overall the type of challenge faced by this VC is Predicted. This VC is classified as Innovative.","","","9.9681385682365","45.94352392133461","8.231973055555555","46.798561944444444"
"Innovation","The type of innovation of this VC is Endogenous and Exogenous. new product, not done before in the alps. The innovation is related to New products. The land use systems involved are Artificially made water bodies but fed with mountain spring water. The local assets include Social.","innovation, alps","http://www.wikidata.org/entity/Q174165, http://www.wikidata.org/entity/Q1286","10.0","46.0","8.231973055555555","46.798561944444444"
"Geography and population","The size of the area (km2) is unspecified. The minimum altimetry of the LAU is unspecified. The maximum altimetry of the LAU is unspecified. The total population (in thousand) is unspecified. The population density (Inhabitants/km2) in the LAU is unspecified. The population change rate of the LAU in the last 10 years (%) is unspecified. The overall regional population density (Inhabitants/km2) is unspecified. The regional population change rate in the last 10 years (%) is unspecified.","population density","http://www.wikidata.org/entity/Q22856","10.070340729838726","45.958330373044596","8.231973055555555","46.798561944444444"
"Income and gross value added","The average per capita income (EUR/year) [NUTS3] is unspecified. The total Gross Value Added (GVA) (EUR million/year) [NUTS3] is unspecified. The primary sector share of total GVA/year [NUTS3] is unspecified. The secondary sector share of total GVA/year [NUTS3] is unspecified. The tertiary sector share of total GVA/year [NUTS3] is unspecified. The per capita income (EUR/year) [NUTS2] is unspecified. The total Gross Value Added (GVA) (EUR million/year) [NUTS2] is unspecified. The primary sector share of total GVA/year [NUTS2] is unspecified. The secondary sector share of total GVA/year [NUTS2] is unspecified. The tertiary sector share of total GVA/year [NUTS2] is unspecified.","gross value added, per capita income, year","http://www.wikidata.org/entity/Q994873, http://www.wikidata.org/entity/Q45918, http://www.wikidata.org/entity/Q577","10.011930172690526","46.011001148802755","8.231973055555555","46.798561944444444"
"Tourism","The total number of bed places (BPs) in tourist accommodations/year in the LAU is unspecified. The regional (NUTS2) share of total BPs/year is unspecified. The number of agricultural holdings in the LAU is unspecified. The nearest settlement with population over 100000 (km) is unspecified.","number, bed, year","http://www.wikidata.org/entity/Q11563, http://www.wikidata.org/entity/Q42177, http://www.wikidata.org/entity/Q577","10.029807657764604","46.06489725202518","8.231973055555555","46.798561944444444"
"Employment","The primary sector share of total employment/year [NUTS3] is unspecified. The secondary sector share of total employment/year [NUTS3] is unspecified. The tertiary sector share of total employment/year [NUTS3] is unspecified. The primary sector share of total employment/year [NUTS2] is unspecified. The secondary sector share of total employment/year [NUTS2] is unspecified. The tertiary sector share of total employment/year [NUTS2] is unspecified.","employment, year","http://www.wikidata.org/entity/Q656365, http://www.wikidata.org/entity/Q577","10.05115177961515","45.97885242090721","8.231973055555555","46.798561944444444"
"Concluding remarks","","","","9.971619149574668","45.94089592739236","8.231973055555555","46.798561944444444"
