title,description,objects,objectlinks,lon,lat,barycenter_lon,barycenter_lat
"'ZOJA' apple tasting box","The MOVING reference member state of this VC is SWITZERLAND 1. The reference MOVING Card ID of this VC is VC 24 CH1. These boxes were developed by a community of interest in order to preserve and promote old high-stemmed apple varieties. A box contains 6-9 varieties of apples (1 each), accompanied by info cards. The varieties are selected only from the Domleschg valley in Grisons.","grisons, switzerland, community of interest","http://www.wikidata.org/entity/Q11925, http://www.wikidata.org/entity/Q39, http://www.wikidata.org/entity/Q1089309","9.5","46.75","8.231973055555555","46.798561944444444"
"Interest on this VC","innovative way of preseving old varieties with cultural importance. new way of marketing what is already there.","importance, marketing","http://www.wikidata.org/entity/Q16886469, http://www.wikidata.org/entity/Q39809","8.231973055555555","46.798561944444444","8.231973055555555","46.798561944444444"
"Mountain landscape and reference chains","The reference mountain chain of this VC is unspecified. The reference mountain landscape of this VC is unspecified.","reference, mountain, landscape","http://www.wikidata.org/entity/Q121769, http://www.wikidata.org/entity/Q8502, http://www.wikidata.org/entity/Q107425","9.41364632084434","46.701323449396284","8.231973055555555","46.798561944444444"
"Key local assets","local farmers can keep producing apple varieties that are not high yielding. LAU is unspecified","apple","http://www.wikidata.org/entity/Q89","9.592422056111822","46.73792799024602","8.231973055555555","46.798561944444444"
"Challenges","very small and specific, high labour input. Overall the type of challenge faced by this VC is Current and Predicted. This VC is classified as Traditional and Innovative.","","","9.562508538098204","46.699097298948324","8.231973055555555","46.798561944444444"
"Innovation","The type of innovation of this VC is Endogenous. developed by a community of interest in order to preserve old varieties, marketing old apple varieties as as high quality and also selling an experience (tasting). The innovation is related to New marketing strategies. The land use systems involved are Orchards. The local assets include Natural and cultural.","innovation, community of interest, marketing, apple, experience","http://www.wikidata.org/entity/Q174165, http://www.wikidata.org/entity/Q1089309, http://www.wikidata.org/entity/Q39809, http://www.wikidata.org/entity/Q89, http://www.wikidata.org/entity/Q164359","9.510405510006407","46.77302590795912","8.231973055555555","46.798561944444444"
"Geography and population","The size of the area (km2) is unspecified. The minimum altimetry of the LAU is unspecified. The maximum altimetry of the LAU is unspecified. The total population (in thousand) is unspecified. The population density (Inhabitants/km2) in the LAU is unspecified. The population change rate of the LAU in the last 10 years (%) is unspecified. The overall regional population density (Inhabitants/km2) is unspecified. The regional population change rate in the last 10 years (%) is unspecified.","population density","http://www.wikidata.org/entity/Q22856","9.561628406397734","46.819458115803045","8.231973055555555","46.798561944444444"
"Income and gross value added","The average per capita income (EUR/year) [NUTS3] is unspecified. The total Gross Value Added (GVA) (EUR million/year) [NUTS3] is unspecified. The primary sector share of total GVA/year [NUTS3] is unspecified. The secondary sector share of total GVA/year [NUTS3] is unspecified. The tertiary sector share of total GVA/year [NUTS3] is unspecified. The per capita income (EUR/year) [NUTS2] is unspecified. The total Gross Value Added (GVA) (EUR million/year) [NUTS2] is unspecified. The primary sector share of total GVA/year [NUTS2] is unspecified. The secondary sector share of total GVA/year [NUTS2] is unspecified. The tertiary sector share of total GVA/year [NUTS2] is unspecified.","gross value added, per capita income, year","http://www.wikidata.org/entity/Q994873, http://www.wikidata.org/entity/Q45918, http://www.wikidata.org/entity/Q577","9.428181206826178","46.709296905870865","8.231973055555555","46.798561944444444"
"Tourism","The total number of bed places (BPs) in tourist accommodations/year in the LAU is unspecified. The regional (NUTS2) share of total BPs/year is unspecified. The number of agricultural holdings in the LAU is unspecified. The nearest settlement with population over 100000 (km) is unspecified.","number, bed, year","http://www.wikidata.org/entity/Q11563, http://www.wikidata.org/entity/Q42177, http://www.wikidata.org/entity/Q577","9.440625982643407","46.659860101499646","8.231973055555555","46.798561944444444"
"Employment","The primary sector share of total employment/year [NUTS3] is unspecified. The secondary sector share of total employment/year [NUTS3] is unspecified. The tertiary sector share of total employment/year [NUTS3] is unspecified. The primary sector share of total employment/year [NUTS2] is unspecified. The secondary sector share of total employment/year [NUTS2] is unspecified. The tertiary sector share of total employment/year [NUTS2] is unspecified.","employment, year","http://www.wikidata.org/entity/Q656365, http://www.wikidata.org/entity/Q577","9.476001621059103","46.79501991416897","8.231973055555555","46.798561944444444"
"Concluding remarks","","","","9.547926887213983","46.69972200521106","8.231973055555555","46.798561944444444"
