title,description,objects,objectlinks,lon,lat,barycenter_lon,barycenter_lat
"'AlpenPionier' hemp products","The MOVING reference member state of this VC is SWITZERLAND 1. The reference MOVING Card ID of this VC is VC 25 CH1. Hemp was commonly produced in the mountains until the 1930s. The young label 'AlpenPionier' aspires to revive alpine hemp production in Grisons with an array of products such as hemp nuts, bars, tea, beer, oil, pasta or hemp powder, which are prescribed to be very healthy and contain a lot of protein. The products are marketed through farm shops, an online shop and some bigger retailers all over Switzerland.","switzerland, grisons, protein","http://www.wikidata.org/entity/Q39, http://www.wikidata.org/entity/Q11925, http://www.wikidata.org/entity/Q8054","8.231973055555555","46.798561944444444","8.231973055555555","46.798561944444444"
"Interest on this VC","innovative way of re-introducing an old craft, led by young, well connected people. innovative way of re-introducing an old craft, led by young, well connected people.","people","http://www.wikidata.org/entity/Q2472587","9.5","46.75","8.231973055555555","46.798561944444444"
"Mountain landscape and reference chains","The reference mountain chain of this VC is unspecified. The reference mountain landscape of this VC is unspecified.","reference, mountain, landscape","http://www.wikidata.org/entity/Q121769, http://www.wikidata.org/entity/Q8502, http://www.wikidata.org/entity/Q107425","8.31535384462292","46.784544341725905","8.231973055555555","46.798561944444444"
"Key local assets","well suited crop for the area, well connecte people in the area, re introduction of old traditional products. LAU is unspecified","people","http://www.wikidata.org/entity/Q2472587","8.271219606587161","46.781645893376385","8.231973055555555","46.798561944444444"
"Challenges","very specific, niche. Overall the type of challenge faced by this VC is Predicted. This VC is classified as Traditional and Innovative.","","","8.22536130509127","46.789178418376096","8.231973055555555","46.798561944444444"
"Innovation","The type of innovation of this VC is Endogenous. reintroduciton of hemp production and products, products targeted at a modern audience. The innovation is related to New products and New marketing strategies. The land use systems involved are Cropland. The local assets include Natural, social and cultural.","innovation, audience, marketing","http://www.wikidata.org/entity/Q174165, http://www.wikidata.org/entity/Q211198, http://www.wikidata.org/entity/Q39809","8.202493682618197","46.71795059810051","8.231973055555555","46.798561944444444"
"Geography and population","The size of the area (km2) is unspecified. The minimum altimetry of the LAU is unspecified. The maximum altimetry of the LAU is unspecified. The total population (in thousand) is unspecified. The population density (Inhabitants/km2) in the LAU is unspecified. The population change rate of the LAU in the last 10 years (%) is unspecified. The overall regional population density (Inhabitants/km2) is unspecified. The regional population change rate in the last 10 years (%) is unspecified.","population density","http://www.wikidata.org/entity/Q22856","8.277225446382367","46.726332490541665","8.231973055555555","46.798561944444444"
"Income and gross value added","The average per capita income (EUR/year) [NUTS3] is unspecified. The total Gross Value Added (GVA) (EUR million/year) [NUTS3] is unspecified. The primary sector share of total GVA/year [NUTS3] is unspecified. The secondary sector share of total GVA/year [NUTS3] is unspecified. The tertiary sector share of total GVA/year [NUTS3] is unspecified. The per capita income (EUR/year) [NUTS2] is unspecified. The total Gross Value Added (GVA) (EUR million/year) [NUTS2] is unspecified. The primary sector share of total GVA/year [NUTS2] is unspecified. The secondary sector share of total GVA/year [NUTS2] is unspecified. The tertiary sector share of total GVA/year [NUTS2] is unspecified.","gross value added, per capita income, year","http://www.wikidata.org/entity/Q994873, http://www.wikidata.org/entity/Q45918, http://www.wikidata.org/entity/Q577","8.249034987637346","46.834812017159706","8.231973055555555","46.798561944444444"
"Tourism","The total number of bed places (BPs) in tourist accommodations/year in the LAU is unspecified. The regional (NUTS2) share of total BPs/year is unspecified. The number of agricultural holdings in the LAU is unspecified. The nearest settlement with population over 100000 (km) is unspecified.","number, bed, year","http://www.wikidata.org/entity/Q11563, http://www.wikidata.org/entity/Q42177, http://www.wikidata.org/entity/Q577","8.241673711927465","46.83261850705125","8.231973055555555","46.798561944444444"
"Employment","The primary sector share of total employment/year [NUTS3] is unspecified. The secondary sector share of total employment/year [NUTS3] is unspecified. The tertiary sector share of total employment/year [NUTS3] is unspecified. The primary sector share of total employment/year [NUTS2] is unspecified. The secondary sector share of total employment/year [NUTS2] is unspecified. The tertiary sector share of total employment/year [NUTS2] is unspecified.","employment, year","http://www.wikidata.org/entity/Q656365, http://www.wikidata.org/entity/Q577","8.178821178742316","46.73076525988193","8.231973055555555","46.798561944444444"
"Concluding remarks","","","","8.18545784591626","46.73759276971185","8.231973055555555","46.798561944444444"
