title,description,objects,objectlinks,lon,lat,barycenter_lon,barycenter_lat
"CULINARY GUIDEBOOK TO THE EASTERN RHODOPES","The MOVING reference member state of this VC is BULGARIA. The reference MOVING Card ID of this VC is VC 20 BG.","reference, bulgaria","http://www.wikidata.org/entity/Q121769, http://www.wikidata.org/entity/Q219","25.5","42.75","25.5","42.75"
"Interest on this VC","A Culinary Guidebook with 28 recipes and typical and popular local dishes from the region of the Eastern Rhodopes. The book provides also information about the food products and organic farms where the ingredients can be bought. A list of places (BandB's, hotels, restaurants) where the dishes are offered to the guests is also included in the book.","book, information, food","http://www.wikidata.org/entity/Q571, http://www.wikidata.org/entity/Q11028, http://www.wikidata.org/entity/Q2095","25.366666666666667","41.65","25.5","42.75"
"Mountain landscape and reference chains","The reference mountain chain of this VC is Eastern Rhodope Mountains. The reference mountain landscape of this VC is Kardzhali Municipality in Kardzhali Province (BG425).","rhodope mountains, kardzhali province, reference, mountain, landscape, kardzhali municipality","http://www.wikidata.org/entity/Q6489, http://www.wikidata.org/entity/Q1104675, http://www.wikidata.org/entity/Q121769, http://www.wikidata.org/entity/Q8502, http://www.wikidata.org/entity/Q107425, http://www.wikidata.org/entity/Q2452987","24.574166666666667","41.60111111111111","25.5","42.75"
"Key local assets","N/A. About the LAU: KRZ16.","","","25.367","41.65","25.5","42.75"
"Challenges","N/A. Overall the type of challenge faced by this VC is Current. This VC is classified as Innovative.","","","25.558330766310643","42.73537080356155","25.5","42.75"
"Innovation","The type of innovation of this VC is Exogenous. The innovation is related to New marketing strategies. The land use systems involved are N/A. The local assets include Cultural.","innovation, marketing","http://www.wikidata.org/entity/Q174165, http://www.wikidata.org/entity/Q39809","25.411022674483196","42.7293150022118","25.5","42.75"
"Geography and population","The size of the area (km2) is 574.7. The minimum altimetry of the LAU is unspecified. The maximum altimetry of the LAU is unspecified. The total population (in thousand) is 68.727. The population density (Inhabitants/km2) in the LAU is 119.59. The population change rate of the LAU in the last 10 years (%) is unspecified. The overall regional population density (Inhabitants/km2) is 63.70. The regional population change rate in the last 10 years (%) has been -0.06%.","population density","http://www.wikidata.org/entity/Q22856","25.49520069278691","42.76823422907683","25.5","42.75"
"Income and gross value added","The average per capita income (EUR/year) [NUTS3] is 4300. The total Gross Value Added (GVA) (EUR million/year) [NUTS3] is 570.9. The primary sector share of total GVA/year [NUTS3] is 12.90%. The secondary sector share of total GVA/year [NUTS3] is 33.50%. The tertiary sector share of total GVA/year [NUTS3] is 53.50%. The per capita income (EUR/year) [NUTS2] is 5600. The total Gross Value Added (GVA) (EUR million/year) [NUTS2] is 6888. The primary sector share of total GVA/year [NUTS2] is 5.90%. The secondary sector share of total GVA/year [NUTS2] is 35.20%. The tertiary sector share of total GVA/year [NUTS2] is 59.00%.","gross value added, per capita income, year","http://www.wikidata.org/entity/Q994873, http://www.wikidata.org/entity/Q45918, http://www.wikidata.org/entity/Q577","25.43102297034486","42.788387557930776","25.5","42.75"
"Tourism","The total number of bed places (BPs) in tourist accommodations/year in the LAU is 754. The regional (NUTS2) share of total BPs/year is 2.80%. The number of agricultural holdings in the LAU is 21240. The nearest settlement with population over 100000 (km) is unspecified. In this region protected areas are present.","number, bed, year","http://www.wikidata.org/entity/Q11563, http://www.wikidata.org/entity/Q42177, http://www.wikidata.org/entity/Q577","25.49086164826377","42.687095006020016","25.5","42.75"
"Employment","The primary sector share of total employment/year [NUTS3] is 41.90%. The secondary sector share of total employment/year [NUTS3] is 24.80%. The tertiary sector share of total employment/year [NUTS3] is 33.20%. The primary sector share of total employment/year [NUTS2] is 24.20%. The secondary sector share of total employment/year [NUTS2] is 30.70%. The tertiary sector share of total employment/year [NUTS2] is 45.10%.","employment, year","http://www.wikidata.org/entity/Q656365, http://www.wikidata.org/entity/Q577","25.44661693462678","42.654156202468734","25.5","42.75"
"Concluding remarks","","","","25.534168315760272","42.72798923162147","25.5","42.75"
