title,description,objects,objectlinks,lon,lat,barycenter_lon,barycenter_lat
"'Alpinavera' Nuts","The MOVING reference member state of this VC is SWITZERLAND 1. The reference MOVING Card ID of this VC is VC 26 CH1. In the past, various nut trees were grown all over the Swiss mountain regions (e.g. chestnut in Ticino), but due to the low yield and difficult processing, nut cultivation has declined considerably. There is a very famous tart from Grisons whose main ingredient is walnuts, but today they are mainly imported. In 1951 there were over half a million walnut trees in Graubünden, but today there are fewer than 150,000. However, an interest group - supported by the organisation and label 'Alpinavera' - is trying to bring nut production back to Graubünden.","switzerland, mountain, grisons, interest","http://www.wikidata.org/entity/Q39, http://www.wikidata.org/entity/Q8502, http://www.wikidata.org/entity/Q11925, http://www.wikidata.org/entity/Q170924","8.231973055555555","46.798561944444444","8.231973055555555","46.798561944444444"
"Interest on this VC","iniatitve to keep old products alive, bringing farmers together. people driven initative.","","","9.5","46.75","8.231973055555555","46.798561944444444"
"Mountain landscape and reference chains","The reference mountain chain of this VC is unspecified. The reference mountain landscape of this VC is unspecified.","reference, mountain, landscape","http://www.wikidata.org/entity/Q121769, http://www.wikidata.org/entity/Q8502, http://www.wikidata.org/entity/Q107425","8.251086226197831","46.78447561750447","8.231973055555555","46.798561944444444"
"Key local assets","using the trees that are already there and supplementing on farms which are interested in a new production line. LAU is unspecified","","","8.232952726076578","46.73755812090161","8.231973055555555","46.798561944444444"
"Challenges","important that there is a connected network. Overall the type of challenge faced by this VC is Current. This VC is classified as Traditional and Innovative.","","","8.200592591698065","46.73337957333156","8.231973055555555","46.798561944444444"
"Innovation","The type of innovation of this VC is Endogenous. re-introduction and support of traditional nut varieties. The innovation is related to New processes, New marketing strategies and New governance systems. The land use systems involved are Mixed, solitary nut trees and orchards as well as forests. The local assets include Natural, social and cultural.","innovation, marketing, governance","http://www.wikidata.org/entity/Q174165, http://www.wikidata.org/entity/Q39809, http://www.wikidata.org/entity/Q1553864","8.216736885347839","46.806030099023204","8.231973055555555","46.798561944444444"
"Geography and population","The size of the area (km2) is unspecified. The minimum altimetry of the LAU is unspecified. The maximum altimetry of the LAU is unspecified. The total population (in thousand) is unspecified. The population density (Inhabitants/km2) in the LAU is unspecified. The population change rate of the LAU in the last 10 years (%) is unspecified. The overall regional population density (Inhabitants/km2) is unspecified. The regional population change rate in the last 10 years (%) is unspecified.","population density","http://www.wikidata.org/entity/Q22856","8.303697923960497","46.838787839364386","8.231973055555555","46.798561944444444"
"Income and gross value added","The average per capita income (EUR/year) [NUTS3] is unspecified. The total Gross Value Added (GVA) (EUR million/year) [NUTS3] is unspecified. The primary sector share of total GVA/year [NUTS3] is unspecified. The secondary sector share of total GVA/year [NUTS3] is unspecified. The tertiary sector share of total GVA/year [NUTS3] is unspecified. The per capita income (EUR/year) [NUTS2] is unspecified. The total Gross Value Added (GVA) (EUR million/year) [NUTS2] is unspecified. The primary sector share of total GVA/year [NUTS2] is unspecified. The secondary sector share of total GVA/year [NUTS2] is unspecified. The tertiary sector share of total GVA/year [NUTS2] is unspecified.","gross value added, per capita income, year","http://www.wikidata.org/entity/Q994873, http://www.wikidata.org/entity/Q45918, http://www.wikidata.org/entity/Q577","8.20844422830784","46.755566805424074","8.231973055555555","46.798561944444444"
"Tourism","The total number of bed places (BPs) in tourist accommodations/year in the LAU is unspecified. The regional (NUTS2) share of total BPs/year is unspecified. The number of agricultural holdings in the LAU is unspecified. The nearest settlement with population over 100000 (km) is unspecified.","number, bed, year","http://www.wikidata.org/entity/Q11563, http://www.wikidata.org/entity/Q42177, http://www.wikidata.org/entity/Q577","8.302063828613377","46.717019489915415","8.231973055555555","46.798561944444444"
"Employment","The primary sector share of total employment/year [NUTS3] is unspecified. The secondary sector share of total employment/year [NUTS3] is unspecified. The tertiary sector share of total employment/year [NUTS3] is unspecified. The primary sector share of total employment/year [NUTS2] is unspecified. The secondary sector share of total employment/year [NUTS2] is unspecified. The tertiary sector share of total employment/year [NUTS2] is unspecified.","employment, year","http://www.wikidata.org/entity/Q656365, http://www.wikidata.org/entity/Q577","8.303585107512818","46.736835070089796","8.231973055555555","46.798561944444444"
"Concluding remarks","","","","8.244563902385906","46.770850207321814","8.231973055555555","46.798561944444444"
