title,description,objects,objectlinks,lon,lat,barycenter_lon,barycenter_lat
"'Valser Naturstein' quarzite","The MOVING reference member state of this VC is SWITZERLAND 1. The reference MOVING Card ID of this VC is VC 27 CH1. The quartzite called 'Valser Naturstein' is characterised by a great compactness, has a dense structure and a pronounced frost resistance. It is traditionally used for roofing houses and is now in great demand among architects.","switzerland, quartzite","http://www.wikidata.org/entity/Q39, http://www.wikidata.org/entity/Q237883","8.231973055555555","46.798561944444444","8.231973055555555","46.798561944444444"
"Interest on this VC","traditional high quality product. very traditional and prestigious product.","","","8.207218306220442","46.869482220019194","8.231973055555555","46.798561944444444"
"Mountain landscape and reference chains","The reference mountain chain of this VC is unspecified. The reference mountain landscape of this VC is unspecified.","reference, mountain, landscape","http://www.wikidata.org/entity/Q121769, http://www.wikidata.org/entity/Q8502, http://www.wikidata.org/entity/Q107425","8.241487246336202","46.78972067397554","8.231973055555555","46.798561944444444"
"Key local assets","this rock only comes from this region, very sought after in architecture, profits from alpine image. LAU is unspecified","architecture","http://www.wikidata.org/entity/Q12271","8.32523651252553","46.88228861140435","8.231973055555555","46.798561944444444"
"Challenges","not an endless resource. Overall the type of challenge faced by this VC is Predicted. This VC is classified as Traditional.","","","8.17410153925458","46.85433471957465","8.231973055555555","46.798561944444444"
"Innovation","The type of innovation of this VC is unspecified. The innovation is related to the whole VC. The land use systems involved are Querries. The local assets include Natural and cultural.","innovation","http://www.wikidata.org/entity/Q174165","8.149738795111539","46.71401879518917","8.231973055555555","46.798561944444444"
"Geography and population","The size of the area (km2) is unspecified. The minimum altimetry of the LAU is unspecified. The maximum altimetry of the LAU is unspecified. The total population (in thousand) is unspecified. The population density (Inhabitants/km2) in the LAU is unspecified. The population change rate of the LAU in the last 10 years (%) is unspecified. The overall regional population density (Inhabitants/km2) is unspecified. The regional population change rate in the last 10 years (%) is unspecified.","population density","http://www.wikidata.org/entity/Q22856","8.159733330104766","46.785357001276715","8.231973055555555","46.798561944444444"
"Income and gross value added","The average per capita income (EUR/year) [NUTS3] is unspecified. The total Gross Value Added (GVA) (EUR million/year) [NUTS3] is unspecified. The primary sector share of total GVA/year [NUTS3] is unspecified. The secondary sector share of total GVA/year [NUTS3] is unspecified. The tertiary sector share of total GVA/year [NUTS3] is unspecified. The per capita income (EUR/year) [NUTS2] is unspecified. The total Gross Value Added (GVA) (EUR million/year) [NUTS2] is unspecified. The primary sector share of total GVA/year [NUTS2] is unspecified. The secondary sector share of total GVA/year [NUTS2] is unspecified. The tertiary sector share of total GVA/year [NUTS2] is unspecified.","gross value added, per capita income, year","http://www.wikidata.org/entity/Q994873, http://www.wikidata.org/entity/Q45918, http://www.wikidata.org/entity/Q577","8.177200078640515","46.746477387505806","8.231973055555555","46.798561944444444"
"Tourism","The total number of bed places (BPs) in tourist accommodations/year in the LAU is unspecified. The regional (NUTS2) share of total BPs/year is unspecified. The number of agricultural holdings in the LAU is unspecified. The nearest settlement with population over 100000 (km) is unspecified.","number, bed, year","http://www.wikidata.org/entity/Q11563, http://www.wikidata.org/entity/Q42177, http://www.wikidata.org/entity/Q577","8.275909692799484","46.83975452295237","8.231973055555555","46.798561944444444"
"Employment","The primary sector share of total employment/year [NUTS3] is unspecified. The secondary sector share of total employment/year [NUTS3] is unspecified. The tertiary sector share of total employment/year [NUTS3] is unspecified. The primary sector share of total employment/year [NUTS2] is unspecified. The secondary sector share of total employment/year [NUTS2] is unspecified. The tertiary sector share of total employment/year [NUTS2] is unspecified.","employment, year","http://www.wikidata.org/entity/Q656365, http://www.wikidata.org/entity/Q577","8.31401543348774","46.74202132160129","8.231973055555555","46.798561944444444"
"Concluding remarks","","","","8.18506883921009","46.86776067377899","8.231973055555555","46.798561944444444"
