title,description,objects,objectlinks,lon,lat,barycenter_lon,barycenter_lat
"'Allesmassiv' carpentry","The MOVING reference member state of this VC is SWITZERLAND 1. The reference MOVING Card ID of this VC is VC 29 CH1. This is an example of an innovative small local carpentry in Tenna, Grisons using only local wood and producing traditional as well as modern furniture and other wood products. The production is in the area of a nature park and is sold with a corresponding label.","switzerland, grisons","http://www.wikidata.org/entity/Q39, http://www.wikidata.org/entity/Q11925","8.231973055555555","46.798561944444444","8.231973055555555","46.798561944444444"
"Interest on this VC","innovative, on trend carpentry that keeps the traditional practices alive, high quality but affordable. important for many other VCs also, as there is a lot of practical knowledge here that is needed in infrastructure building etc.","carpentry, knowledge, infrastructure, building","http://www.wikidata.org/entity/Q203605, http://www.wikidata.org/entity/Q9081, http://www.wikidata.org/entity/Q121359, http://www.wikidata.org/entity/Q41176","9.5","46.75","8.231973055555555","46.798561944444444"
"Mountain landscape and reference chains","The reference mountain chain of this VC is unspecified. The reference mountain landscape of this VC is unspecified.","reference, mountain, landscape","http://www.wikidata.org/entity/Q121769, http://www.wikidata.org/entity/Q8502, http://www.wikidata.org/entity/Q107425","8.31504514321252","46.76843202174645","8.231973055555555","46.798561944444444"
"Key local assets","combines these assets and is also key in bringing cooperations between VCs together and making infrastrucutre building in other VCs possible at a local scale. LAU is unspecified","building","http://www.wikidata.org/entity/Q41176","8.288242030337694","46.701421314883305","8.231973055555555","46.798561944444444"
"Challenges","threatened by cheap imported materials. Overall the type of challenge faced by this VC is Current. This VC is classified as Traditional and Innovative.","","","8.317592006188667","46.89825081894148","8.231973055555555","46.798561944444444"
"Innovation","The type of innovation of this VC is Endogenous and Exogenous. uses traditional materials and practices, but makes modern products, e.g. trendy furniture. The innovation is related to New products. The land use systems involved are Forestry. The local assets include Natural, social and cultural.","innovation","http://www.wikidata.org/entity/Q174165","8.218190360074408","46.708664139554045","8.231973055555555","46.798561944444444"
"Geography and population","The size of the area (km2) is unspecified. The minimum altimetry of the LAU is unspecified. The maximum altimetry of the LAU is unspecified. The total population (in thousand) is unspecified. The population density (Inhabitants/km2) in the LAU is unspecified. The population change rate of the LAU in the last 10 years (%) is unspecified. The overall regional population density (Inhabitants/km2) is unspecified. The regional population change rate in the last 10 years (%) is unspecified.","population density","http://www.wikidata.org/entity/Q22856","8.144350503795733","46.729283904498075","8.231973055555555","46.798561944444444"
"Income and gross value added","The average per capita income (EUR/year) [NUTS3] is unspecified. The total Gross Value Added (GVA) (EUR million/year) [NUTS3] is unspecified. The primary sector share of total GVA/year [NUTS3] is unspecified. The secondary sector share of total GVA/year [NUTS3] is unspecified. The tertiary sector share of total GVA/year [NUTS3] is unspecified. The per capita income (EUR/year) [NUTS2] is unspecified. The total Gross Value Added (GVA) (EUR million/year) [NUTS2] is unspecified. The primary sector share of total GVA/year [NUTS2] is unspecified. The secondary sector share of total GVA/year [NUTS2] is unspecified. The tertiary sector share of total GVA/year [NUTS2] is unspecified.","gross value added, per capita income, year","http://www.wikidata.org/entity/Q994873, http://www.wikidata.org/entity/Q45918, http://www.wikidata.org/entity/Q577","8.304083945668895","46.70129516686881","8.231973055555555","46.798561944444444"
"Tourism","The total number of bed places (BPs) in tourist accommodations/year in the LAU is unspecified. The regional (NUTS2) share of total BPs/year is unspecified. The number of agricultural holdings in the LAU is unspecified. The nearest settlement with population over 100000 (km) is unspecified.","number, bed, year","http://www.wikidata.org/entity/Q11563, http://www.wikidata.org/entity/Q42177, http://www.wikidata.org/entity/Q577","8.317007512795799","46.70039477238654","8.231973055555555","46.798561944444444"
"Employment","The primary sector share of total employment/year [NUTS3] is unspecified. The secondary sector share of total employment/year [NUTS3] is unspecified. The tertiary sector share of total employment/year [NUTS3] is unspecified. The primary sector share of total employment/year [NUTS2] is unspecified. The secondary sector share of total employment/year [NUTS2] is unspecified. The tertiary sector share of total employment/year [NUTS2] is unspecified.","employment, year","http://www.wikidata.org/entity/Q656365, http://www.wikidata.org/entity/Q577","8.298937327358841","46.71562137411018","8.231973055555555","46.798561944444444"
"Concluding remarks","Similar carpentries are present all over the alps.","alps","http://www.wikidata.org/entity/Q1286","10.0","46.0","8.231973055555555","46.798561944444444"
