title,description,objects,objectlinks,lon,lat,barycenter_lon,barycenter_lat
"Alps Art Academy and Art Safiental","The MOVING reference member state of this VC is SWITZERLAND 1. The reference MOVING Card ID of this VC is VC 30 CH1. Yearly since 2016, international artists create temporary works in dialogue with landscape and nature and present them freely accessible and free of charge throughout the Safien valley. The exhibition is accompanied by an exhibition guide including a walking map that tells visitors the exact location of the artworks and interesting facts about rural and environmental art, the Art Safiental exhibition, its individual works and the Safiental valley. The exhibition is accompanied by a rich programme of guided tours, lectures, performances and other events.","switzerland, safien valley, environmental art, safiental","http://www.wikidata.org/entity/Q39, http://www.wikidata.org/entity/Q496239, http://www.wikidata.org/entity/Q473743, http://www.wikidata.org/entity/Q2680071","8.231973055555555","46.798561944444444","8.231973055555555","46.798561944444444"
"Interest on this VC","innovative way of putting a spotlight on an alpine region, has built a high reputation in only few years. innovative way of putting a spotlight on an alpine region, has built a high reputation in only few years.","","","9.324444444444444","46.696666666666665","8.231973055555555","46.798561944444444"
"Mountain landscape and reference chains","The reference mountain chain of this VC is unspecified. The reference mountain landscape of this VC is unspecified.","reference, mountain, landscape","http://www.wikidata.org/entity/Q121769, http://www.wikidata.org/entity/Q8502, http://www.wikidata.org/entity/Q107425","9.266666666666667","46.78333333333333","8.231973055555555","46.798561944444444"
"Key local assets","region had to be open to this kind of exhibition, landscape plays main role in art installations. LAU is unspecified","exhibition, landscape, role, art","http://www.wikidata.org/entity/Q464980, http://www.wikidata.org/entity/Q107425, http://www.wikidata.org/entity/Q214339, http://www.wikidata.org/entity/Q735","8.318078030480034","46.88243990133785","8.231973055555555","46.798561944444444"
"Challenges","subject to trends. Overall the type of challenge faced by this VC is Predicted. This VC is classified as Innovative.","","","8.19676158910448","46.897745829816564","8.231973055555555","46.798561944444444"
"Innovation","The type of innovation of this VC is Exogenous. completely new VC to the alps but linked to tourism, making art in the alps that is specific to the place and can be visited. The innovation is related to New products, New processes and New marketing strategies. The land use systems involved are Landscape in general. The local assets include Natural, social and cultural.","innovation, alps, tourism, art, marketing","http://www.wikidata.org/entity/Q174165, http://www.wikidata.org/entity/Q1286, http://www.wikidata.org/entity/Q49389, http://www.wikidata.org/entity/Q735, http://www.wikidata.org/entity/Q39809","10.0","46.0","8.231973055555555","46.798561944444444"
"Geography and population","The size of the area (km2) is unspecified. The minimum altimetry of the LAU is unspecified. The maximum altimetry of the LAU is unspecified. The total population (in thousand) is unspecified. The population density (Inhabitants/km2) in the LAU is unspecified. The population change rate of the LAU in the last 10 years (%) is unspecified. The overall regional population density (Inhabitants/km2) is unspecified. The regional population change rate in the last 10 years (%) is unspecified.","population density","http://www.wikidata.org/entity/Q22856","8.311016430364345","46.83970901327327","8.231973055555555","46.798561944444444"
"Income and gross value added","The average per capita income (EUR/year) [NUTS3] is unspecified. The total Gross Value Added (GVA) (EUR million/year) [NUTS3] is unspecified. The primary sector share of total GVA/year [NUTS3] is unspecified. The secondary sector share of total GVA/year [NUTS3] is unspecified. The tertiary sector share of total GVA/year [NUTS3] is unspecified. The per capita income (EUR/year) [NUTS2] is unspecified. The total Gross Value Added (GVA) (EUR million/year) [NUTS2] is unspecified. The primary sector share of total GVA/year [NUTS2] is unspecified. The secondary sector share of total GVA/year [NUTS2] is unspecified. The tertiary sector share of total GVA/year [NUTS2] is unspecified.","gross value added, per capita income, year","http://www.wikidata.org/entity/Q994873, http://www.wikidata.org/entity/Q45918, http://www.wikidata.org/entity/Q577","8.242364033950581","46.82210040455142","8.231973055555555","46.798561944444444"
"Tourism","The total number of bed places (BPs) in tourist accommodations/year in the LAU is unspecified. The regional (NUTS2) share of total BPs/year is unspecified. The number of agricultural holdings in the LAU is unspecified. The nearest settlement with population over 100000 (km) is unspecified.","number, bed, year","http://www.wikidata.org/entity/Q11563, http://www.wikidata.org/entity/Q42177, http://www.wikidata.org/entity/Q577","8.244709272301604","46.85166820495565","8.231973055555555","46.798561944444444"
"Employment","The primary sector share of total employment/year [NUTS3] is unspecified. The secondary sector share of total employment/year [NUTS3] is unspecified. The tertiary sector share of total employment/year [NUTS3] is unspecified. The primary sector share of total employment/year [NUTS2] is unspecified. The secondary sector share of total employment/year [NUTS2] is unspecified. The tertiary sector share of total employment/year [NUTS2] is unspecified.","employment, year","http://www.wikidata.org/entity/Q656365, http://www.wikidata.org/entity/Q577","8.211504052202937","46.86799505219557","8.231973055555555","46.798561944444444"
"Concluding remarks","","","","8.260712555681614","46.87935493364408","8.231973055555555","46.798561944444444"
