title,description,objects,objectlinks,lon,lat,barycenter_lon,barycenter_lat
"PDO cheese made from raw and whole cow's milk. It's consumption is unique in that it is eaten in the form of rosettes obtained with the help of the 'girolle'","The MOVING reference member state of this VC is SWITZERLAND 2. The reference MOVING Card ID of this VC is VC 08 CH2. The VC has 237 dairy farms, 9 cheese dairies and 2 ripeners. It is labelled with the protected designation of origin (pdo) and can therefore only be produced in a limited area straddling two cantons. It is organiised by three associations: Interprofession Tête de Moine who asked for the label, Association of tête de moine producers and the Association of involved dairy farmers.","reference, switzerland, dairy, cheese, protected designation of origin","http://www.wikidata.org/entity/Q121769, http://www.wikidata.org/entity/Q39, http://www.wikidata.org/entity/Q637776, http://www.wikidata.org/entity/Q10943, http://www.wikidata.org/entity/Q13439060","6.944111111111111","47.21366111111111","8.231973055555555","46.798561944444444"
"Interest on this VC","Successfull registration of a quality scheme and territorial identitiy with a PDO, high quality product; maintenance of a high milk price for the dairy producers in the VC (in the face of competition and the opening up of markets with EU), thus maintaining the pasture and the landscape, contributes to the maintenance of extensive grazing in wooden pastures. The processes have not changed. The innovation is linked to the capacity of farmers and other acotrs to organisze themeselves (governance systems) and place their product on the market thanks to the invention of the girolle (new product).","","","6.9","47.18333333333333","8.231973055555555","46.798561944444444"
"Mountain landscape and reference chains","The reference mountain chain of this VC is Jura. The reference mountain landscape of this VC is Corgémont; Cormoret; Cortébert; Courtelary; La Ferrière; Mont-Tramelan; Orvin; Renan (BE); Romont (BE); Saint-Imier; Sonceboz-Sombeval; Sonvilier; Tramelan; Villeret; Sauge; Péry-La Heutte; Belprahon; Champoz; Corcelles (BE); Court; Crémines; Eschert; Grandval; Loveresse; Moutier; Perrefitte; Reconvilier; Roches (BE); Saicourt; Saules (BE); Schelten; Seehof; Sorvilier; Tavannes; Rebévelier; Petit-Val; Valbirse; Saulcy; Le Bémont (JU); Les Bois; Les Breuleux; La Chaux-des-Breuleux; Les Enfers; Les Genevez (JU); Lajoux (JU); Montfaucon; Muriaux; Le Noirmont; Saignelégier; Saint-Brais; Soubey; Clos du Doubs. The MLR is a region composed of limestone rocks, which are permeable and have difficulty retaining water, forming a succession of shallow valleys and high plateaus. It is covered by forest and wooded pasture. Milk and cheese production are the first agricultural resource of the massif. Temperature vary strongly between summer and winter and the annual rainfall are abundant ( 1000 mm). Clock-making by farmers in the form of peasant clockmakers has been practiced since the Middle Ages and offers a cultural heritage to the region.","le bémont, le noirmont, les bois, les breuleux, les enfers, les genevez, corgémont, cormoret, cortébert, courtelary, sonvilier, belprahon, champoz, crémines, eschert, loveresse, moutier, perrefitte, reconvilier, saicourt, schelten, sorvilier, tavannes, rebévelier, valbirse, muriaux, saignelégier, soubey, limestone, middle ages","http://www.wikidata.org/entity/Q68502, http://www.wikidata.org/entity/Q68522, http://www.wikidata.org/entity/Q70232, http://www.wikidata.org/entity/Q68086, http://www.wikidata.org/entity/Q70411, http://www.wikidata.org/entity/Q69976, http://www.wikidata.org/entity/Q66917, http://www.wikidata.org/entity/Q66425, http://www.wikidata.org/entity/Q69974, http://www.wikidata.org/entity/Q65649, http://www.wikidata.org/entity/Q66471, http://www.wikidata.org/entity/Q67296, http://www.wikidata.org/entity/Q66938, http://www.wikidata.org/entity/Q68599, http://www.wikidata.org/entity/Q67574, http://www.wikidata.org/entity/Q67591, http://www.wikidata.org/entity/Q67157, http://www.wikidata.org/entity/Q66455, http://www.wikidata.org/entity/Q67249, http://www.wikidata.org/entity/Q67384, http://www.wikidata.org/entity/Q67369, http://www.wikidata.org/entity/Q67458, http://www.wikidata.org/entity/Q67203, http://www.wikidata.org/entity/Q68570, http://www.wikidata.org/entity/Q17326749, http://www.wikidata.org/entity/Q68506, http://www.wikidata.org/entity/Q67666, http://www.wikidata.org/entity/Q67480, http://www.wikidata.org/entity/Q23757, http://www.wikidata.org/entity/Q12554","7.016666666666667","47.266666666666666","8.231973055555555","46.798561944444444"
"Key local assets","Milk is produced from cattle on extensive grazing systems, often in wooden pastures. The cheese production is based on traditional knowledge dating back to the 17th century. The current pdo organization demonstrates furthermore social ressources, such as interactions among farmers and cheese producers, to maintain a sufficient milk price. About the LAU: CH0431; CH0432; CH0433; CH0434; CH0435; CH0437; CH0438; CH0441; CH0442; CH0443; CH0444; CH0445; CH0446; CH0448; CH0449; CH0450; CH0681; CH0683; CH0687; CH0690; CH0691; CH0692; CH0694; CH0696; CH0700; CH0701; CH0703; CH0704; CH0706; CH0707; CH0708; CH0709; CH0711; CH0713; CH0715; CH0716; CH0717; CH6722; CH6741; CH6742; CH6743; CH6744; CH6745; CH6748; CH6750; CH6751; CH6753; CH6754; CH6757; CH6758; CH6759; CH6808.","milk, cattle, grazing, cheese, knowledge, century, organization, ressources","http://www.wikidata.org/entity/Q8495, http://www.wikidata.org/entity/Q830, http://www.wikidata.org/entity/Q3239189, http://www.wikidata.org/entity/Q10943, http://www.wikidata.org/entity/Q9081, http://www.wikidata.org/entity/Q578, http://www.wikidata.org/entity/Q43229, http://www.wikidata.org/entity/Q104855483","7.002538888888889","47.20518055555556","8.231973055555555","46.798561944444444"
"Challenges","The natural resources on which the milk used for cheese production is based are threatened by increasing droughts due to climate change (loss of fodder, death of spruce trees in wooded pastures changing the landscape and shade). There are uncertainties about the real effect of climate change on grassland production and animal health (reduced grass growth in summer but a one-month longer growing season depending on the scenario). Counterfeit of the 'girolle' have emerged on the market, which represents direct competition and takes away the unique and innovative aspect of the product. Overall the type of challenge faced by this VC is Current and Predicted. This VC is classified as Traditional and Innovative.","grassland","http://www.wikidata.org/entity/Q1006733","7.0471111111111115","47.2885","8.231973055555555","46.798561944444444"
"Innovation","The type of innovation of this VC is Endogenous. The invention of the 'girolle' in 1999 following a reorganization of the actors in a PDO in 1997, represents an innovation since it placed the cheese as an unique product on a niche market (feast and costly), and allowed a big increase in the production. The girolle is a wheel that which allows the cheese to be scraped to form small flower. The innovation is related to New products and New governance systems. The land use systems involved are Grassland and Forestry. The local assets include Natural, social and cultural.","innovation, cheese, niche market, governance, grassland","http://www.wikidata.org/entity/Q174165, http://www.wikidata.org/entity/Q10943, http://www.wikidata.org/entity/Q1758705, http://www.wikidata.org/entity/Q1553864, http://www.wikidata.org/entity/Q1006733","7.133333333333334","47.25","8.231973055555555","46.798561944444444"
"Geography and population","The size of the area (km2) is 75.26. The minimum altimetry of the LAU is 415. The maximum altimetry of the LAU is 1606. The total population (in thousand) is 59.13. The population density (Inhabitants/km2) in the LAU is 78.57. The population change rate of the LAU in the last 10 years (%) has been 3.95%. The overall regional population density (Inhabitants/km2) is 193.02. The regional population change rate in the last 10 years (%) is unspecified.","population density","http://www.wikidata.org/entity/Q22856","7.138569444444444","47.191069444444445","8.231973055555555","46.798561944444444"
"Income and gross value added","The average per capita income (EUR/year) [NUTS3] is 24718.16. The total Gross Value Added (GVA) (EUR million/year) [NUTS3] is 79468.40. The primary sector share of total GVA/year [NUTS3] is 0.79%. The secondary sector share of total GVA/year [NUTS3] is 32.83%. The tertiary sector share of total GVA/year [NUTS3] is 66.38%. The per capita income (EUR/year) [NUTS2] is 24391.03. The total Gross Value Added (GVA) (EUR million/year) [NUTS2] is 127943.40. The primary sector share of total GVA/year [NUTS2] is 0.86%. The secondary sector share of total GVA/year [NUTS2] is 38.65%. The tertiary sector share of total GVA/year [NUTS2] is 60.49%.","gross value added, per capita income, year","http://www.wikidata.org/entity/Q994873, http://www.wikidata.org/entity/Q45918, http://www.wikidata.org/entity/Q577","7.055555555555555","47.175","8.231973055555555","46.798561944444444"
"Tourism","The total number of bed places (BPs) in tourist accommodations/year in the LAU is 1085. The regional (NUTS2) share of total BPs/year is 1.16%. The number of agricultural holdings in the LAU is 879. The nearest settlement with population over 100000 (km) is 75. In this region protected areas are present.","number, bed, year","http://www.wikidata.org/entity/Q11563, http://www.wikidata.org/entity/Q42177, http://www.wikidata.org/entity/Q577","7.1","47.18333333333333","8.231973055555555","46.798561944444444"
"Employment","The primary sector share of total employment/year [NUTS3] is 8.21%. The secondary sector share of total employment/year [NUTS3] is 43.17%. The tertiary sector share of total employment/year [NUTS3] is 48.31%. The primary sector share of total employment/year [NUTS2] is 4.63%. The secondary sector share of total employment/year [NUTS2] is 23.61%. The tertiary sector share of total employment/year [NUTS2] is 71.57%.","employment, year","http://www.wikidata.org/entity/Q656365, http://www.wikidata.org/entity/Q577","7.072222222222222","47.17916666666667","8.231973055555555","46.798561944444444"
"Concluding remarks","The VC is in two different cantons. The selected reference landscape does only take into consideration the Franches Montagnes Region in the Jura canton and not in the Bern canton, beceause considering the canton of Bern greatly biases the population and economic figures at a NUTS2 level.","reference, landscape, consideration, bern","http://www.wikidata.org/entity/Q121769, http://www.wikidata.org/entity/Q107425, http://www.wikidata.org/entity/Q1344851, http://www.wikidata.org/entity/Q70","6.965277777777778","47.13944444444444","8.231973055555555","46.798561944444444"
