title,description,objects,objectlinks,lon,lat,barycenter_lon,barycenter_lat
"Salted cake made of leavened dough and covered with a cream-based mixture","The MOVING reference member state of this VC is SWITZERLAND 2. The reference MOVING Card ID of this VC is VC 11 CH2. The cake is produced and sold directly by about fifteen bakers in the canton or in small local shops.","reference, switzerland","http://www.wikidata.org/entity/Q121769, http://www.wikidata.org/entity/Q39","6.9","47.18333333333333","8.231973055555555","46.798561944444444"
"Interest on this VC","The cake has a strong terrirotial identitity, being considered as a traditional speciality form the Jura canton, consumed extensively during local festivals. It is produced from flour and cream, made from the abundant dairy resources in the region.","","","7.002538888888889","47.20518055555556","8.231973055555555","46.798561944444444"
"Mountain landscape and reference chains","The reference mountain chain of this VC is Jura. The reference mountain landscape of this VC is Boécourt; Courrendlin; Courtételle; Haute-Sorne; Les Bois; Les Breuleux; Le Noirmont; Saignelégier. The MLR is a region composed of limestone rocks, which are permeable and have difficulty retaining water, forming a succession of shallow valleys and high plateaus. It is covered by forest and wooded pasture. Milk and cheese production are the first agricultural resource of the massif. Temperature vary strongly between summer and winter and the annual rainfall are abundant ( 1000 mm). Clock-making by farmers in the form of peasant clockmakers has been practiced since the Middle Ages and offers a cultural heritage to the region.","le noirmont, les bois, les breuleux, boécourt, courrendlin, courtételle, saignelégier, limestone, middle ages","http://www.wikidata.org/entity/Q68522, http://www.wikidata.org/entity/Q70232, http://www.wikidata.org/entity/Q68086, http://www.wikidata.org/entity/Q69942, http://www.wikidata.org/entity/Q69, http://www.wikidata.org/entity/Q67463, http://www.wikidata.org/entity/Q67666, http://www.wikidata.org/entity/Q23757, http://www.wikidata.org/entity/Q12554","6.944111111111111","47.21366111111111","8.231973055555555","46.798561944444444"
"Key local assets","Before refrigerators, the acidification of cream was done without human intervention. The raw milk was stored in a cool place for several days. The cream would rise to the surface and, as it aged, acquire a sour taste through bacterial transformation. The recipe has maintained this old artisanal production technique which is a strong cultural asset. About the LAU: CH6702; CH6708; CH6710; CH6729; CH6742; CH6743; CH6754; CH6757.","cream, raw milk, taste","http://www.wikidata.org/entity/Q13228, http://www.wikidata.org/entity/Q513631, http://www.wikidata.org/entity/Q124794","7.216666666666667","47.35","8.231973055555555","46.798561944444444"
"Challenges","No major challenges known. Overall the type of challenge faced by this VC is Current. This VC is classified as Traditional.","","","7.366666666666666","47.333333333333336","8.231973055555555","46.798561944444444"
"Innovation","The type of innovation of this VC is unspecified. The innovation is related to the whole VC. The land use systems involved are Cropland and Grassland. The local assets include Cultural.","innovation, grassland","http://www.wikidata.org/entity/Q174165, http://www.wikidata.org/entity/Q1006733","7.317638888888889","47.33093888888889","8.231973055555555","46.798561944444444"
"Geography and population","The size of the area (km2) is 20.61. The minimum altimetry of the LAU is 415. The maximum altimetry of the LAU is 1293. The total population (in thousand) is 21.48. The population density (Inhabitants/km2) in the LAU is 104.23. The population change rate of the LAU in the last 10 years (%) has been 9.44%. The overall regional population density (Inhabitants/km2) is 193.02. The regional population change rate in the last 10 years (%) is unspecified.","population density","http://www.wikidata.org/entity/Q22856","7.0","47.25","8.231973055555555","46.798561944444444"
"Income and gross value added","The average per capita income (EUR/year) [NUTS3] is 25902.92. The total Gross Value Added (GVA) (EUR million/year) [NUTS3] is 79468.40. The primary sector share of total GVA/year [NUTS3] is 1.43%. The secondary sector share of total GVA/year [NUTS3] is 56.92%. The tertiary sector share of total GVA/year [NUTS3] is 41.65%. The per capita income (EUR/year) [NUTS2] is 26160.99. The total Gross Value Added (GVA) (EUR million/year) [NUTS2] is 127943.40. The primary sector share of total GVA/year [NUTS2] is 0.86%. The secondary sector share of total GVA/year [NUTS2] is 38.65%. The tertiary sector share of total GVA/year [NUTS2] is 60.49%.","gross value added, per capita income, year","http://www.wikidata.org/entity/Q994873, http://www.wikidata.org/entity/Q45918, http://www.wikidata.org/entity/Q577","6.865602954119805","47.19497371916642","8.231973055555555","46.798561944444444"
"Tourism","The total number of bed places (BPs) in tourist accommodations/year in the LAU is 428. The regional (NUTS2) share of total BPs/year is 0.46%. The number of agricultural holdings in the LAU is 227. The nearest settlement with population over 100000 (km) is 73. In this region protected areas are present.","number, bed, year","http://www.wikidata.org/entity/Q11563, http://www.wikidata.org/entity/Q42177, http://www.wikidata.org/entity/Q577","6.994896075124418","47.14146612810658","8.231973055555555","46.798561944444444"
"Employment","The primary sector share of total employment/year [NUTS3] is 5.69%. The secondary sector share of total employment/year [NUTS3] is 52.90%. The tertiary sector share of total employment/year [NUTS3] is 41.41%. The primary sector share of total employment/year [NUTS2] is 4.63%. The secondary sector share of total employment/year [NUTS2] is 23.61%. The tertiary sector share of total employment/year [NUTS2] is 71.57%.","employment, year","http://www.wikidata.org/entity/Q656365, http://www.wikidata.org/entity/Q577","6.90461165806344","47.16697545292112","8.231973055555555","46.798561944444444"
"Concluding remarks","","","","6.919863427217221","47.203260457870854","8.231973055555555","46.798561944444444"
