title,description,objects,objectlinks,lon,lat,barycenter_lon,barycenter_lat
"Absinthe is a set of spirits made from absinth plants, to be mixed with water for consumption","The MOVING reference member state of this VC is SWITZERLAND 2. The reference MOVING Card ID of this VC is VC 49 CH2. The VC is managed by the 'Association interprofessionnelle de l'absinthe' - which groups together all the legal distillers and growers of absinthe in the district, created in 2005 with the legalisation of the production and consumption of the product. To be able to sell the product, it is necessary to carry out a self-control and to obtain a patent delivered by the canton.","reference, switzerland, absinthe","http://www.wikidata.org/entity/Q121769, http://www.wikidata.org/entity/Q39, http://www.wikidata.org/entity/Q170210","8.231973055555555","46.798561944444444","8.231973055555555","46.798561944444444"
"Interest on this VC","Successful registration of a quality scheme with a PDO, strong territorial identity and high reputation product (alcohol was banned for years because it drove people mad, a whole regional myth exists around this drink), preparation and consumption ritual, unique product. Being products with rare values.","people, myth, drink, ritual","http://www.wikidata.org/entity/Q2472587, http://www.wikidata.org/entity/Q12827256, http://www.wikidata.org/entity/Q40050, http://www.wikidata.org/entity/Q189819","8.285349325412927","46.71722235713621","8.231973055555555","46.798561944444444"
"Mountain landscape and reference chains","The reference mountain chain of this VC is Jura. The reference mountain landscape of this VC is Val-de-Travers. The MLR is a region composed of limestone rocks, which are permeable and have difficulty retaining water, forming a succession of shallow valleys and high plateaus. It is covered by forest and wooded pasture. Milk and cheese production are the first agricultural resource of the massif. Temperature vary strongly between summer and winter and the annual rainfall are abundant ( 1000 mm). Clock-making by farmers in the form of peasant clockmakers has been practiced since the Middle Ages and offers a cultural heritage to the region.","limestone, middle ages","http://www.wikidata.org/entity/Q23757, http://www.wikidata.org/entity/Q12554","8.202949361038515","46.896607419149674","8.231973055555555","46.798561944444444"
"Key local assets","The production of absinthe is based on a local know-how that has been passed down from generation to generation, and which was hidden for a long time because it was illegal. About the LAU: CH6512.","absinthe, generation, time","http://www.wikidata.org/entity/Q170210, http://www.wikidata.org/entity/Q213381, http://www.wikidata.org/entity/Q11471","8.141696905715017","46.85322982428714","8.231973055555555","46.798561944444444"
"Challenges","difficulty in certifying absinthe with a controlled designation of origin (AOC) due to opposition slowing down the processes. Overall the type of challenge faced by this VC is Current. This VC is classified as Traditional.","absinthe","http://www.wikidata.org/entity/Q170210","8.313538821125043","46.73775709466902","8.231973055555555","46.798561944444444"
"Innovation","The type of innovation of this VC is unspecified. The innovation is related to the whole VC. The land use systems involved are Cropland. The local assets include Cultural.","innovation","http://www.wikidata.org/entity/Q174165","8.324425415945415","46.7738695015408","8.231973055555555","46.798561944444444"
"Geography and population","The size of the area (km2) is 12.47. The minimum altimetry of the LAU is 692. The maximum altimetry of the LAU is 1469. The total population (in thousand) is 10.67. The population density (Inhabitants/km2) in the LAU is 85.51. The population change rate of the LAU in the last 10 years (%) has been -1.34%. The overall regional population density (Inhabitants/km2) is 193.02. The regional population change rate in the last 10 years (%) is unspecified.","population density","http://www.wikidata.org/entity/Q22856","8.30602883739149","46.743992455547605","8.231973055555555","46.798561944444444"
"Income and gross value added","The average per capita income (EUR/year) [NUTS3] is 23186.46. The total Gross Value Added (GVA) (EUR million/year) [NUTS3] is 79468.40. The primary sector share of total GVA/year [NUTS3] is 0.63%. The secondary sector share of total GVA/year [NUTS3] is 57.04%. The tertiary sector share of total GVA/year [NUTS3] is 42.33%. The per capita income (EUR/year) [NUTS2] is 23186.46. The total Gross Value Added (GVA) (EUR million/year) [NUTS2] is 127943.40. The primary sector share of total GVA/year [NUTS2] is 0.86%. The secondary sector share of total GVA/year [NUTS2] is 38.65%. The tertiary sector share of total GVA/year [NUTS2] is 60.49%.","gross value added, per capita income, year","http://www.wikidata.org/entity/Q994873, http://www.wikidata.org/entity/Q45918, http://www.wikidata.org/entity/Q577","8.236471807598226","46.74474005325552","8.231973055555555","46.798561944444444"
"Tourism","The total number of bed places (BPs) in tourist accommodations/year in the LAU is 74. The regional (NUTS2) share of total BPs/year is 0.08%. The number of agricultural holdings in the LAU is 107. The nearest settlement with population over 100000 (km) is 69. In this region protected areas are not present.","number, bed, year","http://www.wikidata.org/entity/Q11563, http://www.wikidata.org/entity/Q42177, http://www.wikidata.org/entity/Q577","8.166041153738567","46.73039412225633","8.231973055555555","46.798561944444444"
"Employment","The primary sector share of total employment/year [NUTS3] is 5.62%. The secondary sector share of total employment/year [NUTS3] is 44.38%. The tertiary sector share of total employment/year [NUTS3] is 50.00%. The primary sector share of total employment/year [NUTS2] is 4.63%. The secondary sector share of total employment/year [NUTS2] is 23.61%. The tertiary sector share of total employment/year [NUTS2] is 71.57%.","employment, year","http://www.wikidata.org/entity/Q656365, http://www.wikidata.org/entity/Q577","8.28485014694761","46.75548385040568","8.231973055555555","46.798561944444444"
"Concluding remarks","","","","8.287945797316098","46.859150277563465","8.231973055555555","46.798561944444444"
