title,description,objects,objectlinks,lon,lat,barycenter_lon,barycenter_lat
"Fresh Fruit (Apple)","The MOVING reference member state of this VC is TURKEY. The reference MOVING Card ID of this VC is VC 04 TR. The most common marketing channels used by apple farmers are brokers, traders, exporters and fruit juice companies. The supermarket retailers are used moderately in product sales. The direct to consumer sales are low. The prevalence of diseases and pests in the region reduces the quality of the product. Diseases and pests cause the appeal of the product to deteriorate. This negatively affects the demand of the product. The decrease in the market demand for the product causes the prices to decrease. The apple producers in the region do not have a farming organization. Despite these negativities, it can be considered as a positive development that the farmers continue to produce apples traditionally.","turkey, marketing, apple, fruit, juice, supermarket, sales, appeal, demand, organization","http://www.wikidata.org/entity/Q43, http://www.wikidata.org/entity/Q39809, http://www.wikidata.org/entity/Q89, http://www.wikidata.org/entity/Q1364, http://www.wikidata.org/entity/Q8492, http://www.wikidata.org/entity/Q180846, http://www.wikidata.org/entity/Q194189, http://www.wikidata.org/entity/Q329777, http://www.wikidata.org/entity/Q4402708, http://www.wikidata.org/entity/Q43229","36.0","39.0","36.0","39.0"
"Interest on this VC","Elmal is an important district in apple production in the Bey mountains and the district takes its name from that product (literally apple-town). According to data for 2020 released by the Turkish Statistical Institute (TurkStat), in Elmal , which covers 13.18 % of national apple production (4300386 tons), 566668 tons of apples are produced. The most widely cultivated varieties in Elmal are Starking, Golden, Gala, and Granny Smith. The most grown apple variety is Starking. The Starking Apple production in Turkey was 1675197 tons in 2020. 26.86% of the Starking apples produced in Turkey (449980 tonnes) was produced in Elmal district (TukStat, 2020). 90% of the farmers dealing with apple cultivation in Elmal district are smallholder farms.","turkey, granny smith, turkish statistical institute, apple","http://www.wikidata.org/entity/Q43, http://www.wikidata.org/entity/Q506040, http://www.wikidata.org/entity/Q1375058, http://www.wikidata.org/entity/Q89","32.844588888888886","39.916022222222225","36.0","39.0"
"Mountain landscape and reference chains","The reference mountain chain of this VC is Bey mountains, Antalya. The reference mountain landscape of this VC is Elmal. Elmal is a town and district in Antalya Province, the Mediterranean region of Turkey. It lies about 35 km (22 mil) inland, near the town of Korkuteli and 110 km (68 mil) west of the city of Antalya. In 2020, the population for the whole district was 39365. Elmal is a small plateau at the head of a long upland valley in the Beyda lar range of the western Taurus Mountains, surrounded by high peaks including the 2500m Elmal Mountain. Aside from the town of Elmal , the district includes two other small towns (Akçay and Yuva) as well as villages. The area is watered by streams running off the mountains. Although close to the Mediterranean, Elmal is high in the mountains and has an inland climate of cold winters and hot summers, (although still much cooler than the coast). Near to Lake Avlan there is an area of cedar forest, rare in Turkey (Wikipedia,2021).","antalya province, turkey, antalya, reference, mountain, town","http://www.wikidata.org/entity/Q40249, http://www.wikidata.org/entity/Q43, http://www.wikidata.org/entity/Q6487, http://www.wikidata.org/entity/Q121769, http://www.wikidata.org/entity/Q8502, http://www.wikidata.org/entity/Q3957","31.0","37.0","36.0","39.0"
"Key local assets","Natural: The total area under Apple cultivation in Elmal is 9800 hectares. The average farm size per household is between 0.7 and 0.8 hectares. Apples are grown in orchards. Social: Apples have been cultivated for a long time in Elmal . 90% of apple growers are smallholder farms. Apples cultivation has been extended by community interactions. Cultural: Apples are traditionally produced in the Elmal . For this reason, it fully fits the definition of cultural heritage. Apple cultivation is transferred from families to children as a cultural heritage. About the LAU: TR611-1303.","apple, social, time, community","http://www.wikidata.org/entity/Q89, http://www.wikidata.org/entity/Q345367, http://www.wikidata.org/entity/Q11471, http://www.wikidata.org/entity/Q177634","30.666666666666668","36.96666666666667","36.0","39.0"
"Challenges","The three most important challenges faced by producers in apple production are, respectively, the high number of diseases, the difficulty of finding market outlets and the high input costs. Due to the high number of diseases in apple cultivation, productivity is low. Climate change also has an effect on low productivity. Especially the negative impact of drought on apple production is mentioned. Since apple producers have problems in finding market outlets, the produced apple cannot be sold at high prices. In addition, it is emphasized that the family labour is insufficient in apple producing family farms. Overall the type of challenge faced by this VC is Current. This VC is classified as Traditional.","apple, number","http://www.wikidata.org/entity/Q89, http://www.wikidata.org/entity/Q11563","35.903005473685916","39.05036312493414","36.0","39.0"
"Innovation","The type of innovation of this VC is unspecified. The innovation is related to the whole VC. The land use systems involved are Cropland. The local assets include Natural, social and cultural.","innovation","http://www.wikidata.org/entity/Q174165","35.96528893698325","38.984279369362454","36.0","39.0"
"Geography and population","The size of the area (km2) is 1658. The minimum altimetry of the LAU is 1150. The maximum altimetry of the LAU is 2503. The total population (in thousand) is 39.365. The population density (Inhabitants/km2) in the LAU is 23.74. The population change rate of the LAU in the last 10 years (%) has been 4.26%. The overall regional population density (Inhabitants/km2) is 89.5. The regional population change rate in the last 10 years (%) has been 21.23%.","population density","http://www.wikidata.org/entity/Q22856","36.07791830859298","38.90878235165895","36.0","39.0"
"Income and gross value added","The average per capita income (EUR/year) [NUTS3] is 9553.01. The total Gross Value Added (GVA) (EUR million/year) [NUTS3] is 22425.1. The primary sector share of total GVA/year [NUTS3] is 8.20%. The secondary sector share of total GVA/year [NUTS3] is 19.30%. The tertiary sector share of total GVA/year [NUTS3] is 69.00%. The per capita income (EUR/year) [NUTS2] is 8881.82. The total Gross Value Added (GVA) (EUR million/year) [NUTS2] is 25421.01. The primary sector share of total GVA/year [NUTS2] is 9.80%. The secondary sector share of total GVA/year [NUTS2] is 21.30%. The tertiary sector share of total GVA/year [NUTS2] is 66.50%.","gross value added, per capita income, year","http://www.wikidata.org/entity/Q994873, http://www.wikidata.org/entity/Q45918, http://www.wikidata.org/entity/Q577","35.92477744247236","39.0271518846751","36.0","39.0"
"Tourism","The total number of bed places (BPs) in tourist accommodations/year in the LAU is 599838. The regional (NUTS2) share of total BPs/year is 98.70%. The number of agricultural holdings in the LAU is 39533. The nearest settlement with population over 100000 (km) is 110. In this region protected areas are present.","number, bed, year","http://www.wikidata.org/entity/Q11563, http://www.wikidata.org/entity/Q42177, http://www.wikidata.org/entity/Q577","35.98337604817122","39.035969505514785","36.0","39.0"
"Employment","The primary sector share of total employment/year [NUTS3] is Medium. The secondary sector share of total employment/year [NUTS3] is Low. The tertiary sector share of total employment/year [NUTS3] is High. The primary sector share of total employment/year [NUTS2] is 17.30%. The secondary sector share of total employment/year [NUTS2] is 14.20%. The tertiary sector share of total employment/year [NUTS2] is 68.40%.","employment, year","http://www.wikidata.org/entity/Q656365, http://www.wikidata.org/entity/Q577","35.98498890028459","39.09061489876061","36.0","39.0"
"Concluding remarks","One of the value chains that includes Apple is available in Switzerland's MRL. However, apple value chain in Turkey differs from the value chain in Switzerland. The value chain in Switzerland includes the preservation and promotion of old high-stemmed apple varieties. Apple value chain in Turkey includes traditional apple cultivation.","turkey, switzerland, apple, value chain","http://www.wikidata.org/entity/Q43, http://www.wikidata.org/entity/Q39, http://www.wikidata.org/entity/Q89, http://www.wikidata.org/entity/Q646107","36.0","39.0","36.0","39.0"
