title,description,objects,objectlinks,lon,lat,barycenter_lon,barycenter_lat
"Fresh Fruit (Grapes)","The MOVING reference member state of this VC is TURKEY. The reference MOVING Card ID of this VC is VC 05 TR. Approximately 4517 tons of grapes were produced in Elmal in 2020. 45% of the grape production in Elmal is fresh table grape, 40% wine grape and 15% dried grape. There are two main marketing channels used by grape growers. The grape growers have problems in marketing fresh table grapes. The growers prefer to sell directly to consumers in order to get a high price for fresh table grapes. The growers sell wine grapes to wine companies. The problem in the grape value chain can be seen in the marketing of fresh grapes. One of the negative aspects of the value chain is that the grapes produced are supplied to the market without being processed. Also, it is observed that the grape growers in Elmal do not have a farmer organization. On the other hand, the fact that the grape grown in the region is a quality and special variety is an important opportunity to improve the value chain.","turkey, grape, table grape, wine, marketing, problem, value chain","http://www.wikidata.org/entity/Q43, http://www.wikidata.org/entity/Q10978, http://www.wikidata.org/entity/Q361073, http://www.wikidata.org/entity/Q282, http://www.wikidata.org/entity/Q39809, http://www.wikidata.org/entity/Q621184, http://www.wikidata.org/entity/Q646107","36.0","39.0","36.0","39.0"
"Interest on this VC","Elmal is a district in Antalya that is famous for its vineyards. Elmal is also one of Turkey's major grape production centers. Elmal is especially famous for Tilki Kuyru u grape variety (Vitis vinifera L.), which is an endemic species. Tilki Kuyru u grape varieties grown in other regions of Turkey are white-colored, while Tilki Kuyrugu grape variety grown in Elmal is only red-colored. The red-colored Tilki Kuyru u grape is grown at an altitude of 1100 in Elmal . Elmal is one of the important settlements of the Lycian civilization in the ancient period. It is stated that Elmal region, whose history dates back to 2000 BC, is the first wine production center of the world. Tilki Kuyru u grapes are consumed both as fresh and as processed products such as wine and vinegar.","turkey, antalya, grape, wine","http://www.wikidata.org/entity/Q43, http://www.wikidata.org/entity/Q6487, http://www.wikidata.org/entity/Q10978, http://www.wikidata.org/entity/Q282","30.666666666666668","36.96666666666667","36.0","39.0"
"Mountain landscape and reference chains","The reference mountain chain of this VC is Bey mountains, Antalya. The reference mountain landscape of this VC is Elmal. Elmal is a town and district in Antalya Province, the Mediterranean region of Turkey. It lies about 35 km (22 mil) inland, near the town of Korkuteli and 110 km (68 mil) west of the city of Antalya. In 2020, the population for the whole district was 39365. Elmal is a small plateau at the head of a long upland valley in the Beyda lar range of the western Taurus Mountains, surrounded by high peaks including the 2500m Elmal Mountain. Aside from the town of Elmal , the district includes two other small towns (Akçay and Yuva) as well as villages. The area is watered by streams running off the mountains. Although close to the Mediterranean, Elmal is high in the mountains and has an inland climate of cold winters and hot summers, (although still much cooler than the coast). Near to Lake Avlan there is an area of cedar forest, rare in Turkey (Wikipedia,2021).","antalya province, turkey, antalya, reference, mountain, town","http://www.wikidata.org/entity/Q40249, http://www.wikidata.org/entity/Q43, http://www.wikidata.org/entity/Q6487, http://www.wikidata.org/entity/Q121769, http://www.wikidata.org/entity/Q8502, http://www.wikidata.org/entity/Q3957","31.0","37.0","36.0","39.0"
"Key local assets","Natural: The total area under grape cultivation in Elmal is about 335 hectares. The average farm size per household is 0.4 hectares. Social: Grapes have been cultivated for a long time in Elmal . The majority of grape growers are smallholder farms. The average age of the farmers engaged in grape farming is between 35-50. Currently, the number of farmers dealing with grape cultivation in the region is 223. Grape cultivation has been extended by community interactions. Cultural: Grapes are traditionally produced in the Elmal . For this reason, it fully fits the definition of cultural heritage. Grape cultivation is transferred from families to children as a cultural heritage. About the LAU: TR611-1303.","grape, time, majority, number, community","http://www.wikidata.org/entity/Q10978, http://www.wikidata.org/entity/Q11471, http://www.wikidata.org/entity/Q7382648, http://www.wikidata.org/entity/Q11563, http://www.wikidata.org/entity/Q177634","35.964844297175105","39.078917630620694","36.0","39.0"
"Challenges","The main problems faced by the grape growers are difficulties in finding markets and low productivity. Especially the grape growers face difficulties in marketing fresh table grapes. Therefore, they obtain low market prices for their products. Climate change and diseases have an effect on the decrease in productivity in grape cultivation. However, climate change has a greater impact on yields. There is an intensive labor requirement in grape cultivation. It is stated that the family labor of grape growers in Elmal is insufficient. Besides, it is emphasized that the government support and incentives for the grape growers in the region are insufficient. Overall the type of challenge faced by this VC is Current. This VC is classified as Traditional.","grape, productivity, requirement, government","http://www.wikidata.org/entity/Q10978, http://www.wikidata.org/entity/Q2111958, http://www.wikidata.org/entity/Q774228, http://www.wikidata.org/entity/Q7188","36.01949648089968","39.0658242104781","36.0","39.0"
"Innovation","The type of innovation of this VC is unspecified. The innovation is related to the whole VC. The land use systems involved are Cropland. The local assets include Natural, social and cultural.","innovation","http://www.wikidata.org/entity/Q174165","36.04561470097956","38.922537386082155","36.0","39.0"
"Geography and population","The size of the area (km2) is 1658. The minimum altimetry of the LAU is 1150. The maximum altimetry of the LAU is 2503. The total population (in thousand) is 39.365. The population density (Inhabitants/km2) in the LAU is 23.74. The population change rate of the LAU in the last 10 years (%) has been 4.26%. The overall regional population density (Inhabitants/km2) is 89.5. The regional population change rate in the last 10 years (%) has been 21.23%.","population density","http://www.wikidata.org/entity/Q22856","36.05670146667474","39.08700467827783","36.0","39.0"
"Income and gross value added","The average per capita income (EUR/year) [NUTS3] is 9553.01. The total Gross Value Added (GVA) (EUR million/year) [NUTS3] is 22425.1. The primary sector share of total GVA/year [NUTS3] is 8.20%. The secondary sector share of total GVA/year [NUTS3] is 19.30%. The tertiary sector share of total GVA/year [NUTS3] is 69.00%. The per capita income (EUR/year) [NUTS2] is 8881.82. The total Gross Value Added (GVA) (EUR million/year) [NUTS2] is 25421.01. The primary sector share of total GVA/year [NUTS2] is 9.80%. The secondary sector share of total GVA/year [NUTS2] is 21.30%. The tertiary sector share of total GVA/year [NUTS2] is 66.50%.","gross value added, per capita income, year","http://www.wikidata.org/entity/Q994873, http://www.wikidata.org/entity/Q45918, http://www.wikidata.org/entity/Q577","36.06647783081855","38.91426235809228","36.0","39.0"
"Tourism","The total number of bed places (BPs) in tourist accommodations/year in the LAU is 599838. The regional (NUTS2) share of total BPs/year is 98.70%. The number of agricultural holdings in the LAU is 39533. The nearest settlement with population over 100000 (km) is 110. In this region protected areas are present.","number, bed, year","http://www.wikidata.org/entity/Q11563, http://www.wikidata.org/entity/Q42177, http://www.wikidata.org/entity/Q577","36.00655688820041","38.95656430819543","36.0","39.0"
"Employment","The primary sector share of total employment/year [NUTS3] is Medium. The secondary sector share of total employment/year [NUTS3] is Low. The tertiary sector share of total employment/year [NUTS3] is High. The primary sector share of total employment/year [NUTS2] is 17.30%. The secondary sector share of total employment/year [NUTS2] is 14.20%. The tertiary sector share of total employment/year [NUTS2] is 68.40%.","employment, year","http://www.wikidata.org/entity/Q656365, http://www.wikidata.org/entity/Q577","35.99783283240709","38.961566498001105","36.0","39.0"
"Concluding remarks","One of the value chains that includes grapes is available in Switzerland's MRL (VC 24 CH2). The value chain in Elmal district is partially similar to the value chain in Switzerland. Grape producers in the grape value chain in Switzerland sell their products directly to wine makers. On the other hand, grape growers in Elmal sell 40% of the volume of grapes produced to wine companies. The common feature in both value chains is that the products are not processed by the grape growers.","switzerland, value chain, grape, wine, hand","http://www.wikidata.org/entity/Q39, http://www.wikidata.org/entity/Q646107, http://www.wikidata.org/entity/Q10978, http://www.wikidata.org/entity/Q282, http://www.wikidata.org/entity/Q33767","36.02929284810476","39.05990309414956","36.0","39.0"
