title,description,objects,objectlinks,lon,lat,barycenter_lon,barycenter_lat
"Special kind of tulum cheese from goat and sheep milk","The MOVING reference member state of this VC is TURKEY. The reference MOVING Card ID of this VC is VC 09 TR. The feeding and milking activity of sheep and goat are done by small family farms. Some breeders make cheese by using dried goat or sheep skin. This production method is very unique and traditional, and adds very special taste to cheese. Some breeders sell raw milk to cooperatives or dairy firms to be processed.The perspectives of the product bring together the farmers, the local government, cooperatives and firms.","turkey, sheep, goat, cheese, skin, raw milk","http://www.wikidata.org/entity/Q43, http://www.wikidata.org/entity/Q7368, http://www.wikidata.org/entity/Q2934, http://www.wikidata.org/entity/Q10943, http://www.wikidata.org/entity/Q1074, http://www.wikidata.org/entity/Q513631","36.0","39.0","36.0","39.0"
"Interest on this VC","zmir Tulum cheese is made from milk obtained from cows, sheep and goats fed by natural vegetation and water sources of higher parts of Kiraz. The difference from other cheese is zmir brined cheese has high level of salt and ripened under brine. This add to this cheese high quality and high reputaion.","tulum cheese, milk, sheep, vegetation, water, cheese, brine","http://www.wikidata.org/entity/Q3183584, http://www.wikidata.org/entity/Q8495, http://www.wikidata.org/entity/Q7368, http://www.wikidata.org/entity/Q187997, http://www.wikidata.org/entity/Q283, http://www.wikidata.org/entity/Q10943, http://www.wikidata.org/entity/Q214403","-3.5","40.2","36.0","39.0"
"Mountain landscape and reference chains","The reference mountain chain of this VC is Kiraz, zmir. The reference mountain landscape of this VC is Kiraz. Kiraz is a district in the Aegean region on the plain overlooking near Bozda . All the villages except the district center and a few lowland villages are usually located on Bozda and other mountains and on the foothills. Since it is located on a mountainous land, the transportation and social facilities of the villages are limited.","reference, mountain, landscape, aegean region, plain","http://www.wikidata.org/entity/Q121769, http://www.wikidata.org/entity/Q8502, http://www.wikidata.org/entity/Q107425, http://www.wikidata.org/entity/Q155564, http://www.wikidata.org/entity/Q160091","29.0","38.0","36.0","39.0"
"Key local assets","The altitude, local animals, traditional process, give to these cheese a lot of character, that it has got outstanding taste. The aim is to increase the production of tulum cheese, protect of pastoral farming and traditional taste. About the LAU: TR310-1477.","altitude, cheese, taste, tulum cheese","http://www.wikidata.org/entity/Q190200, http://www.wikidata.org/entity/Q10943, http://www.wikidata.org/entity/Q124794, http://www.wikidata.org/entity/Q3183584","8.231973055555555","46.798561944444444","36.0","39.0"
"Challenges","When compare mountain villages to plain village tha main challenges are low education, lack of hygene, the decreasing of grazing animals in pasture lands, high production costs etc. In addition to them, the aging of farmers and the lack of a public strategy to marketing problems add to the difficulties of their survival. Overall the type of challenge faced by this VC is Current and Predicted. This VC is classified as Traditional.","","","36.0955829047489","38.97423724794329","36.0","39.0"
"Innovation","The type of innovation of this VC is unspecified. The innovation is related to the whole VC. The land use systems involved are Grassland. The local assets include Natural and cultural.","innovation, grassland","http://www.wikidata.org/entity/Q174165, http://www.wikidata.org/entity/Q1006733","35.903010801585026","38.910711272248534","36.0","39.0"
"Geography and population","The size of the area (km2) is 573. The minimum altimetry of the LAU is 312. The maximum altimetry of the LAU is 2152. The total population (in thousand) is 44.105. The population density (Inhabitants/km2) in the LAU is 365.86. The population change rate of the LAU in the last 10 years (%) has been -2.29%. The overall regional population density (Inhabitants/km2) is 329.4. The regional population change rate in the last 10 years (%) has been 10.83%.","population density","http://www.wikidata.org/entity/Q22856","36.03697331893541","38.941755683940805","36.0","39.0"
"Income and gross value added","The average per capita income (EUR/year) [NUTS3] is 9600. The total Gross Value Added (GVA) (EUR million/year) [NUTS3] is 37093.1. The primary sector share of total GVA/year [NUTS3] is 4.40%. The secondary sector share of total GVA/year [NUTS3] is 53.60%. The tertiary sector share of total GVA/year [NUTS3] is 54.60%. The per capita income (EUR/year) [NUTS2] is 9500. The total Gross Value Added (GVA) (EUR million/year) [NUTS2] is 37271.31. The primary sector share of total GVA/year [NUTS2] is 44.00%. The secondary sector share of total GVA/year [NUTS2] is 53.60%. The tertiary sector share of total GVA/year [NUTS2] is 54.60%.","gross value added, per capita income, year","http://www.wikidata.org/entity/Q994873, http://www.wikidata.org/entity/Q45918, http://www.wikidata.org/entity/Q577","35.97338465796626","39.05896900596023","36.0","39.0"
"Tourism","The total number of bed places (BPs) in tourist accommodations/year in the LAU is 51356. The regional (NUTS2) share of total BPs/year is 100.00%. The number of agricultural holdings in the LAU is 49788. The nearest settlement with population over 100000 (km) is 137. In this region protected areas are not present.","number, bed, year","http://www.wikidata.org/entity/Q11563, http://www.wikidata.org/entity/Q42177, http://www.wikidata.org/entity/Q577","36.04615839682148","39.00431586569488","36.0","39.0"
"Employment","The primary sector share of total employment/year [NUTS3] is 9.30%. The secondary sector share of total employment/year [NUTS3] is 31.00%. The tertiary sector share of total employment/year [NUTS3] is 59.70%. The primary sector share of total employment/year [NUTS2] is 9.30%. The secondary sector share of total employment/year [NUTS2] is 31.00%. The tertiary sector share of total employment/year [NUTS2] is 59.70%.","employment, year","http://www.wikidata.org/entity/Q656365, http://www.wikidata.org/entity/Q577","35.96229451238987","38.9747738349727","36.0","39.0"
"Concluding remarks","Cheese which is made from goat and sheep milk is included in other MRLs in the Member State such as Serbia, Spain, Switzerland. However zmir tulum cheese is special kindf of cheese made by being placed into handmade dried goat or sheep skin.","serbia, spain, switzerland, cheese, goat, sheep milk, tulum cheese, sheep, skin","http://www.wikidata.org/entity/Q403, http://www.wikidata.org/entity/Q29, http://www.wikidata.org/entity/Q39, http://www.wikidata.org/entity/Q10943, http://www.wikidata.org/entity/Q2934, http://www.wikidata.org/entity/Q2736146, http://www.wikidata.org/entity/Q3183584, http://www.wikidata.org/entity/Q7368, http://www.wikidata.org/entity/Q1074","20.933333333333334","43.95","36.0","39.0"
