title,description,objects,objectlinks,lon,lat,barycenter_lon,barycenter_lat
"Erzincan Tulum Cheese","The MOVING reference member state of this VC is TURKEY. The reference MOVING Card ID of this VC is VC 10 TR. Cheese is produced on the plateaus and pastures of Erzincan where there are nearly half a million sheep. Cheese is produced from the milk of the White Karaman sheep which graze at high altitude in Erzincan Province between the fifth and ninth months of the year. The cheese is shaped by the plant and animal biodiversity of the region. Breeders remain on the plateau for about 5 months of the year. Cheese is produced by traditional methods, with nothing added except rennet and salt. Cheeses is ripened originally in tulum or other plastic packages for at least three months. With its unique taste and aroma, Erzincan tulum cheese is important for the development of the region.","erzincan province, erzincan, turkey, cheese, sheep, milk, white, altitude, year, plant, animal, biodiversity, plateau, nothing, rennet, tulum cheese","http://www.wikidata.org/entity/Q483173, http://www.wikidata.org/entity/Q136217, http://www.wikidata.org/entity/Q43, http://www.wikidata.org/entity/Q10943, http://www.wikidata.org/entity/Q7368, http://www.wikidata.org/entity/Q8495, http://www.wikidata.org/entity/Q23444, http://www.wikidata.org/entity/Q190200, http://www.wikidata.org/entity/Q577, http://www.wikidata.org/entity/Q756, http://www.wikidata.org/entity/Q729, http://www.wikidata.org/entity/Q47041, http://www.wikidata.org/entity/Q75520, http://www.wikidata.org/entity/Q154242, http://www.wikidata.org/entity/Q326900, http://www.wikidata.org/entity/Q3183584","36.0","39.0","36.0","39.0"
"Interest on this VC","Erzincan Tulum is a traditional cheese. It has been produced in the highlands of the region for hundreds of years. It requires a special process for production which involves the use of White Karaman sheep s milk. These sheep graze in the highlands of Erzincan Province. Small-scale sheep breeders remain in the plateau for about 5 months of the year.","erzincan province, erzincan, cheese, white, sheep, milk, plateau, year","http://www.wikidata.org/entity/Q483173, http://www.wikidata.org/entity/Q136217, http://www.wikidata.org/entity/Q10943, http://www.wikidata.org/entity/Q23444, http://www.wikidata.org/entity/Q7368, http://www.wikidata.org/entity/Q8495, http://www.wikidata.org/entity/Q75520, http://www.wikidata.org/entity/Q577","39.33","39.678333333333335","36.0","39.0"
"Mountain landscape and reference chains","The reference mountain chain of this VC is Esence and Munzur mountains. The reference mountain landscape of this VC is liç. Erzincan Province is located in the eastern region of Turkey. The city is situated 1185 meters above sea level. It has a terrestrial climate. Mountains constitute approximately 60% of Erzincan Provience.","turkey, reference, mountain, erzincan province, erzincan","http://www.wikidata.org/entity/Q43, http://www.wikidata.org/entity/Q121769, http://www.wikidata.org/entity/Q8502, http://www.wikidata.org/entity/Q483173, http://www.wikidata.org/entity/Q136217","39.49138888888889","39.74638888888889","36.0","39.0"
"Key local assets","The sheep graze on the plateaus of Erzincan Province where there is a rich variety of 90-100 different kinds of plants. Sheep breeding has been the traditional activity of the area for generations. Cheese is produced using traditional methods.Erzincan Tulum Cheese has Geographical Indication from the Turkish Patent and Trademark Office. About the LAU: 1406.","erzincan province, sheep, cheese, erzincan, tulum cheese, patent, trademark, office","http://www.wikidata.org/entity/Q483173, http://www.wikidata.org/entity/Q7368, http://www.wikidata.org/entity/Q10943, http://www.wikidata.org/entity/Q136217, http://www.wikidata.org/entity/Q3183584, http://www.wikidata.org/entity/Q253623, http://www.wikidata.org/entity/Q167270, http://www.wikidata.org/entity/Q182060","39.33","39.678333333333335","36.0","39.0"
"Challenges","Cheese is mostly produced on small-scale farms. There isn t any standard production method. There is a lack of infrastructure on the plateaus. Overall the type of challenge faced by this VC is Current. This VC is classified as Traditional.","","","19.0","47.0","36.0","39.0"
"Innovation","The type of innovation of this VC is unspecified. Organic honey production. The innovation is related to the whole VC. The land use systems involved are Grassland. The local assets include Natural and cultural.","innovation, grassland","http://www.wikidata.org/entity/Q174165, http://www.wikidata.org/entity/Q1006733","20.933333333333334","43.95","36.0","39.0"
"Geography and population","The size of the area (km2) is 1382. The minimum altimetry of the LAU is 1064. The maximum altimetry of the LAU is 3150. The total population (in thousand) is 8.878. The population density (Inhabitants/km2) in the LAU is 6.424023155. The population change rate of the LAU in the last 10 years (%) has been 33.60%. The overall regional population density (Inhabitants/km2) is 26.3. The regional population change rate in the last 10 years (%) has been 0.17%.","population density","http://www.wikidata.org/entity/Q22856","8.231973055555555","46.798561944444444","36.0","39.0"
"Income and gross value added","The average per capita income (EUR/year) [NUTS3] is 6900. The total Gross Value Added (GVA) (EUR million/year) [NUTS3] is 1456.3. The primary sector share of total GVA/year [NUTS3] is 10.90%. The secondary sector share of total GVA/year [NUTS3] is 36.10%. The tertiary sector share of total GVA/year [NUTS3] is 46.40%. The per capita income (EUR/year) [NUTS2] is 5400. The total Gross Value Added (GVA) (EUR million/year) [NUTS2] is 5256.77. The primary sector share of total GVA/year [NUTS2] is 16.70%. The secondary sector share of total GVA/year [NUTS2] is 21.70%. The tertiary sector share of total GVA/year [NUTS2] is 54.90%.","gross value added, per capita income, year","http://www.wikidata.org/entity/Q994873, http://www.wikidata.org/entity/Q45918, http://www.wikidata.org/entity/Q577","14.0","48.0","36.0","39.0"
"Tourism","The total number of bed places (BPs) in tourist accommodations/year in the LAU is 2713. The regional (NUTS2) share of total BPs/year is 24.00%. The number of agricultural holdings in the LAU is 7000. The nearest settlement with population over 100000 (km) is 114. In this region protected areas are not present.","number, bed, year","http://www.wikidata.org/entity/Q11563, http://www.wikidata.org/entity/Q42177, http://www.wikidata.org/entity/Q577","39.239502280240394","39.755064812285674","36.0","39.0"
"Employment","The primary sector share of total employment/year [NUTS3] is Medium. The secondary sector share of total employment/year [NUTS3] is Low. The tertiary sector share of total employment/year [NUTS3] is High. The primary sector share of total employment/year [NUTS2] is 31.90%. The secondary sector share of total employment/year [NUTS2] is 9.60%. The tertiary sector share of total employment/year [NUTS2] is 58.20%.","employment, year","http://www.wikidata.org/entity/Q656365, http://www.wikidata.org/entity/Q577","39.30119940254702","39.67081348865558","36.0","39.0"
"Concluding remarks","This VC is also present in other MRLs in the Member States such as Czech Republic, France, Hungary, Serbia, Switzerland, Spain, and Austria.","czech republic, france, hungary, serbia, switzerland, spain, austria","http://www.wikidata.org/entity/Q213, http://www.wikidata.org/entity/Q142, http://www.wikidata.org/entity/Q28, http://www.wikidata.org/entity/Q403, http://www.wikidata.org/entity/Q39, http://www.wikidata.org/entity/Q29, http://www.wikidata.org/entity/Q40","2.0","47.0","36.0","39.0"
