title,description,objects,objectlinks,lon,lat,barycenter_lon,barycenter_lat
"Anzer honey","The MOVING reference member state of this VC is TURKEY. The reference MOVING Card ID of this VC is VC 13 TR. Beekeepers come to the region for Anzer Honey production between 20th May and 30th June. There is a capacity of approximately 3000 hives. Producers who are not members of an Anzer honey cooperative in the region can only be accommodated if there is a quota remaining after the cooperative members have finished. The beekeepers and the cooperatives are the key actors.","turkey, honey, may, june, cooperative","http://www.wikidata.org/entity/Q43, http://www.wikidata.org/entity/Q10987, http://www.wikidata.org/entity/Q119, http://www.wikidata.org/entity/Q120, http://www.wikidata.org/entity/Q4539","36.0","39.0","36.0","39.0"
"Interest on this VC","Anzer is a flower honey. It is produced from different types of flowers on the Anzer Plateau. It is obtained from a 13 km long valley at an altitude of 1750- 3150 meters. The rich flora and fauna of the region also attracts many tourists to the Anzer plateau. Anzer honey has a strong reputation in the region and is famous around the world. It is a high-quality honey.","flower, honey, plateau, flora, fauna, world","http://www.wikidata.org/entity/Q506, http://www.wikidata.org/entity/Q10987, http://www.wikidata.org/entity/Q75520, http://www.wikidata.org/entity/Q131449, http://www.wikidata.org/entity/Q104021, http://www.wikidata.org/entity/Q16502","35.0","44.0","36.0","39.0"
"Mountain landscape and reference chains","The reference mountain chain of this VC is Kaçkar Mountain. The reference mountain landscape of this VC is kizdere. Anzer Plateau is located in the district of Ikizdere, which is part of Rize Province in the Black Sea region. Anzer plateau is 35 kilometers from the town of Ikizdere and 90 kilometers from Rize. In winter, roads are closed due to snow. Villagers generally live in the center of Rize or its districts during winter. The plateau is a popular tourist attraction.","rize province, black sea, rize, plateau, town, winter","http://www.wikidata.org/entity/Q483481, http://www.wikidata.org/entity/Q166, http://www.wikidata.org/entity/Q201101, http://www.wikidata.org/entity/Q75520, http://www.wikidata.org/entity/Q3957, http://www.wikidata.org/entity/Q1311","40.84777777777778","40.931666666666665","36.0","39.0"
"Key local assets","The vegetation of the Anzer Plateau has a rich plant diversity which includes endemic plants. The production locations are surrounded by high mountain ranges exceeding 3000 meters to the east, west and south. This creates a natural ecosystem which is differentiated from surrounding places in terms of climate, flora and other natural features. These differences are reflected in the nectar and the honey. Anzer honey has Geographical Indication from the Turkish Patent and Trademark Office. An annual kizdere Anzer Honey and Plateau festival is organized in the first week of August. About the LAU: LAU1405.","vegetation, plateau, plant, ecosystem, honey, patent, trademark, office, festival, week, august","http://www.wikidata.org/entity/Q187997, http://www.wikidata.org/entity/Q75520, http://www.wikidata.org/entity/Q756, http://www.wikidata.org/entity/Q37813, http://www.wikidata.org/entity/Q10987, http://www.wikidata.org/entity/Q253623, http://www.wikidata.org/entity/Q167270, http://www.wikidata.org/entity/Q182060, http://www.wikidata.org/entity/Q132241, http://www.wikidata.org/entity/Q23387, http://www.wikidata.org/entity/Q122","40.516666666666666","41.016666666666666","36.0","39.0"
"Challenges","The quantity of honey produced is limited and therefore the price is expensive. The amount of Anzer honey production varies according to climatic conditions. Grazing by small ruminants also reduces the yield of anzer honey. Overall the type of challenge faced by this VC is Current. This VC is classified as Traditional.","honey, grazing","http://www.wikidata.org/entity/Q10987, http://www.wikidata.org/entity/Q3239189","14.0","48.0","36.0","39.0"
"Innovation","The type of innovation of this VC is unspecified. The innovation is related to the whole VC. The land use systems involved are Natural land. The local assets include Natural and cultural.","innovation","http://www.wikidata.org/entity/Q174165","16.0","50.0","36.0","39.0"
"Geography and population","The size of the area (km2) is 855. The minimum altimetry of the LAU is 570. The maximum altimetry of the LAU is approx. 3000. The total population (in thousand) is 6.583. The population density (Inhabitants/km2) in the LAU is 7.699415205. The population change rate of the LAU in the last 10 years (%) has been 18.23%. The overall regional population density (Inhabitants/km2) is 71.5. The regional population change rate in the last 10 years (%) has been 6.55%.","population density","http://www.wikidata.org/entity/Q22856","2.0","47.0","36.0","39.0"
"Income and gross value added","The average per capita income (EUR/year) [NUTS3] is 6200. The total Gross Value Added (GVA) (EUR million/year) [NUTS3] is 1890.4. The primary sector share of total GVA/year [NUTS3] is 16.50%. The secondary sector share of total GVA/year [NUTS3] is 39.00%. The tertiary sector share of total GVA/year [NUTS3] is 46.40%. The per capita income (EUR/year) [NUTS2] is 5500. The total Gross Value Added (GVA) (EUR million/year) [NUTS2] is 13455.13. The primary sector share of total GVA/year [NUTS2] is 13.50%. The secondary sector share of total GVA/year [NUTS2] is 31.90%. The tertiary sector share of total GVA/year [NUTS2] is 54.70%.","gross value added, per capita income, year","http://www.wikidata.org/entity/Q994873, http://www.wikidata.org/entity/Q45918, http://www.wikidata.org/entity/Q577","23.0","38.5","36.0","39.0"
"Tourism","The total number of bed places (BPs) in tourist accommodations/year in the LAU is 4627. The regional (NUTS2) share of total BPs/year is 22.50%. The number of agricultural holdings in the LAU is 11000. The nearest settlement with population over 100000 (km) is 53. In this region protected areas are not present.","number, bed, year","http://www.wikidata.org/entity/Q11563, http://www.wikidata.org/entity/Q42177, http://www.wikidata.org/entity/Q577","19.0","47.0","36.0","39.0"
"Employment","The primary sector share of total employment/year [NUTS3] is High. The secondary sector share of total employment/year [NUTS3] is Low. The tertiary sector share of total employment/year [NUTS3] is Medium. The primary sector share of total employment/year [NUTS2] is 45.40%. The secondary sector share of total employment/year [NUTS2] is 13.60%. The tertiary sector share of total employment/year [NUTS2] is 40.80%.","employment, year","http://www.wikidata.org/entity/Q656365, http://www.wikidata.org/entity/Q577","12.5","42.5","36.0","39.0"
"Concluding remarks","Different kinds of honey VC is also present in other MRLs in the Member States such as Switzerland, UK, Austria, Czech Republic, France, Greece, Hungary, Italy, North Macedonia, Romania, Serbia, Slovakia and Spain.","switzerland, austria, czech republic, france, greece, hungary, italy, romania, serbia, slovakia, spain, honey, north","http://www.wikidata.org/entity/Q39, http://www.wikidata.org/entity/Q40, http://www.wikidata.org/entity/Q213, http://www.wikidata.org/entity/Q142, http://www.wikidata.org/entity/Q41, http://www.wikidata.org/entity/Q28, http://www.wikidata.org/entity/Q38, http://www.wikidata.org/entity/Q218, http://www.wikidata.org/entity/Q403, http://www.wikidata.org/entity/Q214, http://www.wikidata.org/entity/Q29, http://www.wikidata.org/entity/Q10987, http://www.wikidata.org/entity/Q659","8.231973055555555","46.798561944444444","36.0","39.0"
