title,description,objects,objectlinks,lon,lat,barycenter_lon,barycenter_lat
"Ayd n Fig is an agriicultural product that is consumed fresh and dried","The MOVING reference member state of this VC is TURKEY. The reference MOVING Card ID of this VC is VC 15 TR. The fig cultivation is done by small family farms while the dried and processing is done by cooperatives and firms, with specific rules. It has Geographical indications which add distinctive character to local products, and so officially registered authenticity and added value of products create value for local economy. Regarding value chain actors, the Sales Cooperative Unions 'Tari ' are both main big players in the sector. The perspectives of the product bring together the farmers, the local government, cooperatives and small firms.","turkey, value chain, government","http://www.wikidata.org/entity/Q43, http://www.wikidata.org/entity/Q646107, http://www.wikidata.org/entity/Q7188","36.0","39.0","36.0","39.0"
"Interest on this VC","Ayd n has a regional reputation for fig farming. Ayd n fig is grown as organic and conventional on lowland and highland in Germencik/Ayd n. Sar lop fig which is a special and high quality variety of Ayd n, is alluring, sweet and pleasantly fragrant. The Sar lop fig variety, which is the most suitable for drying, accounts more than 90% of the total fig production, and it is an important export product for the country. Fig is consumed fresh and dried. Dried fig is generally exported. Small family farmers are growing and harvesting fig, while cooperatives and firms processing, packaging and sell.","lowland, highland, germencik, export","http://www.wikidata.org/entity/Q193071, http://www.wikidata.org/entity/Q878223, http://www.wikidata.org/entity/Q1004448, http://www.wikidata.org/entity/Q182722","27.599444444444444","37.870555555555555","36.0","39.0"
"Mountain landscape and reference chains","The reference mountain chain of this VC is Germencik, Ayd n. The reference mountain landscape of this VC is Germencik. Ayd n Province is a province of southwestern Turkey, located in the Aegean Region. The central and western parts of the province are fertile plains watered by the largest river in the Aegean region the Büyük Menderes River, with the Ayd n Mountains to the north and the Mente e Mountains to the south.The major sources of income are agriculture and tourism. Ayd n is Turkey's leading producer of figs and chestnuts. Figs are a very important local crop and fig trees are grown widely on the fertile land surrounding Germencik. Germencik is a town and a district of Ayd n Province in the Aegean region of Turkey. The economy of Germencik depends on agriculture, the main crops are figs and olives (Wikipedia,2021).","turkey, reference, mountain, germencik, province, aegean region, büyük menderes river","http://www.wikidata.org/entity/Q43, http://www.wikidata.org/entity/Q121769, http://www.wikidata.org/entity/Q8502, http://www.wikidata.org/entity/Q1004448, http://www.wikidata.org/entity/Q34876, http://www.wikidata.org/entity/Q155564, http://www.wikidata.org/entity/Q211089","29.0","38.0","36.0","39.0"
"Key local assets","Ayd n/Sar lop fig is very valuable and important for export. The altitude, soil type, climatic characteristics give this fig variety a lot of character. Both fig cultivation and number of enterprises have been extended by community interactions. The fig activities enforce the social bonds and have a positive impact on the conservation of the local population and their activities. Fig cultivation is an important activity in the North East Aegean region; apart from its economic value fig has a pronounced mark on the socioculture of the region. About the LAU: TR321-1348.","export, altitude, soil, number, community","http://www.wikidata.org/entity/Q182722, http://www.wikidata.org/entity/Q190200, http://www.wikidata.org/entity/Q36133, http://www.wikidata.org/entity/Q11563, http://www.wikidata.org/entity/Q177634","29.828055555555554","38.21527777777778","36.0","39.0"
"Challenges","High production cost, disease and pests, drought, geothermal energy waste are main challenges of the VC . High aflatoxin risk is one of the most important food safety problems in dried fig. Geothermal energy waste problem: geothermal energy plants near distance, located in the fig orchards quality and yield are negatively affected. Drought caused by climate change causes degradation of quality. Overall the type of challenge faced by this VC is Current and Predicted. This VC is classified as Traditional.","drought, energy, waste, problem, distance","http://www.wikidata.org/entity/Q43059, http://www.wikidata.org/entity/Q11379, http://www.wikidata.org/entity/Q45701, http://www.wikidata.org/entity/Q621184, http://www.wikidata.org/entity/Q126017","36.03744309788361","38.919896202315435","36.0","39.0"
"Innovation","The type of innovation of this VC is unspecified. The innovation is related to the whole VC. The land use systems involved are Cropland and Natural land. The local assets include Natural and social.","innovation","http://www.wikidata.org/entity/Q174165","36.03067717877693","38.92829769595639","36.0","39.0"
"Geography and population","The size of the area (km2) is 394. The minimum altimetry of the LAU is 0. The maximum altimetry of the LAU is 1732. The total population (in thousand) is 44255. The population density (Inhabitants/km2) in the LAU is 112.322335. The population change rate of the LAU in the last 10 years (%) has been 2.86%. The overall regional population density (Inhabitants/km2) is 85.2. The regional population change rate in the last 10 years (%) has been 13.71%.","population density","http://www.wikidata.org/entity/Q22856","35.93354701603594","38.96873416816252","36.0","39.0"
"Income and gross value added","The average per capita income (EUR/year) [NUTS3] is 5.8. The total Gross Value Added (GVA) (EUR million/year) [NUTS3] is 5629.6. The primary sector share of total GVA/year [NUTS3] is 16.30%. The secondary sector share of total GVA/year [NUTS3] is 31.90%. The tertiary sector share of total GVA/year [NUTS3] is 52.80%. The per capita income (EUR/year) [NUTS2] is 7300. The total Gross Value Added (GVA) (EUR million/year) [NUTS2] is 20539.22. The primary sector share of total GVA/year [NUTS2] is 13.50%. The secondary sector share of total GVA/year [NUTS2] is 37.50%. The tertiary sector share of total GVA/year [NUTS2] is 52.90%.","gross value added, per capita income, year","http://www.wikidata.org/entity/Q994873, http://www.wikidata.org/entity/Q45918, http://www.wikidata.org/entity/Q577","35.99074536138829","38.92254252051651","36.0","39.0"
"Tourism","The total number of bed places (BPs) in tourist accommodations/year in the LAU is 41220. The regional (NUTS2) share of total BPs/year is 83.80%. The number of agricultural holdings in the LAU is 51000. The nearest settlement with population over 100000 (km) is 23. In this region protected areas are not present.","number, bed, year","http://www.wikidata.org/entity/Q11563, http://www.wikidata.org/entity/Q42177, http://www.wikidata.org/entity/Q577","36.02593914096976","38.95810092060858","36.0","39.0"
"Employment","The primary sector share of total employment/year [NUTS3] is medium. The secondary sector share of total employment/year [NUTS3] is low. The tertiary sector share of total employment/year [NUTS3] is high. The primary sector share of total employment/year [NUTS2] is 26.50%. The secondary sector share of total employment/year [NUTS2] is 19.50%. The tertiary sector share of total employment/year [NUTS2] is 54.00%.","employment, year","http://www.wikidata.org/entity/Q656365, http://www.wikidata.org/entity/Q577","36.04473470417458","38.99350803264298","36.0","39.0"
"Concluding remarks","Neither dried nor fresh fig is included in other MRLs in the Member State. Turkey is most important country for both dried and table fig production or exportation in the world.","turkey, world","http://www.wikidata.org/entity/Q43, http://www.wikidata.org/entity/Q16502","36.0","39.0","36.0","39.0"
