title,description,objects,objectlinks,lon,lat,barycenter_lon,barycenter_lat
"Sheep - dairy products","The MOVING reference member state of this VC is CZECH REPUBLIC. The reference MOVING Card ID of this VC is VC 05 CZ. Farms - sheep breeding, sheep husbandry, grazing, perennial grassland management. Farms often implement organic farming methods. Vast majority of farms process their own milk, produce dairy producsts and sell these products. Typical marketing chanells include (sales on farm, farmers markets, farm shops in nearby towns). Regional and other quality labels are not so important. The 'sheep products' are quite unusual a highly demanded by consumers. Demand for such products is fairly high, specific groups of consumers are willing to pay high premiums for such products.","czech republic, sheep, grazing, grassland, management, majority, milk, dairy","http://www.wikidata.org/entity/Q213, http://www.wikidata.org/entity/Q7368, http://www.wikidata.org/entity/Q3239189, http://www.wikidata.org/entity/Q1006733, http://www.wikidata.org/entity/Q2920921, http://www.wikidata.org/entity/Q7382648, http://www.wikidata.org/entity/Q8495, http://www.wikidata.org/entity/Q637776","16.0","50.0","16.0","50.0"
"Interest on this VC","Sheep husbandry is a typical VC that can be found on numerous mountain areas all over the Czech Republic. The sheep husbandry is very similar to the goat husbandry, however less common in terms of presence. Sheep dairy products represent a specific market niche. The products are highly demanded. The VC is typical of using organic farming methods and creating additonal process-baseed quality of the food products. The mountain areas and symboliv value of the region contributes to valorization of these food products. Sheep husbandry bring many positive effects in term of ecology, since the farms often employ specific grazing managements.","czech republic, mountain, sheep, food","http://www.wikidata.org/entity/Q213, http://www.wikidata.org/entity/Q8502, http://www.wikidata.org/entity/Q7368, http://www.wikidata.org/entity/Q2095","16.0","50.0","16.0","50.0"
"Mountain landscape and reference chains","The reference mountain chain of this VC is Sumava - Cesky les. The reference mountain landscape of this VC is LAU 1 Trutnov. LAU 1 - Trutnov is the largest district within the NUTS 3 Kralovehradecky. The landscape of the region is very diverse with large differences in altitude. Such landscape makes the region less favorable for agricultural activities. 43,2% of the region covers agricultural land. Approximately a half of the agricultural land is arable land (53%). There is also a high share of perennial grassland in the region (41,6%). Forest land covers 46,9% of the region and this is the highest share within the NUTS2. The region includes the highest mountains of the Czech Republic (Giant Mountains) with the highest peak 1602 meters above s.l. The area of the mountains inlcude the National Park (with 385 km2).","czech republic, landscape, trutnov, altitude, arable land, grassland, forest","http://www.wikidata.org/entity/Q213, http://www.wikidata.org/entity/Q107425, http://www.wikidata.org/entity/Q320950, http://www.wikidata.org/entity/Q190200, http://www.wikidata.org/entity/Q843920, http://www.wikidata.org/entity/Q1006733, http://www.wikidata.org/entity/Q4421","15.912777777777778","50.56111111111111","16.0","50.0"
"Key local assets","VC directly utilizes natural assets of the given locality (grassland, high nature value farming areas). Sheep are capable of using grassland in areas that may not be used by other ruminants (cattle, goats). At the same time farms located in mountain region also utilize the symbolic value of the territory. The mountains are associted with 'purity' and 'nature' and this association is typically used in the promotion of the food products from the given VC. About the LAU: CZ0525.","grassland, nature, sheep, cattle, time, mountain, territory, food","http://www.wikidata.org/entity/Q1006733, http://www.wikidata.org/entity/Q7860, http://www.wikidata.org/entity/Q7368, http://www.wikidata.org/entity/Q830, http://www.wikidata.org/entity/Q11471, http://www.wikidata.org/entity/Q8502, http://www.wikidata.org/entity/Q183366, http://www.wikidata.org/entity/Q2095","16.020168783316983","49.958866920810244","16.0","50.0"
"Challenges","The sheep dairy products create unique niche market. The assets are very specific. Main challenge for the farms is associated with succesful marketing of the products. The farms are located in remote areas, but they need to sell their products to urban consumers, who are willing to pay for the premiums. Another challange is associated with economic pressure. Farms rely on direct payments, since much of their farming activities is linked with provision of ecosystem services. Overall the type of challenge faced by this VC is Current. This VC is classified as Traditional.","niche market, marketing","http://www.wikidata.org/entity/Q1758705, http://www.wikidata.org/entity/Q39809","16.0025787677117","50.065626116531384","16.0","50.0"
"Innovation","The type of innovation of this VC is unspecified. The innovation is related to the whole VC. The land use systems involved are Natural land and grazing meadows and management of perennial grassland. The local assets include Natural and cultural.","innovation, grassland","http://www.wikidata.org/entity/Q174165, http://www.wikidata.org/entity/Q1006733","15.952515197090364","49.93986522063015","16.0","50.0"
"Geography and population","The size of the area (km2) is 1146.78. The minimum altimetry of the LAU is 263. The maximum altimetry of the LAU is 1603. The total population (in thousand) is 117.978. The population density (Inhabitants/km2) in the LAU is 102.87. The population change rate of the LAU in the last 10 years (%) has been -1.84%. The overall regional population density (Inhabitants/km2) is 121.79. The regional population change rate in the last 10 years (%) has been 0.44%.","population density","http://www.wikidata.org/entity/Q22856","15.991415013529775","50.0470272921341","16.0","50.0"
"Income and gross value added","The average per capita income (EUR/year) [NUTS3] is 10130.69. The total Gross Value Added (GVA) (EUR million/year) [NUTS3] is 9173.35. The primary sector share of total GVA/year [NUTS3] is 4.50%. The secondary sector share of total GVA/year [NUTS3] is 40.50%. The tertiary sector share of total GVA/year [NUTS3] is 55.10%. The per capita income (EUR/year) [NUTS2] is 9762.62. The total Gross Value Added (GVA) (EUR million/year) [NUTS2] is 23148.69. The primary sector share of total GVA/year [NUTS2] is 3.29%. The secondary sector share of total GVA/year [NUTS2] is 46.85%. The tertiary sector share of total GVA/year [NUTS2] is 49.90%.","gross value added, per capita income, year","http://www.wikidata.org/entity/Q994873, http://www.wikidata.org/entity/Q45918, http://www.wikidata.org/entity/Q577","16.05455801858378","49.97769130195423","16.0","50.0"
"Tourism","The total number of bed places (BPs) in tourist accommodations/year in the LAU is 55419. The regional (NUTS2) share of total BPs/year is 0.45%. The number of agricultural holdings in the LAU is 1759. The nearest settlement with population over 100000 (km) is 100. In this region protected areas are present.","number, bed, year","http://www.wikidata.org/entity/Q11563, http://www.wikidata.org/entity/Q42177, http://www.wikidata.org/entity/Q577","16.086615501145623","49.90075151679535","16.0","50.0"
"Employment","The primary sector share of total employment/year [NUTS3] is 5.41%. The secondary sector share of total employment/year [NUTS3] is 39.27%. The tertiary sector share of total employment/year [NUTS3] is 55.33%. The primary sector share of total employment/year [NUTS2] is 3.80%. The secondary sector share of total employment/year [NUTS2] is 59.94%. The tertiary sector share of total employment/year [NUTS2] is 36.26%.","employment, year","http://www.wikidata.org/entity/Q656365, http://www.wikidata.org/entity/Q577","16.0291727660328","50.09609678369965","16.0","50.0"
"Concluding remarks","The VC constributes to a typical image of the farming in mountain areas. The VC is complementary to the VCs describing cattle and goat husbandry.","mountain, cattle, goat","http://www.wikidata.org/entity/Q8502, http://www.wikidata.org/entity/Q830, http://www.wikidata.org/entity/Q2934","15.968771123901583","50.052875393710984","16.0","50.0"
