title,description,objects,objectlinks,lon,lat,barycenter_lon,barycenter_lat
"Chicken","The MOVING reference member state of this VC is CZECH REPUBLIC. The reference MOVING Card ID of this VC is VC 06 CZ. Chicken husbandry is present on many farm located in the mountain region. There are a few farms that directly specialize on chicken meat production. These farms keep chickens and also process meat, which they directly sell. The most common marketing chanells are eshops, farmers markets and farmers shops in towns. Some farms also have their own restaurants, where they use the chicken meat, which they produce on their own. Such combination creates many positive synergies for their business. The VC is succesfull in providing alternative to conventional large-scale chicken husbandry. It makes sense to pay attention to this VC within the MOVING project, because this VC is still underusing the local potential. Improving the ability to utilize the local assets would positively effect the impacts of this VC in terms of ecology and economy.","reference, czech republic, chicken, farm, mountain, meat, combination, business, sense, attention, project, potential","http://www.wikidata.org/entity/Q121769, http://www.wikidata.org/entity/Q213, http://www.wikidata.org/entity/Q780, http://www.wikidata.org/entity/Q131596, http://www.wikidata.org/entity/Q8502, http://www.wikidata.org/entity/Q10990, http://www.wikidata.org/entity/Q202805, http://www.wikidata.org/entity/Q4830453, http://www.wikidata.org/entity/Q173253, http://www.wikidata.org/entity/Q6501338, http://www.wikidata.org/entity/Q170584, http://www.wikidata.org/entity/Q1202245","16.0","50.0","16.0","50.0"
"Interest on this VC","Chicken production belongs among examples of small-scale farms located in the mountain region Sumava. Chicken husbandry and chicken meat production creates important linkage with urban areas, because there is a hugh demand for chicken meat that comes from un-conventional farms. Specialized farms are often detached from plant production, since they buy feedstuff for the chickens. Chicken producers develop specific niche that competes with industrial large-scale farms. Some farms are trying to certify their farm process and refer to a specific quality scheme. However, these examples are quite rare. The small-scale farms of this kind are very important for elaborating local food production that valorizes local assets. One of the key challenges for the VC would be the localization of inputs that are used for feeding chickens. Despite the traditional nature of the VC, there is a potential for innovating marketing strategy just like in case of other alternative food networks.","chicken, mountain, meat, demand, plant, farm, food","http://www.wikidata.org/entity/Q780, http://www.wikidata.org/entity/Q8502, http://www.wikidata.org/entity/Q10990, http://www.wikidata.org/entity/Q4402708, http://www.wikidata.org/entity/Q756, http://www.wikidata.org/entity/Q131596, http://www.wikidata.org/entity/Q2095","13.294722222222223","49.39527777777778","16.0","50.0"
"Mountain landscape and reference chains","The reference mountain chain of this VC is Sumava - Cesky les. The reference mountain landscape of this VC is LAU 1 Klatovy. Moountainm Reference Landscape is very diverse. The area of the region (LAU 1 Klatovy) is covered by 46 % by agricultural land. About 55 % of the agricultural land is arable. Lower areas of the region (LAU 1) are suitable for relatively intense production of crops (including wheat and rape seeds). Upper areas are suitable for potato production. The south-western borders of the region neigbor the Germany. This is the area of the Sumava mountains. Due to the large share of the areas with high altitude there are many areas covered with forests. About 43 % of the region's areas are covered with forests.","germany, reference, mountain, klatovy","http://www.wikidata.org/entity/Q183, http://www.wikidata.org/entity/Q121769, http://www.wikidata.org/entity/Q8502, http://www.wikidata.org/entity/Q602976","10.0","51.0","16.0","50.0"
"Key local assets","Sumava Mountains provide pictoresque landscape and unique natural assects, the regions has been partly abandoned during the socialist-era (1950s-1989). In the last 30 years many farms have been renewed based on the pre-WII tradition. The region is highly attractive for tourists in Winter as well Summer season. The chicken producers are using the local assets only partly (since the feedstuff for the chickens is often imported to the farm). Operating the farm requires specific social and expert skills. Chicken husbandry is a typical activity that belong among the rural traditions. About the LAU: CZ0322.","landscape, 1950s, wii, chicken, farm","http://www.wikidata.org/entity/Q107425, http://www.wikidata.org/entity/Q36297, http://www.wikidata.org/entity/Q8079, http://www.wikidata.org/entity/Q780, http://www.wikidata.org/entity/Q131596","16.095083883357525","49.97754982241888","16.0","50.0"
"Challenges","Chicken production on small-scale farms faces a challenge related to profitability and animal welfare. The examples of small-scale chicken farms play very important role in shifting the food production towards more local food production and consumption. Since the chicken husbandry does not directly rely on land, the farms can be also located in mountain regions where the arable land is scarce. Overall the type of challenge faced by this VC is Current. This VC is classified as Traditional.","animal welfare, chicken, food, arable land","http://www.wikidata.org/entity/Q459426, http://www.wikidata.org/entity/Q780, http://www.wikidata.org/entity/Q2095, http://www.wikidata.org/entity/Q843920","15.956397285841403","49.94854217479385","16.0","50.0"
"Innovation","The type of innovation of this VC is unspecified. The VC is considered a traditional, because it imeplements established farm practices. The innovation is related to the whole VC. The land use systems involved are The chicken husbandry does not rely on 'land', since the inputs are often transported to the farm. The VC rely available technology and skills of farmers. The local assets include Cultural.","innovation, farm, chicken, technology","http://www.wikidata.org/entity/Q174165, http://www.wikidata.org/entity/Q131596, http://www.wikidata.org/entity/Q780, http://www.wikidata.org/entity/Q11016","15.952775759256262","50.002650878199525","16.0","50.0"
"Geography and population","The size of the area (km2) is 1946. The minimum altimetry of the LAU is 250. The maximum altimetry of the LAU is 1370. The total population (in thousand) is 86.405. The population density (Inhabitants/km2) in the LAU is 44. The population change rate of the LAU in the last 10 years (%) has been -2.60%. The overall regional population density (Inhabitants/km2) is 69.7. The regional population change rate in the last 10 years (%) has been 2.02%.","population density","http://www.wikidata.org/entity/Q22856","16.06998482840317","49.99484168643761","16.0","50.0"
"Income and gross value added","The average per capita income (EUR/year) [NUTS3] is 16563.69. The total Gross Value Added (GVA) (EUR million/year) [NUTS3] is 9675.69. The primary sector share of total GVA/year [NUTS3] is 4.70%. The secondary sector share of total GVA/year [NUTS3] is 39.00%. The tertiary sector share of total GVA/year [NUTS3] is 56.30%. The per capita income (EUR/year) [NUTS2] is 10193. The total Gross Value Added (GVA) (EUR million/year) [NUTS2] is 19458.96. The primary sector share of total GVA/year [NUTS2] is 4.00%. The secondary sector share of total GVA/year [NUTS2] is 43.60%. The tertiary sector share of total GVA/year [NUTS2] is 52.40%.","gross value added, per capita income, year","http://www.wikidata.org/entity/Q994873, http://www.wikidata.org/entity/Q45918, http://www.wikidata.org/entity/Q577","16.013478797706664","49.91986451665242","16.0","50.0"
"Tourism","The total number of bed places (BPs) in tourist accommodations/year in the LAU is 30828. The regional (NUTS2) share of total BPs/year is 0.33%. The number of agricultural holdings in the LAU is 3183. The nearest settlement with population over 100000 (km) is 85. In this region protected areas are present.","number, bed, year","http://www.wikidata.org/entity/Q11563, http://www.wikidata.org/entity/Q42177, http://www.wikidata.org/entity/Q577","16.07890968293939","50.021124905787715","16.0","50.0"
"Employment","The primary sector share of total employment/year [NUTS3] is 3.00%. The secondary sector share of total employment/year [NUTS3] is 41.00%. The tertiary sector share of total employment/year [NUTS3] is 56.00%. The primary sector share of total employment/year [NUTS2] is 3.70%. The secondary sector share of total employment/year [NUTS2] is 40.40%. The tertiary sector share of total employment/year [NUTS2] is 26.60%.","employment, year","http://www.wikidata.org/entity/Q656365, http://www.wikidata.org/entity/Q577","15.970315327126587","50.02446194152212","16.0","50.0"
"Concluding remarks","","","","15.951797078505667","50.06471895729617","16.0","50.0"
