title,description,objects,objectlinks,lon,lat,barycenter_lon,barycenter_lat
"Beer - local minibreweries","The MOVING reference member state of this VC is CZECH REPUBLIC. The reference MOVING Card ID of this VC is VC 14 CZ. Founding a new local brewery require high investment. The local breweries are set up by sole organization, or within diversification activities of already existing businesses, such as restuarants or hotels. Setting up a brewery also requires speciliazed knowledge of technology. Production of beer in small and mini breweries does not require land, nor local agricultural crops, but local water. What contributes to the success, beside the objective quality of the product, is the marketing that often utilizes local culture and tradions in marketing and branding.","czech republic, brewery, investment, organization, knowledge, technology, beer, water","http://www.wikidata.org/entity/Q213, http://www.wikidata.org/entity/Q131734, http://www.wikidata.org/entity/Q4290, http://www.wikidata.org/entity/Q43229, http://www.wikidata.org/entity/Q9081, http://www.wikidata.org/entity/Q11016, http://www.wikidata.org/entity/Q44, http://www.wikidata.org/entity/Q283","16.0","50.0","16.0","50.0"
"Interest on this VC","Local production of beer has recently emerged as a new VC in the food sector. The local breweries operate on niche markets with emphasis on teritorry and local consumption. Local breweries are typically associated with tourism, accommodation and gastronomy. Local production of beer utilizes local resources (natural, economic and cultural).","beer, food, tourism, gastronomy","http://www.wikidata.org/entity/Q44, http://www.wikidata.org/entity/Q2095, http://www.wikidata.org/entity/Q49389, http://www.wikidata.org/entity/Q171141","15.949026896194594","49.98544197142275","16.0","50.0"
"Mountain landscape and reference chains","The reference mountain chain of this VC is Sumava - Cesky les. The reference mountain landscape of this VC is LAU 1 Trutnov. LAU 1 - Trutnov is the largest district within the NUTS 3 Kralovehradecky. The landscape of the region is very diverse with large differences in altitude. Such landscape makes the region less favorable for agricultural activities. 43,2% of the region covers agricultural land. Approximately a half of the agricultural land is arable land (53%). There is also a high share of perennial grassland in the region (41,6%). Forest land covers 46,9% of the region and this is the highest share within the NUTS2. The region includes the highest mountains of the Czech Republic (Giant Mountains) with the highest peak 1602 meters above s.l. The area of the mountains inlcude the National Park (with 385 km2).","czech republic, landscape, trutnov, altitude, arable land, grassland, forest","http://www.wikidata.org/entity/Q213, http://www.wikidata.org/entity/Q107425, http://www.wikidata.org/entity/Q320950, http://www.wikidata.org/entity/Q190200, http://www.wikidata.org/entity/Q843920, http://www.wikidata.org/entity/Q1006733, http://www.wikidata.org/entity/Q4421","15.912777777777778","50.56111111111111","16.0","50.0"
"Key local assets","The quality of water significantly impacts on quality of the final product. Local breweries utilize cultural sources of the region. Beer products are usually sold with 'stories' that refer to local history, legends, key personas etc. About the LAU: CZ0525.","beer, history","http://www.wikidata.org/entity/Q44, http://www.wikidata.org/entity/Q309","15.910477982118586","50.03537625318045","16.0","50.0"
"Challenges","Local breweries operate on unique niche markets. Distribution of beer relies on direct sale and eventually - depending on a capacity of a brewery - eshops or specialized shops. The VCs depend on incoming guests. Main challange for the future is make the CV more resilient to changes in a number of incoming tourists, and develop additionl marketing channels for sale. Overall the type of challenge faced by this VC is Current and Predicted. This VC is classified as Traditional and Innovative.","beer, brewery, future, number, marketing","http://www.wikidata.org/entity/Q44, http://www.wikidata.org/entity/Q131734, http://www.wikidata.org/entity/Q344, http://www.wikidata.org/entity/Q11563, http://www.wikidata.org/entity/Q39809","16.039315890273407","50.07359691834689","16.0","50.0"
"Innovation","The type of innovation of this VC is unspecified. The innovation is related to the whole VC. The land use systems involved are Technology and fresh ingredients (barley and hops) are usually transported in the locality. However, the breweries are dependent on local sources of quality water. The local assets include Natural and cultural.","","","16.022213336800903","49.942094129560026","16.0","50.0"
"Geography and population","The size of the area (km2) is 1146.78. The minimum altimetry of the LAU is 263. The maximum altimetry of the LAU is 1603. The total population (in thousand) is 117.978. The population density (Inhabitants/km2) in the LAU is 102.87. The population change rate of the LAU in the last 10 years (%) has been -1.84%. The overall regional population density (Inhabitants/km2) is 121.79. The regional population change rate in the last 10 years (%) has been 0.44%.","population density","http://www.wikidata.org/entity/Q22856","16.05920031665402","49.99805167759502","16.0","50.0"
"Income and gross value added","The average per capita income (EUR/year) [NUTS3] is 10130.69. The total Gross Value Added (GVA) (EUR million/year) [NUTS3] is 9173.35. The primary sector share of total GVA/year [NUTS3] is 4.50%. The secondary sector share of total GVA/year [NUTS3] is 40.50%. The tertiary sector share of total GVA/year [NUTS3] is 55.10%. The per capita income (EUR/year) [NUTS2] is 9762.62. The total Gross Value Added (GVA) (EUR million/year) [NUTS2] is 23148.69. The primary sector share of total GVA/year [NUTS2] is 3.29%. The secondary sector share of total GVA/year [NUTS2] is 46.85%. The tertiary sector share of total GVA/year [NUTS2] is 49.90%.","gross value added, per capita income, year","http://www.wikidata.org/entity/Q994873, http://www.wikidata.org/entity/Q45918, http://www.wikidata.org/entity/Q577","16.049963194143572","50.00274043634811","16.0","50.0"
"Tourism","The total number of bed places (BPs) in tourist accommodations/year in the LAU is 55419. The regional (NUTS2) share of total BPs/year is 0.45%. The number of agricultural holdings in the LAU is 1759. The nearest settlement with population over 100000 (km) is 100. In this region protected areas are present.","number, bed, year","http://www.wikidata.org/entity/Q11563, http://www.wikidata.org/entity/Q42177, http://www.wikidata.org/entity/Q577","16.075009877553494","50.079598258277365","16.0","50.0"
"Employment","The primary sector share of total employment/year [NUTS3] is 5.41%. The secondary sector share of total employment/year [NUTS3] is 39.27%. The tertiary sector share of total employment/year [NUTS3] is 55.33%. The primary sector share of total employment/year [NUTS2] is 3.80%. The secondary sector share of total employment/year [NUTS2] is 59.94%. The tertiary sector share of total employment/year [NUTS2] is 36.26%.","employment, year","http://www.wikidata.org/entity/Q656365, http://www.wikidata.org/entity/Q577","15.978630436947475","50.06750023936082","16.0","50.0"
"Concluding remarks","The VC is useful for the project due to its populariy and high added value for the regional economy.","project, economy","http://www.wikidata.org/entity/Q170584, http://www.wikidata.org/entity/Q159810","15.93448514895779","49.96034351310184","16.0","50.0"
