title,description,objects,objectlinks,lon,lat,barycenter_lon,barycenter_lat
"Syrups","The MOVING reference member state of this VC is CZECH REPUBLIC. The reference MOVING Card ID of this VC is VC 15 CZ. Syrup producers are not necessarily located in mountain areas. They collect ingredients from the mountain region and process the ingredients in nearby regions. Crucial part of the VC is the marketing that utilizes symbolic value of the region. There are examples of producers that organize their businesses as a social interprise with additional positive impacts in social areas.","reference, czech republic, mountain","http://www.wikidata.org/entity/Q121769, http://www.wikidata.org/entity/Q213, http://www.wikidata.org/entity/Q8502","16.0","50.0","16.0","50.0"
"Interest on this VC","The VC aims on production of syrups of various flavours. The syrups are presented as a regional product that uses herbs and fruits collected in mountains. It also refers to traditonal recipes for preparing the syrups. Alhough this product is not unique of mountain regions, it is a great example of utilizing natural and symbolic values associated with the region. In order to generate an unique selling proposition, the syrups are often marketing as a special regional product.","mountain, unique selling proposition","http://www.wikidata.org/entity/Q8502, http://www.wikidata.org/entity/Q963465","16.012311572111443","49.9825239206931","16.0","50.0"
"Mountain landscape and reference chains","The reference mountain chain of this VC is Sumava - Cesky les. The reference mountain landscape of this VC is LAU 1 Trutnov. LAU 1 - Trutnov is the largest district within the NUTS 3 Kralovehradecky. The landscape of the region is very diverse with large differences in altitude. Such landscape makes the region less favorable for agricultural activities. 43,2% of the region covers agricultural land. Approximately a half of the agricultural land is arable land (53%). There is also a high share of perennial grassland in the region (41,6%). Forest land covers 46,9% of the region and this is the highest share within the NUTS2. The region includes the highest mountains of the Czech Republic (Giant Mountains) with the highest peak 1602 meters above s.l. The area of the mountains inlcude the National Park (with 385 km2).","czech republic, landscape, trutnov, altitude, arable land, grassland, forest","http://www.wikidata.org/entity/Q213, http://www.wikidata.org/entity/Q107425, http://www.wikidata.org/entity/Q320950, http://www.wikidata.org/entity/Q190200, http://www.wikidata.org/entity/Q843920, http://www.wikidata.org/entity/Q1006733, http://www.wikidata.org/entity/Q4421","15.912777777777778","50.56111111111111","16.0","50.0"
"Key local assets","More important than the natural assets (that can be fairly easily substituted) is the social construction of quality that is used in marketing. For this purpose the producers refer to traditional knowledge embedded in the region, their product labels refer to cultural traits associated with the mountain area. The symbolic value refering to the mountains is what distingusihes the product from other similar products. About the LAU: CZ0525.","knowledge, mountain","http://www.wikidata.org/entity/Q9081, http://www.wikidata.org/entity/Q8502","15.92191982871411","49.94908629345331","16.0","50.0"
"Challenges","Syrups are sold on mainstream food markets that are highly competetive. Main challenge for the given VC is associated with valorization of the product and with a marketing strategy. Overall the type of challenge faced by this VC is Current. This VC is classified as Traditional.","marketing, strategy","http://www.wikidata.org/entity/Q39809, http://www.wikidata.org/entity/Q185451","16.08549162353007","49.98913885680303","16.0","50.0"
"Innovation","The type of innovation of this VC is unspecified. The innovation is related to the whole VC. The land use systems involved are Natural land. The local assets include Natural and cultural.","innovation","http://www.wikidata.org/entity/Q174165","16.07171526055408","49.974086127167794","16.0","50.0"
"Geography and population","The size of the area (km2) is 1146.78. The minimum altimetry of the LAU is 263. The maximum altimetry of the LAU is 1603. The total population (in thousand) is 117.978. The population density (Inhabitants/km2) in the LAU is 102.87. The population change rate of the LAU in the last 10 years (%) has been -1.84%. The overall regional population density (Inhabitants/km2) is 121.79. The regional population change rate in the last 10 years (%) has been 0.44%.","population density","http://www.wikidata.org/entity/Q22856","15.971094948389666","50.03241487408233","16.0","50.0"
"Income and gross value added","The average per capita income (EUR/year) [NUTS3] is 10130.69. The total Gross Value Added (GVA) (EUR million/year) [NUTS3] is 9173.35. The primary sector share of total GVA/year [NUTS3] is 4.50%. The secondary sector share of total GVA/year [NUTS3] is 40.50%. The tertiary sector share of total GVA/year [NUTS3] is 55.10%. The per capita income (EUR/year) [NUTS2] is 9762.62. The total Gross Value Added (GVA) (EUR million/year) [NUTS2] is 23148.69. The primary sector share of total GVA/year [NUTS2] is 3.29%. The secondary sector share of total GVA/year [NUTS2] is 46.85%. The tertiary sector share of total GVA/year [NUTS2] is 49.90%.","gross value added, per capita income, year","http://www.wikidata.org/entity/Q994873, http://www.wikidata.org/entity/Q45918, http://www.wikidata.org/entity/Q577","16.035491311726535","49.93756070689617","16.0","50.0"
"Tourism","The total number of bed places (BPs) in tourist accommodations/year in the LAU is 55419. The regional (NUTS2) share of total BPs/year is 0.45%. The number of agricultural holdings in the LAU is 1759. The nearest settlement with population over 100000 (km) is 100. In this region protected areas are present.","number, bed, year","http://www.wikidata.org/entity/Q11563, http://www.wikidata.org/entity/Q42177, http://www.wikidata.org/entity/Q577","15.92928924800986","49.980518563416695","16.0","50.0"
"Employment","The primary sector share of total employment/year [NUTS3] is 5.41%. The secondary sector share of total employment/year [NUTS3] is 39.27%. The tertiary sector share of total employment/year [NUTS3] is 55.33%. The primary sector share of total employment/year [NUTS2] is 3.80%. The secondary sector share of total employment/year [NUTS2] is 59.94%. The tertiary sector share of total employment/year [NUTS2] is 36.26%.","employment, year","http://www.wikidata.org/entity/Q656365, http://www.wikidata.org/entity/Q577","16.027416534452083","49.96715703476065","16.0","50.0"
"Concluding remarks","The VC is not so important in terms of the use of natural (tangible) resources, but it is a typical example of the VC that is embedded in mountain region, but uses the intangible resources of the region.","mountain","http://www.wikidata.org/entity/Q8502","16.097726129760566","50.0386769166617","16.0","50.0"
