title,description,objects,objectlinks,lon,lat,barycenter_lon,barycenter_lat
"Almenland Schnaps","The MOVING reference member state of this VC is AUSTRIA. The reference MOVING Card ID of this VC is VC 06 AT. The farms use their own or wild fruits and market their products (mainly) individually either through own on farm shops, via internet, the local gastronomy and regional shops.","reference, austria","http://www.wikidata.org/entity/Q121769, http://www.wikidata.org/entity/Q40","14.0","48.0","14.0","48.0"
"Interest on this VC","Traditional fine brandies and liqueurs are made from wild fruits and old fruit varieties. Typical for the Almenland is the rowanberry brandy, which is made from the mountain ash berries that grow there in the wild. Some distilleries also offer guided tours through the distillery including a tasting. Schnaps is a traditional product in Austria, but this initiative is of particular interest as the farmers develop a variety of unusual types of drinks .","austria, fruit, brandy, interest","http://www.wikidata.org/entity/Q40, http://www.wikidata.org/entity/Q1364, http://www.wikidata.org/entity/Q146470, http://www.wikidata.org/entity/Q170924","14.0","48.0","14.0","48.0"
"Mountain landscape and reference chains","The reference mountain chain of this VC is RR 11, Austrian Alps. The reference mountain landscape of this VC is Weiz (No: 617). The region Almenland (transl.: Styrian alpine pasture region) is one of the biggest connected pasture-regions in Europe (total 125 pastures, 36,6 km2). The pasture are between 1.200 and 1.500 m above sea level. The climate is characterized as humid, having a lot of thunderstorms. The rock formation is diverse, primarily limestone, further: phyllite, slate and greywacke.","alps, europe, weiz, pasture, limestone, phyllite, slate, greywacke","http://www.wikidata.org/entity/Q1286, http://www.wikidata.org/entity/Q46, http://www.wikidata.org/entity/Q875641, http://www.wikidata.org/entity/Q30121, http://www.wikidata.org/entity/Q23757, http://www.wikidata.org/entity/Q731880, http://www.wikidata.org/entity/Q207079, http://www.wikidata.org/entity/Q917545","9.14062","48.690958888888886","14.0","48.0"
"Key local assets","The high quality products fit well with the 'Genussregion Almenland ( region of culinary delight : promoting local food specialities; quality standards set by the AgrarMarkt Austria), and enriches the tourist programme by means of offering guided tours and degustations. About the LAU: LAU 1 not used in Austria Scale therefore is District.","austria, food, tours","http://www.wikidata.org/entity/Q40, http://www.wikidata.org/entity/Q2095, http://www.wikidata.org/entity/Q288","14.0","48.0","14.0","48.0"
"Challenges","Changing weather conditions due to climate change may impact the vegetation - wild plants as well as the cultivation of fruits to be processed for schnaps. Overall the type of challenge faced by this VC is Predicted. This VC is classified as Traditional and Innovative.","","","15.625277777777777","47.21888888888889","14.0","48.0"
"Innovation","The type of innovation of this VC is Endogenous and Exogenous. Innovative products: broad variety of different types of high quality brandies and liquories. The innovation is related to New products and New marketing strategies. The land use systems involved are Natural land and orchards. The local assets include Natural and cultural.","innovation, marketing","http://www.wikidata.org/entity/Q174165, http://www.wikidata.org/entity/Q39809","13.998131111799864","47.956862377792746","14.0","48.0"
"Geography and population","The size of the area (km2) is 1098. The minimum altimetry of the LAU is 464. The maximum altimetry of the LAU is 1720. The total population (in thousand) is 90.654. The population density (Inhabitants/km2) in the LAU is 82.56. The population change rate of the LAU in the last 10 years (%) has been 3.68%. The overall regional population density (Inhabitants/km2) is 76.28. The regional population change rate in the last 10 years (%) has been 3.30%.","population density","http://www.wikidata.org/entity/Q22856","13.947771777954108","47.947705259177454","14.0","48.0"
"Income and gross value added","The average per capita income (EUR/year) [NUTS3] is 21444. The total Gross Value Added (GVA) (EUR million/year) [NUTS3] is 8141. The primary sector share of total GVA/year [NUTS3] is 11.77%. The secondary sector share of total GVA/year [NUTS3] is 32.50%. The tertiary sector share of total GVA/year [NUTS3] is 55.73%. The per capita income (EUR/year) [NUTS2] is 21539. The total Gross Value Added (GVA) (EUR million/year) [NUTS2] is 43050. The primary sector share of total GVA/year [NUTS2] is 0.84%. The secondary sector share of total GVA/year [NUTS2] is 35.12%. The tertiary sector share of total GVA/year [NUTS2] is 64.04%.","gross value added, per capita income, year","http://www.wikidata.org/entity/Q994873, http://www.wikidata.org/entity/Q45918, http://www.wikidata.org/entity/Q577","14.081950296751884","47.948802861522914","14.0","48.0"
"Tourism","The total number of bed places (BPs) in tourist accommodations/year in the LAU is 4310. The regional (NUTS2) share of total BPs/year is 2.77%. The number of agricultural holdings in the LAU is 4555. The nearest settlement with population over 100000 (km) is 30. In this region protected areas are present.","number, bed, year","http://www.wikidata.org/entity/Q11563, http://www.wikidata.org/entity/Q42177, http://www.wikidata.org/entity/Q577","13.995961123728629","48.02454491803967","14.0","48.0"
"Employment","The primary sector share of total employment/year [NUTS3] is 11.55%. The secondary sector share of total employment/year [NUTS3] is 29.94%. The tertiary sector share of total employment/year [NUTS3] is 58.50%. The primary sector share of total employment/year [NUTS2] is 5.55%. The secondary sector share of total employment/year [NUTS2] is 26.47%. The tertiary sector share of total employment/year [NUTS2] is 67.99%.","employment, year","http://www.wikidata.org/entity/Q656365, http://www.wikidata.org/entity/Q577","14.039469717399413","48.04590426069842","14.0","48.0"
"Concluding remarks","Many farms in Austria distil their fruits and those from wild nature (particularly in mountainous areas) - many of them produce in line with high quality standards.","austria, nature","http://www.wikidata.org/entity/Q40, http://www.wikidata.org/entity/Q7860","14.0","48.0","14.0","48.0"
