title,description,objects,objectlinks,lon,lat,barycenter_lon,barycenter_lat
"Wood for energy production","The MOVING reference member state of this VC is CZECH REPUBLIC. The reference MOVING Card ID of this VC is VC 20 CZ. Owners of the forest land, companies harvesting wood, households and companies that purchase wood. The VC is embedded in regional ecosystem. The current crisis (bark beetle) creats new disbalances that are present in forest ecosystem (rapid renewal of large forest land) and regional economy (low price of wood that hardly exceeds the costs of harvesting the wood).","reference, czech republic, ecosystem","http://www.wikidata.org/entity/Q121769, http://www.wikidata.org/entity/Q213, http://www.wikidata.org/entity/Q37813","16.0","50.0","16.0","50.0"
"Interest on this VC","Wood processing is a typical VC that is associated with Sumava mountains. This value impacts significantly on the look of the landscape and ecology of the region. The VC directly stems from the natural resources that are embedded in region.","wood, landscape, ecology","http://www.wikidata.org/entity/Q287, http://www.wikidata.org/entity/Q107425, http://www.wikidata.org/entity/Q7150","15.916240455577624","50.01832891449034","16.0","50.0"
"Mountain landscape and reference chains","The reference mountain chain of this VC is Sumava - Cesky les. The reference mountain landscape of this VC is LAU 1 Prachatice. Prevailing area of the region (LAU 1 - Prachatice) consist of submontane highlands (with altitude 600-800 meters). Some settlements are located in the altitude around 800 meters. Climate conditions are affected by relatively high altitude of the region. The region is rich of forestsw, which cover 52 % of the region. Share of agricultural land (due to the high altitude) is above regional average (wthin NUTS 3 level). The region is highly attractive for tourist during WInter and Summer season due to the unique nature. The region includes two nature protected areas.","prachatice, altitude, climate, winter, summer, nature","http://www.wikidata.org/entity/Q327764, http://www.wikidata.org/entity/Q190200, http://www.wikidata.org/entity/Q7937, http://www.wikidata.org/entity/Q1311, http://www.wikidata.org/entity/Q1313, http://www.wikidata.org/entity/Q7860","13.9975","49.01305555555555","16.0","50.0"
"Key local assets","Sumava Mountains is rich source of wood. The forests located in the national park and the nature protected areas are not the part of this VC. The wood for energy production is harvested outside these areas. Most of the wood that is harvested in this way is indeed used for industry (see the VCI CZ 19). The wood that is not suitable for the industry is used as a fuel. The wood is available for household consumption (for heating houses) and also for companies producing heat and electricity on centralized basis. Wood is considered in the Czech Republic a sustainable source of energy and therefore it plays an important function in the national energy mix. About the LAU: CZ0315.","czech republic, wood, park, nature, energy, household, heat, electricity","http://www.wikidata.org/entity/Q213, http://www.wikidata.org/entity/Q287, http://www.wikidata.org/entity/Q22698, http://www.wikidata.org/entity/Q7860, http://www.wikidata.org/entity/Q11379, http://www.wikidata.org/entity/Q259059, http://www.wikidata.org/entity/Q44432, http://www.wikidata.org/entity/Q12725","16.0","50.0","16.0","50.0"
"Challenges","The wood processing sector is changing rapidly. The forestry in the Sumava mountains faces major environmental challenge represented by the bark beetle that destroys vast areas of forest land (spruce trees). Since 2019 there is a surplass of wood that is being harvested due to the parasite. This situation creates price pressure on local harvesting companies and owners of the forest land, who are required to cut down the spruce trees and renew the forests after the harvest. Main challenge for the future is renew the forest land so that the new forests will be resilient to the parasite and will be able to fulfull multiple functions. Overall the type of challenge faced by this VC is Current and Predicted. This VC is classified as Traditional.","wood, forestry, forest, future","http://www.wikidata.org/entity/Q287, http://www.wikidata.org/entity/Q38112, http://www.wikidata.org/entity/Q4421, http://www.wikidata.org/entity/Q344","16.059941107753737","49.90346886800679","16.0","50.0"
"Innovation","The type of innovation of this VC is unspecified. The innovation is related to the whole VC. The land use systems involved are Forestry. The local assets include Natural.","innovation","http://www.wikidata.org/entity/Q174165","16.026483880235013","49.937446912331666","16.0","50.0"
"Geography and population","The size of the area (km2) is 1377. The minimum altimetry of the LAU is 410. The maximum altimetry of the LAU is 1378. The total population (in thousand) is 50.978. The population density (Inhabitants/km2) in the LAU is 37. The population change rate of the LAU in the last 10 years (%) has been -0.01%. The overall regional population density (Inhabitants/km2) is 69.7. The regional population change rate in the last 10 years (%) has been 2.02%.","population density","http://www.wikidata.org/entity/Q22856","16.066064996643867","50.05357012277834","16.0","50.0"
"Income and gross value added","The average per capita income (EUR/year) [NUTS3] is 9511.27. The total Gross Value Added (GVA) (EUR million/year) [NUTS3] is 9783.27. The primary sector share of total GVA/year [NUTS3] is 4.70%. The secondary sector share of total GVA/year [NUTS3] is 39.30%. The tertiary sector share of total GVA/year [NUTS3] is 56.00%. The per capita income (EUR/year) [NUTS2] is 9836.73. The total Gross Value Added (GVA) (EUR million/year) [NUTS2] is 19458.96. The primary sector share of total GVA/year [NUTS2] is 4.00%. The secondary sector share of total GVA/year [NUTS2] is 43.60%. The tertiary sector share of total GVA/year [NUTS2] is 52.40%.","gross value added, per capita income, year","http://www.wikidata.org/entity/Q994873, http://www.wikidata.org/entity/Q45918, http://www.wikidata.org/entity/Q577","16.03868055398479","50.05176817829012","16.0","50.0"
"Tourism","The total number of bed places (BPs) in tourist accommodations/year in the LAU is 62533. The regional (NUTS2) share of total BPs/year is 0.67%. The number of agricultural holdings in the LAU is 4971. The nearest settlement with population over 100000 (km) is 150. In this region protected areas are present.","number, bed, year","http://www.wikidata.org/entity/Q11563, http://www.wikidata.org/entity/Q42177, http://www.wikidata.org/entity/Q577","15.91147079827266","49.97899681285089","16.0","50.0"
"Employment","The primary sector share of total employment/year [NUTS3] is 5.50%. The secondary sector share of total employment/year [NUTS3] is 40.60%. The tertiary sector share of total employment/year [NUTS3] is 53.90%. The primary sector share of total employment/year [NUTS2] is 3.70%. The secondary sector share of total employment/year [NUTS2] is 40.40%. The tertiary sector share of total employment/year [NUTS2] is 26.60%.","employment, year","http://www.wikidata.org/entity/Q656365, http://www.wikidata.org/entity/Q577","16.065791207910998","50.01383974693805","16.0","50.0"
"Concluding remarks","The VC as such exists in neigboring countries. However, the VC in the Czech Republic is nowadays undergoing a major transition process.","czech republic","http://www.wikidata.org/entity/Q213","16.0","50.0","16.0","50.0"
