title,description,objects,objectlinks,lon,lat,barycenter_lon,barycenter_lat
"Extensive and pastoral livestock farming","The MOVING reference member state of this VC is FRANCE CCVD. The reference MOVING Card ID of this VC is VC 02 FR1. Extensive sheep farming and pastoralism are characteristic of Drôme valley mountain and mid-mountain areas. Local slaughtering and direct sales either directly to the consumer or with the label 'Agneau de sisteron' allows to produce value on the territory. However, this value chain is very dependent on financial support from the EU. The VC suffers from strong pressures: predation (wolf), droughts, changes in consumer demand, impact on biodiversity. There are many local and regional stakeholder organizations (ADEM/PNR/FDO..) requesting support to address these issues through ecological, economic and social impact assessment of VC and support to change practices.","reference, france, pastoralism, sales, sisteron, territory, value chain, predation, demand, biodiversity","http://www.wikidata.org/entity/Q121769, http://www.wikidata.org/entity/Q142, http://www.wikidata.org/entity/Q9056738, http://www.wikidata.org/entity/Q194189, http://www.wikidata.org/entity/Q271085, http://www.wikidata.org/entity/Q183366, http://www.wikidata.org/entity/Q646107, http://www.wikidata.org/entity/Q170430, http://www.wikidata.org/entity/Q4402708, http://www.wikidata.org/entity/Q47041","2.0","47.0","2.0","47.0"
"Interest on this VC","Local valorization, creation of added value, local economic organization on the territory: Local slaughtering and direct sales either directly to the consumer or with the label 'Agneau de sisteron' allows to produce value on the territory. Development of adaptation practices in the face of climate change Sharing of mountain space and production of ecosystem services provided in the mountains (silvopastoralism). New marketing strategies: creation of a local filiere of organic sheep meet through direct sale and labels New governance systems: different actors using the mountain space gathers to define a common strategy of use such as 'Plan Pastoral Territorial'. Depends a lot of public policies, regional and local.","organization, territory, sales, sisteron, face, sharing, mountain, space, marketing, sheep, governance, strategy, pastoral","http://www.wikidata.org/entity/Q43229, http://www.wikidata.org/entity/Q183366, http://www.wikidata.org/entity/Q194189, http://www.wikidata.org/entity/Q271085, http://www.wikidata.org/entity/Q37017, http://www.wikidata.org/entity/Q459221, http://www.wikidata.org/entity/Q8502, http://www.wikidata.org/entity/Q107, http://www.wikidata.org/entity/Q39809, http://www.wikidata.org/entity/Q7368, http://www.wikidata.org/entity/Q1553864, http://www.wikidata.org/entity/Q185451, http://www.wikidata.org/entity/Q390001","5.9463888888888885","44.19","2.0","47.0"
"Mountain landscape and reference chains","The reference mountain chain of this VC is Drome Valley. The reference mountain landscape of this VC is Drome departement. Drôme is a very diversified departement in terms of geological, natural and agricultural resources. The North-East of the territory is characterised by middle and high mountains (Pre Alps and Vercors Natural Park): agriculture is this area is mainly livestock and small diversified gardening. The South is characterized by the beginning of the Provence and the mediterranean climate, we can find there aromatic and yard large cultures. The West of the territory is characterized by plains were the Rhône and the Drôme rivers meet. Agriculture ther is mainly large cropland. Within the Drôme departement, Biovallée territority gathers 3 associations of municipalities (EPCI) - 95 muncipalities in total. It is a very preserved and diversified territory, following the Drôme River, from Pre Alps to large plains of the downvalley.","reference, mountain, landscape, drôme, north, east, territory, alps, park, agriculture, livestock, gardening, west, rhône","http://www.wikidata.org/entity/Q121769, http://www.wikidata.org/entity/Q8502, http://www.wikidata.org/entity/Q107425, http://www.wikidata.org/entity/Q3364, http://www.wikidata.org/entity/Q659, http://www.wikidata.org/entity/Q684, http://www.wikidata.org/entity/Q183366, http://www.wikidata.org/entity/Q1286, http://www.wikidata.org/entity/Q22698, http://www.wikidata.org/entity/Q11451, http://www.wikidata.org/entity/Q103459, http://www.wikidata.org/entity/Q124946, http://www.wikidata.org/entity/Q679, http://www.wikidata.org/entity/Q602","5.0","45.0","2.0","47.0"
"Key local assets","Natural asset: Providing ecosystem services in the mountain: sylvopastoralism, ecopasturing. economic asset: Creation of local added value, local employment, answer to territorial food demand cultural asset: contribution of local food heritage, conservation of traditional jobs and know how. About the LAU: 26125.","asset, mountain, employment, food, demand","http://www.wikidata.org/entity/Q46737, http://www.wikidata.org/entity/Q8502, http://www.wikidata.org/entity/Q656365, http://www.wikidata.org/entity/Q2095, http://www.wikidata.org/entity/Q4402708","10.0","46.0","2.0","47.0"
"Challenges","Extensive sheep farming and pastoralism are characteristic of Drôme valley mountain and mid-mountain areas.However, this value chain is very dependent on financial support from the EU. The VC suffers from strong pressures: predation (wolf), droughts, changes in consumer demand, impact on biodiversity. There are many local and regional stakeholder organizations (ADEM/PNR/FDO..) requesting support to address these issues through ecological, economic and social impact assessment of VC and support to change practices. Overall the type of challenge faced by this VC is Current and Predicted. This VC is classified as Traditional.","pastoralism, value chain, predation, demand, biodiversity","http://www.wikidata.org/entity/Q9056738, http://www.wikidata.org/entity/Q646107, http://www.wikidata.org/entity/Q170430, http://www.wikidata.org/entity/Q4402708, http://www.wikidata.org/entity/Q47041","4.845555555555555","43.33083333333333","2.0","47.0"
"Innovation","The type of innovation of this VC is unspecified. - local valorization, creation of added value, local economic organization on the territory: Local slaughtering and direct sales either directly to the consumer or with the label 'Agneau de sisteron' allows to produce value on the territory. - production of innovative ecosystem services provided in the mountains (silvopastoralism). The innovation is related to the whole VC. The land use systems involved are Grassland, Natural land and water. The local assets include Natural, social and cultural.","innovation, organization, territory, sales, sisteron, grassland","http://www.wikidata.org/entity/Q174165, http://www.wikidata.org/entity/Q43229, http://www.wikidata.org/entity/Q183366, http://www.wikidata.org/entity/Q194189, http://www.wikidata.org/entity/Q271085, http://www.wikidata.org/entity/Q1006733","5.9463888888888885","44.19","2.0","47.0"
"Geography and population","The size of the area (km2) is 2200. The minimum altimetry of the LAU is 50. The maximum altimetry of the LAU is 2453. The total population (in thousand) is 58.56. The population density (Inhabitants/km2) in the LAU is 42.3. The population change rate of the LAU in the last 10 years (%) has been 1%. The overall regional population density (Inhabitants/km2) is unspecified. The regional population change rate in the last 10 years (%) has been 0.6%.","population density","http://www.wikidata.org/entity/Q22856","5.983151105306621","44.28756995356807","2.0","47.0"
"Income and gross value added","The average per capita income (EUR/year) [NUTS3] is 21100. The total Gross Value Added (GVA) (EUR million/year) [NUTS3] is 14532.49. The primary sector share of total GVA/year [NUTS3] is 1.70%. The secondary sector share of total GVA/year [NUTS3] is 20.30%. The tertiary sector share of total GVA/year [NUTS3] is 77.80%. The per capita income (EUR/year) [NUTS2] is 32799. The total Gross Value Added (GVA) (EUR million/year) [NUTS2] is 242040. The primary sector share of total GVA/year [NUTS2] is 1.00%. The secondary sector share of total GVA/year [NUTS2] is 24.70%. The tertiary sector share of total GVA/year [NUTS2] is 74.30%.","gross value added, per capita income, year","http://www.wikidata.org/entity/Q994873, http://www.wikidata.org/entity/Q45918, http://www.wikidata.org/entity/Q577","5.88978822987424","44.15741777012285","2.0","47.0"
"Tourism","The total number of bed places (BPs) in tourist accommodations/year in the LAU is 56167. The regional (NUTS2) share of total BPs/year is 37%. The number of agricultural holdings in the LAU is 6400. The nearest settlement with population over 100000 (km) is 115. In this region protected areas are present.","number, bed, year","http://www.wikidata.org/entity/Q11563, http://www.wikidata.org/entity/Q42177, http://www.wikidata.org/entity/Q577","5.852371088102539","44.21858335131735","2.0","47.0"
"Employment","The primary sector share of total employment/year [NUTS3] is 2.20%. The secondary sector share of total employment/year [NUTS3] is 24.60%. The tertiary sector share of total employment/year [NUTS3] is 71.50%. The primary sector share of total employment/year [NUTS2] is 2.10%. The secondary sector share of total employment/year [NUTS2] is 21.80%. The tertiary sector share of total employment/year [NUTS2] is 76.10%.","employment, year","http://www.wikidata.org/entity/Q656365, http://www.wikidata.org/entity/Q577","5.954583731975302","44.095656670364036","2.0","47.0"
"Concluding remarks","","","","5.887232290933058","44.16061425609782","2.0","47.0"
