title,description,objects,objectlinks,lon,lat,barycenter_lon,barycenter_lat
"Market gardening, diversified with organic value chain and local channels distribution","The MOVING reference member state of this VC is FRANCE CCVD. The reference MOVING Card ID of this VC is VC 03 FR1. Diversified organic market gardening with direct sale or local distribution is representative of the local agri-food landscape of the Drôme Valley. It represents 190 producers and 314ha of organic vegetable production which make Drome departement the 1st producer of organic vegetal in France. Most of the vegetables produced in the Drôme Valley are distributed locally (except garlic and onions). This VC is characterized by diversified and productive cultivation on small surfaces, innovative agro-ecological techniques using less water and land and preserving biodiversity, direct sale and distribution in local circuit. This type of production is innovative because it produces local added value and jobs in the area, meets local demand for vegetables, fruits, cereals and plants and contributes to food autonomy at the local and regional level. Besides, it promotes agroecological and social values.","france, reference, food, drôme, valley","http://www.wikidata.org/entity/Q142, http://www.wikidata.org/entity/Q121769, http://www.wikidata.org/entity/Q2095, http://www.wikidata.org/entity/Q3364, http://www.wikidata.org/entity/Q39816","2.0","47.0","2.0","47.0"
"Interest on this VC","Diversified organic market gardening with direct sale or local distribution is representative of the local agri-food landscape of the Drôme Valley. The study of the value chain of organic market gardening presents the following interests - Diversified and productive cultivation on small surfaces. - Innovative agro-ecological techniques using less water and land. - Direct sale and distribution in local circuit - Production of local added value and jobs in the area - Meeting local demand for vegetables, fruits, cereals and plants - Contribute to food autonomy at the local and regional level. new products: diversification to propose products responding to the local food demand; use ancient variety and farmer seeds new processes: agroecological practices to adapt to water scarcity and to produce quantity in small parcels new marketing strategies: direct sale, distribution in local supply chanel.","food, landscape, drôme, valley, value chain, gardening, demand, autonomy, chanel","http://www.wikidata.org/entity/Q2095, http://www.wikidata.org/entity/Q107425, http://www.wikidata.org/entity/Q3364, http://www.wikidata.org/entity/Q39816, http://www.wikidata.org/entity/Q646107, http://www.wikidata.org/entity/Q124946, http://www.wikidata.org/entity/Q4402708, http://www.wikidata.org/entity/Q484105, http://www.wikidata.org/entity/Q218115","2.266611111111111","48.88238888888889","2.0","47.0"
"Mountain landscape and reference chains","The reference mountain chain of this VC is Drome Valley. The reference mountain landscape of this VC is Drome departement. Drôme is a very diversified departement in terms of geological, natural and agricultural resources. The North-East of the territory is characterised by middle and high mountains (Pre Alps and Vercors Natural Park): agriculture is this area is mainly livestock and small diversified gardening. The South is characterized by the beginning of the Provence and the mediterranean climate, we can find there aromatic and yard large cultures. The West of the territory is characterized by plains were the Rhône and the Drôme rivers meet. Agriculture ther is mainly large cropland. Within the Drôme departement, Biovallée territority gathers 3 associations of municipalities (EPCI) - 95 muncipalities in total. It is a very preserved and diversified territory, following the Drôme River, from Pre Alps to large plains of the downvalley.","reference, mountain, landscape, drôme, north, east, territory, alps, park, agriculture, livestock, gardening, west, rhône","http://www.wikidata.org/entity/Q121769, http://www.wikidata.org/entity/Q8502, http://www.wikidata.org/entity/Q107425, http://www.wikidata.org/entity/Q3364, http://www.wikidata.org/entity/Q659, http://www.wikidata.org/entity/Q684, http://www.wikidata.org/entity/Q183366, http://www.wikidata.org/entity/Q1286, http://www.wikidata.org/entity/Q22698, http://www.wikidata.org/entity/Q11451, http://www.wikidata.org/entity/Q103459, http://www.wikidata.org/entity/Q124946, http://www.wikidata.org/entity/Q679, http://www.wikidata.org/entity/Q602","4.845555555555555","43.33083333333333","2.0","47.0"
"Key local assets","Naturel asset: agroecologic practices respectful of biodiversity and water scarcity challenges Social asset: response ot local food demand, autonomy, cooperation between farmers, promotion of ecological and social values. About the LAU: 26125.","asset, biodiversity, water, scarcity, food, demand, autonomy, cooperation","http://www.wikidata.org/entity/Q46737, http://www.wikidata.org/entity/Q47041, http://www.wikidata.org/entity/Q283, http://www.wikidata.org/entity/Q815758, http://www.wikidata.org/entity/Q2095, http://www.wikidata.org/entity/Q4402708, http://www.wikidata.org/entity/Q484105, http://www.wikidata.org/entity/Q380962","5.0","45.0","2.0","47.0"
"Challenges","This VC is challenged by: competition with bigger actors, acces to water, marketing technics, the need to propose a production corresponding to local food demand. Overall the type of challenge faced by this VC is Current and Predicted. This VC is classified as Traditional and Innovative.","marketing, need, food, demand","http://www.wikidata.org/entity/Q39809, http://www.wikidata.org/entity/Q190258, http://www.wikidata.org/entity/Q2095, http://www.wikidata.org/entity/Q4402708","5.019737377195669","44.95929960445849","2.0","47.0"
"Innovation","The type of innovation of this VC is Endogenous and Exogenous. - innovative agroecological practices - high diversification on small parcels - direct sale and answering local food demand. The innovation is related to New products, New processes and New marketing strategies. The land use systems involved are Cropland, Grassland and water. The local assets include Natural and social.","innovation, marketing, grassland","http://www.wikidata.org/entity/Q174165, http://www.wikidata.org/entity/Q39809, http://www.wikidata.org/entity/Q1006733","5.041237567090847","44.98689725479496","2.0","47.0"
"Geography and population","The size of the area (km2) is 2200. The minimum altimetry of the LAU is 50. The maximum altimetry of the LAU is 2453. The total population (in thousand) is 58.56. The population density (Inhabitants/km2) in the LAU is 42.3. The population change rate of the LAU in the last 10 years (%) has been 1%. The overall regional population density (Inhabitants/km2) is unspecified. The regional population change rate in the last 10 years (%) has been 0.6%.","population density","http://www.wikidata.org/entity/Q22856","4.936934361329888","44.91377306779809","2.0","47.0"
"Income and gross value added","The average per capita income (EUR/year) [NUTS3] is 21100. The total Gross Value Added (GVA) (EUR million/year) [NUTS3] is 14532.49. The primary sector share of total GVA/year [NUTS3] is 1.70%. The secondary sector share of total GVA/year [NUTS3] is 20.30%. The tertiary sector share of total GVA/year [NUTS3] is 77.80%. The per capita income (EUR/year) [NUTS2] is 32799. The total Gross Value Added (GVA) (EUR million/year) [NUTS2] is 242040. The primary sector share of total GVA/year [NUTS2] is 1.00%. The secondary sector share of total GVA/year [NUTS2] is 24.70%. The tertiary sector share of total GVA/year [NUTS2] is 74.30%.","gross value added, per capita income, year","http://www.wikidata.org/entity/Q994873, http://www.wikidata.org/entity/Q45918, http://www.wikidata.org/entity/Q577","4.9140515483036955","45.09530085108167","2.0","47.0"
"Tourism","The total number of bed places (BPs) in tourist accommodations/year in the LAU is 56167. The regional (NUTS2) share of total BPs/year is 37%. The number of agricultural holdings in the LAU is 6400. The nearest settlement with population over 100000 (km) is 115. In this region protected areas are present.","number, bed, year","http://www.wikidata.org/entity/Q11563, http://www.wikidata.org/entity/Q42177, http://www.wikidata.org/entity/Q577","5.041964397039218","45.05481965095462","2.0","47.0"
"Employment","The primary sector share of total employment/year [NUTS3] is 2.20%. The secondary sector share of total employment/year [NUTS3] is 24.60%. The tertiary sector share of total employment/year [NUTS3] is 71.50%. The primary sector share of total employment/year [NUTS2] is 2.10%. The secondary sector share of total employment/year [NUTS2] is 21.80%. The tertiary sector share of total employment/year [NUTS2] is 76.10%.","employment, year","http://www.wikidata.org/entity/Q656365, http://www.wikidata.org/entity/Q577","5.085649057561531","45.0987420316751","2.0","47.0"
"Concluding remarks","Drome is the first organic departement of France, where diversified organic market is strongly developped and illustrates the possibility of developping local food production responding the local food demand.","france, food, demand","http://www.wikidata.org/entity/Q142, http://www.wikidata.org/entity/Q2095, http://www.wikidata.org/entity/Q4402708","2.0","47.0","2.0","47.0"
