title,description,objects,objectlinks,lon,lat,barycenter_lon,barycenter_lat
"Organic, aromatic and medicinal plants","The MOVING reference member state of this VC is FRANCE CCVD. The reference MOVING Card ID of this VC is VC 05 FR1. Drome departement is the first producer of organic, aromatic and medicinal plants in France with 246 conventional and organic operators. Main productions are lavander (95%), sage and thym. Most of the time, these are processed into essential oils or other products by local laboratories and distributed in long circuit or exported. Drome lavander is a high reputation product providing high added-value and contributing to the territorial identity. This VC is very well organized in the territory from processing, cutting, sifting, drying, distillation, spraying and/or wholesale marketing with important actors: 5 producer groups and 42 processing or distribution companies. As climatic condition and consumer demand increase, the organic, aromatic and medicinal plants VC is strongly developping in the recent years. Climate change providing favourable temperature for this culture and consumer demand is increasing for this type of products. This phenomenon has an impact in term of land use (more and more surface cultivated), agricultural practices (33% of the producers are organic and in term of local added-value on the territory as this VC is currently more export oriented.","france, reference, territory, distillation, demand","http://www.wikidata.org/entity/Q142, http://www.wikidata.org/entity/Q121769, http://www.wikidata.org/entity/Q183366, http://www.wikidata.org/entity/Q101017, http://www.wikidata.org/entity/Q4402708","2.0","47.0","2.0","47.0"
"Interest on this VC","Drome departement is the first producer of organic, aromatic and medicinal plants in France with 246 conventional and organic operators. Main productions are lavander (95%), sage and thym. Most of the time, these are processed into essential oils or other products by local laboratories and distributed in long circuit or exported. Drome lavander is a high reputation product providing high added-value and contributing to the territorial identity. New products: essential oils and other products derivated from organic, aromatic and medicinal plants are increasingly demanded.","france","http://www.wikidata.org/entity/Q142","2.0","47.0","2.0","47.0"
"Mountain landscape and reference chains","The reference mountain chain of this VC is Drome Valley. The reference mountain landscape of this VC is Drome departement. Drôme is a very diversified departement in terms of geological, natural and agricultural resources. The North-East of the territory is characterised by middle and high mountains (Pre Alps and Vercors Natural Park): agriculture is this area is mainly livestock and small diversified gardening. The South is characterized by the beginning of the Provence and the mediterranean climate, we can find there aromatic and yard large cultures. The West of the territory is characterized by plains were the Rhône and the Drôme rivers meet. Agriculture ther is mainly large cropland. Within the Drôme departement, Biovallée territority gathers 3 associations of municipalities (EPCI) - 95 muncipalities in total. It is a very preserved and diversified territory, following the Drôme River, from Pre Alps to large plains of the downvalley. In terms of organic farming, since the 1970s, this valley is a fertile land that claims to be 'the first organic territory in France'. In 2017, there were about 35% of certified organic farmers. The goal is to reach 50% of farmers and surfaces in organic in 2020.","france, reference, mountain, drôme, territory, alps, agriculture","http://www.wikidata.org/entity/Q142, http://www.wikidata.org/entity/Q121769, http://www.wikidata.org/entity/Q8502, http://www.wikidata.org/entity/Q3364, http://www.wikidata.org/entity/Q183366, http://www.wikidata.org/entity/Q1286, http://www.wikidata.org/entity/Q11451","5.0","45.0","2.0","47.0"
"Key local assets","Cultural asset: Organic, aromatic and medicinal plants production and processing are emblematic in Drome providing cultural assets: traditional know-how, turistic attraction (lavander field) and local branding Economic asset: high added value products and creation of local jobs Natural asset: attractivness of lavander landscape. About the LAU: 26125.","asset, landscape","http://www.wikidata.org/entity/Q46737, http://www.wikidata.org/entity/Q107425","10.0","46.0","2.0","47.0"
"Challenges","Organic, aromatic and medicinal plants VC is strongly developping in the recent years: number of explotation and demand for these prodcuts is increasing for 2 mains reasons; Climate change providing favourable temperature for this culture and consumer demand is increasing for this type of products. This phenomenon has an impact in term of land use (more and more surface cultivated), agricultural practices (33% of the producers are organic and in term of local added-value on the territory as this VC is currently more export oriented. Overall the type of challenge faced by this VC is Current. This VC is classified as Traditional.","number, demand, phenomenon, territory, export","http://www.wikidata.org/entity/Q11563, http://www.wikidata.org/entity/Q4402708, http://www.wikidata.org/entity/Q483247, http://www.wikidata.org/entity/Q183366, http://www.wikidata.org/entity/Q182722","2.0670397302649093","46.985549498500355","2.0","47.0"
"Innovation","The type of innovation of this VC is unspecified. No particular innovation. The innovation is related to the whole VC. The land use systems involved are Cropland and Grassland. The local assets include Natural and cultural.","innovation, grassland","http://www.wikidata.org/entity/Q174165, http://www.wikidata.org/entity/Q1006733","2.0366453603429697","46.96072016390699","2.0","47.0"
"Geography and population","The size of the area (km2) is 2200. The minimum altimetry of the LAU is 50. The maximum altimetry of the LAU is 2453. The total population (in thousand) is 58.56. The population density (Inhabitants/km2) in the LAU is 42.3. The population change rate of the LAU in the last 10 years (%) has been 1%. The overall regional population density (Inhabitants/km2) is unspecified. The regional population change rate in the last 10 years (%) has been 0.6%.","population density","http://www.wikidata.org/entity/Q22856","1.9513911164542317","46.946744025308114","2.0","47.0"
"Income and gross value added","The average per capita income (EUR/year) [NUTS3] is 21100. The total Gross Value Added (GVA) (EUR million/year) [NUTS3] is 14532.49. The primary sector share of total GVA/year [NUTS3] is 1.70%. The secondary sector share of total GVA/year [NUTS3] is 20.30%. The tertiary sector share of total GVA/year [NUTS3] is 77.80%. The per capita income (EUR/year) [NUTS2] is 32799. The total Gross Value Added (GVA) (EUR million/year) [NUTS2] is 242040. The primary sector share of total GVA/year [NUTS2] is 1.00%. The secondary sector share of total GVA/year [NUTS2] is 24.70%. The tertiary sector share of total GVA/year [NUTS2] is 74.30%.","gross value added, per capita income, year","http://www.wikidata.org/entity/Q994873, http://www.wikidata.org/entity/Q45918, http://www.wikidata.org/entity/Q577","2.067759959442733","47.042263462614464","2.0","47.0"
"Tourism","The total number of bed places (BPs) in tourist accommodations/year in the LAU is 56167. The regional (NUTS2) share of total BPs/year is 37%. The number of agricultural holdings in the LAU is 6400. The nearest settlement with population over 100000 (km) is 115. In this region protected areas are present.","number, bed, year","http://www.wikidata.org/entity/Q11563, http://www.wikidata.org/entity/Q42177, http://www.wikidata.org/entity/Q577","2.003141048917269","47.078524320877655","2.0","47.0"
"Employment","The primary sector share of total employment/year [NUTS3] is 2.20%. The secondary sector share of total employment/year [NUTS3] is 24.60%. The tertiary sector share of total employment/year [NUTS3] is 71.50%. The primary sector share of total employment/year [NUTS2] is 2.10%. The secondary sector share of total employment/year [NUTS2] is 21.80%. The tertiary sector share of total employment/year [NUTS2] is 76.10%.","employment, year","http://www.wikidata.org/entity/Q656365, http://www.wikidata.org/entity/Q577","1.9372966548871975","46.96769952270869","2.0","47.0"
"Concluding remarks","","","","2.036089116000651","46.983541718610056","2.0","47.0"
