title,description,objects,objectlinks,lon,lat,barycenter_lon,barycenter_lat
"Stone fruits: peach and abricot","The MOVING reference member state of this VC is FRANCE CCVD. The reference MOVING Card ID of this VC is VC 06 FR1. Drome stone fruit value chain is a well established value chain. The main production are peaches and abricots with an average size of the orchard are 15ha. The main cultural system is conventionnal agriculture in monoculture. Fruits are collected by cooperatives actors (Lorifruit, Rhodacoop), marketers and wholesale. Theses prodcuts are mostly driven to long supply chain distribution and export. Abricot des Baronnies (south of Drome) is currently in the process of obtention of an IGP. Stone fruits cultures are currently facing strong pressure due to climate change: more and more freezing episodes in the spring, water scarcity as well as invasion of disease and parasites. To adapt, various strategies are tested: fight against frost with heating technics, fight against disease with treatments, insect nets, diversification of produced variety and fruits. In parallel, an organic production of stone fruits is developping. They are facing the same challenges but using different cultural practices to saveguard biodiversity (introduction of nesting box, chickens in the orchyard) and seeking to diversifying (new fruit culture more adapted to climatic conditions). Organic producers are more driven to direct sale and local market channels.","france, value chain, abricots, orchard, system, agriculture, monoculture, export, baronnies, south, stone, freezing, water, scarcity, invasion, disease, frost, insect, biodiversity, box, fruit","http://www.wikidata.org/entity/Q142, http://www.wikidata.org/entity/Q646107, http://www.wikidata.org/entity/Q946128, http://www.wikidata.org/entity/Q236371, http://www.wikidata.org/entity/Q58778, http://www.wikidata.org/entity/Q11451, http://www.wikidata.org/entity/Q220212, http://www.wikidata.org/entity/Q182722, http://www.wikidata.org/entity/Q783061, http://www.wikidata.org/entity/Q667, http://www.wikidata.org/entity/Q22731, http://www.wikidata.org/entity/Q108000, http://www.wikidata.org/entity/Q283, http://www.wikidata.org/entity/Q815758, http://www.wikidata.org/entity/Q467011, http://www.wikidata.org/entity/Q12136, http://www.wikidata.org/entity/Q4590598, http://www.wikidata.org/entity/Q1390, http://www.wikidata.org/entity/Q47041, http://www.wikidata.org/entity/Q188075, http://www.wikidata.org/entity/Q1364","2.0","47.0","2.0","47.0"
"Interest on this VC","Stone fruits is representative of Drôme fruit production. Main productions are abricot and peaches, mainly produced in conventional agriculture orchards and driven to large-scale supply or export. One quality scheme is in the process of being acquired (Indication Géographique Protegée) for Abricot des Barronies (south of Drôme). New products: diversification of species adapted to climate change: more resistant species, grenades, almonds New processes: technics to fight against freezing episode, technics to favour biodiversity protection in orchyards, agroforestery.","stone, drôme, fruit, agriculture, export, south","http://www.wikidata.org/entity/Q22731, http://www.wikidata.org/entity/Q3364, http://www.wikidata.org/entity/Q1364, http://www.wikidata.org/entity/Q11451, http://www.wikidata.org/entity/Q182722, http://www.wikidata.org/entity/Q667","5.0","45.0","2.0","47.0"
"Mountain landscape and reference chains","The reference mountain chain of this VC is Drome Valley. The reference mountain landscape of this VC is Drome departement. Drôme is a very diversified departement in terms of geological, natural and agricultural resources. The North-East of the territory is characterised by middle and high mountains (Pre Alps and Vercors Natural Park): agriculture is this area is mainly livestock and small diversified gardening. The South is characterized by the beginning of the Provence and the mediterranean climate, we can find there aromatic and yard large cultures. The West of the territory is characterized by plains were the Rhône and the Drôme rivers meet. Agriculture ther is mainly large cropland. Within the Drôme departement, Biovallée territority gathers 3 associations of municipalities (EPCI) - 95 muncipalities in total. It is a very preserved and diversified territory, following the Drôme River, from Pre Alps to large plains of the downvalley.","reference, mountain, landscape, drôme, north, east, territory, alps, park, agriculture, livestock, gardening, west, rhône","http://www.wikidata.org/entity/Q121769, http://www.wikidata.org/entity/Q8502, http://www.wikidata.org/entity/Q107425, http://www.wikidata.org/entity/Q3364, http://www.wikidata.org/entity/Q659, http://www.wikidata.org/entity/Q684, http://www.wikidata.org/entity/Q183366, http://www.wikidata.org/entity/Q1286, http://www.wikidata.org/entity/Q22698, http://www.wikidata.org/entity/Q11451, http://www.wikidata.org/entity/Q103459, http://www.wikidata.org/entity/Q124946, http://www.wikidata.org/entity/Q679, http://www.wikidata.org/entity/Q602","10.0","46.0","2.0","47.0"
"Key local assets","Natural asset: eastethic landscape Social asset: creation of local job and local value Cultural asset: contribution to Drome territorial identity, gastronomy and attractivness. About the LAU: 26125.","asset, landscape, social, job, gastronomy","http://www.wikidata.org/entity/Q46737, http://www.wikidata.org/entity/Q107425, http://www.wikidata.org/entity/Q345367, http://www.wikidata.org/entity/Q192581, http://www.wikidata.org/entity/Q171141","4.845555555555555","43.33083333333333","2.0","47.0"
"Challenges","Stone fruit production is strongly treathen by freezing episode. In 2021, 80% of the Drome stone fruit production was frozen. Stone fruit production also faces disease and parasites. The current challenge is to find solutions to fight freezing episodes but also to diversify towards more adapted cultures. Due to the climatic crisis, the VC depends on regional public aids. Overall the type of challenge faced by this VC is Current and Predicted. This VC is classified as Traditional.","freezing, fruit, stone","http://www.wikidata.org/entity/Q108000, http://www.wikidata.org/entity/Q1364, http://www.wikidata.org/entity/Q22731","5.025747642690787","45.086174547316915","2.0","47.0"
"Innovation","The type of innovation of this VC is unspecified. The innovation stands in the fact that the stone fruitd VC is currently diversifying to face freeing episode challenge: production of new species such as grenade, almonds which are adapted to climate change and responding to new consumer demand. The innovation is related to the whole VC. The land use systems involved are Cropland and Forestry. The local assets include Natural, social and cultural.","innovation, fact, stone, species, demand","http://www.wikidata.org/entity/Q174165, http://www.wikidata.org/entity/Q188572, http://www.wikidata.org/entity/Q22731, http://www.wikidata.org/entity/Q7432, http://www.wikidata.org/entity/Q4402708","4.975661002652425","45.06223708987166","2.0","47.0"
"Geography and population","The size of the area (km2) is 2200. The minimum altimetry of the LAU is 50. The maximum altimetry of the LAU is 2453. The total population (in thousand) is 58.56. The population density (Inhabitants/km2) in the LAU is 42.3. The population change rate of the LAU in the last 10 years (%) has been 1%. The overall regional population density (Inhabitants/km2) is unspecified. The regional population change rate in the last 10 years (%) has been 0.6%.","population density","http://www.wikidata.org/entity/Q22856","4.966694816470029","44.993630807470396","2.0","47.0"
"Income and gross value added","The average per capita income (EUR/year) [NUTS3] is 21100. The total Gross Value Added (GVA) (EUR million/year) [NUTS3] is 14532.49. The primary sector share of total GVA/year [NUTS3] is 1.70%. The secondary sector share of total GVA/year [NUTS3] is 20.30%. The tertiary sector share of total GVA/year [NUTS3] is 77.80%. The per capita income (EUR/year) [NUTS2] is 32799. The total Gross Value Added (GVA) (EUR million/year) [NUTS2] is 242040. The primary sector share of total GVA/year [NUTS2] is 1.00%. The secondary sector share of total GVA/year [NUTS2] is 24.70%. The tertiary sector share of total GVA/year [NUTS2] is 74.30%.","gross value added, per capita income, year","http://www.wikidata.org/entity/Q994873, http://www.wikidata.org/entity/Q45918, http://www.wikidata.org/entity/Q577","5.0227351739551205","44.97545053139823","2.0","47.0"
"Tourism","The total number of bed places (BPs) in tourist accommodations/year in the LAU is 56167. The regional (NUTS2) share of total BPs/year is 37%. The number of agricultural holdings in the LAU is 6400. The nearest settlement with population over 100000 (km) is 115. In this region protected areas are present.","number, bed, year","http://www.wikidata.org/entity/Q11563, http://www.wikidata.org/entity/Q42177, http://www.wikidata.org/entity/Q577","5.033539400892828","44.97104127687197","2.0","47.0"
"Employment","The primary sector share of total employment/year [NUTS3] is 2.20%. The secondary sector share of total employment/year [NUTS3] is 24.60%. The tertiary sector share of total employment/year [NUTS3] is 71.50%. The primary sector share of total employment/year [NUTS2] is 2.10%. The secondary sector share of total employment/year [NUTS2] is 21.80%. The tertiary sector share of total employment/year [NUTS2] is 76.10%.","employment, year","http://www.wikidata.org/entity/Q656365, http://www.wikidata.org/entity/Q577","4.92474941962129","44.988027513278794","2.0","47.0"
"Concluding remarks","Stone fruit is a VC present in all Auvergne Rhones Alpes region but Drôme is the first departement in terms of organic production.","present, auvergne, drôme","http://www.wikidata.org/entity/Q193168, http://www.wikidata.org/entity/Q1152, http://www.wikidata.org/entity/Q3364","3.3","45.7","2.0","47.0"
