title,description,objects,objectlinks,lon,lat,barycenter_lon,barycenter_lat
"Picodon AOP","The MOVING reference member state of this VC is FRANCE CCVD. The reference MOVING Card ID of this VC is VC 07 FR1. Picodon AOP is a goat-milk cheese from the Drome, very representative of middle mountain agriculture.The quality label AOP provides strict requirements in terms of production practices (type of goat, refinements, cultural practices, pasture, animal feeding..) and promotion and marketing in and out of the territory. The VC is well established and structured by farmers unions (Syndicat Caprin, Syndicat AOP Picodon.) and dairy cooperatives. It can be either marketed in long distribution channel or local market. In fact, one can find a great diversity of producing practices: organic and farmer Picodon or convention dairy picodon production. In 2017 the marketed production was 532 tons, or nearly 9,000,000 picodons, of which nearly 1,600,000 were produced by the appellation's farm producers and sold at the region's markets. Pastoralism practices are very well developped in the territority, namely by farme Picodon producers, but suffers from strong pressures: predation (wolf), droughts, pasture's impact on biodiversity. However, the opportunities is to show that pastoralism can provide ecosystemic services (sylvopastoralims, goat pasture prevent from fire starts).","reference, france, picodon, middle mountain, goat, farmer, pastoralism","http://www.wikidata.org/entity/Q121769, http://www.wikidata.org/entity/Q142, http://www.wikidata.org/entity/Q1245576, http://www.wikidata.org/entity/Q6841502, http://www.wikidata.org/entity/Q2934, http://www.wikidata.org/entity/Q131512, http://www.wikidata.org/entity/Q9056738","2.0","47.0","2.0","47.0"
"Interest on this VC","Picodon AOP is a goat-milk cheese produced in Drome Prealps and protected by an AOP (appellation d'origine protégée) which provide strict requirement in terms of production practices and marketing. Picodon is a very famous cheese, contributing to Drome territorial identity. Picodon AOP VC is well organized by producers associations and trade unions and can be either marketed in long distribution channel or local market. Within this VC, one can find organic and farmer Picodon or convention dairy picodon production. Products: Some Picodon producers are working of goat meat valorisation (cabri, chevreau) Processes: Farmer Picodon producers are developping practices that provide ecosystemic services ecopasture, sylvopastoralism.","picodon, appellation, requirement, marketing, cheese, trade, farmer, dairy, goat meat","http://www.wikidata.org/entity/Q1245576, http://www.wikidata.org/entity/Q2858704, http://www.wikidata.org/entity/Q774228, http://www.wikidata.org/entity/Q39809, http://www.wikidata.org/entity/Q10943, http://www.wikidata.org/entity/Q601401, http://www.wikidata.org/entity/Q131512, http://www.wikidata.org/entity/Q637776, http://www.wikidata.org/entity/Q449506","10.0","46.0","2.0","47.0"
"Mountain landscape and reference chains","The reference mountain chain of this VC is Drome Valley. The reference mountain landscape of this VC is Drome departement. Drôme is a very diversified departement in terms of geological, natural and agricultural resources. The North-East of the territory is characterised by middle and high mountains (Pre Alps and Vercors Natural Park): agriculture is this area is mainly livestock and small diversified gardening. The South is characterized by the beginning of the Provence and the mediterranean climate, we can find there aromatic and yard large cultures. The West of the territory is characterized by plains were the Rhône and the Drôme rivers meet. Agriculture ther is mainly large cropland. Within the Drôme departement, Biovallée territority gathers 3 associations of municipalities (EPCI) - 95 muncipalities in total. It is a very preserved and diversified territory, following the Drôme River, from Pre Alps to large plains of the downvalley.","reference, mountain, landscape, drôme, north, east, territory, alps, park, agriculture, livestock, gardening, west, rhône","http://www.wikidata.org/entity/Q121769, http://www.wikidata.org/entity/Q8502, http://www.wikidata.org/entity/Q107425, http://www.wikidata.org/entity/Q3364, http://www.wikidata.org/entity/Q659, http://www.wikidata.org/entity/Q684, http://www.wikidata.org/entity/Q183366, http://www.wikidata.org/entity/Q1286, http://www.wikidata.org/entity/Q22698, http://www.wikidata.org/entity/Q11451, http://www.wikidata.org/entity/Q103459, http://www.wikidata.org/entity/Q124946, http://www.wikidata.org/entity/Q679, http://www.wikidata.org/entity/Q602","5.0","45.0","2.0","47.0"
"Key local assets","Cultural: Picodon is one of the most famous speciality in Drome departement which provide cultural asset: turistic attractivness, ancestral know-how, territorial identity, dedicated events. Natural: The AOP requirements guarantees production practices protecting middle mountain agriculture. Organic picodon producers also provide ecosystemic services: hampering fires thank to pasture practices, preservation of middle mountain agriculture. About the LAU: 26125.","picodon, asset, middle mountain, agriculture, pasture, mountain","http://www.wikidata.org/entity/Q1245576, http://www.wikidata.org/entity/Q46737, http://www.wikidata.org/entity/Q6841502, http://www.wikidata.org/entity/Q11451, http://www.wikidata.org/entity/Q30121, http://www.wikidata.org/entity/Q8502","4.845555555555555","43.33083333333333","2.0","47.0"
"Challenges","Picodon AOP is a well-structured VC as goat-milk production is one of the top production in Drome which provide local economic value and territorial identity. However, this VC is very large and gather diverse producers: Farmers' Picodon producers often practice pastoralisme and Dairy Picodon producers working in dairy companies. Actors of this VC suffers from pressures: predation (wolf), droughts, impact on biodiversity,disease and parasite. Another challenge is the valorisation of goat meat in order to respond to consumer questions as well as the need to diversify for small producers. Overall the type of challenge faced by this VC is Current. This VC is classified as Traditional and Innovative.","picodon, goat, milk, dairy, predation, biodiversity, disease, goat meat, need","http://www.wikidata.org/entity/Q1245576, http://www.wikidata.org/entity/Q2934, http://www.wikidata.org/entity/Q8495, http://www.wikidata.org/entity/Q637776, http://www.wikidata.org/entity/Q170430, http://www.wikidata.org/entity/Q47041, http://www.wikidata.org/entity/Q12136, http://www.wikidata.org/entity/Q449506, http://www.wikidata.org/entity/Q190258","1.975980172169422","47.097206834950285","2.0","47.0"
"Innovation","The type of innovation of this VC is unspecified. The innovation is related to New products and New processes. The land use systems involved are Grassland and Forestry. The local assets include Social and cultural.","innovation, grassland","http://www.wikidata.org/entity/Q174165, http://www.wikidata.org/entity/Q1006733","1.947629512247674","47.0281528997766","2.0","47.0"
"Geography and population","The size of the area (km2) is 2200. The minimum altimetry of the LAU is 50. The maximum altimetry of the LAU is 2453. The total population (in thousand) is 58.56. The population density (Inhabitants/km2) in the LAU is 42.3. The population change rate of the LAU in the last 10 years (%) has been 1%. The overall regional population density (Inhabitants/km2) is unspecified. The regional population change rate in the last 10 years (%) has been 0.6%.","population density","http://www.wikidata.org/entity/Q22856","2.033618791594588","47.03196227665375","2.0","47.0"
"Income and gross value added","The average per capita income (EUR/year) [NUTS3] is 21100. The total Gross Value Added (GVA) (EUR million/year) [NUTS3] is 14532.49. The primary sector share of total GVA/year [NUTS3] is 1.70%. The secondary sector share of total GVA/year [NUTS3] is 20.30%. The tertiary sector share of total GVA/year [NUTS3] is 77.80%. The per capita income (EUR/year) [NUTS2] is 32799. The total Gross Value Added (GVA) (EUR million/year) [NUTS2] is 242040. The primary sector share of total GVA/year [NUTS2] is 1.00%. The secondary sector share of total GVA/year [NUTS2] is 24.70%. The tertiary sector share of total GVA/year [NUTS2] is 74.30%.","gross value added, per capita income, year","http://www.wikidata.org/entity/Q994873, http://www.wikidata.org/entity/Q45918, http://www.wikidata.org/entity/Q577","1.9493748105363389","47.00381598926188","2.0","47.0"
"Tourism","The total number of bed places (BPs) in tourist accommodations/year in the LAU is 56167. The regional (NUTS2) share of total BPs/year is 37%. The number of agricultural holdings in the LAU is 6400. The nearest settlement with population over 100000 (km) is 115. In this region protected areas are present.","number, bed, year","http://www.wikidata.org/entity/Q11563, http://www.wikidata.org/entity/Q42177, http://www.wikidata.org/entity/Q577","1.9552488336958387","47.090251290602914","2.0","47.0"
"Employment","The primary sector share of total employment/year [NUTS3] is 2.20%. The secondary sector share of total employment/year [NUTS3] is 24.60%. The tertiary sector share of total employment/year [NUTS3] is 71.50%. The primary sector share of total employment/year [NUTS2] is 2.10%. The secondary sector share of total employment/year [NUTS2] is 21.80%. The tertiary sector share of total employment/year [NUTS2] is 76.10%.","employment, year","http://www.wikidata.org/entity/Q656365, http://www.wikidata.org/entity/Q577","1.9897853100009801","46.9975478319516","2.0","47.0"
"Concluding remarks","Picodon AOP is a goat-milk cheese from the Drome but also in 2 other departements.","picodon","http://www.wikidata.org/entity/Q1245576","2.026203702051753","46.95430238343014","2.0","47.0"
