title,description,objects,objectlinks,lon,lat,barycenter_lon,barycenter_lat
"Garlic production","The MOVING reference member state of this VC is FRANCE CCVD. The reference MOVING Card ID of this VC is VC 11 FR1. Garlic production is very spread in the Drome departement. Drome garlic is represented by a GIE (groupement d'intérêt économique) gathering 60 producers for more than 560 ha of culture. Main production are white and purple garlic in autumn and pink garlic and shallots in spring. The VC respects the environment and is committed to various quality initiatives, such as Global Gap, Organic Agriculture and the Drôme Garlic PGI. The whole of our production is methodically controlled by rigorous approvals. The GIE provide farmers with certified plants, share material, production advices, marketing strategies. For a better organization, cooperative services are grouped in premises of more than 1600 m . Based in the town of Eurre (26 - Drôme), the GIE l'Ail Drômois has a packaging line, refrigerated rooms for storage, a space for order preparation and several docks for shipments. In terms of culture, garlic production enables producers to have an equivalent production during the entire year, ensuring incomes and a better land use.","gie, reference, france, autumn, drôme, material, town, eurre, lail, space","http://www.wikidata.org/entity/Q4184207, http://www.wikidata.org/entity/Q121769, http://www.wikidata.org/entity/Q142, http://www.wikidata.org/entity/Q1314, http://www.wikidata.org/entity/Q3364, http://www.wikidata.org/entity/Q214609, http://www.wikidata.org/entity/Q3957, http://www.wikidata.org/entity/Q385700, http://www.wikidata.org/entity/Q18353321, http://www.wikidata.org/entity/Q107","2.0","47.0","2.0","47.0"
"Interest on this VC","Garlic production is one of the most representative production in the Drôme. Production of white, violet and pink garlics enables to do rotation with filed crops and produce during the entire year. Drome garlic is reprenseted by a GIE (economic interest group) and protected by quality schemes: IGP Ail Dromois or organic agriculture label. New process: opportunity for diversification New governance system: Drome garlic is managed by a GIE (economic interest group) which accompaign 60 producers from production to marketing.","gie, drôme, rotation, year, interest, governance, system, marketing","http://www.wikidata.org/entity/Q4184207, http://www.wikidata.org/entity/Q3364, http://www.wikidata.org/entity/Q107617, http://www.wikidata.org/entity/Q577, http://www.wikidata.org/entity/Q170924, http://www.wikidata.org/entity/Q1553864, http://www.wikidata.org/entity/Q58778, http://www.wikidata.org/entity/Q39809","5.0","45.0","2.0","47.0"
"Mountain landscape and reference chains","The reference mountain chain of this VC is Drome Valley. The reference mountain landscape of this VC is Drome departement. Drôme is a very diversified departement in terms of geological, natural and agricultural resources. The North-East of the territory is characterised by middle and high mountains (Pre Alps and Vercors Natural Park): agriculture is this area is mainly livestock and small diversified gardening. The South is characterized by the beginning of the Provence and the mediterranean climate, we can find there aromatic and yard large cultures. The West of the territory is characterized by plains were the Rhône and the Drôme rivers meet. Agriculture ther is mainly large cropland. Within the Drôme departement, Biovallée territority gathers 3 associations of municipalities (EPCI) - 95 muncipalities in total. It is a very preserved and diversified territory, following the Drôme River, from Pre Alps to large plains of the downvalley.","reference, mountain, landscape, drôme, north, east, territory, alps, park, agriculture, livestock, gardening, west, rhône","http://www.wikidata.org/entity/Q121769, http://www.wikidata.org/entity/Q8502, http://www.wikidata.org/entity/Q107425, http://www.wikidata.org/entity/Q3364, http://www.wikidata.org/entity/Q659, http://www.wikidata.org/entity/Q684, http://www.wikidata.org/entity/Q183366, http://www.wikidata.org/entity/Q1286, http://www.wikidata.org/entity/Q22698, http://www.wikidata.org/entity/Q11451, http://www.wikidata.org/entity/Q103459, http://www.wikidata.org/entity/Q124946, http://www.wikidata.org/entity/Q679, http://www.wikidata.org/entity/Q602","4.845555555555555","43.33083333333333","2.0","47.0"
"Key local assets","Natural assets: garlic culture is an opportunity for rotation in filed crops: better quality soil, better land use Social assets: production organized into a GIE which insure incomes to the producers ad insure the creation of local value on the terriory Cultural assets: production protected by quality scheme label: IGP, Organic Agriculture contributinf to french food heritage. About the LAU: 26125.","gie, rotation, soil, social, food","http://www.wikidata.org/entity/Q4184207, http://www.wikidata.org/entity/Q107617, http://www.wikidata.org/entity/Q36133, http://www.wikidata.org/entity/Q345367, http://www.wikidata.org/entity/Q2095","4.988611111111111","44.75944444444445","2.0","47.0"
"Challenges","Garlic culture is a great diversification opportunity and an added value product. Overall the type of challenge faced by this VC is unspecified. This VC is classified as Traditional and Innovative.","","","5.021552756771359","45.06832775246665","2.0","47.0"
"Innovation","The type of innovation of this VC is Endogenous. More then an innovation, garlic culture is an opportunity for diversification and rotation in field crops. The innovation is related to New processes and New governance systems. The land use systems involved are Cropland. The local assets include Natural, social é cultural.","innovation, rotation, governance","http://www.wikidata.org/entity/Q174165, http://www.wikidata.org/entity/Q107617, http://www.wikidata.org/entity/Q1553864","4.939087880270074","44.9717729426129","2.0","47.0"
"Geography and population","The size of the area (km2) is 2200. The minimum altimetry of the LAU is 50. The maximum altimetry of the LAU is 2453. The total population (in thousand) is 58.56. The population density (Inhabitants/km2) in the LAU is 42.3. The population change rate of the LAU in the last 10 years (%) has been 1%. The overall regional population density (Inhabitants/km2) is unspecified. The regional population change rate in the last 10 years (%) has been 0.6%.","population density","http://www.wikidata.org/entity/Q22856","5.064869804517452","44.92324775624845","2.0","47.0"
"Income and gross value added","The average per capita income (EUR/year) [NUTS3] is 21100. The total Gross Value Added (GVA) (EUR million/year) [NUTS3] is 14532.49. The primary sector share of total GVA/year [NUTS3] is 1.70%. The secondary sector share of total GVA/year [NUTS3] is 20.30%. The tertiary sector share of total GVA/year [NUTS3] is 77.80%. The per capita income (EUR/year) [NUTS2] is 32799. The total Gross Value Added (GVA) (EUR million/year) [NUTS2] is 242040. The primary sector share of total GVA/year [NUTS2] is 1.00%. The secondary sector share of total GVA/year [NUTS2] is 24.70%. The tertiary sector share of total GVA/year [NUTS2] is 74.30%.","gross value added, per capita income, year","http://www.wikidata.org/entity/Q994873, http://www.wikidata.org/entity/Q45918, http://www.wikidata.org/entity/Q577","5.031289805652846","44.92444933780871","2.0","47.0"
"Tourism","The total number of bed places (BPs) in tourist accommodations/year in the LAU is 56167. The regional (NUTS2) share of total BPs/year is 37%. The number of agricultural holdings in the LAU is 6400. The nearest settlement with population over 100000 (km) is 115. In this region protected areas are present.","number, bed, year","http://www.wikidata.org/entity/Q11563, http://www.wikidata.org/entity/Q42177, http://www.wikidata.org/entity/Q577","4.928695939091782","44.92568015491815","2.0","47.0"
"Employment","The primary sector share of total employment/year [NUTS3] is 2.20%. The secondary sector share of total employment/year [NUTS3] is 24.60%. The tertiary sector share of total employment/year [NUTS3] is 71.50%. The primary sector share of total employment/year [NUTS2] is 2.10%. The secondary sector share of total employment/year [NUTS2] is 21.80%. The tertiary sector share of total employment/year [NUTS2] is 76.10%.","employment, year","http://www.wikidata.org/entity/Q656365, http://www.wikidata.org/entity/Q577","4.969822439830046","45.008905818238134","2.0","47.0"
"Concluding remarks","","","","4.91947402174296","45.03096127194262","2.0","47.0"
