title,description,objects,objectlinks,lon,lat,barycenter_lon,barycenter_lat
"Poultry farming, integration by the cooperative","The MOVING reference member state of this VC is FRANCE CCVD. The reference MOVING Card ID of this VC is VC 12 FR1. The poultry farming VC is developping in the Drome Valley. This production was favoured for farmers who do not have access to water. This production (hen egg and meat) is mainly organic and respond to local and national demand. It is either produced by diversified or specialized exploitations. The positive impact of this VC is the adaption to climate condition and poor access to water in the region. It also answer a local and national demand. In terms of environnement, poultry farming in diversified exploitation is a great complement of green manure. At the Biovallee scale, the VC is structured by the cooperative Val Soleil with 185 adherents in the poultry VC. The cooperative model allows farmers to have a security: guaranted incomes; shared material; adapted marketing strategies. The cooperative is managed by farmers with a democratic principle 'one person, one vote'. Eggs filiere counts 120 000 free range hens, 40 000 green label hens and 125 000 organic hens. Eggs are saled under two brands 'oeuf de nos villages' and 'cocorette'. Regarding chicken meat, chicken are raised and slaughtered locally and feed with local food production (139 farms, 2 slaughtered houses). 7 quality labels exist such as red label, organic, 100% vegetal..","reference, france, poultry, water, meat, demand, green manure, chicken","http://www.wikidata.org/entity/Q121769, http://www.wikidata.org/entity/Q142, http://www.wikidata.org/entity/Q178559, http://www.wikidata.org/entity/Q283, http://www.wikidata.org/entity/Q10990, http://www.wikidata.org/entity/Q4402708, http://www.wikidata.org/entity/Q954381, http://www.wikidata.org/entity/Q780","2.0","47.0","2.0","47.0"
"Interest on this VC","The poultry farming in small structures was developped by farmers with no acces to water who adapted to water access condition and to answer strong consumer demand for local aviculture products (egg and meat). New processes: shared cultural technics and tools; adaptation of the production; valorization of meat of laying hens New marketing strategies: developpement of poultry farming to answer a local and national demande New governance systems: cooperative model gather farmers to market their production at local scale, guarantee steady incomes and shared means of production.","poultry, water, demand, aviculture, meat, marketing, governance, means of production","http://www.wikidata.org/entity/Q178559, http://www.wikidata.org/entity/Q283, http://www.wikidata.org/entity/Q4402708, http://www.wikidata.org/entity/Q2481478, http://www.wikidata.org/entity/Q10990, http://www.wikidata.org/entity/Q39809, http://www.wikidata.org/entity/Q1553864, http://www.wikidata.org/entity/Q260747","10.0","46.0","2.0","47.0"
"Mountain landscape and reference chains","The reference mountain chain of this VC is Drome Valley. The reference mountain landscape of this VC is Drome departement. Drôme is a very diversified departement in terms of geological, natural and agricultural resources. The North-East of the territory is characterised by middle and high mountains (Pre Alps and Vercors Natural Park): agriculture is this area is mainly livestock and small diversified gardening. The South is characterized by the beginning of the Provence and the mediterranean climate, we can find there aromatic and yard large cultures. The West of the territory is characterized by plains were the Rhône and the Drôme rivers meet. Agriculture ther is mainly large cropland. Within the Drôme departement, Biovallée territority gathers 3 associations of municipalities (EPCI) - 95 muncipalities in total. It is a very preserved and diversified territory, following the Drôme River, from Pre Alps to large plains of the downvalley.","reference, mountain, landscape, drôme, north, east, territory, alps, park, agriculture, livestock, gardening, west, rhône","http://www.wikidata.org/entity/Q121769, http://www.wikidata.org/entity/Q8502, http://www.wikidata.org/entity/Q107425, http://www.wikidata.org/entity/Q3364, http://www.wikidata.org/entity/Q659, http://www.wikidata.org/entity/Q684, http://www.wikidata.org/entity/Q183366, http://www.wikidata.org/entity/Q1286, http://www.wikidata.org/entity/Q22698, http://www.wikidata.org/entity/Q11451, http://www.wikidata.org/entity/Q103459, http://www.wikidata.org/entity/Q124946, http://www.wikidata.org/entity/Q679, http://www.wikidata.org/entity/Q602","5.0","45.0","2.0","47.0"
"Key local assets","Natural asset: Organic poultry farming a small scale is complementary with diversified vegetable production: green manure, poor water demand Social asset: local production to answer national and local meat and egg demand, creation of local value in the territory. About the LAU: 26125.","asset, poultry, vegetable, green manure, water, demand, social, meat, territory","http://www.wikidata.org/entity/Q46737, http://www.wikidata.org/entity/Q178559, http://www.wikidata.org/entity/Q11004, http://www.wikidata.org/entity/Q954381, http://www.wikidata.org/entity/Q283, http://www.wikidata.org/entity/Q4402708, http://www.wikidata.org/entity/Q345367, http://www.wikidata.org/entity/Q10990, http://www.wikidata.org/entity/Q183366","4.845555555555555","43.33083333333333","2.0","47.0"
"Challenges","The poultry farming VC is a good example of a production adapted to climate change condition (water scarcity). Farmers are currently converting to this production with a local marketing strategy in order to answer local and national demand for poultry products. This developpement strategy is carried out by farmers and cooperative actors. Overall the type of challenge faced by this VC is Current. This VC is classified as Innovative.","poultry, water, scarcity, marketing, strategy, demand","http://www.wikidata.org/entity/Q178559, http://www.wikidata.org/entity/Q283, http://www.wikidata.org/entity/Q815758, http://www.wikidata.org/entity/Q39809, http://www.wikidata.org/entity/Q185451, http://www.wikidata.org/entity/Q4402708","2.0271520052209318","46.90843856182336","2.0","47.0"
"Innovation","The type of innovation of this VC is Endogenous. Poultry farming integrated in cooperative model is innovative as it allows farmers to produce with a granted incomes, with shared cultural technics and tools and shared vision of the marketing strategies corresponding to local demand. The innovation is related to New processes, New marketing strategies and New governance systems. The land use systems involved are Cropland. The local assets include Natural and social.","poultry, innovation, marketing, demand, governance","http://www.wikidata.org/entity/Q178559, http://www.wikidata.org/entity/Q174165, http://www.wikidata.org/entity/Q39809, http://www.wikidata.org/entity/Q4402708, http://www.wikidata.org/entity/Q1553864","2.04498150857641","47.084378924160376","2.0","47.0"
"Geography and population","The size of the area (km2) is 2200. The minimum altimetry of the LAU is 50. The maximum altimetry of the LAU is 2453. The total population (in thousand) is 58.56. The population density (Inhabitants/km2) in the LAU is 42.3. The population change rate of the LAU in the last 10 years (%) has been 1%. The overall regional population density (Inhabitants/km2) is unspecified. The regional population change rate in the last 10 years (%) has been 0.6%.","population density","http://www.wikidata.org/entity/Q22856","1.911270702179993","46.97929136964147","2.0","47.0"
"Income and gross value added","The average per capita income (EUR/year) [NUTS3] is 21100. The total Gross Value Added (GVA) (EUR million/year) [NUTS3] is 14532.49. The primary sector share of total GVA/year [NUTS3] is 1.70%. The secondary sector share of total GVA/year [NUTS3] is 20.30%. The tertiary sector share of total GVA/year [NUTS3] is 77.80%. The per capita income (EUR/year) [NUTS2] is 32799. The total Gross Value Added (GVA) (EUR million/year) [NUTS2] is 242040. The primary sector share of total GVA/year [NUTS2] is 1.00%. The secondary sector share of total GVA/year [NUTS2] is 24.70%. The tertiary sector share of total GVA/year [NUTS2] is 74.30%.","gross value added, per capita income, year","http://www.wikidata.org/entity/Q994873, http://www.wikidata.org/entity/Q45918, http://www.wikidata.org/entity/Q577","2.0283093462253916","47.046301237430654","2.0","47.0"
"Tourism","The total number of bed places (BPs) in tourist accommodations/year in the LAU is 56167. The regional (NUTS2) share of total BPs/year is 37%. The number of agricultural holdings in the LAU is 6400. The nearest settlement with population over 100000 (km) is 115. In this region protected areas are present.","number, bed, year","http://www.wikidata.org/entity/Q11563, http://www.wikidata.org/entity/Q42177, http://www.wikidata.org/entity/Q577","2.0506976791444256","46.94965673924633","2.0","47.0"
"Employment","The primary sector share of total employment/year [NUTS3] is 2.20%. The secondary sector share of total employment/year [NUTS3] is 24.60%. The tertiary sector share of total employment/year [NUTS3] is 71.50%. The primary sector share of total employment/year [NUTS2] is 2.10%. The secondary sector share of total employment/year [NUTS2] is 21.80%. The tertiary sector share of total employment/year [NUTS2] is 76.10%.","employment, year","http://www.wikidata.org/entity/Q656365, http://www.wikidata.org/entity/Q577","2.051346761649438","47.053307307175125","2.0","47.0"
"Concluding remarks","","","","2.079923699239758","46.99376585850455","2.0","47.0"
