title,description,objects,objectlinks,lon,lat,barycenter_lon,barycenter_lat
"Dry cold meats NON -PDO, Ficatelli, sausages and pieces","The MOVING reference member state of this VC is FRANCE INRAE. The reference MOVING Card ID of this VC is VC 06 FR. A not very active union gathers the firms. Due to a demanding market and the absence of production and trade rules, the activity is governed by the summer and export markets. The 'SES' are not mobilized as productive resources but they receive the nuisances of an activity with high emissions and carbon footprint (effluents, transport, etc.) for a variable impact on employment (training, job security, remuneration). The question is how to developp other value chains based on the mountain CV reputation ? Wich conditions and environementals rules ?.","france","http://www.wikidata.org/entity/Q142","2.0","47.0","2.0","47.0"
"Interest on this VC","Pork meat products made by big firms with imported raw material from lean pigs, destinated to European market. One part of them benefits of PGI since 2019. This value chain is part of a greater value: the reputation of 'Corsican charcuterie'. Can the reputation of a traditional mountain product be the object of a value chain shared with other actors of the larg sector (external or internal to the mountain)? What are the conditions of this sharing? The interest of this value chain is to analyze the coexistence of activities mobilizing a reputation value considered unique but having very different possible and negative impacts on 'SES'. The case expresses the relationships between value chains associated with mountain production and the local economy (non-mountain). Is it possible to design connections and under what conditions ? How do you think about sharing a reputation that originates from the mountains areas with other neighboring areas?.","value chain, charcuterie, mountain, sharing, interest, economy","http://www.wikidata.org/entity/Q646107, http://www.wikidata.org/entity/Q260568, http://www.wikidata.org/entity/Q8502, http://www.wikidata.org/entity/Q459221, http://www.wikidata.org/entity/Q170924, http://www.wikidata.org/entity/Q159810","9.115374706915883","42.23454982135466","2.0","47.0"
"Mountain landscape and reference chains","The reference mountain chain of this VC is Corsican moutains. The reference mountain landscape of this VC is Corsica. The value chain concerns all the corsican region because of the homogeneity of resources, driving skills, local breed and PDO products.","reference, mountain, landscape, corsica, value chain","http://www.wikidata.org/entity/Q121769, http://www.wikidata.org/entity/Q8502, http://www.wikidata.org/entity/Q107425, http://www.wikidata.org/entity/Q14112, http://www.wikidata.org/entity/Q646107","9.083333333333334","42.15","2.0","47.0"
"Key local assets","The assets are the réputation and the know-how of transformation into spécific charcuterie and a strong demand market. LAU is unspecified","charcuterie, demand","http://www.wikidata.org/entity/Q260568, http://www.wikidata.org/entity/Q4402708","9.037578414466504","42.08088732979673","2.0","47.0"
"Challenges","The challenge for the sector is to link up with local breeders who supply meat adapted to the needs of mid-range deli meats and to link this production to local resources (acorns, cereals, other agricultural and agri-food resources). It responds to another issue of controlling costs and prices in an eco-conditionality situation (food inputs, effluents, etc.). Benchmarking issue towards production systems of the Italian 'suino pesante' type. Overall the type of challenge faced by this VC is Current and Predicted. This VC is classified as Traditional and Innovative.","food","http://www.wikidata.org/entity/Q2095","9.156113855274596","42.107998160640435","2.0","47.0"
"Innovation","The type of innovation of this VC is Endogenous and Exogenous. This is a socio-technical innovation absent from Corsica: - new ways of raising animals (' suino pesante type') to provide meat suitable for dry sausages. - search for a form of organization and management to extend the sharing of the value resulting from the reputation of mountain productions to other players in the region.learning experiences and knowledge capital stocks existing in the area/region. The innovation is related to New products, New marketing strategies and New governance systems. The land use systems involved are mountain product reputatio. The local assets include Cultural.","innovation, corsica, pesante, meat, organization, management, sharing, mountain, knowledge, stocks, marketing, governance","http://www.wikidata.org/entity/Q174165, http://www.wikidata.org/entity/Q14112, http://www.wikidata.org/entity/Q7171326, http://www.wikidata.org/entity/Q10990, http://www.wikidata.org/entity/Q43229, http://www.wikidata.org/entity/Q2920921, http://www.wikidata.org/entity/Q459221, http://www.wikidata.org/entity/Q8502, http://www.wikidata.org/entity/Q9081, http://www.wikidata.org/entity/Q1484064, http://www.wikidata.org/entity/Q39809, http://www.wikidata.org/entity/Q1553864","9.083333333333334","42.15","2.0","47.0"
"Geography and population","The size of the area (km2) is 8722. The minimum altimetry of the LAU is 0. The maximum altimetry of the LAU is 2706. The total population (in thousand) is 0.334. The population density (Inhabitants/km2) in the LAU is 38.6. The population change rate of the LAU in the last 10 years (%) has been 1.10%. The overall regional population density (Inhabitants/km2) is 38.6. The regional population change rate in the last 10 years (%) has been 1.10%.","population density","http://www.wikidata.org/entity/Q22856","9.001607235769118","42.14614825597207","2.0","47.0"
"Income and gross value added","The average per capita income (EUR/year) [NUTS3] is 25400. The total Gross Value Added (GVA) (EUR million/year) [NUTS3] is 8034.12. The primary sector share of total GVA/year [NUTS3] is unspecified. The secondary sector share of total GVA/year [NUTS3] is unspecified. The tertiary sector share of total GVA/year [NUTS3] is unspecified. The per capita income (EUR/year) [NUTS2] is 25400. The total Gross Value Added (GVA) (EUR million/year) [NUTS2] is 8034.12. The primary sector share of total GVA/year [NUTS2] is unspecified. The secondary sector share of total GVA/year [NUTS2] is unspecified. The tertiary sector share of total GVA/year [NUTS2] is unspecified.","gross value added, per capita income, year","http://www.wikidata.org/entity/Q994873, http://www.wikidata.org/entity/Q45918, http://www.wikidata.org/entity/Q577","9.127495060512466","42.13936286312094","2.0","47.0"
"Tourism","The total number of bed places (BPs) in tourist accommodations/year in the LAU is unspecified. The regional (NUTS2) share of total BPs/year is unspecified. The number of agricultural holdings in the LAU is 2626. The nearest settlement with population over 100000 (km) is 333. In this region protected areas are present.","number, bed, year","http://www.wikidata.org/entity/Q11563, http://www.wikidata.org/entity/Q42177, http://www.wikidata.org/entity/Q577","8.991774607726898","42.21770879300798","2.0","47.0"
"Employment","The primary sector share of total employment/year [NUTS3] is unspecified. The secondary sector share of total employment/year [NUTS3] is unspecified. The tertiary sector share of total employment/year [NUTS3] is unspecified. The primary sector share of total employment/year [NUTS2] is 0.036. The secondary sector share of total employment/year [NUTS2] is 0.162. The tertiary sector share of total employment/year [NUTS2] is 0.802.","employment, year","http://www.wikidata.org/entity/Q656365, http://www.wikidata.org/entity/Q577","9.173780011350797","42.07423466129265","2.0","47.0"
"Concluding remarks","Possible source of inspiration for farming methods and organization of the coordination of 'sectors' between breeders and firms in the sector: - of the 'Suino pesante' type (12-month-old pigs and cereals) - type 'Cerdo de la dehessa estremadura' ('bellota and pienso') To be considered at the scale of a small island economy.","organization, pesante, month, bellota, island, economy","http://www.wikidata.org/entity/Q43229, http://www.wikidata.org/entity/Q7171326, http://www.wikidata.org/entity/Q5151, http://www.wikidata.org/entity/Q295258, http://www.wikidata.org/entity/Q23442, http://www.wikidata.org/entity/Q159810","9.082000507645079","42.06811806595609","2.0","47.0"
