title,description,objects,objectlinks,lon,lat,barycenter_lon,barycenter_lat
"honey - Miels de Corse-Mele di Corsica - PDO","The MOVING reference member state of this VC is FRANCE INRAE. The reference MOVING Card ID of this VC is VC 07 FR. The beekeeping activity is guided by the body responsible for managing the PDO. But other organizations bring together other professional and non-professional beekeepers outside the PDO. Which have different visions of the profession and management systems. A major challenge is to design public action adressed to the activity for the services provided by beekeeping to the environment and the damage it suffers due to the weakening of resources and the production of honey.However, the value of Corsican honeys is linked to the range of PDO honeys and therefore to the preservation of the diversity of natural environments today weakened by climate change.","france, damage, honey","http://www.wikidata.org/entity/Q142, http://www.wikidata.org/entity/Q481609, http://www.wikidata.org/entity/Q10987","2.0","47.0","2.0","47.0"
"Interest on this VC","The fame of Corsican honey is old but its contemporary reputation results from the professionalization of the activity since 1980 and subsequently from a recognition consecrated by obtaining a PDO in 1998. The PDO brings together six honeys, four of which are produced from the spontaneous flora of the maquis. Except in winter, which is the season during which bee colonies rest, there is one honeydew per season. The definition of honey and its controls are based upon its taste and pollen analyzes, reflecting the foraging areas (heather, asphodel, lavender, broom, oaks, anthilli, thyme, etc.). The value of honey is very directly linked to the management of apiaries in a set of varied environments exposed to climate change. The location of the apiaries is strategic for the production of different honeys, especially those located in the mountains. The value is therefore dependent on the melifer and pollen potential of the foraging areas and the ability of beekeepers to choose the right locations.","honey, professionalization, flora, definition, taste, pollen, broom, thyme, management, potential","http://www.wikidata.org/entity/Q10987, http://www.wikidata.org/entity/Q355523, http://www.wikidata.org/entity/Q131449, http://www.wikidata.org/entity/Q101072, http://www.wikidata.org/entity/Q124794, http://www.wikidata.org/entity/Q79932, http://www.wikidata.org/entity/Q172833, http://www.wikidata.org/entity/Q3215980, http://www.wikidata.org/entity/Q2920921, http://www.wikidata.org/entity/Q1202245","24.893333333333334","35.30972222222222","2.0","47.0"
"Mountain landscape and reference chains","The reference mountain chain of this VC is Corsican moutains. The reference mountain landscape of this VC is Corsica. The value chain concerns all the corsican region because of the mobility of apiaries from littoral to medium and high mountain in the same way.the production of chestnut honey is widespread and requires a stay of 1 to 2 months in mid-mountain areas, often near villages.","reference, mountain, landscape, corsica, value chain, honey","http://www.wikidata.org/entity/Q121769, http://www.wikidata.org/entity/Q8502, http://www.wikidata.org/entity/Q107425, http://www.wikidata.org/entity/Q14112, http://www.wikidata.org/entity/Q646107, http://www.wikidata.org/entity/Q10987","9.083333333333334","42.15","2.0","47.0"
"Key local assets","Know-how and control of the management of apiaries within complex and varied ecosystems (vegetation and altitude). Variety of the couple honey / natural production site integrated into the VC. Control of honeydew in spontaneous vegetation by Corsican beekeepers. LAU is unspecified","management, vegetation, altitude","http://www.wikidata.org/entity/Q2920921, http://www.wikidata.org/entity/Q187997, http://www.wikidata.org/entity/Q190200","19.0","47.0","2.0","47.0"
"Challenges","The weak industrialization of Corsica and the way in which apiaries are managed, which use several layers of vegetation, are the assets. They also show as many dependencies to the local environment as there are types of vegetations/forageing areas, and as many potential vulnerabilities. Overall the type of challenge faced by this VC is Current and Predicted. This VC is classified as Traditional and Innovative.","corsica","http://www.wikidata.org/entity/Q14112","9.083333333333334","42.15","2.0","47.0"
"Innovation","The type of innovation of this VC is Endogenous and Exogenous. However, global warming is modifying production cycles and honey flow. Beekeepers are forced to practice transhumance and often to breed queens to face news challenges.The sharp drop in production leads beekeepers to borrow breeding techniques, especially breeding queens, and to resort to feeding practices. The challenge is to continue to produce each of the honeys in the PDO range, in particular summer honeys - in decline due to drought and access to the mountains - and chestnut groves affected by cynips disease and drought . The innovation is related to New products, New marketing strategies and New governance systems. The land use systems involved are Natural land. The local assets include Natural.","innovation, transhumance, cynips, marketing, governance","http://www.wikidata.org/entity/Q174165, http://www.wikidata.org/entity/Q4657754, http://www.wikidata.org/entity/Q147252, http://www.wikidata.org/entity/Q39809, http://www.wikidata.org/entity/Q1553864","12.5","42.5","2.0","47.0"
"Geography and population","The size of the area (km2) is 8722. The minimum altimetry of the LAU is 0. The maximum altimetry of the LAU is 2706. The total population (in thousand) is 0.334. The population density (Inhabitants/km2) in the LAU is 38.6. The population change rate of the LAU in the last 10 years (%) has been 1.10%. The overall regional population density (Inhabitants/km2) is 38.6. The regional population change rate in the last 10 years (%) has been 1.10%.","population density","http://www.wikidata.org/entity/Q22856","16.0","50.0","2.0","47.0"
"Income and gross value added","The average per capita income (EUR/year) [NUTS3] is 25400. The total Gross Value Added (GVA) (EUR million/year) [NUTS3] is 8034.12. The primary sector share of total GVA/year [NUTS3] is unspecified. The secondary sector share of total GVA/year [NUTS3] is unspecified. The tertiary sector share of total GVA/year [NUTS3] is unspecified. The per capita income (EUR/year) [NUTS2] is 25400. The total Gross Value Added (GVA) (EUR million/year) [NUTS2] is 8034.12. The primary sector share of total GVA/year [NUTS2] is unspecified. The secondary sector share of total GVA/year [NUTS2] is unspecified. The tertiary sector share of total GVA/year [NUTS2] is unspecified.","gross value added, per capita income, year","http://www.wikidata.org/entity/Q994873, http://www.wikidata.org/entity/Q45918, http://www.wikidata.org/entity/Q577","9.148632610894213","42.194778287088354","2.0","47.0"
"Tourism","The total number of bed places (BPs) in tourist accommodations/year in the LAU is unspecified. The regional (NUTS2) share of total BPs/year is unspecified. The number of agricultural holdings in the LAU is 2626. The nearest settlement with population over 100000 (km) is 333. In this region protected areas are present.","number, bed, year","http://www.wikidata.org/entity/Q11563, http://www.wikidata.org/entity/Q42177, http://www.wikidata.org/entity/Q577","9.064984698622814","42.137721733303735","2.0","47.0"
"Employment","The primary sector share of total employment/year [NUTS3] is unspecified. The secondary sector share of total employment/year [NUTS3] is unspecified. The tertiary sector share of total employment/year [NUTS3] is unspecified. The primary sector share of total employment/year [NUTS2] is 0.036. The secondary sector share of total employment/year [NUTS2] is 0.162. The tertiary sector share of total employment/year [NUTS2] is 0.802.","employment, year","http://www.wikidata.org/entity/Q656365, http://www.wikidata.org/entity/Q577","9.133742377896985","42.1229978045706","2.0","47.0"
"Concluding remarks","It is present in every MRLs : Austria, Czech republic, Crete, Hungary, Italy, North Macedonia.","austria, crete, hungary, italy, czech republic, north","http://www.wikidata.org/entity/Q40, http://www.wikidata.org/entity/Q34374, http://www.wikidata.org/entity/Q28, http://www.wikidata.org/entity/Q38, http://www.wikidata.org/entity/Q213, http://www.wikidata.org/entity/Q659","14.0","48.0","2.0","47.0"
