title,description,objects,objectlinks,lon,lat,barycenter_lon,barycenter_lat
"Unedo arbutus honey-PDO","The MOVING reference member state of this VC is FRANCE INRAE. The reference MOVING Card ID of this VC is VC 08 FR. Autumn honey is made almost exclusively from arbutus unedo honey. Its strongly bitter taste characteristic distinguishes it very easily from other honeys in the range. Its market value is ambivalent and varies according to the regions of Europe and according to consumption habits. It is very popular in Italy, especially in Sardinia, while it is the least sold of the PDO range in Corsica and France. It is sought after by 'connoisseurs' and rejected by irregular consumers. Its consumption with a spoon is also different. Maintaining and stabilizing value is dependent on both arbutus stands and contrasting consumption habits in Europe.","europe, italy, corsica, france, reference, taste, sardinia","http://www.wikidata.org/entity/Q46, http://www.wikidata.org/entity/Q38, http://www.wikidata.org/entity/Q14112, http://www.wikidata.org/entity/Q142, http://www.wikidata.org/entity/Q121769, http://www.wikidata.org/entity/Q124794, http://www.wikidata.org/entity/Q1462","9.14062","48.690958888888886","2.0","47.0"
"Interest on this VC","The fame of Corsican honey is old but its contemporary reputation results from the professionalization of the activity since 1980 and subsequently from a recognition consecrated by obtaining a PDO in 1998. The PDO brings together six honeys. Among the 6 honeys, the autumn maquis honey in the range is dependent on arbutus unedo stands. The value of this honey differs from others in the PDO range because it is dependent on both the preservation of arbutus unedo stands and the maintenance (or development) of consumption habits for bitter honey.","honey, professionalization, autumn, arbutus","http://www.wikidata.org/entity/Q10987, http://www.wikidata.org/entity/Q355523, http://www.wikidata.org/entity/Q1314, http://www.wikidata.org/entity/Q430057","12.5","42.5","2.0","47.0"
"Mountain landscape and reference chains","The reference mountain chain of this VC is Corsican moutains. The reference mountain landscape of this VC is Corsica. The value chain concerns all the corsican region because of the mobility of apiaries from littoral to medium and high mountain in the same way.the production of chestnut honey is widespread and requires a stay of 1 to 2 months in mid-mountain areas, often near villages.","reference, mountain, landscape, corsica, value chain, honey","http://www.wikidata.org/entity/Q121769, http://www.wikidata.org/entity/Q8502, http://www.wikidata.org/entity/Q107425, http://www.wikidata.org/entity/Q14112, http://www.wikidata.org/entity/Q646107, http://www.wikidata.org/entity/Q10987","9.083333333333334","42.15","2.0","47.0"
"Key local assets","Know-how and control of the management of apiaries within complex and varied ecosystems (vegetation and altitude). Variety of the couple honey / natural production site integrated into the VC. Control of honeydew in spontaneous vegetation by Corsican beekeepers. LAU is unspecified","management, vegetation, altitude","http://www.wikidata.org/entity/Q2920921, http://www.wikidata.org/entity/Q187997, http://www.wikidata.org/entity/Q190200","2.0","47.0","2.0","47.0"
"Challenges","the challenge is to continue producing this honey and to promote it in order to preserve both the enhancement and balance of the PDO range and the preservation of arbutus unedo stands subject to fires and particularly vulnerable to increasing drought linked to global warming. Overall the type of challenge faced by this VC is Current. This VC is classified as Traditional and Innovative.","honey, drought","http://www.wikidata.org/entity/Q10987, http://www.wikidata.org/entity/Q43059","9.0","40.0","2.0","47.0"
"Innovation","The type of innovation of this VC is Endogenous and Exogenous. The innovation consists of designing a marketing strategy aimed at associating the promotion of honey with a public of European connoisseurs and the preservation of unedo arbutus stands for which there has been a decrease in the Mediterranean areas due to fires and increasing drought. The innovation is related to New products, New marketing strategies and New governance systems. The land use systems involved are Natural land. The local assets include Natural.","innovation, marketing, strategy, honey, public, arbutus, drought, governance","http://www.wikidata.org/entity/Q174165, http://www.wikidata.org/entity/Q39809, http://www.wikidata.org/entity/Q185451, http://www.wikidata.org/entity/Q10987, http://www.wikidata.org/entity/Q2388316, http://www.wikidata.org/entity/Q430057, http://www.wikidata.org/entity/Q43059, http://www.wikidata.org/entity/Q1553864","19.0","47.0","2.0","47.0"
"Geography and population","The size of the area (km2) is 8722. The minimum altimetry of the LAU is 0. The maximum altimetry of the LAU is 2706. The total population (in thousand) is 0.334. The population density (Inhabitants/km2) in the LAU is 38.6. The population change rate of the LAU in the last 10 years (%) has been 1.10%. The overall regional population density (Inhabitants/km2) is 38.6. The regional population change rate in the last 10 years (%) has been 1.10%.","population density","http://www.wikidata.org/entity/Q22856","16.0","50.0","2.0","47.0"
"Income and gross value added","The average per capita income (EUR/year) [NUTS3] is 25400. The total Gross Value Added (GVA) (EUR million/year) [NUTS3] is 8034.12. The primary sector share of total GVA/year [NUTS3] is unspecified. The secondary sector share of total GVA/year [NUTS3] is unspecified. The tertiary sector share of total GVA/year [NUTS3] is unspecified. The per capita income (EUR/year) [NUTS2] is 25400. The total Gross Value Added (GVA) (EUR million/year) [NUTS2] is 8034.12. The primary sector share of total GVA/year [NUTS2] is unspecified. The secondary sector share of total GVA/year [NUTS2] is unspecified. The tertiary sector share of total GVA/year [NUTS2] is unspecified.","gross value added, per capita income, year","http://www.wikidata.org/entity/Q994873, http://www.wikidata.org/entity/Q45918, http://www.wikidata.org/entity/Q577","12.571281440509305","42.400584050246124","2.0","47.0"
"Tourism","The total number of bed places (BPs) in tourist accommodations/year in the LAU is unspecified. The regional (NUTS2) share of total BPs/year is unspecified. The number of agricultural holdings in the LAU is 2626. The nearest settlement with population over 100000 (km) is 333. In this region protected areas are present.","number, bed, year","http://www.wikidata.org/entity/Q11563, http://www.wikidata.org/entity/Q42177, http://www.wikidata.org/entity/Q577","12.535179899359845","42.48492943575248","2.0","47.0"
"Employment","The primary sector share of total employment/year [NUTS3] is unspecified. The secondary sector share of total employment/year [NUTS3] is unspecified. The tertiary sector share of total employment/year [NUTS3] is unspecified. The primary sector share of total employment/year [NUTS2] is 0.036. The secondary sector share of total employment/year [NUTS2] is 0.162. The tertiary sector share of total employment/year [NUTS2] is 0.802.","employment, year","http://www.wikidata.org/entity/Q656365, http://www.wikidata.org/entity/Q577","12.517407149305123","42.41992735608101","2.0","47.0"
"Concluding remarks","It is present in every MRLs : Austria, Czech republic, Crete, Hungary, Italy, North Macedonia.","austria, crete, hungary, italy, czech republic, north","http://www.wikidata.org/entity/Q40, http://www.wikidata.org/entity/Q34374, http://www.wikidata.org/entity/Q28, http://www.wikidata.org/entity/Q38, http://www.wikidata.org/entity/Q213, http://www.wikidata.org/entity/Q659","14.0","48.0","2.0","47.0"
