title,description,objects,objectlinks,lon,lat,barycenter_lon,barycenter_lat
"Corsican Milk Kid","The MOVING reference member state of this VC is FRANCE INRAE. The reference MOVING Card ID of this VC is VC 12 FR. Milk Kid is seasonnaly produced, mostly for Christmas, by approximatively 200 farmers. An association of farmers intervene for slaughtering the animals and corresponding logistics. There are different circuits for selling the carcasses : direct selling from farmers, butchers' shop, ..","france, direct selling","http://www.wikidata.org/entity/Q142, http://www.wikidata.org/entity/Q962382","2.0","47.0","2.0","47.0"
"Interest on this VC","high reputation products, coexistence between mountainous area and plains, competing access to milk (for processing or feeding the kid), strategy of localisation and contribution to villages vividness, resources linked to pastoral breeding (breeds, feeding species) and their associated know-how are diminushing, traditionnal dishes and local culinary heritage are diminushing as well. With modernization, milk kids have been a growing issue for dairy producers. They specialized in producing milk and they do not know what to do with kids. Local culinary uses have been diminushing, contributing to restraining the local markets and diminushing the added value obtained from one animal. Local farmers are looking for levers to improve this situation. local at the SES level and from the point of view of consumers and intermediate profession (butcher shops) could provide new insight.","strategy, species, animal, profession, butcher, insight","http://www.wikidata.org/entity/Q185451, http://www.wikidata.org/entity/Q7432, http://www.wikidata.org/entity/Q729, http://www.wikidata.org/entity/Q28640, http://www.wikidata.org/entity/Q329737, http://www.wikidata.org/entity/Q1553259","-9.183333333333334","38.7","2.0","47.0"
"Mountain landscape and reference chains","The reference mountain chain of this VC is Corsican moutains. The reference mountain landscape of this VC is Corsica. Corsica is an island in the sea. It presents a great diversity of landscapes: plains, hillsides, deap and steep valleys Small ruminant farming has long been a transhumant activity, occupying all the region. For the past decades, farmers have settled, in the plains and hillsides. Some of them keep on using mountain pastures during Summer. They are scattered within the region, with no remarkable specialised sub-region.","reference, mountain, landscape, corsica, ruminant, summer","http://www.wikidata.org/entity/Q121769, http://www.wikidata.org/entity/Q8502, http://www.wikidata.org/entity/Q107425, http://www.wikidata.org/entity/Q14112, http://www.wikidata.org/entity/Q842175, http://www.wikidata.org/entity/Q1313","9.083333333333334","42.15","2.0","47.0"
"Key local assets","pastoral systems benefit from a long history using natural resources and leaving traces in the landscape. Somehow, Nature is considered without husbandry, especially in Corsica.It has been competing with other uses of landscape (tourism, natural parcs, leisure..). Cultural heritage is eroding and new values have arisen concerning animal welfare, putting animal slaughtering into a new perspective. LAU is unspecified","corsica, animal welfare","http://www.wikidata.org/entity/Q14112, http://www.wikidata.org/entity/Q459426","9.083333333333334","42.15","2.0","47.0"
"Challenges","to (re)assemble resources that have been built and transmitted in the territory (breeds, feeding species.. ), especially to reconect intertwinned activities (milk lamb and dairy production) that have been set appart with agriculture modernization and specialization. To reconnect food production with food uses (cooking, eating habits, etc.). Overall the type of challenge faced by this VC is Current. This VC is classified as Traditional.","milk, dairy, agriculture, modernization, food","http://www.wikidata.org/entity/Q8495, http://www.wikidata.org/entity/Q637776, http://www.wikidata.org/entity/Q11451, http://www.wikidata.org/entity/Q878526, http://www.wikidata.org/entity/Q2095","1.9010354601204345","47.08631653112619","2.0","47.0"
"Innovation","The type of innovation of this VC is unspecified. The innovation is related to the whole VC. The land use systems involved are Grassland. The local assets include Natural and cultural.","innovation, grassland","http://www.wikidata.org/entity/Q174165, http://www.wikidata.org/entity/Q1006733","1.9506436725844665","47.09535589731172","2.0","47.0"
"Geography and population","The size of the area (km2) is 8722. The minimum altimetry of the LAU is 0. The maximum altimetry of the LAU is 2706. The total population (in thousand) is 0.334. The population density (Inhabitants/km2) in the LAU is 38.6. The population change rate of the LAU in the last 10 years (%) has been 1.10%. The overall regional population density (Inhabitants/km2) is 38.6. The regional population change rate in the last 10 years (%) has been 1.10%.","population density","http://www.wikidata.org/entity/Q22856","1.9884264932959232","47.054700991709424","2.0","47.0"
"Income and gross value added","The average per capita income (EUR/year) [NUTS3] is 25400. The total Gross Value Added (GVA) (EUR million/year) [NUTS3] is 8034.12. The primary sector share of total GVA/year [NUTS3] is unspecified. The secondary sector share of total GVA/year [NUTS3] is unspecified. The tertiary sector share of total GVA/year [NUTS3] is unspecified. The per capita income (EUR/year) [NUTS2] is 25400. The total Gross Value Added (GVA) (EUR million/year) [NUTS2] is 8034.12. The primary sector share of total GVA/year [NUTS2] is unspecified. The secondary sector share of total GVA/year [NUTS2] is unspecified. The tertiary sector share of total GVA/year [NUTS2] is unspecified.","gross value added, per capita income, year","http://www.wikidata.org/entity/Q994873, http://www.wikidata.org/entity/Q45918, http://www.wikidata.org/entity/Q577","2.087230254473238","47.03671981722954","2.0","47.0"
"Tourism","The total number of bed places (BPs) in tourist accommodations/year in the LAU is unspecified. The regional (NUTS2) share of total BPs/year is unspecified. The number of agricultural holdings in the LAU is 2626. The nearest settlement with population over 100000 (km) is 333. In this region protected areas are present.","number, bed, year","http://www.wikidata.org/entity/Q11563, http://www.wikidata.org/entity/Q42177, http://www.wikidata.org/entity/Q577","1.9645278195701548","46.967509363377445","2.0","47.0"
"Employment","The primary sector share of total employment/year [NUTS3] is unspecified. The secondary sector share of total employment/year [NUTS3] is unspecified. The tertiary sector share of total employment/year [NUTS3] is unspecified. The primary sector share of total employment/year [NUTS2] is 0.036. The secondary sector share of total employment/year [NUTS2] is 0.162. The tertiary sector share of total employment/year [NUTS2] is 0.802.","employment, year","http://www.wikidata.org/entity/Q656365, http://www.wikidata.org/entity/Q577","2.034622593219537","47.093664863310885","2.0","47.0"
"Concluding remarks","The VC is rare in the current list. It is also present in other mountains of France (Alps, CCVD) where similar issues have been rising. Comparaison with production of Kid that is dedicated to meat (Portugal) might also been interesting regarding the use of resources linked with specialization.","france, alps, portugal","http://www.wikidata.org/entity/Q142, http://www.wikidata.org/entity/Q1286, http://www.wikidata.org/entity/Q45","10.0","46.0","2.0","47.0"
