title,description,objects,objectlinks,lon,lat,barycenter_lon,barycenter_lat
"Vitellu Corsu - Veau Corse","The MOVING reference member state of this VC is FRANCE INRAE. The reference MOVING Card ID of this VC is VC 13 FR. There are 1000 cattle farms, owning 60 000 animals among which 35 000 cows. 12 000 animals are slaughtered every year, in 3 slaughtering houses (Ajaccio, Ponte Leccia, Porto Vecchio). The Corsican Breed is recognized since 2013 and managed by an agricultural organisation (Chambre d'agriculture). Farmers have organized locally to improve their marketing strategy: vitellu corsu, Carne Niulinca, etc. The regional association promoting organic agriculture (Interbio) is also a strong stakeholder, contributing to federate 14 farmers for direct selling. Plus, organic farming have grown from 42 to 83 farms in 2 years (2016-2018).","france, cattle, ajaccio, ponte leccia, direct selling","http://www.wikidata.org/entity/Q142, http://www.wikidata.org/entity/Q830, http://www.wikidata.org/entity/Q40104, http://www.wikidata.org/entity/Q3907982, http://www.wikidata.org/entity/Q962382","2.0","47.0","2.0","47.0"
"Interest on this VC","Low reputation products, negative reputation linked to this activity, coexistence between mountainous area and plains, strategy of localisation and contribution to villages vividness, competing access to land against other animal husbandry (dairy goat and dairy ewe). Organizing their production, farmers are claiming a right to farm cattle, to gain a revenue from their activity and to exist in rural areas. They are willing to improve cattle farming reputation from extensive and exclusive use of landscape to a legitimate activity, coexisting with more traditional productions such as dairy husbandry or pork-meat production.They struggle in finding an efficient strategy of valorization : which type of animal to slaughter and sell ? Calf, young beef ? Moreover, technical references have long been produced on grazing cattle. What about cattle farmed in natural lands like in Corsica ?.","strategy, animal husbandry, dairy, cattle, corsica","http://www.wikidata.org/entity/Q185451, http://www.wikidata.org/entity/Q80962, http://www.wikidata.org/entity/Q637776, http://www.wikidata.org/entity/Q830, http://www.wikidata.org/entity/Q14112","9.083333333333334","42.15","2.0","47.0"
"Mountain landscape and reference chains","The reference mountain chain of this VC is Corsican moutains. The reference mountain landscape of this VC is Corsica. Corsica is an island in the sea. It presents a great diversity of landscapes: plains, hillsides, deap and steep valleys Cattle farms are scattered within the region, with no remarkable specialised sub-region.","reference, mountain, landscape, corsica, island, sea","http://www.wikidata.org/entity/Q121769, http://www.wikidata.org/entity/Q8502, http://www.wikidata.org/entity/Q107425, http://www.wikidata.org/entity/Q14112, http://www.wikidata.org/entity/Q23442, http://www.wikidata.org/entity/Q165","9.083333333333334","42.15","2.0","47.0"
"Key local assets","pastoral systems benefit from a long history using natural resources and leaving traces in the landscape. Somehow, Nature is considered without husbandry, especially in Corsica.It has been competing with other uses of landscape (tourism, natural parcs, leisure..). Cows are largely part of that Nature, being present in schrubs and summer pastures. This leads to permeable representations between domestic animals and wild ones. LAU is unspecified","nature, corsica, summer","http://www.wikidata.org/entity/Q7860, http://www.wikidata.org/entity/Q14112, http://www.wikidata.org/entity/Q1313","9.083333333333334","42.15","2.0","47.0"
"Challenges","To organize and to find conditions for durably coexisting with other activities, especially in mountainous areas. Overall the type of challenge faced by this VC is Current. This VC is classified as Innovative.","","","8.73638888888889","41.925555555555555","2.0","47.0"
"Innovation","The type of innovation of this VC is Endogenous. corsican inhabitants have always own cattle for farm labour. With the implementation of the european agricultural policy, more espacially subsidies linked to mountainous areas, farmers have bought and declared more and more animals, which has been considered as a deviance mixing accusations of large frauds and issues of animal divagation.for one or two decades, a part of the cattle farmers have tried to organize their production and to add value to it. They sell young beef, manzu. They mostly act individually or organize at a local level (association of less than 20 farmers) in order to sell their produce locally. Organic label has been growing as well. The innovation is related to New products, New marketing strategies and New governance systems. The land use systems involved are Grassland, Forestry and Natural land. The local assets include Natural and cultural.","innovation, cattle, implementation, policy, beef, produce, marketing, governance, grassland","http://www.wikidata.org/entity/Q174165, http://www.wikidata.org/entity/Q830, http://www.wikidata.org/entity/Q245962, http://www.wikidata.org/entity/Q1156854, http://www.wikidata.org/entity/Q192628, http://www.wikidata.org/entity/Q1913301, http://www.wikidata.org/entity/Q39809, http://www.wikidata.org/entity/Q1553864, http://www.wikidata.org/entity/Q1006733","9.300277777777778","42.43611111111111","2.0","47.0"
"Geography and population","The size of the area (km2) is 8722. The minimum altimetry of the LAU is 0. The maximum altimetry of the LAU is 2706. The total population (in thousand) is 0.334. The population density (Inhabitants/km2) in the LAU is 38.6. The population change rate of the LAU in the last 10 years (%) has been 1.10%. The overall regional population density (Inhabitants/km2) is 38.6. The regional population change rate in the last 10 years (%) has been 1.10%.","population density","http://www.wikidata.org/entity/Q22856","9.039871127863446","42.21503656515802","2.0","47.0"
"Income and gross value added","The average per capita income (EUR/year) [NUTS3] is 25400. The total Gross Value Added (GVA) (EUR million/year) [NUTS3] is 8034.12. The primary sector share of total GVA/year [NUTS3] is unspecified. The secondary sector share of total GVA/year [NUTS3] is unspecified. The tertiary sector share of total GVA/year [NUTS3] is unspecified. The per capita income (EUR/year) [NUTS2] is 25400. The total Gross Value Added (GVA) (EUR million/year) [NUTS2] is 8034.12. The primary sector share of total GVA/year [NUTS2] is unspecified. The secondary sector share of total GVA/year [NUTS2] is unspecified. The tertiary sector share of total GVA/year [NUTS2] is unspecified.","gross value added, per capita income, year","http://www.wikidata.org/entity/Q994873, http://www.wikidata.org/entity/Q45918, http://www.wikidata.org/entity/Q577","9.175215641204376","42.158804494231774","2.0","47.0"
"Tourism","The total number of bed places (BPs) in tourist accommodations/year in the LAU is unspecified. The regional (NUTS2) share of total BPs/year is unspecified. The number of agricultural holdings in the LAU is 2626. The nearest settlement with population over 100000 (km) is 333. In this region protected areas are present.","number, bed, year","http://www.wikidata.org/entity/Q11563, http://www.wikidata.org/entity/Q42177, http://www.wikidata.org/entity/Q577","9.12243352742059","42.09419864250996","2.0","47.0"
"Employment","The primary sector share of total employment/year [NUTS3] is unspecified. The secondary sector share of total employment/year [NUTS3] is unspecified. The tertiary sector share of total employment/year [NUTS3] is unspecified. The primary sector share of total employment/year [NUTS2] is 0.036. The secondary sector share of total employment/year [NUTS2] is 0.162. The tertiary sector share of total employment/year [NUTS2] is 0.802.","employment, year","http://www.wikidata.org/entity/Q656365, http://www.wikidata.org/entity/Q577","9.021031400687935","42.22696588958202","2.0","47.0"
"Concluding remarks","Cattle farming and its interconnexion with organic practices are described in Serbia and Switzerland.","serbia, switzerland, cattle","http://www.wikidata.org/entity/Q403, http://www.wikidata.org/entity/Q39, http://www.wikidata.org/entity/Q830","8.231973055555555","46.798561944444444","2.0","47.0"
