title,description,objects,objectlinks,lon,lat,barycenter_lon,barycenter_lat
"Mountain apple production","The MOVING reference member state of this VC is FRANCE INRAE. The reference MOVING Card ID of this VC is VC 15 FR. The construction of the value of apples from the Prunelli region results from the revival of several small orchards, the voluntarism of the mayors of the localities and the commitment of the village community around the annual apple fair organized alternately in Todda and in Bastelica.","reference, france, bastelica","http://www.wikidata.org/entity/Q121769, http://www.wikidata.org/entity/Q142, http://www.wikidata.org/entity/Q782506","9.050833333333333","42.00194444444445","2.0","47.0"
"Interest on this VC","The value chain begins with the revival of apple production from two villages (Todda and Bastelica) in the Prunelli region (South Corsica) by small local producers. The population of two villages took part in the project through the organization of market fairs. The revival includes the renovation of old orchards, the study of local varieties, the planting, the processing of fruits (juices and compotes) and the organization of local markets. The VC highlights a social innovation oriented towards the participation of the local populations in the reconquest of their supply.","value chain, apple, bastelica, south, corsica, project, organization, renovation, innovation","http://www.wikidata.org/entity/Q646107, http://www.wikidata.org/entity/Q89, http://www.wikidata.org/entity/Q782506, http://www.wikidata.org/entity/Q667, http://www.wikidata.org/entity/Q14112, http://www.wikidata.org/entity/Q170584, http://www.wikidata.org/entity/Q43229, http://www.wikidata.org/entity/Q2144402, http://www.wikidata.org/entity/Q174165","9.083333333333334","42.15","2.0","47.0"
"Mountain landscape and reference chains","The reference mountain chain of this VC is Corsican moutains. The reference mountain landscape of this VC is Celavu - Prunelli. The Prunelli Valley is the most important valley of Monte Renosu (2352 m). Strongly dug, it shelters few villages including those of apple production (Basterga and Todda). The strong human deprivation of the villages is compensated by a relative proximity to the city of Aiacciu. It is the old winter pastoral localities which are today the most populated, in particular because of a very strong urban and tourist attraction (Bastelicaccia and Purtichju).","bastelicaccia","http://www.wikidata.org/entity/Q1087803","8.823888888888888","41.92388888888889","2.0","47.0"
"Key local assets","The participation of the villagers in the revival of production and the support of elected officials in the construction of the value chain, including the market. LAU is unspecified","construction, value chain","http://www.wikidata.org/entity/Q385378, http://www.wikidata.org/entity/Q646107","9.070161748990724","41.9150636123355","2.0","47.0"
"Challenges","The stake is to register the collective project which carries the VC in the duration and to give to the orchards a statute of 'common' for the benefit of the villagers. the difficulty is to invest human and financial resources (know-how and investments) and to find the legal frameworks (uses and management) which take into account the long life of an orchard. Overall the type of challenge faced by this VC is Predicted. This VC is classified as Traditional.","project, statute","http://www.wikidata.org/entity/Q170584, http://www.wikidata.org/entity/Q21189184","8.984263754097135","42.05580065429927","2.0","47.0"
"Innovation","The type of innovation of this VC is Endogenous. VC is a social innovation whose construction is the result of the revival of orchards, public support and participation of the village community. The apple fair (Todda and Bastelica) constitutes the keystone of the whole by associating the market and non-market value of the VC. Notice a collection of variety of apples in the village of Todda allows the setting up of various experiments. The innovation is related to New processes, New marketing strategies and New governance systems. The land use systems involved are paysage villageois de montagne. The local assets include N/A.","innovation, construction, village, community, apple, bastelica, marketing, governance","http://www.wikidata.org/entity/Q174165, http://www.wikidata.org/entity/Q385378, http://www.wikidata.org/entity/Q532, http://www.wikidata.org/entity/Q177634, http://www.wikidata.org/entity/Q89, http://www.wikidata.org/entity/Q782506, http://www.wikidata.org/entity/Q39809, http://www.wikidata.org/entity/Q1553864","9.050833333333333","42.00194444444445","2.0","47.0"
"Geography and population","The size of the area (km2) is 381.53. The minimum altimetry of the LAU is 7. The maximum altimetry of the LAU is 2352. The total population (in thousand) is 8.7. The population density (Inhabitants/km2) in the LAU is 22.8. The population change rate of the LAU in the last 10 years (%) has been 2.00%. The overall regional population density (Inhabitants/km2) is 38.6. The regional population change rate in the last 10 years (%) has been 2.00%.","population density","http://www.wikidata.org/entity/Q22856","9.123735173451374","42.099909101793244","2.0","47.0"
"Income and gross value added","The average per capita income (EUR/year) [NUTS3] is 25400. The total Gross Value Added (GVA) (EUR million/year) [NUTS3] is 4140. The primary sector share of total GVA/year [NUTS3] is unspecified. The secondary sector share of total GVA/year [NUTS3] is unspecified. The tertiary sector share of total GVA/year [NUTS3] is unspecified. The per capita income (EUR/year) [NUTS2] is 25400. The total Gross Value Added (GVA) (EUR million/year) [NUTS2] is 4140. The primary sector share of total GVA/year [NUTS2] is unspecified. The secondary sector share of total GVA/year [NUTS2] is unspecified. The tertiary sector share of total GVA/year [NUTS2] is unspecified.","gross value added, per capita income, year","http://www.wikidata.org/entity/Q994873, http://www.wikidata.org/entity/Q45918, http://www.wikidata.org/entity/Q577","9.021320774609395","41.90625485255602","2.0","47.0"
"Tourism","The total number of bed places (BPs) in tourist accommodations/year in the LAU is unspecified. The regional (NUTS2) share of total BPs/year is unspecified. The number of agricultural holdings in the LAU is unspecified. The nearest settlement with population over 100000 (km) is 0.","number, bed, year","http://www.wikidata.org/entity/Q11563, http://www.wikidata.org/entity/Q42177, http://www.wikidata.org/entity/Q577","9.015897734773993","41.9213376255935","2.0","47.0"
"Employment","The primary sector share of total employment/year [NUTS3] is unspecified. The secondary sector share of total employment/year [NUTS3] is unspecified. The tertiary sector share of total employment/year [NUTS3] is unspecified. The primary sector share of total employment/year [NUTS2] is 0.036. The secondary sector share of total employment/year [NUTS2] is 0.162. The tertiary sector share of total employment/year [NUTS2] is 0.802.","employment, year","http://www.wikidata.org/entity/Q656365, http://www.wikidata.org/entity/Q577","9.086532063122739","42.000428428827064","2.0","47.0"
"Concluding remarks","These social innovation around feeding is also an encouraged by local mayors, officials and the implementation of public policies.","innovation, implementation","http://www.wikidata.org/entity/Q174165, http://www.wikidata.org/entity/Q245962","9.038298518441891","41.99092197877117","2.0","47.0"
