title,description,objects,objectlinks,lon,lat,barycenter_lon,barycenter_lat
"Activities connected to PDO olive oil products of designated origin and geographical indication","The MOVING reference member state of this VC is GREECE. The reference MOVING Card ID of this VC is VC 07 GR. Local SES presents very high dependency to the VC, as olive oil production is the main agricultural activity of the area. Product quality is ensured through traditional family practices of fruit collection and oliveoil extraction, but the area, as the rest of the island, lacks a labeling scheme and the product is usually sold in bulk with a great percentage of it being exported and bottled in EU countries.","reference, greece, olive oil","http://www.wikidata.org/entity/Q121769, http://www.wikidata.org/entity/Q41, http://www.wikidata.org/entity/Q93165","23.0","38.5","23.0","38.5"
"Interest on this VC","The PDO olive oil from north mountainous Mylopotamos area is of high reputation, with rare quality characteristics, related to the particular landscape of the area. The olive trees are in high altitutdes and their oil is produced under traditional methods, with the main factors differentiating the product quality being the climate, the soil composition, the variety of the trees and the human cultivation processes. Olive-oil and related products are distinctive of Greek and Cretan ancient history tradition. This VC is one of the most typical traditional production processes and of the top quality products in the world. The products exhibit significant characteristics of nutritious, therapeutic and cosmetic properties, making them a primary source for direct production but also several by-products.","olive oil, landscape, oil, climate, soil, history, tradition, world","http://www.wikidata.org/entity/Q93165, http://www.wikidata.org/entity/Q107425, http://www.wikidata.org/entity/Q42962, http://www.wikidata.org/entity/Q7937, http://www.wikidata.org/entity/Q36133, http://www.wikidata.org/entity/Q309, http://www.wikidata.org/entity/Q82821, http://www.wikidata.org/entity/Q16502","22.915974813211392","38.57088856953526","23.0","38.5"
"Mountain landscape and reference chains","The reference mountain chain of this VC is Psiloritis Mountain. The reference mountain landscape of this VC is MYLOPOTAMOS. The location is situated at the northern foothills of the highest peak on the island, the Idi mountain range. The highest peak of the mountain is 2,456m and the surrounding area is characterized by high altitude rocky fields, with various small valleys of fertile soil. The highest altitudes levels close to the mountain range peak are rocky, arid and without plantation or trees. The foothills of the mountain range have a mixture of rocky and fertile landscape.","reference, mountain, landscape, foothills","http://www.wikidata.org/entity/Q121769, http://www.wikidata.org/entity/Q8502, http://www.wikidata.org/entity/Q107425, http://www.wikidata.org/entity/Q1354045","22.98727796187129","38.55756360708183","23.0","38.5"
"Key local assets","The mountainous area is optimal for olive trees' growth and exceptional quality product. The altitude and aridity of the climate, together with specific soil characteristics of rocky landscape, is typical of local olive trees adaptaion to climate, with some plantations including centuries old trees. The final products are of high reputation and production practices include families and communities involvement. About the LAU: LAU1 7305.","","","22.98367530154346","38.41927267119767","23.0","38.5"
"Challenges","Olive oil production is sustainable when following traditional cultivation processes, especially on soil that is particularly suitable for the needs of olive trees. The island of Crete provides many areas suitable for olive trees cultivation, but the motivation for increased productivity and the expansion to non-suitable areas increases the unsustainable use of fertilizers and water. Moreover, climate change is raising some uncertainty factors, epsecially in tree diseases that are prospering in higher temperature and humidity conditions, leading to unsustainable use of pesticides. Moreover, a challenge for local producers arises against low-cost imports competition from non-EU countries. Overall the type of challenge faced by this VC is Current and Predicted. This VC is classified as Traditional.","crete, olive oil, soil, island, motivation, productivity, water, uncertainty, tree, humidity","http://www.wikidata.org/entity/Q34374, http://www.wikidata.org/entity/Q93165, http://www.wikidata.org/entity/Q36133, http://www.wikidata.org/entity/Q23442, http://www.wikidata.org/entity/Q644302, http://www.wikidata.org/entity/Q2111958, http://www.wikidata.org/entity/Q283, http://www.wikidata.org/entity/Q13649246, http://www.wikidata.org/entity/Q10884, http://www.wikidata.org/entity/Q180600","24.893333333333334","35.30972222222222","23.0","38.5"
"Innovation","The type of innovation of this VC is unspecified. A long history of tradition in agricultural practices has developed a list of strictly defined processes so as to adapt to the particular environment and produce high quality product. The cultures follow specific distances between trees, limited tree-specific drip-irrigatio, organic fertilizers from sheep adjusted to each tree's age and production stage, restricted use of non-organic fertilizers, traditional practices of pruning, bait traps against olive-fruit flies infestation, restricted use of non-residual pesticides, olive-fruit collection with traditional practices. The innovation is related to the whole VC. The land use systems involved are Cropland and Natural land. The local assets include Natural, social and cultural.","innovation, tree, fruit","http://www.wikidata.org/entity/Q174165, http://www.wikidata.org/entity/Q10884, http://www.wikidata.org/entity/Q1364","22.968488118241307","38.48169574053125","23.0","38.5"
"Geography and population","The size of the area (km2) is 170. The minimum altimetry of the LAU is 200. The maximum altimetry of the LAU is 900. The total population (in thousand) is 87.691. The population density (Inhabitants/km2) in the LAU is 58.80. The population change rate of the LAU in the last 10 years (%) has been 0.02%. The overall regional population density (Inhabitants/km2) is 76.5. The regional population change rate in the last 10 years (%) has been 0.01%.","population density","http://www.wikidata.org/entity/Q22856","23.095841527259726","38.54780460856543","23.0","38.5"
"Income and gross value added","The average per capita income (EUR/year) [NUTS3] is 13800. The total Gross Value Added (GVA) (EUR million/year) [NUTS3] is 1046.08. The primary sector share of total GVA/year [NUTS3] is 6.52%. The secondary sector share of total GVA/year [NUTS3] is 9.33%. The tertiary sector share of total GVA/year [NUTS3] is 84.16%. The per capita income (EUR/year) [NUTS2] is 14300. The total Gross Value Added (GVA) (EUR million/year) [NUTS2] is 7862.21. The primary sector share of total GVA/year [NUTS2] is 6.91%. The secondary sector share of total GVA/year [NUTS2] is 11.24%. The tertiary sector share of total GVA/year [NUTS2] is 81.85%.","gross value added, per capita income, year","http://www.wikidata.org/entity/Q994873, http://www.wikidata.org/entity/Q45918, http://www.wikidata.org/entity/Q577","22.92395352323322","38.48579289356942","23.0","38.5"
"Tourism","The total number of bed places (BPs) in tourist accommodations/year in the LAU is 6998. The regional (NUTS2) share of total BPs/year is 0.204%. The number of agricultural holdings in the LAU is 13024. The nearest settlement with population over 100000 (km) is 60. In this region protected areas are present.","number, bed, year","http://www.wikidata.org/entity/Q11563, http://www.wikidata.org/entity/Q42177, http://www.wikidata.org/entity/Q577","22.97764784434714","38.59083500272438","23.0","38.5"
"Employment","The primary sector share of total employment/year [NUTS3] is 17.38%. The secondary sector share of total employment/year [NUTS3] is 11.83%. The tertiary sector share of total employment/year [NUTS3] is 70.79%. The primary sector share of total employment/year [NUTS2] is 16.20%. The secondary sector share of total employment/year [NUTS2] is 11.84%. The tertiary sector share of total employment/year [NUTS2] is 71.97%.","employment, year","http://www.wikidata.org/entity/Q656365, http://www.wikidata.org/entity/Q577","23.085068528884293","38.410024791007764","23.0","38.5"
"Concluding remarks","Similar VCs based on olive trees can be identified in Wesdtern Macedonia (MRL - NUTS3 : EL431, EL432, EL434).","","","22.92285865758798","38.542913473430595","23.0","38.5"
