title,description,objects,objectlinks,lon,lat,barycenter_lon,barycenter_lat
"Activities related to carobs, carob products and by-products in the area of Selli, Rethymno","The MOVING reference member state of this VC is GREECE. The reference MOVING Card ID of this VC is VC 08 GR. The Selli area carob cultivation has become the origin of an extensive VC developed in Rethymno prefecture, which involves local farmers and family firms producing a multitude of local procucts (bread, baked goods, pasta, cocoa, syrup used as natural sweetener, cosmetics, alternative sweeteners and animal feed), ornamental use and timber, and firms for standardization, packaging, promotion and marketing. The carob poroducts, part of the local gastronomy, are present in hosting activities and in tourism in general.","reference, greece, rethymno prefecture, multitude, bread, goods, pasta, sweetener, cosmetics, animal, standardization, marketing","http://www.wikidata.org/entity/Q121769, http://www.wikidata.org/entity/Q41, http://www.wikidata.org/entity/Q210446, http://www.wikidata.org/entity/Q1208937, http://www.wikidata.org/entity/Q7802, http://www.wikidata.org/entity/Q28877, http://www.wikidata.org/entity/Q178, http://www.wikidata.org/entity/Q4368298, http://www.wikidata.org/entity/Q131207, http://www.wikidata.org/entity/Q729, http://www.wikidata.org/entity/Q369577, http://www.wikidata.org/entity/Q39809","23.0","38.5","23.0","38.5"
"Interest on this VC","Carob is characteristic plant of the arid Cretan landscape, adaptable to the drier Mediterranean climate. In the area of Selli, in a semi mountainous landscape ( 500m), more than 3000 carob trees, self- and man-planted, are organically cutivated/exploited by local farmers. One family-based company collects the production of the area . A small part is processed by that company to carob syrup, while the largest part is forwarded to other local companies that produce a variety of products and by-products for the Greek and international market. Carob is of multi-use, produces high reputation products, exibits high prevelance and a traditional connection to land use. The cultivation/expoitation of carobs is a complementary activity for many farmers, especially in mountainous and semi-mountainous areas. Because of the limited cultivation needs and the constantl demand, offers a complementary revenue and an alternative to more intensive and labor-demanding farming activities. The carob production as well as the processing for producing products like flour or syrop, can be done in a family or community level. Such activities have been proven sustainable and result to the strengthening of the social network and the resilience of the mountain populations.","landscape, social network","http://www.wikidata.org/entity/Q107425, http://www.wikidata.org/entity/Q2715623","24.583333333333332","35.25","23.0","38.5"
"Mountain landscape and reference chains","The reference mountain chain of this VC is VRISSINAS. The reference mountain landscape of this VC is SELLI. Despite its small size, Vrissinas represents, in a miniature form, the typical image of many mountain landscapes of Crete: Steep slopes, mainly covered with shrubby vegetation and kermes oaks and numerous springs, especially in the central mountainous volume, indicated by the aquatic vegetation (ferns). A Minoan Peak sanctuary is located at its arid peak, making it a favourable destination for walking excursions. In the small valley of Selli the carob trees thrive. The area is 20km from Rethymno. ( , , . ).","crete, reference, mountain, landscape, vegetation, valley, rethymno","http://www.wikidata.org/entity/Q34374, http://www.wikidata.org/entity/Q121769, http://www.wikidata.org/entity/Q8502, http://www.wikidata.org/entity/Q107425, http://www.wikidata.org/entity/Q187997, http://www.wikidata.org/entity/Q39816, http://www.wikidata.org/entity/Q200908","24.47388888888889","35.36888888888889","23.0","38.5"
"Key local assets","daptable to the drier Mediterranean climate, the carob tree can form the basis of an agroforestry system. The carob contributes to recover eroded soil, survives to heavy droughts and wildfires, improves soil's fertility by fixing nitrogen and fix 3 times more CO2 than other woody crops with 2.5 times less water. The traditional character of carob cutivation envolves local farmers and firms and strengthens their bonds. The carob is also a traditional ingredient of the cretan gastronomy, which had drawn attention due to new innovative editable products. About the LAU: LAU1 7301.","agroforestry, system, soil, fertility, ingredient, gastronomy, attention","http://www.wikidata.org/entity/Q397350, http://www.wikidata.org/entity/Q58778, http://www.wikidata.org/entity/Q36133, http://www.wikidata.org/entity/Q964401, http://www.wikidata.org/entity/Q10675206, http://www.wikidata.org/entity/Q171141, http://www.wikidata.org/entity/Q6501338","36.0","39.0","23.0","38.5"
"Challenges","Although carob is resilient to aridity, the climate change and the severe climate events of the last years can impact the quality and availability of carob pods. There is a growing interest in the national and international market for carob products and by-products, but this interest comes along with an intensive market competition from other Mediterranean countries. Overall the type of challenge faced by this VC is Current and Predicted. This VC is classified as Traditional and Innovative.","","","24.82289409359278","35.347525161217646","23.0","38.5"
"Innovation","The type of innovation of this VC is Exogenous. The carob is a native tree in Crete, self-planted in many cases. The cultivation/exploitation is a traditional activity. The innovations are of two-fold: a. the organic cultivation and the integrated management of the production, b. a variety of products and by-products based on carob (e.g. carob powder is used as a coffee substitude as well as flour). ( VC). The innovation is related to New products and New processes. The land use systems involved are Forestry and Natural land. The local assets include Natural, social and cultural.","crete, innovation, tree, self, coffee, flour","http://www.wikidata.org/entity/Q34374, http://www.wikidata.org/entity/Q174165, http://www.wikidata.org/entity/Q10884, http://www.wikidata.org/entity/Q3236990, http://www.wikidata.org/entity/Q8486, http://www.wikidata.org/entity/Q36465","24.893333333333334","35.30972222222222","23.0","38.5"
"Geography and population","The size of the area (km2) is 396.3. The minimum altimetry of the LAU is 0. The maximum altimetry of the LAU is 773. The total population (in thousand) is 87.691. The population density (Inhabitants/km2) in the LAU is 58.80. The population change rate of the LAU in the last 10 years (%) has been 0.02%. The overall regional population density (Inhabitants/km2) is 76.5. The regional population change rate in the last 10 years (%) has been 0.01%.","population density","http://www.wikidata.org/entity/Q22856","24.805981579543175","35.33926417107349","23.0","38.5"
"Income and gross value added","The average per capita income (EUR/year) [NUTS3] is 13800. The total Gross Value Added (GVA) (EUR million/year) [NUTS3] is 1046.08. The primary sector share of total GVA/year [NUTS3] is 6.52%. The secondary sector share of total GVA/year [NUTS3] is 9.33%. The tertiary sector share of total GVA/year [NUTS3] is 84.16%. The per capita income (EUR/year) [NUTS2] is 14300. The total Gross Value Added (GVA) (EUR million/year) [NUTS2] is 7862.21. The primary sector share of total GVA/year [NUTS2] is 6.91%. The secondary sector share of total GVA/year [NUTS2] is 11.24%. The tertiary sector share of total GVA/year [NUTS2] is 81.85%.","gross value added, per capita income, year","http://www.wikidata.org/entity/Q994873, http://www.wikidata.org/entity/Q45918, http://www.wikidata.org/entity/Q577","24.977697843923686","35.242547813565274","23.0","38.5"
"Tourism","The total number of bed places (BPs) in tourist accommodations/year in the LAU is 23633. The regional (NUTS2) share of total BPs/year is 0.687%. The number of agricultural holdings in the LAU is 13024. The nearest settlement with population over 100000 (km) is 77.5. In this region protected areas are present.","number, bed, year","http://www.wikidata.org/entity/Q11563, http://www.wikidata.org/entity/Q42177, http://www.wikidata.org/entity/Q577","24.94786180440288","35.39543091554732","23.0","38.5"
"Employment","The primary sector share of total employment/year [NUTS3] is 17.38%. The secondary sector share of total employment/year [NUTS3] is 11.83%. The tertiary sector share of total employment/year [NUTS3] is 70.79%. The primary sector share of total employment/year [NUTS2] is 16.20%. The secondary sector share of total employment/year [NUTS2] is 11.84%. The tertiary sector share of total employment/year [NUTS2] is 71.97%.","employment, year","http://www.wikidata.org/entity/Q656365, http://www.wikidata.org/entity/Q577","24.892488559631705","35.23357520083566","23.0","38.5"
"Concluding remarks","The VC is present all over Crete (EL43), though the most actors are spotted in Rethymno (EL433). Carob trees also grow wild or are cultivated in southern Spain and around the Mediterranean in Portugal, Italy and Turkey.","crete, spain, portugal, italy, turkey, rethymno","http://www.wikidata.org/entity/Q34374, http://www.wikidata.org/entity/Q29, http://www.wikidata.org/entity/Q45, http://www.wikidata.org/entity/Q38, http://www.wikidata.org/entity/Q43, http://www.wikidata.org/entity/Q200908","-3.5","40.2","23.0","38.5"
